"Order Number","Order Status","Order Date (Local)","Order Time (Local)","Order Time Zone","Order Device","Processed by System?","Customer ID","Customer Email","Customer Name","Company Name","Broker ID","Broker Email","Broker Name","Product","Product ID","Variant ID","Product Barcode","Product SKU","Product Color","Product Size","Product Type","Vendor","Sub Category","Line Status","Transaction Date","Currency","Line Quantity","Line Subtotal","Original Price","Line Tax","Line Total","Order Payment Method(s)","Purchase Location","Fulfillment Location","Fulfillment Region"
"ZX86-M7NJ-5L2X","Completed","6/1/2026","1:16 AM","America/Toronto","","true","347195","lviner@hotmail.com","Laura Viner","","347195","lviner@hotmail.com","Laura Viner","Late Cancel Charge","14688","14690","036981809486","late-cancel-fee-penalty-fees-771","","","Penalty Fees","","","Completed","6/1/2026","CAD","1","15.00","15.00","1.95","16.95","Mastercard","E-Commerce","London","Ontario"
"AWXP-4UJD-5L2X","Completed","6/1/2026","1:16 AM","America/Toronto","","true","346619","efinlay10@yahoo.com","Emily Finlay","","346619","efinlay10@yahoo.com","Emily Finlay","Late Cancel Charge","14688","14690","036981809486","late-cancel-fee-penalty-fees-771","","","Penalty Fees","","","Completed","6/1/2026","CAD","1","15.00","15.00","1.95","16.95","Visa","E-Commerce","London","Ontario"
"N6U6-7VR2-5L2X","Completed","6/1/2026","1:16 AM","America/Toronto","","true","355286","karimakaiyum@gmail.com","Karima Kaiyum","","355286","karimakaiyum@gmail.com","Karima Kaiyum","Late Cancel Charge","14688","14690","036981809486","late-cancel-fee-penalty-fees-771","","","Penalty Fees","","","Completed","6/1/2026","CAD","1","15.00","15.00","1.95","16.95","Mastercard","E-Commerce","London","Ontario"
"HYKC-4XQK-5L2X","Completed","6/1/2026","1:35 AM","America/Toronto","","true","369789","natalia.szcz13@gmail.com","Natalia Szczesny","","369789","natalia.szcz13@gmail.com","Natalia Szczesny","4x Membership // London","21999","22000","216300284773","4x-membership-lo-memberships-280","","","Memberships","","","Completed","6/1/2026","CAD","1","80.00","80.00","10.40","90.40","Visa","E-Commerce","London","Ontario"
"5W5P-CVDK-5L2X","Completed","6/1/2026","1:35 AM","America/Toronto","","true","386058","chloe.ballard@icloud.com","chloe ballard","","386058","chloe.ballard@icloud.com","chloe ballard","Unlimited Membership // London","21995","21996","447442561003","unlimited-member-memberships-867","","","Memberships","","","Completed","6/1/2026","CAD","1","200.00","200.00","26.00","226.00","Visa","E-Commerce","London","Ontario"
"4HH4-FUWX-5L2X","Completed","6/1/2026","1:35 AM","America/Toronto","","true","336307","kendramacdougall488@hotmail.com","Kendra MacDougall","","336307","kendramacdougall488@hotmail.com","Kendra MacDougall","8x Monthly Membership // 20% OFF PRE-SALE (London)","20848","20849","592398618104","20-off-presale-8-memberships-995","","","Memberships","","","Completed","6/1/2026","CAD","1","150.00","150.00","19.50","169.50","Mastercard","E-Commerce","London","Ontario"
"SXHF-SX7Y-5L2X","Completed","6/1/2026","1:35 AM","America/Toronto","","true","378557","ryanpatrickdaluyen@gmail.com","Ryan Daluyen","","378557","ryanpatrickdaluyen@gmail.com","Ryan Daluyen","Unlimited Membership // London","21995","21996","447442561003","unlimited-member-memberships-867","","","Memberships","","","Completed","6/1/2026","CAD","1","200.00","200.00","26.00","226.00","Mastercard","E-Commerce","London","Ontario"
"FE5T-98N6-5L2X","Completed","6/1/2026","1:35 AM","America/Toronto","","true","378638","emcnewman@gmail.com","Emma Newman","","378638","emcnewman@gmail.com","Emma Newman","Unlimited Membership // London","21995","21996","447442561003","unlimited-member-memberships-867","","","Memberships","","","Completed","6/1/2026","CAD","1","200.00","200.00","26.00","226.00","Visa","E-Commerce","London","Ontario"
"C3G9-PSB4-5L2X","Completed","6/1/2026","1:35 AM","America/Toronto","","true","356671","daymtess228@gmail.com","Tessa Dayman","","356671","daymtess228@gmail.com","Tessa Dayman","Staff Membership // London","20830","20831","898235312897","staff-membership-memberships-735","","","Memberships","","","Completed","6/1/2026","CAD","1","0.00","0.00","0.00","0.00","No Charge","E-Commerce","London","Ontario"
"KF4M-JUTN-5L2X","Completed","6/1/2026","5:58 AM","America/Toronto","desktop","false","378557","ryanpatrickdaluyen@gmail.com","Ryan Daluyen","","347301","london@spinco.ca","SPINCO London","SPINCO Water","19657","19658","469973764933","spinco-water-water-914","","","Water","Arctic Chiller","","Completed","6/1/2026","CAD","1","2.50","2.50","0.33","2.83","Mastercard","In-Store","London","Ontario"
"BSNK-QFQ9-5L2X","Completed","6/1/2026","6:15 AM","America/Toronto","","true","363395","derek@cardy.ca","Derek Cardy","","363395","derek@cardy.ca","Derek Cardy","Late Cancel Charge","14688","14690","036981809486","late-cancel-fee-penalty-fees-771","","","Penalty Fees","","","Completed","6/1/2026","CAD","1","15.00","15.00","1.95","16.95","Visa","E-Commerce","London","Ontario"
"FNDU-73KM-5L2X","Refunded","6/1/2026","6:15 AM","America/Toronto","","true","376208","kt.james@live.com","Katie James","","376208","kt.james@live.com","Katie James","No Show Charge","14687","14689","489143084327","no-show-fee-penalty-fees-498","","","Penalty Fees","","","Completed","6/1/2026","CAD","1","20.00","20.00","2.60","22.60","Mastercard","E-Commerce","London","Ontario"
"C5MJ-CMB9-5L2X","Completed","6/1/2026","6:54 AM","America/Toronto","desktop","false","380674","mervebozkurtt.41@gmail.com","Merve Bozkurt","","347301","london@spinco.ca","SPINCO London","Coffee // London","23655","23656","087239269521","coffee-london-food-and-beverag-851","","","Food and Beverage","","","Completed","6/1/2026","CAD","1","1.50","1.50","0.20","1.70","Mastercard","In-Store","London","Ontario"
"NRED-882U-5L2X","Completed","6/1/2026","7:32 AM","America/Toronto","","false","392556","sarah.mckenzie129@gmail.com","Sarah Mckenzie","","392556","sarah.mckenzie129@gmail.com","Sarah Mckenzie","Summer Sale 2026 // London: Buy 10, Get 2","25569","25570","740055503739","summer-sale-2026-credits-112","","","Credits","","","Completed","6/1/2026","CAD","1","200.00","200.00","26.00","226.00","American Express","E-Commerce","London","Ontario"
"VMMM-ZVG8-5L2X","Completed","6/1/2026","9:17 AM","America/Toronto","","false","205730","riddhirishi06@gmail.com","Riddhi Rishi","","205730","riddhirishi06@gmail.com","Riddhi Rishi","Summer Sale 2026 // London: Buy 5, Get 1","25575","25576","822399337239","summer-sale-2026-credits-320","","","Credits","","","Completed","6/1/2026","CAD","1","110.00","110.00","14.30","124.30","Mastercard","E-Commerce","London","Ontario"
"BECV-TYVK-5L2X","Completed","6/1/2026","9:20 AM","America/Toronto","","false","337078","meg.howe97@gmail.com","Megan Howe","","337078","meg.howe97@gmail.com","Megan Howe","Summer Sale 2026 // London: Buy 5, Get 1","25575","25576","822399337239","summer-sale-2026-credits-320","","","Credits","","","Completed","6/1/2026","CAD","1","110.00","110.00","14.30","124.30","Visa","E-Commerce","London","Ontario"
"2F75-Z8CE-5L2X","Completed","6/1/2026","10:22 AM","America/Toronto","","false","378014","valeskadegouveia@hotmail.com","Valeska De Gouveia","","378014","valeskadegouveia@hotmail.com","Valeska De Gouveia","Spin-It-Forward // London","20792","20793","964245982422","spin-it-forward--credits-429","","","Credits","","","Completed","6/1/2026","CAD","1","10.00","10.00","1.30","11.30","Mastercard","E-Commerce","London","Ontario"
"SPKP-3Q4Q-5L2X","Completed","6/1/2026","10:51 AM","America/Toronto","","false","205731","avanir31@gmail.com","Avani Rishi","","205731","avanir31@gmail.com","Avani Rishi","Summer Sale 2026 // London: Buy 10, Get 2","25569","25570","740055503739","summer-sale-2026-credits-112","","","Credits","","","Completed","6/1/2026","CAD","1","200.00","200.00","26.00","226.00","Mastercard","E-Commerce","London","Ontario"
"DRVW-VXTH-5L2X","Completed","6/1/2026","10:54 AM","America/Toronto","","false","372455","ballauren@outlook.com","Lauren Bal","","372455","ballauren@outlook.com","Lauren Bal","Five Class Card // London","20802","20803","488719457552","five-class-card--credits-078","","","Credits","","","Completed","6/1/2026","CAD","1","93.50","110.00","12.16","105.66","Visa","E-Commerce","London","Ontario"
"36FH-45SB-5L2X","Completed","6/1/2026","10:56 AM","America/Toronto","","false","401520","maddieclarke1338@yahoo.ca","Madison Menas","","401520","maddieclarke1338@yahoo.ca","Madison Menas","One Class Card // London","20798","20799","760445337951","one-class-card-l-credits-347","","","Credits","","","Completed","6/1/2026","CAD","1","25.00","25.00","3.25","28.25","Mastercard","E-Commerce","London","Ontario"
"GE7E-EE46-5L2X","Completed","6/1/2026","12:31 PM","America/Toronto","","false","365077","chantel.brown@lhsc.on.ca","Chantel Desumma-Brown","","365077","chantel.brown@lhsc.on.ca","Chantel Desumma-Brown","Summer Sale 2026 // London: Buy 5, Get 1","25575","25576","822399337239","summer-sale-2026-credits-320","","","Credits","","","Completed","6/1/2026","CAD","1","110.00","110.00","14.30","124.30","Visa","E-Commerce","London","Ontario"
"6ZSK-CMRS-5L2X","Completed","6/1/2026","1:05 PM","America/Toronto","","false","367537","paige.dresser@lhsc.on.ca","Paige Dresser","","367537","paige.dresser@lhsc.on.ca","Paige Dresser","Spin-It-Forward // London","20792","20793","964245982422","spin-it-forward--credits-429","","","Credits","","","Completed","6/1/2026","CAD","1","10.00","10.00","1.30","11.30","Visa","E-Commerce","London","Ontario"
"W98T-GESX-5L2X","Completed","6/1/2026","1:43 PM","America/Toronto","","false","401560","nikkivenair@gmail.com","Nikki Venair","","401560","nikkivenair@gmail.com","Nikki Venair","Summer Sale 2026 // London: Buy 10, Get 2","25569","25570","740055503739","summer-sale-2026-credits-112","","","Credits","","","Completed","6/1/2026","CAD","1","200.00","200.00","26.00","226.00","Visa","E-Commerce","London","Ontario"
"C4PP-AR3F-5L2X","Completed","6/1/2026","3:07 PM","America/Toronto","","false","384035","laismeiras@gmail.com","Laís Marques Eiras","","384035","laismeiras@gmail.com","Laís Marques Eiras","Spin-It-Forward // London","20792","20793","964245982422","spin-it-forward--credits-429","","","Credits","","","Completed","6/1/2026","CAD","1","10.00","10.00","1.30","11.30","Visa","E-Commerce","London","Ontario"
"HNWP-3ESW-5L2X","Completed","6/1/2026","3:08 PM","America/Toronto","","false","357126","eman_assaf1@hotmail.com","Eman A","","357126","eman_assaf1@hotmail.com","Eman A","4x Membership // London","21999","22000","216300284773","4x-membership-lo-memberships-280","","","Memberships","","","Completed","6/1/2026","CAD","1","80.00","80.00","10.40","90.40","Mastercard","E-Commerce","London","Ontario"
"UTV3-ZBQV-5L2X","Completed","6/1/2026","3:11 PM","America/Toronto","","false","394810","mariam_ktaily@hotmail.com","Mariam Ktaily","","394810","mariam_ktaily@hotmail.com","Mariam Ktaily","One Class Card // London","20798","20799","760445337951","one-class-card-l-credits-347","","","Credits","","","Completed","6/1/2026","CAD","1","25.00","25.00","3.25","28.25","Mastercard","E-Commerce","London","Ontario"
"SN46-NJ74-5L2X","Completed","6/1/2026","4:22 PM","America/Toronto","","false","380354","kenndall-ba@hotmail.com","Kenndall Skowronski","","380354","kenndall-ba@hotmail.com","Kenndall Skowronski","8x Membership // London Summer Sale","25657","25658","913533113208","8x-membership-bu-memberships-078","","","Memberships","","","Completed","6/1/2026","CAD","1","127.00","127.00","16.51","143.51","Visa","E-Commerce","London","Ontario"
"Z3UB-RB39-5L2X","Completed","6/1/2026","5:36 PM","America/Toronto","","false","397624","lauraloppez@hotmail.ca","Laura Lopez","","397624","lauraloppez@hotmail.ca","Laura Lopez","Ten Class Card // London","20794","20795","456569691604","ten-class-card-l-credits-104","","","Credits","","","Completed","6/1/2026","CAD","1","200.00","200.00","26.00","226.00","Visa","E-Commerce","London","Ontario"
"ZEU4-YSSE-5L2X","Completed","6/1/2026","5:36 PM","America/Toronto","","false","358471","brooklynblt18@gmail.com","Brooklyn McLeod","","358471","brooklynblt18@gmail.com","Brooklyn McLeod","8x Membership // London Summer Sale","25657","25658","913533113208","8x-membership-bu-memberships-078","","","Memberships","","","Completed","6/1/2026","CAD","1","127.00","127.00","16.51","143.51","Visa","E-Commerce","London","Ontario"
"5C9U-7649-5L2X","Completed","6/1/2026","6:40 PM","America/Toronto","","false","377128","mgarciat@uwo.ca","Mariana Garcia","","377128","mgarciat@uwo.ca","Mariana Garcia","One Class Card // London","20798","20799","760445337951","one-class-card-l-credits-347","","","Credits","","","Completed","6/1/2026","CAD","1","25.00","25.00","3.25","28.25","Mastercard","E-Commerce","London","Ontario"
"4M83-NUEX-5L2X","Completed","6/1/2026","6:41 PM","America/Toronto","","false","384867","derita.soares@icloud.com","Derita Soares","","384867","derita.soares@icloud.com","Derita Soares","One Class Card // London","20798","20799","760445337951","one-class-card-l-credits-347","","","Credits","","","Completed","6/1/2026","CAD","1","25.00","25.00","3.25","28.25","Visa","E-Commerce","London","Ontario"
"DY7G-XCTA-5L2X","Completed","6/1/2026","7:03 PM","America/Toronto","","false","357126","eman_assaf1@hotmail.com","Eman A","","357126","eman_assaf1@hotmail.com","Eman A","Unlimited Membership // London Summer Sale","25655","25656","961992957372","unlimited-member-memberships-020","","","Memberships","","","Completed","6/1/2026","CAD","1","169.00","169.00","21.97","190.97","Mastercard","E-Commerce","London","Ontario"
"7QSM-9KGB-5L2X","Completed","6/1/2026","7:45 PM","America/Toronto","","false","346660","mfaroo45@uwo.ca","Maria Farooq","","346660","mfaroo45@uwo.ca","Maria Farooq","One Class Card // London","20798","20799","760445337951","one-class-card-l-credits-347","","","Credits","","","Completed","6/1/2026","CAD","1","25.00","25.00","3.25","28.25","Visa","E-Commerce","London","Ontario"
"FNDU-73KM-5L2X","Refunded","6/1/2026","6:15 AM","America/Toronto","","true","376208","kt.james@live.com","Katie James","","382306","michellejcallander@gmail.com","Michelle Callandar","No Show Charge","14687","14689","489143084327","no-show-fee-penalty-fees-498","","","Penalty Fees","","","Refunded","6/1/2026","CAD","-1","-20.00","-20.00","-2.60","-22.60","Mastercard","E-Commerce","London","Ontario"
"5UWD-XS5W-5L2Y","Completed","6/1/2026","8:07 PM","America/Toronto","","false","359884","vivybear@hotmail.co.uk","Vivian Chan","","359884","vivybear@hotmail.co.uk","Vivian Chan","Summer Sale 2026 // London: Buy 5, Get 1","25575","25576","822399337239","summer-sale-2026-credits-320","","","Credits","","","Completed","6/1/2026","CAD","1","110.00","110.00","14.30","124.30","Visa","E-Commerce","London","Ontario"
"S637-37TN-5L2Y","Completed","6/1/2026","8:16 PM","America/Toronto","","false","350126","blkp42@hotmail.com","Brianna-Lynn Pye","","350126","blkp42@hotmail.com","Brianna-Lynn Pye","Summer Sale 2026 // London: Buy 5, Get 1","25575","25576","822399337239","summer-sale-2026-credits-320","","","Credits","","","Completed","6/1/2026","CAD","1","110.00","110.00","14.30","124.30","Visa","E-Commerce","London","Ontario"
"GM9G-JNS3-5L2Y","Completed","6/1/2026","8:41 PM","America/Toronto","desktop","false","336307","kendramacdougall488@hotmail.com","Kendra MacDougall","","382306","michellejcallander@gmail.com","Michelle Callandar","8x Membership // London Summer Sale","25657","25658","913533113208","8x-membership-bu-memberships-078","","","Memberships","","","Completed","6/1/2026","CAD","1","127.00","127.00","16.51","143.51","Mastercard","In-Store","London","Ontario"
"Q7GZ-XBJQ-5L2Y","Completed","6/1/2026","9:00 PM","America/Toronto","","false","349419","cmarszal@uwo.ca","Caroline Marszal","","349419","cmarszal@uwo.ca","Caroline Marszal","Ten Class Card // London","20794","20795","456569691604","ten-class-card-l-credits-104","","","Credits","","","Completed","6/1/2026","CAD","1","170.00","200.00","22.10","192.10","American Express","E-Commerce","London","Ontario"
"RAUB-WZVE-5L2Y","Completed","6/1/2026","9:02 PM","America/Toronto","desktop","false","388779","joseniov@yahoo.com","Jose Villamater","","382306","michellejcallander@gmail.com","Michelle Callandar","Unlimited Membership // London Summer Sale","25655","25656","961992957372","unlimited-member-memberships-020","","","Memberships","","","Completed","6/1/2026","CAD","1","169.00","169.00","21.97","190.97","Mastercard","In-Store","London","Ontario"
"F3VD-UQSF-5L2Y","Completed","6/1/2026","9:03 PM","America/Toronto","","false","371880","shylabhayana@gmail.com","Shyla Bhayana","","371880","shylabhayana@gmail.com","Shyla Bhayana","New Rider Special // London","21051","21052","288040778473","new-rider-specia-memberships-503","","","Memberships","","","Completed","6/1/2026","CAD","1","50.00","50.00","6.50","56.50","American Express","E-Commerce","London","Ontario"
"9C5W-MXG2-5L2Y","Completed","6/1/2026","9:04 PM","America/Toronto","","false","401653","salma.oraby169@gmail.com","Salma Oraby","","401653","salma.oraby169@gmail.com","Salma Oraby","New Rider Special // London","21051","21052","288040778473","new-rider-specia-memberships-503","","","Memberships","","","Completed","6/1/2026","CAD","1","50.00","50.00","6.50","56.50","Visa","E-Commerce","London","Ontario"
"E65S-MTHV-5L2Y","Completed","6/1/2026","9:05 PM","America/Toronto","","false","378608","jmary0638@gmail.com","Angel Joseph","","378608","jmary0638@gmail.com","Angel Joseph","One Class Card // London","20798","20799","760445337951","one-class-card-l-credits-347","","","Credits","","","Completed","6/1/2026","CAD","1","25.00","25.00","3.25","28.25","Visa","E-Commerce","London","Ontario"
"WTVR-3KCX-5L2Y","Completed","6/1/2026","9:09 PM","America/Toronto","","false","336213","tmorell16@me.com","Taylor Morell","","336213","tmorell16@me.com","Taylor Morell","Summer Sale 2026 // London: Buy 10, Get 2","25569","25570","740055503739","summer-sale-2026-credits-112","","","Credits","","","Completed","6/1/2026","CAD","1","200.00","200.00","26.00","226.00","Visa","E-Commerce","London","Ontario"
"57PU-67R4-5L2Y","Completed","6/1/2026","9:11 PM","America/Toronto","","false","367140","kamaxwell13@gmail.com","Kylie Maxwell","","367140","kamaxwell13@gmail.com","Kylie Maxwell","8x Membership // London Summer Sale","25657","25658","913533113208","8x-membership-bu-memberships-078","","","Memberships","","","Completed","6/1/2026","CAD","1","127.00","127.00","16.51","143.51","Visa","E-Commerce","London","Ontario"
"UMDX-5RTB-5L2Y","Completed","6/1/2026","9:19 PM","America/Toronto","","false","346976","anna.j.mawhinney@gmail.com","Anna Mawhinney","","346976","anna.j.mawhinney@gmail.com","Anna Mawhinney","One Class Card // London","20798","20799","760445337951","one-class-card-l-credits-347","","","Credits","","","Completed","6/1/2026","CAD","1","25.00","25.00","3.25","28.25","Mastercard","E-Commerce","London","Ontario"
"TMVX-GKVJ-5L2Y","Completed","6/1/2026","9:33 PM","America/Toronto","","false","269923","odwills@icloud.com","Olivia Wills","","269923","odwills@icloud.com","Olivia Wills","Summer Sale 2026 // London: Buy 5, Get 1","25575","25576","822399337239","summer-sale-2026-credits-320","","","Credits","","","Completed","6/1/2026","CAD","1","110.00","110.00","14.30","124.30","Visa","E-Commerce","London","Ontario"
"XB6K-QBU2-5L2Y","Completed","6/1/2026","9:44 PM","America/Toronto","","false","401664","gabymcnaughton@outlook.com","Gaby McNaughton","","401664","gabymcnaughton@outlook.com","Gaby McNaughton","One Class Card // London","20798","20799","760445337951","one-class-card-l-credits-347","","","Credits","","","Completed","6/1/2026","CAD","1","25.00","25.00","3.25","28.25","Visa","E-Commerce","London","Ontario"
"2BGT-RPW3-5L2Y","Completed","6/1/2026","9:47 PM","America/Toronto","","false","389162","abachtol@uwo.ca","Allie Ehgoetz","","389162","abachtol@uwo.ca","Allie Ehgoetz","Summer Sale 2026 // London: Buy 5, Get 1","25575","25576","822399337239","summer-sale-2026-credits-320","","","Credits","","","Completed","6/1/2026","CAD","1","110.00","110.00","14.30","124.30","Visa","E-Commerce","London","Ontario"
"KQ4T-DEGC-5L2Y","Completed","6/1/2026","10:04 PM","America/Toronto","","false","390982","christinenbere@hotmail.com","Christine Bere","","390982","christinenbere@hotmail.com","Christine Bere","4x Membership // London Summer Sale","25653","25654","346308480296","4x-membership-bu-memberships-912","","","Memberships","","","Completed","6/1/2026","CAD","1","69.00","69.00","8.97","77.97","Mastercard","E-Commerce","London","Ontario"
"5PF7-URQJ-5L2Y","Completed","6/1/2026","10:10 PM","America/Toronto","","false","376617","alicia.nirta@gmail.com","Alicia Nirta","","376617","alicia.nirta@gmail.com","Alicia Nirta","8x Membership // London Summer Sale","25657","25658","913533113208","8x-membership-bu-memberships-078","","","Memberships","","","Completed","6/1/2026","CAD","1","127.00","127.00","16.51","143.51","Visa","E-Commerce","London","Ontario"
"EEEH-EMRC-5L2Y","Completed","6/1/2026","10:19 PM","America/Toronto","","false","390386","kylegroenen@gmail.com","Kyle Groenenberg","","390386","kylegroenen@gmail.com","Kyle Groenenberg","One Class Card // London","20798","20799","760445337951","one-class-card-l-credits-347","","","Credits","","","Completed","6/1/2026","CAD","1","25.00","25.00","3.25","28.25","Visa","E-Commerce","London","Ontario"
"YZHV-AJ7F-5L2Y","Completed","6/2/2026","12:12 AM","America/Toronto","","false","347250","seojinsaje0701@gmail.com","Soy Lee","","347250","seojinsaje0701@gmail.com","Soy Lee","Five Class Card // London","20802","20803","488719457552","five-class-card--credits-078","","","Credits","","","Completed","6/2/2026","CAD","1","93.50","110.00","12.16","105.66","Visa","E-Commerce","London","Ontario"
"DY58-EXCU-5L2Y","Completed","6/2/2026","12:17 AM","America/Toronto","","false","230166","michelleyee1121@gmail.com","Michelle Yee","","230166","michelleyee1121@gmail.com","Michelle Yee","One Class Card // London","20798","20799","760445337951","one-class-card-l-credits-347","","","Credits","","","Completed","6/2/2026","CAD","2","50.00","50.00","6.50","56.50","American Express","E-Commerce","London","Ontario"
"9M89-ZZ5T-5L2Y","Completed","6/2/2026","12:28 AM","America/Toronto","","true","374806","liv.o@rogers.com","Olivia Orsini","","374806","liv.o@rogers.com","Olivia Orsini","4x Membership // London","21999","22000","216300284773","4x-membership-lo-memberships-280","","","Memberships","","","Completed","6/2/2026","CAD","1","80.00","80.00","10.40","90.40","Visa","E-Commerce","London","Ontario"
"ZTDG-Z6TA-5L2Y","Completed","6/2/2026","12:28 AM","America/Toronto","","true","362060","saraelizabethds@gmail.com","Sara Da Silva","","362060","saraelizabethds@gmail.com","Sara Da Silva","4x Membership // London","21999","22000","216300284773","4x-membership-lo-memberships-280","","","Memberships","","","Completed","6/2/2026","CAD","1","80.00","80.00","10.40","90.40","Visa","E-Commerce","London","Ontario"
"S779-2N2H-5L2Y","Completed","6/2/2026","12:28 AM","America/Toronto","","true","371904","c.scarrow51@gmail.com","Claire Scarrow","","371904","c.scarrow51@gmail.com","Claire Scarrow","Unlimited Membership // London","21995","21996","447442561003","unlimited-member-memberships-867","","","Memberships","","","Completed","6/2/2026","CAD","1","200.00","200.00","26.00","226.00","Visa","E-Commerce","London","Ontario"
"34WN-6YEJ-5L2Y","Completed","6/2/2026","12:28 AM","America/Toronto","","true","386928","joannepazdzierz@hotmail.com","Joanne Crandall","","386928","joannepazdzierz@hotmail.com","Joanne Crandall","Unlimited Membership // London","21995","21996","447442561003","unlimited-member-memberships-867","","","Memberships","","","Completed","6/2/2026","CAD","1","200.00","200.00","26.00","226.00","Visa","E-Commerce","London","Ontario"
"ZF4C-GRXB-5L2Y","Completed","6/2/2026","12:28 AM","America/Toronto","","true","339714","bhulley@live.ca","Breanne Hulley-Linton","","339714","bhulley@live.ca","Breanne Hulley-Linton","8x Monthly Membership // 10% OFF PRE-SALE (London)","20864","20865","581083306841","8x-monthly-membe-memberships-014","","","Memberships","","","Completed","6/2/2026","CAD","1","150.00","150.00","19.50","169.50","Visa","E-Commerce","London","Ontario"
"MV2N-VUR5-5L2Y","Completed","6/2/2026","12:28 AM","America/Toronto","","true","351106","stacey.pipicelli@gmail.com","Stacey Pipicelli","","351106","stacey.pipicelli@gmail.com","Stacey Pipicelli","Unlimited Membership // London · BLACK FRIDAY 2025","22630","22631","712442897099","unlimited-member-memberships-584","","","Memberships","","","Completed","6/2/2026","CAD","1","180.00","180.00","23.40","203.40","Visa","E-Commerce","London","Ontario"
"PT7J-H2PG-5L2Y","Completed","6/2/2026","2:15 AM","America/Toronto","","true","391532","inkostt@gmail.com","Irene Kostakos","","391532","inkostt@gmail.com","Irene Kostakos","Late Cancel Charge","14688","14690","036981809486","late-cancel-fee-penalty-fees-771","","","Penalty Fees","","","Completed","6/2/2026","CAD","1","15.00","15.00","1.95","16.95","Visa","E-Commerce","London","Ontario"
"D44T-N7MD-5L2Y","Completed","6/2/2026","6:16 AM","America/Toronto","","true","351170","hufkes@uwo.ca","Holly Ufkes","","351170","hufkes@uwo.ca","Holly Ufkes","Late Cancel Charge","14688","14690","036981809486","late-cancel-fee-penalty-fees-771","","","Penalty Fees","","","Completed","6/2/2026","CAD","1","15.00","15.00","1.95","16.95","Visa","E-Commerce","London","Ontario"
"S54B-B68H-5L2Y","Completed","6/2/2026","6:16 AM","America/Toronto","","true","363395","derek@cardy.ca","Derek Cardy","","363395","derek@cardy.ca","Derek Cardy","Late Cancel Charge","14688","14690","036981809486","late-cancel-fee-penalty-fees-771","","","Penalty Fees","","","Completed","6/2/2026","CAD","1","15.00","15.00","1.95","16.95","Visa","E-Commerce","London","Ontario"
"E796-9FZW-5L2Y","Completed","6/2/2026","7:15 AM","America/Toronto","","false","399916","saradarling37@gmail.com","Sara Darling","","399916","saradarling37@gmail.com","Sara Darling","One Class Card // London","20798","20799","760445337951","one-class-card-l-credits-347","","","Credits","","","Completed","6/2/2026","CAD","1","25.00","25.00","3.25","28.25","Visa","E-Commerce","London","Ontario"
"62RP-ZNNF-5L2Y","Completed","6/2/2026","7:17 AM","America/Toronto","","true","347195","lviner@hotmail.com","Laura Viner","","347195","lviner@hotmail.com","Laura Viner","No Show Charge","14687","14689","489143084327","no-show-fee-penalty-fees-498","","","Penalty Fees","","","Completed","6/2/2026","CAD","1","20.00","20.00","2.60","22.60","Mastercard","E-Commerce","London","Ontario"
"HGMD-BT8N-5L2Y","Completed","6/2/2026","9:17 AM","America/Toronto","","true","363395","derek@cardy.ca","Derek Cardy","","363395","derek@cardy.ca","Derek Cardy","No Show Charge","14687","14689","489143084327","no-show-fee-penalty-fees-498","","","Penalty Fees","","","Completed","6/2/2026","CAD","1","20.00","20.00","2.60","22.60","Visa","E-Commerce","London","Ontario"
"XSA2-K2QT-5L0W","Refunded","5/28/2026","7:16 PM","America/Toronto","","true","350190","ldietz@tlscv.com","Laurie Dietz","","71878","k.rothwell@spinco.ca","Kira Rothwell","No Show Charge","14687","14689","489143084327","no-show-fee-penalty-fees-498","","","Penalty Fees","","","Refunded","6/2/2026","CAD","-1","-20.00","-20.00","-2.60","-22.60","Visa","E-Commerce","London","Ontario"
"A574-823T-5L2Y","Completed","6/2/2026","12:25 PM","America/Toronto","","false","401733","jacqlyn.john00@gmail.com","Jacqlyn John","","401733","jacqlyn.john00@gmail.com","Jacqlyn John","Spin-It-Forward // London","20792","20793","964245982422","spin-it-forward--credits-429","","","Credits","","","Completed","6/2/2026","CAD","1","10.00","10.00","1.30","11.30","Visa","E-Commerce","London","Ontario"
"AVHC-NX6Z-5L2Y","Completed","6/2/2026","12:26 PM","America/Toronto","","false","346660","mfaroo45@uwo.ca","Maria Farooq","","346660","mfaroo45@uwo.ca","Maria Farooq","Spin-It-Forward // London","20792","20793","964245982422","spin-it-forward--credits-429","","","Credits","","","Completed","6/2/2026","CAD","1","10.00","10.00","1.30","11.30","Visa","E-Commerce","London","Ontario"
"GWEP-5JDK-5L2Y","Refunded","6/2/2026","4:16 PM","America/Toronto","","true","252943","cormierjanelle3@gmail.com","Janelle Cormier","","252943","cormierjanelle3@gmail.com","Janelle Cormier","Late Cancel Charge","14688","14690","036981809486","late-cancel-fee-penalty-fees-771","","","Penalty Fees","","","Completed","6/2/2026","CAD","1","15.00","15.00","1.95","16.95","Mastercard","E-Commerce","London","Ontario"
"WZB3-R5XF-5L2Y","Completed","6/2/2026","5:17 PM","America/Toronto","","true","372287","cienna.michelle@gmail.com","Cienna Good","","372287","cienna.michelle@gmail.com","Cienna Good","Late Cancel Charge","14688","14690","036981809486","late-cancel-fee-penalty-fees-771","","","Penalty Fees","","","Completed","6/2/2026","CAD","1","15.00","15.00","1.95","16.95","Visa","E-Commerce","London","Ontario"
"W9NS-QQJ4-5L2Z","Completed","6/2/2026","8:15 PM","America/Toronto","","false","401456","lmw7543@gmail.com","Lisa Weir","","401456","lmw7543@gmail.com","Lisa Weir","One Class Card // London","20798","20799","760445337951","one-class-card-l-credits-347","","","Credits","","","Completed","6/2/2026","CAD","1","25.00","25.00","3.25","28.25","Mastercard","E-Commerce","London","Ontario"
"D7EQ-VHUA-5L2Z","Completed","6/2/2026","8:17 PM","America/Toronto","","false","401801","s.highgate@hotmail.com","Samantha Highgate","","401801","s.highgate@hotmail.com","Samantha Highgate","One Class Card // London","20798","20799","760445337951","one-class-card-l-credits-347","","","Credits","","","Completed","6/2/2026","CAD","1","25.00","25.00","3.25","28.25","Visa","E-Commerce","London","Ontario"
"USKA-J94G-5L2Z","Completed","6/2/2026","8:22 PM","America/Toronto","unknown","false","298876","noel.wright63@gmail.com","Noel Wright","","298876","noel.wright63@gmail.com","Noel Wright","One Class Card // London","20798","20799","760445337951","one-class-card-l-credits-347","","","Credits","","","Completed","6/2/2026","CAD","1","25.00","25.00","3.25","28.25","Visa","E-Commerce","London","Ontario"
"U673-JA7S-5L2Z","Completed","6/2/2026","10:02 PM","America/Toronto","mobile","false","321184","fullerkatherine6@gmail.com","Katherine Fuller","","321184","fullerkatherine6@gmail.com","Katherine Fuller","One Class Card // London","20798","20799","760445337951","one-class-card-l-credits-347","","","Credits","","","Completed","6/2/2026","CAD","1","25.00","25.00","3.25","28.25","Visa","E-Commerce","London","Ontario"
"AKV8-HE7N-5L2Z","Completed","6/2/2026","10:31 PM","America/Toronto","mobile","false","217121","razavizandbahaar@yahoo.ca","Bahaar Razavizand","","217121","razavizandbahaar@yahoo.ca","Bahaar Razavizand","One Class Card // London","20798","20799","760445337951","one-class-card-l-credits-347","","","Credits","","","Completed","6/2/2026","CAD","1","25.00","25.00","3.25","28.25","American Express","E-Commerce","London","Ontario"
"5MY3-W9JG-5L2Z","Completed","6/3/2026","12:24 AM","America/Toronto","","true","381782","javeriahassan@windowslive.com","Javeria Hasan","","381782","javeriahassan@windowslive.com","Javeria Hasan","4x Membership // London","21999","22000","216300284773","4x-membership-lo-memberships-280","","","Memberships","","","Completed","6/3/2026","CAD","1","80.00","80.00","10.40","90.40","Visa","E-Commerce","London","Ontario"
"57UH-YDNW-5L2Z","Completed","6/3/2026","12:24 AM","America/Toronto","","true","336211","kirvine7@uwo.ca","Kathryn Irvine","","336211","kirvine7@uwo.ca","Kathryn Irvine","Unlimited Monthly Membership // London *GRANDFATHERED","20834","20835","254627090190","unlimited-classe-memberships-530","","","Memberships","","","Completed","6/3/2026","CAD","1","200.00","200.00","26.00","226.00","Mastercard","E-Commerce","London","Ontario"
"4QGK-V33D-5L2Z","Completed","6/3/2026","1:15 AM","America/Toronto","","true","391532","inkostt@gmail.com","Irene Kostakos","","391532","inkostt@gmail.com","Irene Kostakos","Late Cancel Charge","14688","14690","036981809486","late-cancel-fee-penalty-fees-771","","","Penalty Fees","","","Completed","6/3/2026","CAD","1","15.00","15.00","1.95","16.95","Visa","E-Commerce","London","Ontario"
"P8B5-JQG3-5L2Z","Completed","6/3/2026","1:15 AM","America/Toronto","","true","400561","alexamsmith3@gmail.com","Alexa Smith","","400561","alexamsmith3@gmail.com","Alexa Smith","Late Cancel Charge","14688","14690","036981809486","late-cancel-fee-penalty-fees-771","","","Penalty Fees","","","Completed","6/3/2026","CAD","1","15.00","15.00","1.95","16.95","Mastercard","E-Commerce","London","Ontario"
"AUXD-APKK-5L2Z","Completed","6/3/2026","5:17 AM","America/Toronto","","true","397968","long_jennifer@hotmail.com","Jennifer Long","","397968","long_jennifer@hotmail.com","Jennifer Long","Late Cancel Charge","14688","14690","036981809486","late-cancel-fee-penalty-fees-771","","","Penalty Fees","","","Completed","6/3/2026","CAD","1","15.00","15.00","1.95","16.95","Visa","E-Commerce","London","Ontario"
"QY2K-2YRS-5L2Z","Completed","6/3/2026","6:16 AM","America/Toronto","","true","371904","c.scarrow51@gmail.com","Claire Scarrow","","371904","c.scarrow51@gmail.com","Claire Scarrow","Late Cancel Charge","14688","14690","036981809486","late-cancel-fee-penalty-fees-771","","","Penalty Fees","","","Completed","6/3/2026","CAD","1","15.00","15.00","1.95","16.95","Visa","E-Commerce","London","Ontario"
"3WJS-KFH5-5L2Z","Completed","6/3/2026","6:16 AM","America/Toronto","","true","363395","derek@cardy.ca","Derek Cardy","","363395","derek@cardy.ca","Derek Cardy","Late Cancel Charge","14688","14690","036981809486","late-cancel-fee-penalty-fees-771","","","Penalty Fees","","","Completed","6/3/2026","CAD","1","15.00","15.00","1.95","16.95","Visa","E-Commerce","London","Ontario"
"XKCJ-MX4A-5L2Z","Completed","6/3/2026","6:53 AM","America/Toronto","desktop","false","380674","mervebozkurtt.41@gmail.com","Merve Bozkurt","","319732","shanahan.keeghan@gmail.com","Keeghan Shanahan","Coffee // London","23655","23656","087239269521","coffee-london-food-and-beverag-851","","","Food and Beverage","","","Completed","6/3/2026","CAD","1","1.50","1.50","0.20","1.70","Mastercard","In-Store","London","Ontario"
"7S8X-KCBY-5L2Z","Completed","6/3/2026","9:16 AM","America/Toronto","","true","398886","sam.spylo18@gmail.com","sam spylo","","398886","sam.spylo18@gmail.com","sam spylo","Late Cancel Charge","14688","14690","036981809486","late-cancel-fee-penalty-fees-771","","","Penalty Fees","","","Completed","6/3/2026","CAD","1","15.00","15.00","1.95","16.95","Mastercard","E-Commerce","London","Ontario"
"XDWT-5U95-5L2Z","Completed","6/3/2026","10:48 AM","America/Toronto","","false","378014","valeskadegouveia@hotmail.com","Valeska De Gouveia","","378014","valeskadegouveia@hotmail.com","Valeska De Gouveia","Spin-It-Forward // London","20792","20793","964245982422","spin-it-forward--credits-429","","","Credits","","","Completed","6/3/2026","CAD","1","10.00","10.00","1.30","11.30","Mastercard","E-Commerce","London","Ontario"
"EBSZ-P6WE-5L2Z","Completed","6/3/2026","12:13 PM","America/Toronto","","false","378014","valeskadegouveia@hotmail.com","Valeska De Gouveia","","378014","valeskadegouveia@hotmail.com","Valeska De Gouveia","Spin-It-Forward // London","20792","20793","964245982422","spin-it-forward--credits-429","","","Credits","","","Completed","6/3/2026","CAD","1","10.00","10.00","1.30","11.30","Mastercard","E-Commerce","London","Ontario"
"TUFY-9UCD-5L2Z","Completed","6/3/2026","12:48 PM","America/Toronto","","false","362067","hshnitzer@gmail.com","Hila Shnitzer","","362067","hshnitzer@gmail.com","Hila Shnitzer","Five Class Card // London","20802","20803","488719457552","five-class-card--credits-078","","","Credits","","","Completed","6/3/2026","CAD","1","110.00","110.00","14.30","124.30","American Express","E-Commerce","London","Ontario"
"845C-EJG9-5L2Z","Completed","6/3/2026","1:40 PM","America/Toronto","","false","378608","jmary0638@gmail.com","Angel Joseph","","378608","jmary0638@gmail.com","Angel Joseph","One Class Card // London","20798","20799","760445337951","one-class-card-l-credits-347","","","Credits","","","Completed","6/3/2026","CAD","1","25.00","25.00","3.25","28.25","Visa","E-Commerce","London","Ontario"
"UK4A-GNTA-5L2Z","Completed","6/3/2026","2:36 PM","America/Toronto","","false","401259","danny_23r@hotmail.com","Daniella Laserna","","401259","danny_23r@hotmail.com","Daniella Laserna","New Rider Special // London","21051","21052","288040778473","new-rider-specia-memberships-503","","","Memberships","","","Completed","6/3/2026","CAD","1","50.00","50.00","6.50","56.50","Visa","E-Commerce","London","Ontario"
"T59R-UFCX-5L0B","Partially Refunded","5/7/2026","6:32 PM","America/Toronto","desktop","false","230166","michelleyee1121@gmail.com","Michelle Yee","","382306","michellejcallander@gmail.com","Michelle Callandar","Metal Vent Tech Short-Sleeve Shirt","20012","20015","936594514846","metal-vent-tech--clothing-926","Graphite Grey/Black","M","Clothing","Lululemon","","Refunded","6/3/2026","CAD","-1","-78.00","-78.00","-10.14","-88.14","American Express","In-Store","London","Ontario"
"PD6R-QXEB-5L2Z","Completed","6/3/2026","3:29 PM","America/Toronto","","false","369574","msavehilaghi99@gmail.com","Max Savehilaghi","","369574","msavehilaghi99@gmail.com","Max Savehilaghi","One Class Card // London","20798","20799","760445337951","one-class-card-l-credits-347","","","Credits","","","Completed","6/3/2026","CAD","1","25.00","25.00","3.25","28.25","Visa","E-Commerce","London","Ontario"
"3Y4D-7XY7-5L2Z","Completed","6/3/2026","3:58 PM","America/Toronto","desktop","false","401886","wang.nathan.7@gmail.com","Nathan Wang","","401886","wang.nathan.7@gmail.com","Nathan Wang","One Class Card // London","20798","20799","760445337951","one-class-card-l-credits-347","","","Credits","","","Completed","6/3/2026","CAD","1","0.00","25.00","0.00","0.00","No Charge","E-Commerce","London","Ontario"
"UYPU-C8GC-5L2Z","Completed","6/3/2026","4:16 PM","America/Toronto","","true","346657","soulene.sabir@gmail.com","Soulene Sabir","","346657","soulene.sabir@gmail.com","Soulene Sabir","Late Cancel Charge","14688","14690","036981809486","late-cancel-fee-penalty-fees-771","","","Penalty Fees","","","Completed","6/3/2026","CAD","1","15.00","15.00","1.95","16.95","Visa","E-Commerce","London","Ontario"
"EAPF-AJPP-5L2Z","Completed","6/3/2026","4:16 PM","America/Toronto","","true","372287","cienna.michelle@gmail.com","Cienna Good","","372287","cienna.michelle@gmail.com","Cienna Good","Late Cancel Charge","14688","14690","036981809486","late-cancel-fee-penalty-fees-771","","","Penalty Fees","","","Completed","6/3/2026","CAD","1","15.00","15.00","1.95","16.95","Visa","E-Commerce","London","Ontario"
"ZRDH-93PG-5L2Z","Completed","6/3/2026","4:46 PM","America/Toronto","","false","401895","roltonedwards@gmail.com","Rolton Edwards","","401895","roltonedwards@gmail.com","Rolton Edwards","New Rider Special // London","21051","21052","288040778473","new-rider-specia-memberships-503","","","Memberships","","","Completed","6/3/2026","CAD","1","50.00","50.00","6.50","56.50","Mastercard","E-Commerce","London","Ontario"
"5H83-YTNK-5L2Z","Completed","6/3/2026","5:09 PM","America/Toronto","","false","376871","mahmed2025@meds.uwo.ca","Mashal Ahmed","","376871","mahmed2025@meds.uwo.ca","Mashal Ahmed","New Rider Special // London","21051","21052","288040778473","new-rider-specia-memberships-503","","","Memberships","","","Completed","6/3/2026","CAD","1","50.00","50.00","6.50","56.50","Visa","E-Commerce","London","Ontario"
"DCNP-MYF2-5L2Z","Completed","6/3/2026","7:31 PM","America/Toronto","","false","388518","payton222@hotmail.com","Payton Pugh","","388518","payton222@hotmail.com","Payton Pugh","Spin-It-Forward // London","20792","20793","964245982422","spin-it-forward--credits-429","","","Credits","","","Completed","6/3/2026","CAD","1","10.00","10.00","1.30","11.30","Visa","E-Commerce","London","Ontario"
"AVMA-RE8C-5L2Z","Completed","6/3/2026","7:31 PM","America/Toronto","","false","388811","joelbarwick5@gmail.com","Joel Barwick","","388811","joelbarwick5@gmail.com","Joel Barwick","Spin-It-Forward // London","20792","20793","964245982422","spin-it-forward--credits-429","","","Credits","","","Completed","6/3/2026","CAD","1","10.00","10.00","1.30","11.30","American Express","E-Commerce","London","Ontario"
"6U2A-MASE-5L30","Completed","6/4/2026","12:26 AM","America/Toronto","","true","380674","mervebozkurtt.41@gmail.com","Merve Bozkurt","","380674","mervebozkurtt.41@gmail.com","Merve Bozkurt","Unlimited Membership // London","21995","21996","447442561003","unlimited-member-memberships-867","","","Memberships","","","Completed","6/4/2026","CAD","1","200.00","200.00","26.00","226.00","Mastercard","E-Commerce","London","Ontario"
"WBGJ-BEBH-5L30","Completed","6/4/2026","12:26 AM","America/Toronto","","true","394563","s.channon1996@gmail.com","Symantha Channon","","394563","s.channon1996@gmail.com","Symantha Channon","Unlimited Membership // London","21995","21996","447442561003","unlimited-member-memberships-867","","","Memberships","","","Completed","6/4/2026","CAD","1","200.00","200.00","26.00","226.00","Visa","E-Commerce","London","Ontario"
"9P2R-XVNZ-5L30","Completed","6/4/2026","12:26 AM","America/Toronto","","true","351148","oliviadavies8117@gmail.com","Olivia Davies","","351148","oliviadavies8117@gmail.com","Olivia Davies","4x Membership // London","21999","22000","216300284773","4x-membership-lo-memberships-280","","","Memberships","","","Completed","6/4/2026","CAD","1","80.00","80.00","10.40","90.40","Visa","E-Commerce","London","Ontario"
"BTK4-4C4X-5L30","Completed","6/4/2026","12:26 AM","America/Toronto","","true","347824","llanasooklal2@gmail.com","Llana Tatavarti","","347824","llanasooklal2@gmail.com","Llana Tatavarti","4x Monthly Membership // London *GRANDFATHERED","20838","20839","545622520223","4-classes-month--memberships-721","","","Memberships","","","Completed","6/4/2026","CAD","1","80.00","80.00","10.40","90.40","Mastercard","E-Commerce","London","Ontario"
"GP7P-9774-5L30","Completed","6/4/2026","12:26 AM","America/Toronto","","true","236028","lilysfrancis@gmail.com","Lily Francis","","236028","lilysfrancis@gmail.com","Lily Francis","Staff Membership // London","20830","20831","898235312897","staff-membership-memberships-735","","","Memberships","","","Completed","6/4/2026","CAD","1","0.00","0.00","0.00","0.00","No Charge","E-Commerce","London","Ontario"
"346P-5U89-5L30","Completed","6/4/2026","12:26 AM","America/Toronto","","true","371018","safiyah.lawendy@gmail.com","Safiyah Lawendy","","371018","safiyah.lawendy@gmail.com","Safiyah Lawendy","Unlimited Membership // London","21995","21996","447442561003","unlimited-member-memberships-867","","","Memberships","","","Completed","6/4/2026","CAD","1","200.00","200.00","26.00","226.00","Visa","E-Commerce","London","Ontario"
"7NG6-N7UC-5L30","Completed","6/4/2026","12:26 AM","America/Toronto","","true","373044","therescue5@hotmail.com","Mercedes Lander","","373044","therescue5@hotmail.com","Mercedes Lander","4x Membership // London","21999","22000","216300284773","4x-membership-lo-memberships-280","","","Memberships","","","Completed","6/4/2026","CAD","1","80.00","80.00","10.40","90.40","Visa","E-Commerce","London","Ontario"
"7MDZ-NHTM-5L30","Completed","6/4/2026","6:16 AM","America/Toronto","","true","400561","alexamsmith3@gmail.com","Alexa Smith","","400561","alexamsmith3@gmail.com","Alexa Smith","Late Cancel Charge","14688","14690","036981809486","late-cancel-fee-penalty-fees-771","","","Penalty Fees","","","Completed","6/4/2026","CAD","1","15.00","15.00","1.95","16.95","Mastercard","E-Commerce","London","Ontario"
"6P3J-ZRN5-5L30","Completed","6/4/2026","6:16 AM","America/Toronto","","true","363395","derek@cardy.ca","Derek Cardy","","363395","derek@cardy.ca","Derek Cardy","Late Cancel Charge","14688","14690","036981809486","late-cancel-fee-penalty-fees-771","","","Penalty Fees","","","Completed","6/4/2026","CAD","1","15.00","15.00","1.95","16.95","Visa","E-Commerce","London","Ontario"
"G3R8-SSBD-5L30","Completed","6/4/2026","7:16 AM","America/Toronto","","true","363395","derek@cardy.ca","Derek Cardy","","363395","derek@cardy.ca","Derek Cardy","Late Cancel Charge","14688","14690","036981809486","late-cancel-fee-penalty-fees-771","","","Penalty Fees","","","Completed","6/4/2026","CAD","1","15.00","15.00","1.95","16.95","Visa","E-Commerce","London","Ontario"
"KCU5-9K8D-5L30","Completed","6/4/2026","9:16 AM","America/Toronto","","true","346889","cswalker1@gmail.com","Casey Walkee","","346889","cswalker1@gmail.com","Casey Walkee","No Show Charge","14687","14689","489143084327","no-show-fee-penalty-fees-498","","","Penalty Fees","","","Completed","6/4/2026","CAD","1","20.00","20.00","2.60","22.60","Visa","E-Commerce","London","Ontario"
"CHSJ-EEVR-5L30","Completed","6/4/2026","12:16 PM","America/Toronto","","true","201623","blisscreations.kw@gmail.com","Shupi ✨ Mapuranga","","201623","blisscreations.kw@gmail.com","Shupi ✨ Mapuranga","Late Cancel Charge","14688","14690","036981809486","late-cancel-fee-penalty-fees-771","","","Penalty Fees","","","Completed","6/4/2026","CAD","1","15.00","15.00","1.95","16.95","Visa","E-Commerce","London","Ontario"
"UP62-AEGS-5L30","Completed","6/4/2026","12:47 PM","America/Toronto","","false","402004","lmcgeown@lakeheadu.ca","Laura McGeown","","402004","lmcgeown@lakeheadu.ca","Laura McGeown","New Rider Special // London","21051","21052","288040778473","new-rider-specia-memberships-503","","","Memberships","","","Completed","6/4/2026","CAD","1","50.00","50.00","6.50","56.50","Visa","E-Commerce","London","Ontario"
"8HGJ-9427-5L30","Completed","6/4/2026","2:09 PM","America/Toronto","","false","397126","webby9002@gmail.com","James Webb","","397126","webby9002@gmail.com","James Webb","Spin-It-Forward // London","20792","20793","964245982422","spin-it-forward--credits-429","","","Credits","","","Completed","6/4/2026","CAD","1","10.00","10.00","1.30","11.30","Visa","E-Commerce","London","Ontario"
"22KQ-DP3B-5L30","Completed","6/4/2026","2:09 PM","America/Toronto","","false","354156","sm_perez@hotmail.com","Sheila Perez","","354156","sm_perez@hotmail.com","Sheila Perez","Spin-It-Forward // London","20792","20793","964245982422","spin-it-forward--credits-429","","","Credits","","","Completed","6/4/2026","CAD","1","10.00","10.00","1.30","11.30","Visa","E-Commerce","London","Ontario"
"R9N6-F6XU-5L30","Completed","6/4/2026","4:00 PM","America/Toronto","","false","402031","kroger28@uwo.ca","Katherine Rogers","","402031","kroger28@uwo.ca","Katherine Rogers","New Rider Special // London","21051","21052","288040778473","new-rider-specia-memberships-503","","","Memberships","","","Completed","6/4/2026","CAD","1","50.00","50.00","6.50","56.50","Mastercard","E-Commerce","London","Ontario"
"Q2GR-S7EY-5L30","Completed","6/4/2026","4:13 PM","America/Toronto","","false","383512","shpigelerin@gmail.com","Erin Shpigel","","383512","shpigelerin@gmail.com","Erin Shpigel","One Class Card // London","20798","20799","760445337951","one-class-card-l-credits-347","","","Credits","","","Completed","6/4/2026","CAD","1","25.00","25.00","3.25","28.25","Visa","E-Commerce","London","Ontario"
"93Q7-CD6A-5L30","Completed","6/4/2026","5:17 PM","America/Toronto","","false","384613","maddie.kellerrrr@gmail.com","Maddie Keller","","384613","maddie.kellerrrr@gmail.com","Maddie Keller","Spin-It-Forward // London","20792","20793","964245982422","spin-it-forward--credits-429","","","Credits","","","Completed","6/4/2026","CAD","1","10.00","10.00","1.30","11.30","Mastercard","E-Commerce","London","Ontario"
"8RDS-A4AN-5L30","Completed","6/4/2026","5:52 PM","America/Toronto","","false","402042","nicolesilaev@live.com","Nikki Silaev","","402042","nicolesilaev@live.com","Nikki Silaev","One Class Card // London","20798","20799","760445337951","one-class-card-l-credits-347","","","Credits","","","Completed","6/4/2026","CAD","1","25.00","25.00","3.25","28.25","Mastercard","E-Commerce","London","Ontario"
"FAEF-S7XH-5L30","Completed","6/4/2026","7:16 PM","America/Toronto","","true","371904","c.scarrow51@gmail.com","Claire Scarrow","","371904","c.scarrow51@gmail.com","Claire Scarrow","No Show Charge","14687","14689","489143084327","no-show-fee-penalty-fees-498","","","Penalty Fees","","","Completed","6/4/2026","CAD","1","20.00","20.00","2.60","22.60","Visa","E-Commerce","London","Ontario"
"6XUZ-5KTW-5L31","Completed","6/4/2026","8:11 PM","America/Toronto","desktop","false","65385","jensentait@rogers.com","Jensen Tait","","356671","daymtess228@gmail.com","Tessa Dayman","Private Ride 3 // London","21742","21743","052115613456","private-ride-3-l-credits-507","","","Credits","","","Completed","6/4/2026","CAD","1","495.00","550.00","64.35","559.35","Visa","In-Store","London","Ontario"
"EUGY-87XY-5L31","Completed","6/4/2026","10:10 PM","America/Toronto","","false","402006","jhussei6@uwo.ca","Judy Hussein","","402006","jhussei6@uwo.ca","Judy Hussein","Spin-It-Forward // London","20792","20793","964245982422","spin-it-forward--credits-429","","","Credits","","","Completed","6/4/2026","CAD","1","10.00","10.00","1.30","11.30","American Express","E-Commerce","London","Ontario"
"MGJ7-HX9F-5L31","Completed","6/4/2026","11:35 PM","America/Toronto","","false","402006","jhussei6@uwo.ca","Judy Hussein","","402006","jhussei6@uwo.ca","Judy Hussein","Spin-It-Forward // London","20792","20793","964245982422","spin-it-forward--credits-429","","","Credits","","","Completed","6/4/2026","CAD","1","10.00","10.00","1.30","11.30","American Express","E-Commerce","London","Ontario"
"WVX9-C35K-5L31","Completed","6/5/2026","12:26 AM","America/Toronto","","true","381092","ketsialr@gmail.com","Ketsia Ratzlaff","","381092","ketsialr@gmail.com","Ketsia Ratzlaff","8x Membership // London","21997","21998","667327189404","8x-membership-lo-memberships-656","","","Memberships","","","Completed","6/5/2026","CAD","1","150.00","150.00","19.50","169.50","Mastercard","E-Commerce","London","Ontario"
"3NPZ-KEAW-5L31","Completed","6/5/2026","12:26 AM","America/Toronto","","true","353984","amerkel3@uwo.ca","Allie Merkel","","353984","amerkel3@uwo.ca","Allie Merkel","4x Membership // London","21999","22000","216300284773","4x-membership-lo-memberships-280","","","Memberships","","","Completed","6/5/2026","CAD","1","68.00","80.00","8.84","76.84","Mastercard","E-Commerce","London","Ontario"
"86BF-ZG9D-5L31","Completed","6/5/2026","12:26 AM","America/Toronto","","true","356436","laceyflannery13@gmail.com","Lacey Flannery","","356436","laceyflannery13@gmail.com","Lacey Flannery","8x Monthly Membership // London *GRANDFATHERED","20840","20841","811541656417","8-classes-month--memberships-167","","","Memberships","","","Completed","6/5/2026","CAD","1","150.00","150.00","19.50","169.50","Mastercard","E-Commerce","London","Ontario"
"WBES-V9TS-5L31","Completed","6/5/2026","5:17 AM","America/Toronto","","true","311771","alexrosewatt@outlook.com","Alex Watt","","311771","alexrosewatt@outlook.com","Alex Watt","Late Cancel Charge","14688","14690","036981809486","late-cancel-fee-penalty-fees-771","","","Penalty Fees","","","Completed","6/5/2026","CAD","1","15.00","15.00","1.95","16.95","Visa","E-Commerce","London","Ontario"
"R4WD-D8YG-5L31","Completed","6/5/2026","5:19 AM","America/Toronto","","false","366331","malakosman100@gmail.com","Malak Osman","","366331","malakosman100@gmail.com","Malak Osman","Spin-It-Forward // London","20792","20793","964245982422","spin-it-forward--credits-429","","","Credits","","","Completed","6/5/2026","CAD","1","10.00","10.00","1.30","11.30","Visa","E-Commerce","London","Ontario"
"YPUJ-5XQV-5L31","Refunded","6/5/2026","6:15 AM","America/Toronto","","true","320367","nramirez.hba2015@gmail.com","Nathalie Ramirez","","320367","nramirez.hba2015@gmail.com","Nathalie Ramirez","Late Cancel Charge","14688","14690","036981809486","late-cancel-fee-penalty-fees-771","","","Penalty Fees","","","Completed","6/5/2026","CAD","1","15.00","15.00","1.95","16.95","Visa","E-Commerce","London","Ontario"
"JWN8-DD2J-5L31","Completed","6/5/2026","6:15 AM","America/Toronto","","true","366331","malakosman100@gmail.com","Malak Osman","","366331","malakosman100@gmail.com","Malak Osman","Late Cancel Charge","14688","14690","036981809486","late-cancel-fee-penalty-fees-771","","","Penalty Fees","","","Completed","6/5/2026","CAD","1","15.00","15.00","1.95","16.95","Visa","E-Commerce","London","Ontario"
"79A2-BXKT-5L31","Completed","6/5/2026","6:15 AM","America/Toronto","","true","363395","derek@cardy.ca","Derek Cardy","","363395","derek@cardy.ca","Derek Cardy","Late Cancel Charge","14688","14690","036981809486","late-cancel-fee-penalty-fees-771","","","Penalty Fees","","","Completed","6/5/2026","CAD","1","15.00","15.00","1.95","16.95","Visa","E-Commerce","London","Ontario"
"848Q-GBV8-5L31","Completed","6/5/2026","8:15 AM","America/Toronto","","true","353425","katelynelisetodd@gmail.com","Katie Todd","","353425","katelynelisetodd@gmail.com","Katie Todd","No Show Charge","14687","14689","489143084327","no-show-fee-penalty-fees-498","","","Penalty Fees","","","Completed","6/5/2026","CAD","1","20.00","20.00","2.60","22.60","Mastercard","E-Commerce","London","Ontario"
"6BGV-R4CK-5L31","Completed","6/5/2026","10:10 AM","America/Toronto","","false","363411","rchirara@uwo.ca","rachiel chirara","","363411","rchirara@uwo.ca","rachiel chirara","Spin-It-Forward // London","20792","20793","964245982422","spin-it-forward--credits-429","","","Credits","","","Completed","6/5/2026","CAD","1","10.00","10.00","1.30","11.30","Visa","E-Commerce","London","Ontario"
"UUWV-75Q3-5L31","Completed","6/5/2026","11:07 AM","America/Toronto","","false","348023","mackenzie.gubbels@gmail.com","Mack Gubbels","","348023","mackenzie.gubbels@gmail.com","Mack Gubbels","One Class Card // London","20798","20799","760445337951","one-class-card-l-credits-347","","","Credits","","","Completed","6/5/2026","CAD","1","25.00","25.00","3.25","28.25","Visa","E-Commerce","London","Ontario"
"DQMF-5A9M-5L31","Completed","6/5/2026","12:31 PM","America/Toronto","","false","366332","samazayeddd@gmail.com","Sama Zayed","","366332","samazayeddd@gmail.com","Sama Zayed","Spin-It-Forward // London","20792","20793","964245982422","spin-it-forward--credits-429","","","Credits","","","Completed","6/5/2026","CAD","1","10.00","10.00","1.30","11.30","Mastercard","E-Commerce","London","Ontario"
"FJGB-MHN8-5L31","Completed","6/5/2026","12:46 PM","America/Toronto","","false","356199","fatimaseddieg@gmail.com","Fatima Seddieg","","356199","fatimaseddieg@gmail.com","Fatima Seddieg","One Class Card // London","20798","20799","760445337951","one-class-card-l-credits-347","","","Credits","","","Completed","6/5/2026","CAD","1","25.00","25.00","3.25","28.25","Visa","E-Commerce","London","Ontario"
"D9SW-DRRR-5L31","Completed","6/5/2026","12:47 PM","America/Toronto","","false","365087","dania.khan668@gmail.com","dania parvez","","365087","dania.khan668@gmail.com","dania parvez","One Class Card // London","20798","20799","760445337951","one-class-card-l-credits-347","","","Credits","","","Completed","6/5/2026","CAD","1","25.00","25.00","3.25","28.25","Visa","E-Commerce","London","Ontario"
"G8UE-PXGU-5L31","Completed","6/5/2026","1:05 PM","America/Toronto","","false","369574","msavehilaghi99@gmail.com","Max Savehilaghi","","369574","msavehilaghi99@gmail.com","Max Savehilaghi","Spin-It-Forward // London","20792","20793","964245982422","spin-it-forward--credits-429","","","Credits","","","Completed","6/5/2026","CAD","1","10.00","10.00","1.30","11.30","Visa","E-Commerce","London","Ontario"
"4X39-MG4V-5L31","Completed","6/5/2026","1:16 PM","America/Toronto","","true","349985","rachel.stack@outlook.com","Rachel Stack","","349985","rachel.stack@outlook.com","Rachel Stack","Late Cancel Charge","14688","14690","036981809486","late-cancel-fee-penalty-fees-771","","","Penalty Fees","","","Completed","6/5/2026","CAD","1","15.00","15.00","1.95","16.95","Visa","E-Commerce","London","Ontario"
"GWEP-5JDK-5L2Y","Refunded","6/2/2026","4:16 PM","America/Toronto","","true","252943","cormierjanelle3@gmail.com","Janelle Cormier","","71878","k.rothwell@spinco.ca","Kira Rothwell","Late Cancel Charge","14688","14690","036981809486","late-cancel-fee-penalty-fees-771","","","Penalty Fees","","","Refunded","6/5/2026","CAD","-1","-15.00","-15.00","-1.95","-16.95","Mastercard","E-Commerce","London","Ontario"
"EU25-SSFK-5L31","Completed","6/5/2026","2:47 PM","America/Toronto","","false","378014","valeskadegouveia@hotmail.com","Valeska De Gouveia","","378014","valeskadegouveia@hotmail.com","Valeska De Gouveia","Spin-It-Forward // London","20792","20793","964245982422","spin-it-forward--credits-429","","","Credits","","","Completed","6/5/2026","CAD","1","10.00","10.00","1.30","11.30","Mastercard","E-Commerce","London","Ontario"
"Q2V6-9KW5-5L31","Completed","6/5/2026","3:15 PM","America/Toronto","","true","249109","meganlinaric@hotmail.com","Megan Linaric","","249109","meganlinaric@hotmail.com","Megan Linaric","Late Cancel Charge","14688","14690","036981809486","late-cancel-fee-penalty-fees-771","","","Penalty Fees","","","Completed","6/5/2026","CAD","1","15.00","15.00","1.95","16.95","Visa","E-Commerce","London","Ontario"
"65BN-56VT-5L31","Completed","6/5/2026","4:06 PM","America/Toronto","","false","400216","mugunmarion@gmail.com","Marion Mugun","","400216","mugunmarion@gmail.com","Marion Mugun","Spin-It-Forward // London","20792","20793","964245982422","spin-it-forward--credits-429","","","Credits","","","Completed","6/5/2026","CAD","1","10.00","10.00","1.30","11.30","Visa","E-Commerce","London","Ontario"
"R9XR-98A8-5L31","Completed","6/5/2026","4:15 PM","America/Toronto","","true","400603","savannahsearle414@gmail.com","Sav Searle","","400603","savannahsearle414@gmail.com","Sav Searle","Late Cancel Charge","14688","14690","036981809486","late-cancel-fee-penalty-fees-771","","","Penalty Fees","","","Completed","6/5/2026","CAD","1","15.00","15.00","1.95","16.95","Visa","E-Commerce","London","Ontario"
"ZJHM-AGQQ-5L31","Refunded","6/5/2026","5:15 PM","America/Toronto","","true","401362","nicole34569@gmail.com","Nicole Lee","","401362","nicole34569@gmail.com","Nicole Lee","No Show Charge","14687","14689","489143084327","no-show-fee-penalty-fees-498","","","Penalty Fees","","","Completed","6/5/2026","CAD","1","20.00","20.00","2.60","22.60","Visa","E-Commerce","London","Ontario"
"RGRN-BWYS-5L31","Completed","6/5/2026","6:10 PM","America/Toronto","","false","402178","tessamack7@icloud.com","Tessa Mackinnon","","402178","tessamack7@icloud.com","Tessa Mackinnon","Five Class Card // London","20802","20803","488719457552","five-class-card--credits-078","","","Credits","","","Completed","6/5/2026","CAD","1","110.00","110.00","14.30","124.30","Visa","E-Commerce","London","Ontario"
"KQV4-N9ZQ-5L32","Completed","6/5/2026","9:04 PM","America/Toronto","","false","400614","sarahmarotta@gmail.com","Sarah Marotta","","400614","sarahmarotta@gmail.com","Sarah Marotta","Spin-It-Forward // London","20792","20793","964245982422","spin-it-forward--credits-429","","","Credits","","","Completed","6/5/2026","CAD","1","10.00","10.00","1.30","11.30","Visa","E-Commerce","London","Ontario"
"YPUJ-5XQV-5L31","Refunded","6/5/2026","6:15 AM","America/Toronto","","true","320367","nramirez.hba2015@gmail.com","Nathalie Ramirez","","336948","rbissett0303@gmail.com","Rachel Bissett","Late Cancel Charge","14688","14690","036981809486","late-cancel-fee-penalty-fees-771","","","Penalty Fees","","","Refunded","6/5/2026","CAD","-1","-15.00","-15.00","-1.95","-16.95","Visa","E-Commerce","London","Ontario"
"5SZS-5FKZ-5L32","Completed","6/5/2026","9:53 PM","America/Toronto","","true","356216","katherinetenhaaf@gmail.com","Katie ten Haaf","","356216","katherinetenhaaf@gmail.com","Katie ten Haaf","Unlimited Membership // London · BLACK FRIDAY 2025","22630","22631","712442897099","unlimited-member-memberships-584","","","Memberships","","","Completed","6/5/2026","CAD","1","180.00","180.00","23.40","203.40","Visa","E-Commerce","London","Ontario"
"2UUH-NB7T-5L32","Completed","6/5/2026","11:20 PM","America/Toronto","","false","400348","habibamunniwala@gmail.com","Habiba Munniwala","","400348","habibamunniwala@gmail.com","Habiba Munniwala","One Class Card // London","20798","20799","760445337951","one-class-card-l-credits-347","","","Credits","","","Completed","6/5/2026","CAD","1","25.00","25.00","3.25","28.25","American Express","E-Commerce","London","Ontario"
"HK9Q-XFZC-5L32","Completed","6/6/2026","12:26 AM","America/Toronto","","true","375376","hannahp0716@gmail.com","hannah pauwels","","375376","hannahp0716@gmail.com","hannah pauwels","Student Monthly Membership // London","21738","21739","582370867097","student-monthly--memberships-495","","","Memberships","","","Completed","6/6/2026","CAD","1","175.00","175.00","22.75","197.75","Visa","E-Commerce","London","Ontario"
"T2S2-KBB4-5L32","Completed","6/6/2026","12:26 AM","America/Toronto","","true","379914","camilajc08@gmail.com","cami jerez","","379914","camilajc08@gmail.com","cami jerez","4x Membership // London","21999","22000","216300284773","4x-membership-lo-memberships-280","","","Memberships","","","Completed","6/6/2026","CAD","1","80.00","80.00","10.40","90.40","Mastercard","E-Commerce","London","Ontario"
"6X6Y-FR7U-5L32","Completed","6/6/2026","12:26 AM","America/Toronto","","true","394909","laurenfarlinger@gmail.com","Lauren Farlinger","","394909","laurenfarlinger@gmail.com","Lauren Farlinger","4x Membership // London","21999","22000","216300284773","4x-membership-lo-memberships-280","","","Memberships","","","Completed","6/6/2026","CAD","1","80.00","80.00","10.40","90.40","American Express","E-Commerce","London","Ontario"
"KHV8-ASYJ-5L32","Completed","6/6/2026","12:26 AM","America/Toronto","","true","349029","jessicaashleigh@live.ca","Jess Bray","","349029","jessicaashleigh@live.ca","Jess Bray","4x Monthly Membership // London *GRANDFATHERED","20838","20839","545622520223","4-classes-month--memberships-721","","","Memberships","","","Completed","6/6/2026","CAD","1","80.00","80.00","10.40","90.40","Visa","E-Commerce","London","Ontario"
"GXAY-J6ZG-5L32","Completed","6/6/2026","12:26 AM","America/Toronto","","true","360337","jenn.buchanan@hotmail.com","Jenn Buchanan","","360337","jenn.buchanan@hotmail.com","Jenn Buchanan","Student Monthly Membership // London","21738","21739","582370867097","student-monthly--memberships-495","","","Memberships","","","Completed","6/6/2026","CAD","1","175.00","175.00","22.75","197.75","Visa","E-Commerce","London","Ontario"
"3B7K-ENVB-5L32","Completed","6/6/2026","3:09 AM","America/Toronto","","false","390015","jessica.a.white@icloud.com","Jessica White","","390015","jessica.a.white@icloud.com","Jessica White","Ten Class Card // London","20794","20795","456569691604","ten-class-card-l-credits-104","","","Credits","","","Completed","6/6/2026","CAD","1","200.00","200.00","26.00","226.00","Visa","E-Commerce","London","Ontario"
"YS86-MJ44-5L32","Completed","6/6/2026","3:15 AM","America/Toronto","","true","400561","alexamsmith3@gmail.com","Alexa Smith","","400561","alexamsmith3@gmail.com","Alexa Smith","Late Cancel Charge","14688","14690","036981809486","late-cancel-fee-penalty-fees-771","","","Penalty Fees","","","Completed","6/6/2026","CAD","1","15.00","15.00","1.95","16.95","Mastercard","E-Commerce","London","Ontario"
"6VBR-254N-5L32","Completed","6/6/2026","6:25 AM","America/Toronto","","false","109882","kateheechoi@gmail.com","Kate Choi","","109882","kateheechoi@gmail.com","Kate Choi","One Class Card // London","20798","20799","760445337951","one-class-card-l-credits-347","","","Credits","","","Completed","6/6/2026","CAD","1","25.00","25.00","3.25","28.25","Visa","E-Commerce","London","Ontario"
"NVJB-3JTZ-5L32","Completed","6/6/2026","8:15 AM","America/Toronto","","true","350670","parastu.nasirbaht9@gmail.com","Parastu Khodabandehloo","","350670","parastu.nasirbaht9@gmail.com","Parastu Khodabandehloo","Late Cancel Charge","14688","14690","036981809486","late-cancel-fee-penalty-fees-771","","","Penalty Fees","","","Completed","6/6/2026","CAD","1","15.00","15.00","1.95","16.95","Mastercard","E-Commerce","London","Ontario"
"AX8H-F67V-5L32","Completed","6/6/2026","8:49 AM","America/Toronto","","false","399916","saradarling37@gmail.com","Sara Darling","","399916","saradarling37@gmail.com","Sara Darling","One Class Card // London","20798","20799","760445337951","one-class-card-l-credits-347","","","Credits","","","Completed","6/6/2026","CAD","1","25.00","25.00","3.25","28.25","Visa","E-Commerce","London","Ontario"
"VYQD-EAUT-5L32","Completed","6/6/2026","9:17 AM","America/Toronto","","true","350670","parastu.nasirbaht9@gmail.com","Parastu Khodabandehloo","","350670","parastu.nasirbaht9@gmail.com","Parastu Khodabandehloo","Late Cancel Charge","14688","14690","036981809486","late-cancel-fee-penalty-fees-771","","","Penalty Fees","","","Completed","6/6/2026","CAD","1","15.00","15.00","1.95","16.95","Mastercard","E-Commerce","London","Ontario"
"FM4B-C985-5L32","Completed","6/6/2026","9:55 AM","America/Toronto","desktop","false","349082","alicia00bergen@gmail.com","Alicia Bergen","","347301","london@spinco.ca","SPINCO London","SPINCO Water","19657","19658","469973764933","spinco-water-water-914","","","Water","Arctic Chiller","","Completed","6/6/2026","CAD","1","2.50","2.50","0.33","2.83","Mastercard","In-Store","London","Ontario"
"Q8QY-6NXN-5L32","Completed","6/6/2026","9:58 AM","America/Toronto","desktop","false","356216","katherinetenhaaf@gmail.com","Katie ten Haaf","","347301","london@spinco.ca","SPINCO London","SPINCO Water","19657","19658","469973764933","spinco-water-water-914","","","Water","Arctic Chiller","","Completed","6/6/2026","CAD","1","2.50","2.50","0.33","2.83","Visa","In-Store","London","Ontario"
"FSSA-3X8M-5L32","Completed","6/6/2026","10:16 AM","America/Toronto","","true","350670","parastu.nasirbaht9@gmail.com","Parastu Khodabandehloo","","350670","parastu.nasirbaht9@gmail.com","Parastu Khodabandehloo","Late Cancel Charge","14688","14690","036981809486","late-cancel-fee-penalty-fees-771","","","Penalty Fees","","","Completed","6/6/2026","CAD","1","15.00","15.00","1.95","16.95","Mastercard","E-Commerce","London","Ontario"
"72MN-6ZFM-5L32","Completed","6/6/2026","11:08 AM","America/Toronto","desktop","false","369246","fmacd039@uottawa.ca","FIONA MACDONALD","","347301","london@spinco.ca","SPINCO London","Coffee // London","23655","23656","087239269521","coffee-london-food-and-beverag-851","","","Food and Beverage","","","Completed","6/6/2026","CAD","1","1.50","1.50","0.20","1.70","Visa","In-Store","London","Ontario"
"H6EC-RQCF-5L32","Completed","6/6/2026","12:11 PM","America/Toronto","","false","351511","besmaserrai11@gmail.com","Besma Serrai","","351511","besmaserrai11@gmail.com","Besma Serrai","One Class Card // London","20798","20799","760445337951","one-class-card-l-credits-347","","","Credits","","","Completed","6/6/2026","CAD","1","25.00","25.00","3.25","28.25","Mastercard","E-Commerce","London","Ontario"
"NXQ8-KGMK-5L32","Completed","6/6/2026","1:06 PM","America/Toronto","","false","376814","jdoliveira318@gmail.com","Julia Oliveira","","376814","jdoliveira318@gmail.com","Julia Oliveira","One Class Card // London","20798","20799","760445337951","one-class-card-l-credits-347","","","Credits","","","Completed","6/6/2026","CAD","1","25.00","25.00","3.25","28.25","Visa","E-Commerce","London","Ontario"
"8BX2-6KN5-5L32","Completed","6/6/2026","3:54 PM","America/Toronto","","false","382344","sophiaking87@gmail.com","Sophia King","","382344","sophiaking87@gmail.com","Sophia King","One Class Card // London","20798","20799","760445337951","one-class-card-l-credits-347","","","Credits","","","Completed","6/6/2026","CAD","1","25.00","25.00","3.25","28.25","Visa","E-Commerce","London","Ontario"
"9N4X-Q9BR-5L33","Completed","6/6/2026","9:56 PM","America/Toronto","","false","402006","jhussei6@uwo.ca","Judy Hussein","","402006","jhussei6@uwo.ca","Judy Hussein","Unlimited Membership // London","21995","21996","447442561003","unlimited-member-memberships-867","","","Memberships","","","Completed","6/6/2026","CAD","1","200.00","200.00","26.00","226.00","American Express","E-Commerce","London","Ontario"
"ZHC7-GKZK-5L33","Completed","6/7/2026","12:26 AM","America/Toronto","","true","390747","jennkunnel7@hotmail.com","Jennifer Mathew","","390747","jennkunnel7@hotmail.com","Jennifer Mathew","Unlimited Membership // London","21995","21996","447442561003","unlimited-member-memberships-867","","","Memberships","","","Completed","6/7/2026","CAD","1","200.00","200.00","26.00","226.00","Mastercard","E-Commerce","London","Ontario"
"RDWV-NZTQ-5L33","Completed","6/7/2026","12:26 AM","America/Toronto","","true","65173","shandidaniellehillgartner@hotmail.com","Shandi Hillgartner","","65173","shandidaniellehillgartner@hotmail.com","Shandi Hillgartner","8x Membership // London","21997","21998","667327189404","8x-membership-lo-memberships-656","","","Memberships","","","Completed","6/7/2026","CAD","1","150.00","150.00","19.50","169.50","Visa","E-Commerce","London","Ontario"
"7T7J-ER8J-5L33","Completed","6/7/2026","12:26 AM","America/Toronto","","true","299099","karin.kerfoot@gmail.com","Karin Kerfoot","","299099","karin.kerfoot@gmail.com","Karin Kerfoot","8x Monthly Membership // 20% OFF PRE-SALE (London)","20848","20849","592398618104","20-off-presale-8-memberships-995","","","Memberships","","","Completed","6/7/2026","CAD","1","120.00","150.00","15.60","135.60","Visa","E-Commerce","London","Ontario"
"SHWE-Z5GK-5L33","Completed","6/7/2026","4:55 AM","America/Toronto","","false","402310","tubikona@gmail.com","Wided Haj sassi","","402310","tubikona@gmail.com","Wided Haj sassi","New Rider Special // London","21051","21052","288040778473","new-rider-specia-memberships-503","","","Memberships","","","Completed","6/7/2026","CAD","1","50.00","50.00","6.50","56.50","Visa","E-Commerce","London","Ontario"
"28ZD-NU93-5L33","Completed","6/7/2026","9:17 AM","America/Toronto","","true","351170","hufkes@uwo.ca","Holly Ufkes","","351170","hufkes@uwo.ca","Holly Ufkes","No Show Charge","14687","14689","489143084327","no-show-fee-penalty-fees-498","","","Penalty Fees","","","Completed","6/7/2026","CAD","1","20.00","20.00","2.60","22.60","Visa","E-Commerce","London","Ontario"
"X8YS-MJNJ-5L33","Completed","6/7/2026","9:32 AM","America/Toronto","","false","389695","claudia.drewitt@icloud.com","Claudia Drewitt","","389695","claudia.drewitt@icloud.com","Claudia Drewitt","Spin-It-Forward // London","20792","20793","964245982422","spin-it-forward--credits-429","","","Credits","","","Completed","6/7/2026","CAD","1","10.00","10.00","1.30","11.30","Visa","E-Commerce","London","Ontario"
"7EAU-DNRE-5L33","Completed","6/7/2026","9:51 AM","America/Toronto","desktop","false","363395","derek@cardy.ca","Derek Cardy","","343368","kelseyvandewetering@gmail.com","Kelsey Vandewetering","Coffee // London","23655","23656","087239269521","coffee-london-food-and-beverag-851","","","Food and Beverage","","","Completed","6/7/2026","CAD","1","1.50","1.50","0.20","1.70","Visa","In-Store","London","Ontario"
"RJRD-68C4-5L33","Completed","6/7/2026","10:17 AM","America/Toronto","","true","346921","allie_mcbride1@hotmail.com","Allie McBride","","346921","allie_mcbride1@hotmail.com","Allie McBride","No Show Charge","14687","14689","489143084327","no-show-fee-penalty-fees-498","","","Penalty Fees","","","Completed","6/7/2026","CAD","1","20.00","20.00","2.60","22.60","Visa","E-Commerce","London","Ontario"
"ER2E-CT4D-5L33","Completed","6/7/2026","10:26 AM","America/Toronto","","false","402328","jimbobmarty@yahoo.ca","Marty Robertson","","402328","jimbobmarty@yahoo.ca","Marty Robertson","New Rider Special // London","21051","21052","288040778473","new-rider-specia-memberships-503","","","Memberships","","","Completed","6/7/2026","CAD","1","50.00","50.00","6.50","56.50","Visa","E-Commerce","London","Ontario"
"JXZE-9PNC-5L33","Completed","6/7/2026","12:01 PM","America/Toronto","","false","402208","hifabumuyi12@hotmail.com","Haille Ifabumuyi","","402208","hifabumuyi12@hotmail.com","Haille Ifabumuyi","4x Membership // London","21999","22000","216300284773","4x-membership-lo-memberships-280","","","Memberships","","","Completed","6/7/2026","CAD","1","80.00","80.00","10.40","90.40","Visa","E-Commerce","London","Ontario"
"55DF-Y2EP-5L33","Completed","6/7/2026","12:17 PM","America/Toronto","","true","249109","meganlinaric@hotmail.com","Megan Linaric","","249109","meganlinaric@hotmail.com","Megan Linaric","Late Cancel Charge","14688","14690","036981809486","late-cancel-fee-penalty-fees-771","","","Penalty Fees","","","Completed","6/7/2026","CAD","1","15.00","15.00","1.95","16.95","Visa","E-Commerce","London","Ontario"
"AACY-JSSV-5L33","Completed","6/7/2026","12:22 PM","America/Toronto","","false","391405","genahewitt12@hotmail.com","Gena Hewitt","","391405","genahewitt12@hotmail.com","Gena Hewitt","One Class Card // London","20798","20799","760445337951","one-class-card-l-credits-347","","","Credits","","","Completed","6/7/2026","CAD","1","25.00","25.00","3.25","28.25","Visa","E-Commerce","London","Ontario"
"5N5P-Q6XA-5L33","Completed","6/7/2026","1:18 PM","America/Toronto","","false","402208","hifabumuyi12@hotmail.com","Haille Ifabumuyi","","402208","hifabumuyi12@hotmail.com","Haille Ifabumuyi","Spin-It-Forward // London","20792","20793","964245982422","spin-it-forward--credits-429","","","Credits","","","Completed","6/7/2026","CAD","1","10.00","10.00","1.30","11.30","Visa","E-Commerce","London","Ontario"
"V9E7-RXC9-5L33","Completed","6/7/2026","1:43 PM","America/Toronto","","false","369574","msavehilaghi99@gmail.com","Max Savehilaghi","","369574","msavehilaghi99@gmail.com","Max Savehilaghi","One Class Card // London","20798","20799","760445337951","one-class-card-l-credits-347","","","Credits","","","Completed","6/7/2026","CAD","1","25.00","25.00","3.25","28.25","Visa","E-Commerce","London","Ontario"
"FQEW-FZT6-5L33","Completed","6/7/2026","2:42 PM","America/Toronto","","false","386833","rachaelbelton876@gmail.com","Rachael Belton","","386833","rachaelbelton876@gmail.com","Rachael Belton","Five Class Card // London","20802","20803","488719457552","five-class-card--credits-078","","","Credits","","","Completed","6/7/2026","CAD","1","110.00","110.00","14.30","124.30","Mastercard","E-Commerce","London","Ontario"
"3Y8D-Q9AZ-5L33","Completed","6/7/2026","3:16 PM","America/Toronto","","true","400603","savannahsearle414@gmail.com","Sav Searle","","400603","savannahsearle414@gmail.com","Sav Searle","Late Cancel Charge","14688","14690","036981809486","late-cancel-fee-penalty-fees-771","","","Penalty Fees","","","Completed","6/7/2026","CAD","1","15.00","15.00","1.95","16.95","Visa","E-Commerce","London","Ontario"
"V9K9-RJQN-5L33","Completed","6/7/2026","3:25 PM","America/Toronto","","false","402361","ashleykgallien@gmail.com","Ashley Gallien","","402361","ashleykgallien@gmail.com","Ashley Gallien","New Rider Special // London","21051","21052","288040778473","new-rider-specia-memberships-503","","","Memberships","","","Completed","6/7/2026","CAD","1","50.00","50.00","6.50","56.50","Mastercard","E-Commerce","London","Ontario"
"GNHK-7QTE-5L33","Completed","6/7/2026","3:29 PM","America/Toronto","","false","390386","kylegroenen@gmail.com","Kyle Groenenberg","","390386","kylegroenen@gmail.com","Kyle Groenenberg","One Class Card // London","20798","20799","760445337951","one-class-card-l-credits-347","","","Credits","","","Completed","6/7/2026","CAD","1","25.00","25.00","3.25","28.25","Visa","E-Commerce","London","Ontario"
"FPS8-SMMU-5L33","Completed","6/7/2026","3:58 PM","America/Toronto","","false","397275","k-hoyland@live.com","Kaitlyn Hoyland","","397275","k-hoyland@live.com","Kaitlyn Hoyland","Spin-It-Forward // London","20792","20793","964245982422","spin-it-forward--credits-429","","","Credits","","","Completed","6/7/2026","CAD","1","10.00","10.00","1.30","11.30","Visa","E-Commerce","London","Ontario"
"3HKF-UCG9-5L33","Completed","6/7/2026","3:58 PM","America/Toronto","","false","380354","kenndall-ba@hotmail.com","Kenndall Skowronski","","380354","kenndall-ba@hotmail.com","Kenndall Skowronski","Spin-It-Forward // London","20792","20793","964245982422","spin-it-forward--credits-429","","","Credits","","","Completed","6/7/2026","CAD","1","10.00","10.00","1.30","11.30","Visa","E-Commerce","London","Ontario"
"MEBU-AKWV-5L33","Completed","6/7/2026","4:34 PM","America/Toronto","","false","391405","genahewitt12@hotmail.com","Gena Hewitt","","391405","genahewitt12@hotmail.com","Gena Hewitt","Spin-It-Forward // London","20792","20793","964245982422","spin-it-forward--credits-429","","","Credits","","","Completed","6/7/2026","CAD","1","10.00","10.00","1.30","11.30","Visa","E-Commerce","London","Ontario"
"PXCE-936G-5L33","Completed","6/7/2026","4:55 PM","America/Toronto","desktop","false","376871","mahmed2025@meds.uwo.ca","Mashal Ahmed","","236028","lilysfrancis@gmail.com","Lily Francis","SPINCO Water","19657","19658","469973764933","spinco-water-water-914","","","Water","Arctic Chiller","","Completed","6/7/2026","CAD","1","2.50","2.50","0.33","2.83","Visa","In-Store","London","Ontario"
"T5DT-SSBB-5L33","Completed","6/7/2026","5:02 PM","America/Toronto","desktop","false","384355","gabghany@gmail.com","Gabrielle Ghany","","236028","lilysfrancis@gmail.com","Lily Francis","SPINCO Water","19657","19658","469973764933","spinco-water-water-914","","","Water","Arctic Chiller","","Completed","6/7/2026","CAD","1","2.50","2.50","0.33","2.83","Visa","In-Store","London","Ontario"
"3JD9-BEYA-5L33","Completed","6/7/2026","5:16 PM","America/Toronto","","true","401259","danny_23r@hotmail.com","Daniella Laserna","","401259","danny_23r@hotmail.com","Daniella Laserna","Late Cancel Charge","14688","14690","036981809486","late-cancel-fee-penalty-fees-771","","","Penalty Fees","","","Completed","6/7/2026","CAD","1","15.00","15.00","1.95","16.95","Visa","E-Commerce","London","Ontario"
"VV4X-HU8Q-5L33","Completed","6/7/2026","5:16 PM","America/Toronto","","true","395521","yarafsharairee@gmail.com","Yara Alsharairi","","395521","yarafsharairee@gmail.com","Yara Alsharairi","Late Cancel Charge","14688","14690","036981809486","late-cancel-fee-penalty-fees-771","","","Penalty Fees","","","Completed","6/7/2026","CAD","1","15.00","15.00","1.95","16.95","Visa","E-Commerce","London","Ontario"
"BGKE-HFK9-5L33","Completed","6/7/2026","7:25 PM","America/Toronto","","false","368088","emma.calcutt5@gmail.com","Emma Calcutt","","368088","emma.calcutt5@gmail.com","Emma Calcutt","Spin-It-Forward // London","20792","20793","964245982422","spin-it-forward--credits-429","","","Credits","","","Completed","6/7/2026","CAD","1","10.00","10.00","1.30","11.30","Visa","E-Commerce","London","Ontario"
"MC3C-KARJ-5L34","Completed","6/7/2026","10:22 PM","America/Toronto","","false","402404","vanessa.huggins217@gmail.com","Vanessa Huggins","","402404","vanessa.huggins217@gmail.com","Vanessa Huggins","One Class Card // London","20798","20799","760445337951","one-class-card-l-credits-347","","","Credits","","","Completed","6/7/2026","CAD","1","25.00","25.00","3.25","28.25","Visa","E-Commerce","London","Ontario"
"ZED9-ECB7-5L34","Completed","6/7/2026","10:27 PM","America/Toronto","","false","402404","vanessa.huggins217@gmail.com","Vanessa Huggins","","402404","vanessa.huggins217@gmail.com","Vanessa Huggins","One Class Card // London","20798","20799","760445337951","one-class-card-l-credits-347","","","Credits","","","Completed","6/7/2026","CAD","1","25.00","25.00","3.25","28.25","Visa","E-Commerce","London","Ontario"
"2FWE-F744-5L34","Completed","6/8/2026","12:16 AM","America/Toronto","","true","402006","jhussei6@uwo.ca","Judy Hussein","","402006","jhussei6@uwo.ca","Judy Hussein","Late Cancel Charge","14688","14690","036981809486","late-cancel-fee-penalty-fees-771","","","Penalty Fees","","","Completed","6/8/2026","CAD","1","15.00","15.00","1.95","16.95","American Express","E-Commerce","London","Ontario"
"CR52-4WRR-5L34","Completed","6/8/2026","12:26 AM","America/Toronto","","true","351665","madisonlaine99@hotmail.ca","maddy laine","","351665","madisonlaine99@hotmail.ca","maddy laine","4x Membership // London","21999","22000","216300284773","4x-membership-lo-memberships-280","","","Memberships","","","Completed","6/8/2026","CAD","1","80.00","80.00","10.40","90.40","Visa","E-Commerce","London","Ontario"
"W6JV-8PNW-5L34","Completed","6/8/2026","12:26 AM","America/Toronto","","true","228821","martin.mariasamantha@gmail.com","Samantha Martin","","228821","martin.mariasamantha@gmail.com","Samantha Martin","4x Membership // London","21999","22000","216300284773","4x-membership-lo-memberships-280","","","Memberships","","","Completed","6/8/2026","CAD","1","80.00","80.00","10.40","90.40","Visa","E-Commerce","London","Ontario"
"VBDU-G3MJ-5L34","Completed","6/8/2026","12:26 AM","America/Toronto","","true","340041","nicolette.coppola@outlook.com","Nicolette Coppola","","340041","nicolette.coppola@outlook.com","Nicolette Coppola","Unlimited Membership // London","21995","21996","447442561003","unlimited-member-memberships-867","","","Memberships","","","Completed","6/8/2026","CAD","1","200.00","200.00","26.00","226.00","Visa","E-Commerce","London","Ontario"
"UTAR-F5HQ-5L34","Completed","6/8/2026","12:26 AM","America/Toronto","","true","350190","ldietz@tlscv.com","Laurie Dietz","","350190","ldietz@tlscv.com","Laurie Dietz","Unlimited Monthly Membership // London *GRANDFATHERED","20834","20835","254627090190","unlimited-classe-memberships-530","","","Memberships","","","Completed","6/8/2026","CAD","1","200.00","200.00","26.00","226.00","Visa","E-Commerce","London","Ontario"
"JKNQ-8B86-5L34","Completed","6/8/2026","5:17 AM","America/Toronto","","true","351338","lyndsayfitzgeorge@gmail.com","Lyndsay Fitzgeorge","","351338","lyndsayfitzgeorge@gmail.com","Lyndsay Fitzgeorge","Late Cancel Charge","14688","14690","036981809486","late-cancel-fee-penalty-fees-771","","","Penalty Fees","","","Completed","6/8/2026","CAD","1","15.00","15.00","1.95","16.95","Mastercard","E-Commerce","London","Ontario"
"KKBJ-2FYJ-5L34","Completed","6/8/2026","6:16 AM","America/Toronto","","true","397356","katherineklaragrace@gmail.com","Klara Grace","","397356","katherineklaragrace@gmail.com","Klara Grace","No Show Charge","14687","14689","489143084327","no-show-fee-penalty-fees-498","","","Penalty Fees","","","Completed","6/8/2026","CAD","1","20.00","20.00","2.60","22.60","Visa","E-Commerce","London","Ontario"
"A9QS-9HBE-5L34","Completed","6/8/2026","8:15 AM","America/Toronto","","false","109882","kateheechoi@gmail.com","Kate Choi","","109882","kateheechoi@gmail.com","Kate Choi","Five Class Card // London","20802","20803","488719457552","five-class-card--credits-078","","","Credits","","","Completed","6/8/2026","CAD","1","110.00","110.00","14.30","124.30","Visa","E-Commerce","London","Ontario"
"GMN7-NG5G-5L34","Completed","6/8/2026","9:27 AM","America/Toronto","","false","380484","jordynkuenzig@gmail.com","Jordyn Kuenzig","","380484","jordynkuenzig@gmail.com","Jordyn Kuenzig","One Class Card // London","20798","20799","760445337951","one-class-card-l-credits-347","","","Credits","","","Completed","6/8/2026","CAD","1","25.00","25.00","3.25","28.25","Visa","E-Commerce","London","Ontario"
"424G-9QKR-5L34","Completed","6/8/2026","10:13 AM","America/Toronto","","false","353689","solajadami@gmail.com","Dami Solaja","","353689","solajadami@gmail.com","Dami Solaja","One Class Card // London","20798","20799","760445337951","one-class-card-l-credits-347","","","Credits","","","Completed","6/8/2026","CAD","1","25.00","25.00","3.25","28.25","Mastercard","E-Commerce","London","Ontario"
"UDKZ-GZ5M-5L34","Completed","6/8/2026","11:26 AM","America/Toronto","","false","350544","aishabea1020@gmail.com","Aisha Recinto Arriola","","350544","aishabea1020@gmail.com","Aisha Recinto Arriola","One Class Card // London","20798","20799","760445337951","one-class-card-l-credits-347","","","Credits","","","Completed","6/8/2026","CAD","1","25.00","25.00","3.25","28.25","Visa","E-Commerce","London","Ontario"
"96V7-9NB7-5L34","Completed","6/8/2026","12:01 PM","America/Toronto","","false","377788","skell82@uwo.ca","Sophie Kelly","","377788","skell82@uwo.ca","Sophie Kelly","One Class Card // London","20798","20799","760445337951","one-class-card-l-credits-347","","","Credits","","","Completed","6/8/2026","CAD","2","50.00","50.00","6.50","56.50","Visa","E-Commerce","London","Ontario"
"P7RE-MGMD-5L34","Completed","6/8/2026","12:17 PM","America/Toronto","","false","402440","zoesbacan@gmail.com","Zoe Sabaa","","402440","zoesbacan@gmail.com","Zoe Sabaa","New Rider Special // London","21051","21052","288040778473","new-rider-specia-memberships-503","","","Memberships","","","Completed","6/8/2026","CAD","1","50.00","50.00","6.50","56.50","Visa","E-Commerce","London","Ontario"
"6AF7-MUN9-5L34","Completed","6/8/2026","1:02 PM","America/Toronto","","false","367537","paige.dresser@lhsc.on.ca","Paige Dresser","","367537","paige.dresser@lhsc.on.ca","Paige Dresser","Spin-It-Forward // London","20792","20793","964245982422","spin-it-forward--credits-429","","","Credits","","","Completed","6/8/2026","CAD","1","10.00","10.00","1.30","11.30","Visa","E-Commerce","London","Ontario"
"FVPP-WXR8-5L34","Completed","6/8/2026","1:03 PM","America/Toronto","","false","365077","chantel.brown@lhsc.on.ca","Chantel Desumma-Brown","","365077","chantel.brown@lhsc.on.ca","Chantel Desumma-Brown","One Class Card // London","20798","20799","760445337951","one-class-card-l-credits-347","","","Credits","","","Completed","6/8/2026","CAD","1","25.00","25.00","3.25","28.25","Visa","E-Commerce","London","Ontario"
"YRSY-FGMT-5L34","Refunded","6/8/2026","1:20 PM","America/Toronto","","true","388955","angelinawigginss@gmail.com","Angelina Wiggins","","388955","angelinawigginss@gmail.com","Angelina Wiggins","Late Cancel Charge","14688","14690","036981809486","late-cancel-fee-penalty-fees-771","","","Penalty Fees","","","Completed","6/8/2026","CAD","1","15.00","15.00","1.95","16.95","Mastercard","E-Commerce","London","Ontario"
"FRHA-HXUA-5L34","Completed","6/8/2026","1:24 PM","America/Toronto","","false","363411","rchirara@uwo.ca","rachiel chirara","","363411","rchirara@uwo.ca","rachiel chirara","Spin-It-Forward // London","20792","20793","964245982422","spin-it-forward--credits-429","","","Credits","","","Completed","6/8/2026","CAD","1","10.00","10.00","1.30","11.30","Visa","E-Commerce","London","Ontario"
"PHBK-VB6C-5L34","Completed","6/8/2026","3:19 PM","America/Toronto","","false","350261","rachel-elizabeth@hotmail.com","Rachel Mason","","350261","rachel-elizabeth@hotmail.com","Rachel Mason","One Class Card // London","20798","20799","760445337951","one-class-card-l-credits-347","","","Credits","","","Completed","6/8/2026","CAD","1","25.00","25.00","3.25","28.25","Mastercard","E-Commerce","London","Ontario"
"KJFJ-T74Y-5L34","Completed","6/8/2026","3:27 PM","America/Toronto","","false","394135","elaf.th15@gmail.com","Elaf H","","394135","elaf.th15@gmail.com","Elaf H","One Class Card // London","20798","20799","760445337951","one-class-card-l-credits-347","","","Credits","","","Completed","6/8/2026","CAD","1","25.00","25.00","3.25","28.25","Visa","E-Commerce","London","Ontario"
"PT5K-9P2S-5L34","Completed","6/8/2026","4:21 PM","America/Toronto","","false","358618","hooraesteph@gmail.com","Stephanie Rae","","358618","hooraesteph@gmail.com","Stephanie Rae","One Class Card // London","20798","20799","760445337951","one-class-card-l-credits-347","","","Credits","","","Completed","6/8/2026","CAD","2","50.00","50.00","6.50","56.50","Visa","E-Commerce","London","Ontario"
"XJ2U-D383-5L34","Completed","6/8/2026","6:17 PM","America/Toronto","","true","370560","dhriti.vp@gmail.com","Dhriti Patel","","370560","dhriti.vp@gmail.com","Dhriti Patel","No Show Charge","14687","14689","489143084327","no-show-fee-penalty-fees-498","","","Penalty Fees","","","Completed","6/8/2026","CAD","1","20.00","20.00","2.60","22.60","Visa","E-Commerce","London","Ontario"
"PXGR-E49G-5L34","Completed","6/8/2026","6:56 PM","America/Toronto","","false","370560","dhriti.vp@gmail.com","Dhriti Patel","","370560","dhriti.vp@gmail.com","Dhriti Patel","One Class Card // London","20798","20799","760445337951","one-class-card-l-credits-347","","","Credits","","","Completed","6/8/2026","CAD","1","25.00","25.00","3.25","28.25","Visa","E-Commerce","London","Ontario"
"XN2P-RQ4T-5L34","Completed","6/8/2026","6:58 PM","America/Toronto","","false","346546","mar66slo@gmail.com","Marjorie Sloboda","","346546","mar66slo@gmail.com","Marjorie Sloboda","Five Class Card // London","20802","20803","488719457552","five-class-card--credits-078","","","Credits","","","Completed","6/8/2026","CAD","1","93.50","110.00","12.16","105.66","Visa","E-Commerce","London","Ontario"
"FFS2-FBQT-5L34","Completed","6/8/2026","7:04 PM","America/Toronto","","false","208860","khansari_ava@yahoo.com","Ava Khansari","","208860","khansari_ava@yahoo.com","Ava Khansari","One Class Card // London","20798","20799","760445337951","one-class-card-l-credits-347","","","Credits","","","Completed","6/8/2026","CAD","1","25.00","25.00","3.25","28.25","Visa","E-Commerce","London","Ontario"
"7RX3-J22T-5L34","Completed","6/8/2026","7:09 PM","America/Toronto","","false","346655","niayeshk_m@hotmail.ca","Nia Katani","","346655","niayeshk_m@hotmail.ca","Nia Katani","One Class Card // London","20798","20799","760445337951","one-class-card-l-credits-347","","","Credits","","","Completed","6/8/2026","CAD","1","25.00","25.00","3.25","28.25","Visa","E-Commerce","London","Ontario"
"SY9T-SDJB-5L34","Completed","6/8/2026","7:11 PM","America/Toronto","","false","369700","serena_carreiro@outlook.com","Serena Carreiro","","369700","serena_carreiro@outlook.com","Serena Carreiro","One Class Card // London","20798","20799","760445337951","one-class-card-l-credits-347","","","Credits","","","Completed","6/8/2026","CAD","1","25.00","25.00","3.25","28.25","Visa","E-Commerce","London","Ontario"
"4A4W-FC7K-5L35","Completed","6/8/2026","8:53 PM","America/Toronto","","false","346660","mfaroo45@uwo.ca","Maria Farooq","","346660","mfaroo45@uwo.ca","Maria Farooq","One Class Card // London","20798","20799","760445337951","one-class-card-l-credits-347","","","Credits","","","Completed","6/8/2026","CAD","1","25.00","25.00","3.25","28.25","Visa","E-Commerce","London","Ontario"
"23BU-ANAZ-5L35","Completed","6/8/2026","10:16 PM","America/Toronto","","true","397356","katherineklaragrace@gmail.com","Klara Grace","","397356","katherineklaragrace@gmail.com","Klara Grace","Late Cancel Charge","14688","14690","036981809486","late-cancel-fee-penalty-fees-771","","","Penalty Fees","","","Completed","6/8/2026","CAD","1","15.00","15.00","1.95","16.95","Visa","E-Commerce","London","Ontario"
"DXX3-CUNA-5L35","Completed","6/9/2026","12:01 AM","America/Toronto","","false","394564","melo_lucia13@outlook.com","Lucia Melo","","394564","melo_lucia13@outlook.com","Lucia Melo","One Class Card // London","20798","20799","760445337951","one-class-card-l-credits-347","","","Credits","","","Completed","6/9/2026","CAD","1","25.00","25.00","3.25","28.25","Mastercard","E-Commerce","London","Ontario"
"6TV8-2V9D-5L35","Completed","6/9/2026","12:25 AM","America/Toronto","","true","229559","keiraelse@gmail.com","Keira🌺 Else","","229559","keiraelse@gmail.com","Keira🌺 Else","Staff Membership // London","20830","20831","898235312897","staff-membership-memberships-735","","","Memberships","","","Completed","6/9/2026","CAD","1","0.00","0.00","0.00","0.00","No Charge","E-Commerce","London","Ontario"
"7PNM-URT7-5L35","Completed","6/9/2026","12:25 AM","America/Toronto","","true","244728","micayahcoutinho@gmail.com","Micayah Coutinho","","244728","micayahcoutinho@gmail.com","Micayah Coutinho","Staff Membership // London","20830","20831","898235312897","staff-membership-memberships-735","","","Memberships","","","Completed","6/9/2026","CAD","1","0.00","0.00","0.00","0.00","No Charge","E-Commerce","London","Ontario"
"GS4S-56Y5-5L35","Completed","6/9/2026","12:25 AM","America/Toronto","","true","284651","sydney@reedzone.com","Sydney Reed","","284651","sydney@reedzone.com","Sydney Reed","Staff Membership // London","20830","20831","898235312897","staff-membership-memberships-735","","","Memberships","","","Completed","6/9/2026","CAD","1","0.00","0.00","0.00","0.00","No Charge","E-Commerce","London","Ontario"
"TV4Q-GC3J-5L35","Completed","6/9/2026","12:25 AM","America/Toronto","","true","311851","jtoonen19@gmail.com","Jordyn Toonen","","311851","jtoonen19@gmail.com","Jordyn Toonen","Staff Membership // London","20830","20831","898235312897","staff-membership-memberships-735","","","Memberships","","","Completed","6/9/2026","CAD","1","0.00","0.00","0.00","0.00","No Charge","E-Commerce","London","Ontario"
"SGSE-W73A-5L35","Completed","6/9/2026","12:25 AM","America/Toronto","","true","320367","nramirez.hba2015@gmail.com","Nathalie Ramirez","","320367","nramirez.hba2015@gmail.com","Nathalie Ramirez","Staff Membership // London","20830","20831","898235312897","staff-membership-memberships-735","","","Memberships","","","Completed","6/9/2026","CAD","1","0.00","0.00","0.00","0.00","No Charge","E-Commerce","London","Ontario"
"2VYT-R3F2-5L35","Completed","6/9/2026","12:25 AM","America/Toronto","","true","320289","richang0617@gmail.com","Rich Ang","","320289","richang0617@gmail.com","Rich Ang","Staff Membership // London","20830","20831","898235312897","staff-membership-memberships-735","","","Memberships","","","Completed","6/9/2026","CAD","1","0.00","0.00","0.00","0.00","No Charge","E-Commerce","London","Ontario"
"CYTG-CSY5-5L35","Completed","6/9/2026","12:25 AM","America/Toronto","","true","195714","madalyn.richards@hotmail.com","Madalyn Richards","","195714","madalyn.richards@hotmail.com","Madalyn Richards","Staff Membership // London","20830","20831","898235312897","staff-membership-memberships-735","","","Memberships","","","Completed","6/9/2026","CAD","1","0.00","0.00","0.00","0.00","No Charge","E-Commerce","London","Ontario"
"69CF-SS62-5L35","Completed","6/9/2026","12:25 AM","America/Toronto","","true","346872","jessblack27@gmail.com","Jess Black","","346872","jessblack27@gmail.com","Jess Black","4x Monthly Membership // London *GRANDFATHERED","20838","20839","545622520223","4-classes-month--memberships-721","","","Memberships","","","Completed","6/9/2026","CAD","1","68.00","80.00","8.84","76.84","Visa","E-Commerce","London","Ontario"
"87YH-7NYE-5L35","Completed","6/9/2026","12:25 AM","America/Toronto","","true","379263","boyadjia@uoguelph.ca","Alex Keegan","","379263","boyadjia@uoguelph.ca","Alex Keegan","4x Membership // London","21999","22000","216300284773","4x-membership-lo-memberships-280","","","Memberships","","","Completed","6/9/2026","CAD","1","80.00","80.00","10.40","90.40","Mastercard","E-Commerce","London","Ontario"
"8FTX-QC94-5L35","Completed","6/9/2026","5:17 AM","America/Toronto","","true","204647","biggarjack@gmail.com","Jack Biggar","","204647","biggarjack@gmail.com","Jack Biggar","Late Cancel Charge","14688","14690","036981809486","late-cancel-fee-penalty-fees-771","","","Penalty Fees","","","Completed","6/9/2026","CAD","1","15.00","15.00","1.95","16.95","Visa","E-Commerce","London","Ontario"
"W42M-Q6AS-5L35","Completed","6/9/2026","5:17 AM","America/Toronto","","true","402006","jhussei6@uwo.ca","Judy Hussein","","402006","jhussei6@uwo.ca","Judy Hussein","Late Cancel Charge","14688","14690","036981809486","late-cancel-fee-penalty-fees-771","","","Penalty Fees","","","Completed","6/9/2026","CAD","1","15.00","15.00","1.95","16.95","American Express","E-Commerce","London","Ontario"
"X8X7-HXND-5L35","Completed","6/9/2026","6:57 AM","America/Toronto","","false","390982","christinenbere@hotmail.com","Christine Bere","","390982","christinenbere@hotmail.com","Christine Bere","One Class Card // London","20798","20799","760445337951","one-class-card-l-credits-347","","","Credits","","","Completed","6/9/2026","CAD","1","25.00","25.00","3.25","28.25","Mastercard","E-Commerce","London","Ontario"
"RAQ9-34UY-5L35","Completed","6/9/2026","7:15 AM","America/Toronto","","true","351170","hufkes@uwo.ca","Holly Ufkes","","351170","hufkes@uwo.ca","Holly Ufkes","No Show Charge","14687","14689","489143084327","no-show-fee-penalty-fees-498","","","Penalty Fees","","","Completed","6/9/2026","CAD","1","20.00","20.00","2.60","22.60","Visa","E-Commerce","London","Ontario"
"3FDS-4786-5L35","Completed","6/9/2026","7:15 AM","America/Toronto","","true","363395","derek@cardy.ca","Derek Cardy","","363395","derek@cardy.ca","Derek Cardy","Late Cancel Charge","14688","14690","036981809486","late-cancel-fee-penalty-fees-771","","","Penalty Fees","","","Completed","6/9/2026","CAD","1","15.00","15.00","1.95","16.95","Visa","E-Commerce","London","Ontario"
"4TYY-M7RB-5L35","Completed","6/9/2026","8:15 AM","America/Toronto","","true","363395","derek@cardy.ca","Derek Cardy","","363395","derek@cardy.ca","Derek Cardy","No Show Charge","14687","14689","489143084327","no-show-fee-penalty-fees-498","","","Penalty Fees","","","Completed","6/9/2026","CAD","1","20.00","20.00","2.60","22.60","Visa","E-Commerce","London","Ontario"
"256Z-M5F2-5L35","Completed","6/9/2026","10:16 AM","America/Toronto","","false","356393","mackcornell12@hotmail.com","Mackenzie Cornell","","356393","mackcornell12@hotmail.com","Mackenzie Cornell","One Class Card // London","20798","20799","760445337951","one-class-card-l-credits-347","","","Credits","","","Completed","6/9/2026","CAD","1","25.00","25.00","3.25","28.25","Visa","E-Commerce","London","Ontario"
"GBR3-HQR3-5L35","Completed","6/9/2026","10:20 AM","America/Toronto","","false","393890","annatangelder@hotmail.com","Anna Wotherspoon","","393890","annatangelder@hotmail.com","Anna Wotherspoon","One Class Card // London","20798","20799","760445337951","one-class-card-l-credits-347","","","Credits","","","Completed","6/9/2026","CAD","1","25.00","25.00","3.25","28.25","Mastercard","E-Commerce","London","Ontario"
"6W46-ZRRT-5L35","Completed","6/9/2026","10:21 AM","America/Toronto","mobile","false","217121","razavizandbahaar@yahoo.ca","Bahaar Razavizand","","217121","razavizandbahaar@yahoo.ca","Bahaar Razavizand","Five Class Card // London","20802","20803","488719457552","five-class-card--credits-078","","","Credits","","","Completed","6/9/2026","CAD","1","110.00","110.00","14.30","124.30","American Express","E-Commerce","London","Ontario"
"7PU9-C8GZ-5L35","Completed","6/9/2026","11:31 AM","America/Toronto","","true","293406","juliascharpf22@gmail.com","Julia Scharpf","","293406","juliascharpf22@gmail.com","Julia Scharpf","Staff Membership // London","20830","20831","898235312897","staff-membership-memberships-735","","","Memberships","","","Completed","6/9/2026","CAD","1","0.00","0.00","0.00","0.00","No Charge","E-Commerce","London","Ontario"
"Z5SC-R5D2-5L35","Completed","6/9/2026","11:39 AM","America/Toronto","","true","293406","juliascharpf22@gmail.com","Julia Scharpf","","293406","juliascharpf22@gmail.com","Julia Scharpf","Staff Membership // London","20830","20831","898235312897","staff-membership-memberships-735","","","Memberships","","","Completed","6/9/2026","CAD","1","0.00","0.00","0.00","0.00","No Charge","E-Commerce","London","Ontario"
"ZJPN-WEB3-5L35","Completed","6/9/2026","1:10 PM","America/Toronto","","false","401828","lina.elrofaie@gmail.com","Lina Elrofaie","","401828","lina.elrofaie@gmail.com","Lina Elrofaie","Spin-It-Forward // London","20792","20793","964245982422","spin-it-forward--credits-429","","","Credits","","","Completed","6/9/2026","CAD","1","10.00","10.00","1.30","11.30","Visa","E-Commerce","London","Ontario"
"YC2P-P6BY-5L35","Completed","6/9/2026","1:15 PM","America/Toronto","","false","402598","rabiaafzaal2@gmail.com","Rabia Afzaal","","402598","rabiaafzaal2@gmail.com","Rabia Afzaal","Spin-It-Forward // London","20792","20793","964245982422","spin-it-forward--credits-429","","","Credits","","","Completed","6/9/2026","CAD","1","10.00","10.00","1.30","11.30","Mastercard","E-Commerce","London","Ontario"
"2FUY-ZQ9W-5L35","Completed","6/9/2026","1:22 PM","America/Toronto","","false","349212","hannahworton@yahoo.ca","Hannah Worton","","349212","hannahworton@yahoo.ca","Hannah Worton","Five Class Card // London","20802","20803","488719457552","five-class-card--credits-078","","","Credits","","","Completed","6/9/2026","CAD","1","110.00","110.00","14.30","124.30","Visa","E-Commerce","London","Ontario"
"JMDC-2FGH-5L35","Completed","6/9/2026","2:27 PM","America/Toronto","","false","363395","derek@cardy.ca","Derek Cardy","","363395","derek@cardy.ca","Derek Cardy","One Class Card // London","20798","20799","760445337951","one-class-card-l-credits-347","","","Credits","","","Completed","6/9/2026","CAD","1","25.00","25.00","3.25","28.25","Visa","E-Commerce","London","Ontario"
"FQ9E-FXAD-5L35","Completed","6/9/2026","2:37 PM","America/Toronto","","false","346976","anna.j.mawhinney@gmail.com","Anna Mawhinney","","346976","anna.j.mawhinney@gmail.com","Anna Mawhinney","One Class Card // London","20798","20799","760445337951","one-class-card-l-credits-347","","","Credits","","","Completed","6/9/2026","CAD","1","25.00","25.00","3.25","28.25","Mastercard","E-Commerce","London","Ontario"
"7VD2-6QRB-5L35","Completed","6/9/2026","3:20 PM","America/Toronto","","false","402580","octoberjulia@hotmail.com","Julia Monte","","402580","octoberjulia@hotmail.com","Julia Monte","New Rider Special // London","21051","21052","288040778473","new-rider-specia-memberships-503","","","Memberships","","","Completed","6/9/2026","CAD","1","50.00","50.00","6.50","56.50","Visa","E-Commerce","London","Ontario"
"YRSY-FGMT-5L34","Refunded","6/8/2026","1:20 PM","America/Toronto","","true","388955","angelinawigginss@gmail.com","Angelina Wiggins","","382306","michellejcallander@gmail.com","Michelle Callandar","Late Cancel Charge","14688","14690","036981809486","late-cancel-fee-penalty-fees-771","","","Penalty Fees","","","Refunded","6/9/2026","CAD","-1","-15.00","-15.00","-1.95","-16.95","Mastercard","E-Commerce","London","Ontario"
"P6CB-Q2MM-5L35","Completed","6/9/2026","5:10 PM","America/Toronto","","false","301035","evelynstann@gmail.com","Evelyn Stan","","301035","evelynstann@gmail.com","Evelyn Stan","One Class Card // London","20798","20799","760445337951","one-class-card-l-credits-347","","","Credits","","","Completed","6/9/2026","CAD","1","25.00","25.00","3.25","28.25","Visa","E-Commerce","London","Ontario"
"FWSN-4UF2-5L35","Completed","6/9/2026","6:16 PM","America/Toronto","","true","391956","sabrina.6stevens.6@gmail.com","Sabrina Stevens","","391956","sabrina.6stevens.6@gmail.com","Sabrina Stevens","No Show Charge","14687","14689","489143084327","no-show-fee-penalty-fees-498","","","Penalty Fees","","","Completed","6/9/2026","CAD","1","20.00","20.00","2.60","22.60","Visa","E-Commerce","London","Ontario"
"2664-3559-5L35","Completed","6/9/2026","7:29 PM","America/Toronto","","false","340041","nicolette.coppola@outlook.com","Nicolette Coppola","","340041","nicolette.coppola@outlook.com","Nicolette Coppola","Spin-It-Forward // London","20792","20793","964245982422","spin-it-forward--credits-429","","","Credits","","","Completed","6/9/2026","CAD","1","10.00","10.00","1.30","11.30","Visa","E-Commerce","London","Ontario"
"3ARU-XWAF-5L35","Completed","6/9/2026","7:33 PM","America/Toronto","","false","376771","sydneycaroline13@gmail.com","sydney forrest","","376771","sydneycaroline13@gmail.com","sydney forrest","One Class Card // London","20798","20799","760445337951","one-class-card-l-credits-347","","","Credits","","","Completed","6/9/2026","CAD","1","25.00","25.00","3.25","28.25","Mastercard","E-Commerce","London","Ontario"
"WTD2-7MVU-5L36","Completed","6/9/2026","8:35 PM","America/Toronto","","false","400662","chanelallen89@yahoo.com","Chanel Allen","","400662","chanelallen89@yahoo.com","Chanel Allen","One Class Card // London","20798","20799","760445337951","one-class-card-l-credits-347","","","Credits","","","Completed","6/9/2026","CAD","1","25.00","25.00","3.25","28.25","Visa","E-Commerce","London","Ontario"
"RSN3-YCVH-5L0U","Completed","5/26/2026","1:43 PM","America/Toronto","","true","362877","maya.khemlin@gmail.com","Maya Khemlin","","362877","maya.khemlin@gmail.com","Maya Khemlin","8x Membership // London · BLACK FRIDAY 2025","22632","22633","364334411422","8x-membership-lo-memberships-289","","","Memberships","","","Completed","6/10/2026","CAD","1","140.00","140.00","18.20","158.20","Visa","E-Commerce","London","Ontario"
"K8GE-7ZWQ-5L36","Completed","6/10/2026","12:24 AM","America/Toronto","","true","375814","madelyn.mccarthy@hotmail.com","Madelyn Mccarthy","","375814","madelyn.mccarthy@hotmail.com","Madelyn Mccarthy","4x Membership // London","21999","22000","216300284773","4x-membership-lo-memberships-280","","","Memberships","","","Completed","6/10/2026","CAD","1","80.00","80.00","10.40","90.40","Visa","E-Commerce","London","Ontario"
"5BAW-JMF8-5L36","Completed","6/10/2026","12:24 AM","America/Toronto","","true","377824","simone.hayden2000@gmail.com","Simone Hayden","","377824","simone.hayden2000@gmail.com","Simone Hayden","4x Membership // London","21999","22000","216300284773","4x-membership-lo-memberships-280","","","Memberships","","","Completed","6/10/2026","CAD","1","80.00","80.00","10.40","90.40","Visa","E-Commerce","London","Ontario"
"6TG5-6WBV-5L36","Completed","6/10/2026","12:24 AM","America/Toronto","","true","384355","gabghany@gmail.com","Gabrielle Ghany","","384355","gabghany@gmail.com","Gabrielle Ghany","Student Monthly Membership // London","21738","21739","582370867097","student-monthly--memberships-495","","","Memberships","","","Completed","6/10/2026","CAD","1","175.00","175.00","22.75","197.75","Visa","E-Commerce","London","Ontario"
"JUZJ-VN7F-5L36","Completed","6/10/2026","12:24 AM","America/Toronto","","true","177723","brookedayle01@gmail.com","Brooke Schidowka","","177723","brookedayle01@gmail.com","Brooke Schidowka","Staff Membership // London","20830","20831","898235312897","staff-membership-memberships-735","","","Memberships","","","Completed","6/10/2026","CAD","1","0.00","0.00","0.00","0.00","No Charge","E-Commerce","London","Ontario"
"BBRM-GYRY-5L36","Completed","6/10/2026","12:24 AM","America/Toronto","","true","204647","biggarjack@gmail.com","Jack Biggar","","204647","biggarjack@gmail.com","Jack Biggar","Staff Membership // London","20830","20831","898235312897","staff-membership-memberships-735","","","Memberships","","","Completed","6/10/2026","CAD","1","0.00","0.00","0.00","0.00","No Charge","E-Commerce","London","Ontario"
"CP4Q-VPDA-5L36","Completed","6/10/2026","12:24 AM","America/Toronto","","true","360260","jackie.wilkins@bell.net","Jackie Wilkins","","360260","jackie.wilkins@bell.net","Jackie Wilkins","Unlimited Membership // London","21995","21996","447442561003","unlimited-member-memberships-867","","","Memberships","","","Completed","6/10/2026","CAD","1","200.00","200.00","26.00","226.00","Visa","E-Commerce","London","Ontario"
"ZCXM-PQEF-5L36","Completed","6/10/2026","6:07 AM","America/Toronto","","false","346546","mar66slo@gmail.com","Marjorie Sloboda","","346546","mar66slo@gmail.com","Marjorie Sloboda","One Class Card // London","20798","20799","760445337951","one-class-card-l-credits-347","","","Credits","","","Completed","6/10/2026","CAD","1","25.00","25.00","3.25","28.25","Visa","E-Commerce","London","Ontario"
"UV2R-EG3U-5L36","Completed","6/10/2026","6:54 AM","America/Toronto","desktop","false","380674","mervebozkurtt.41@gmail.com","Merve Bozkurt","","302740","rawat.dhriti@gmail.com","Dhriti Rawat","Coffee // London","23655","23656","087239269521","coffee-london-food-and-beverag-851","","","Food and Beverage","","","Completed","6/10/2026","CAD","1","1.50","1.50","0.20","1.70","Mastercard","In-Store","London","Ontario"
"A65G-R646-5L36","Completed","6/10/2026","6:54 AM","America/Toronto","desktop","false","369246","fmacd039@uottawa.ca","FIONA MACDONALD","","302740","rawat.dhriti@gmail.com","Dhriti Rawat","Coffee // London","23655","23656","087239269521","coffee-london-food-and-beverag-851","","","Food and Beverage","","","Completed","6/10/2026","CAD","1","1.50","1.50","0.20","1.70","Visa","In-Store","London","Ontario"
"HGX8-JK5T-5L36","Completed","6/10/2026","7:28 AM","America/Toronto","","false","391535","lam.sandy91@gmail.com","Sandy Lam","","391535","lam.sandy91@gmail.com","Sandy Lam","Spin-It-Forward // London","20792","20793","964245982422","spin-it-forward--credits-429","","","Credits","","","Completed","6/10/2026","CAD","1","10.00","10.00","1.30","11.30","Visa","E-Commerce","London","Ontario"
"XS9H-SGWR-5L36","Completed","6/10/2026","8:03 AM","America/Toronto","","false","401520","maddieclarke1338@yahoo.ca","Madison Menas","","401520","maddieclarke1338@yahoo.ca","Madison Menas","One Class Card // London","20798","20799","760445337951","one-class-card-l-credits-347","","","Credits","","","Completed","6/10/2026","CAD","1","25.00","25.00","3.25","28.25","Mastercard","E-Commerce","London","Ontario"
"KKTB-V79C-5L36","Completed","6/10/2026","9:16 AM","America/Toronto","","true","361985","daniellefrancisclarke@gmail.com","Danielle Clarke","","361985","daniellefrancisclarke@gmail.com","Danielle Clarke","Late Cancel Charge","14688","14690","036981809486","late-cancel-fee-penalty-fees-771","","","Penalty Fees","","","Completed","6/10/2026","CAD","1","15.00","15.00","1.95","16.95","Visa","E-Commerce","London","Ontario"
"A92J-64EU-5L36","Completed","6/10/2026","9:25 AM","America/Toronto","","false","349419","cmarszal@uwo.ca","Caroline Marszal","","349419","cmarszal@uwo.ca","Caroline Marszal","Spin-It-Forward // London","20792","20793","964245982422","spin-it-forward--credits-429","","","Credits","","","Completed","6/10/2026","CAD","1","10.00","10.00","1.30","11.30","American Express","E-Commerce","London","Ontario"
"94U3-YXWD-5L36","Completed","6/10/2026","11:12 AM","America/Toronto","","false","354942","gracemdocherty@gmail.com","Grace Docherty","","354942","gracemdocherty@gmail.com","Grace Docherty","One Class Card // London","20798","20799","760445337951","one-class-card-l-credits-347","","","Credits","","","Completed","6/10/2026","CAD","1","25.00","25.00","3.25","28.25","Mastercard","E-Commerce","London","Ontario"
"7E2Q-GD7V-5L36","Completed","6/10/2026","12:20 PM","America/Toronto","","true","397429","alicia.mauthe@hotmail.com","Alicia Mauthe","","397429","alicia.mauthe@hotmail.com","Alicia Mauthe","Late Cancel Charge","14688","14690","036981809486","late-cancel-fee-penalty-fees-771","","","Penalty Fees","","","Completed","6/10/2026","CAD","1","15.00","15.00","1.95","16.95","Visa","E-Commerce","London","Ontario"
"2MKK-W52S-5L36","Completed","6/10/2026","1:28 PM","America/Toronto","","false","402738","emilylomas2001@gmail.com","Emily Lomas","","402738","emilylomas2001@gmail.com","Emily Lomas","One Class Card // London","20798","20799","760445337951","one-class-card-l-credits-347","","","Credits","","","Completed","6/10/2026","CAD","1","25.00","25.00","3.25","28.25","Visa","E-Commerce","London","Ontario"
"WSCN-CZFW-5L36","Completed","6/10/2026","1:48 PM","America/Toronto","","false","69104","damasojulia@gmail.com","Julia Damaso","","69104","damasojulia@gmail.com","Julia Damaso","Five Class Card // London","20802","20803","488719457552","five-class-card--credits-078","","","Credits","","","Completed","6/10/2026","CAD","1","110.00","110.00","14.30","124.30","Visa","E-Commerce","London","Ontario"
"39VX-NMAH-5L36","Completed","6/10/2026","2:32 PM","America/Toronto","","false","402750","bfiegehen06@gmail.com","Bronwyn Fiegehen","","402750","bfiegehen06@gmail.com","Bronwyn Fiegehen","One Class Card // London","20798","20799","760445337951","one-class-card-l-credits-347","","","Credits","","","Completed","6/10/2026","CAD","1","25.00","25.00","3.25","28.25","Mastercard","E-Commerce","London","Ontario"
"GRPW-ZWXR-5L36","Completed","6/10/2026","5:17 PM","America/Toronto","desktop","false","340395","hhounsel@alumni.uwo.ca","Heather Hounsell","","347301","london@spinco.ca","SPINCO London","SPINCO Water","19657","19658","469973764933","spinco-water-water-914","","","Water","Arctic Chiller","","Completed","6/10/2026","CAD","1","2.50","2.50","0.33","2.83","Mastercard","In-Store","London","Ontario"
"P6VG-XCEV-5L37","Completed","6/10/2026","10:07 PM","America/Toronto","","false","369187","alexmorrison785@gmail.com","Alex Morrison","","369187","alexmorrison785@gmail.com","Alex Morrison","One Class Card // London","20798","20799","760445337951","one-class-card-l-credits-347","","","Credits","","","Completed","6/10/2026","CAD","1","25.00","25.00","3.25","28.25","Visa","E-Commerce","London","Ontario"
"MP42-MX78-5L37","Completed","6/11/2026","12:23 AM","America/Toronto","","false","386861","mominalawna@gmail.com","Momin Alawna","","386861","mominalawna@gmail.com","Momin Alawna","One Class Card // London","20798","20799","760445337951","one-class-card-l-credits-347","","","Credits","","","Completed","6/11/2026","CAD","1","25.00","25.00","3.25","28.25","Visa","E-Commerce","London","Ontario"
"MP42-MX78-5L37","Completed","6/11/2026","12:23 AM","America/Toronto","","false","386861","mominalawna@gmail.com","Momin Alawna","","386861","mominalawna@gmail.com","Momin Alawna","Student Night // London","21942","21943","341457369346","student-night-lo-credits-700","","","Credits","","","Completed","6/11/2026","CAD","1","15.00","15.00","1.95","16.95","Visa","E-Commerce","London","Ontario"
"UHK9-VPZC-5L37","Completed","6/11/2026","12:24 AM","America/Toronto","","false","386861","mominalawna@gmail.com","Momin Alawna","","386861","mominalawna@gmail.com","Momin Alawna","One Class Card // London","20798","20799","760445337951","one-class-card-l-credits-347","","","Credits","","","Completed","6/11/2026","CAD","1","25.00","25.00","3.25","28.25","Visa","E-Commerce","London","Ontario"
"4RSZ-9W3M-5L37","Completed","6/11/2026","12:25 AM","America/Toronto","","false","386861","mominalawna@gmail.com","Momin Alawna","","386861","mominalawna@gmail.com","Momin Alawna","One Class Card // London","20798","20799","760445337951","one-class-card-l-credits-347","","","Credits","","","Completed","6/11/2026","CAD","1","25.00","25.00","3.25","28.25","Visa","E-Commerce","London","Ontario"
"U7SJ-68WT-5L37","Completed","6/11/2026","12:25 AM","America/Toronto","","true","396972","aradh21@gmail.com","Arad Hashemi","","396972","aradh21@gmail.com","Arad Hashemi","Unlimited Membership // London","21995","21996","447442561003","unlimited-member-memberships-867","","","Memberships","","","Completed","6/11/2026","CAD","1","200.00","200.00","26.00","226.00","Visa","E-Commerce","London","Ontario"
"CTNW-XUEW-5L37","Refunded","6/11/2026","12:25 AM","America/Toronto","","true","355286","karimakaiyum@gmail.com","Karima Kaiyum","","355286","karimakaiyum@gmail.com","Karima Kaiyum","Student Monthly Membership // London","21738","21739","582370867097","student-monthly--memberships-495","","","Memberships","","","Completed","6/11/2026","CAD","1","175.00","175.00","22.75","197.75","Mastercard","E-Commerce","London","Ontario"
"P8ZW-G3Z9-5L37","Completed","6/11/2026","12:25 AM","America/Toronto","","true","376174","edwards.elle@icloud.com","Elle Edwards","","376174","edwards.elle@icloud.com","Elle Edwards","4x Membership // London","21999","22000","216300284773","4x-membership-lo-memberships-280","","","Memberships","","","Completed","6/11/2026","CAD","1","80.00","80.00","10.40","90.40","Mastercard","E-Commerce","London","Ontario"
"H99C-EUAW-5L37","Completed","6/11/2026","5:18 AM","America/Toronto","","true","379914","camilajc08@gmail.com","cami jerez","","379914","camilajc08@gmail.com","cami jerez","Late Cancel Charge","14688","14690","036981809486","late-cancel-fee-penalty-fees-771","","","Penalty Fees","","","Completed","6/11/2026","CAD","1","15.00","15.00","1.95","16.95","Mastercard","E-Commerce","London","Ontario"
"B9V8-BHE3-5L37","Completed","6/11/2026","5:18 AM","America/Toronto","","true","198001","jadynclark@gmail.com","Jadyn Clark","","198001","jadynclark@gmail.com","Jadyn Clark","Late Cancel Charge","14688","14690","036981809486","late-cancel-fee-penalty-fees-771","","","Penalty Fees","","","Completed","6/11/2026","CAD","1","15.00","15.00","1.95","16.95","Visa","E-Commerce","London","Ontario"
"87KD-ZJVA-5L37","Completed","6/11/2026","6:19 AM","America/Toronto","","true","363395","derek@cardy.ca","Derek Cardy","","363395","derek@cardy.ca","Derek Cardy","No Show Charge","14687","14689","489143084327","no-show-fee-penalty-fees-498","","","Penalty Fees","","","Completed","6/11/2026","CAD","1","20.00","20.00","2.60","22.60","Visa","E-Commerce","London","Ontario"
"G6U7-N2FK-5L37","Completed","6/11/2026","6:19 AM","America/Toronto","","true","370956","emilyd987@hotmail.com","Emily Di Nino","","370956","emilyd987@hotmail.com","Emily Di Nino","Late Cancel Charge","14688","14690","036981809486","late-cancel-fee-penalty-fees-771","","","Penalty Fees","","","Completed","6/11/2026","CAD","1","15.00","15.00","1.95","16.95","Mastercard","E-Commerce","London","Ontario"
"D8X3-YHR4-5L37","Completed","6/11/2026","6:54 AM","America/Toronto","desktop","false","369246","fmacd039@uottawa.ca","FIONA MACDONALD","","347301","london@spinco.ca","SPINCO London","Coffee // London","23655","23656","087239269521","coffee-london-food-and-beverag-851","","","Food and Beverage","","","Completed","6/11/2026","CAD","1","1.50","1.50","0.20","1.70","Visa","In-Store","London","Ontario"
"HG25-8FA2-5L37","Completed","6/11/2026","6:55 AM","America/Toronto","desktop","false","311771","alexrosewatt@outlook.com","Alex Watt","","347301","london@spinco.ca","SPINCO London","Coffee // London","23655","23656","087239269521","coffee-london-food-and-beverag-851","","","Food and Beverage","","","Completed","6/11/2026","CAD","1","1.50","1.50","0.20","1.70","Visa","In-Store","London","Ontario"
"BZWE-EP4J-5L37","Completed","6/11/2026","7:16 AM","America/Toronto","","true","363395","derek@cardy.ca","Derek Cardy","","363395","derek@cardy.ca","Derek Cardy","Late Cancel Charge","14688","14690","036981809486","late-cancel-fee-penalty-fees-771","","","Penalty Fees","","","Completed","6/11/2026","CAD","1","15.00","15.00","1.95","16.95","Visa","E-Commerce","London","Ontario"
"SEE7-6XUG-5L37","Completed","6/11/2026","7:35 AM","America/Toronto","","false","354156","sm_perez@hotmail.com","Sheila Perez","","354156","sm_perez@hotmail.com","Sheila Perez","Spin-It-Forward // London","20792","20793","964245982422","spin-it-forward--credits-429","","","Credits","","","Completed","6/11/2026","CAD","1","10.00","10.00","1.30","11.30","Visa","E-Commerce","London","Ontario"
"CTNW-XUEW-5L37","Refunded","6/11/2026","12:25 AM","America/Toronto","","true","355286","karimakaiyum@gmail.com","Karima Kaiyum","","382306","michellejcallander@gmail.com","Michelle Callandar","Student Monthly Membership // London","21738","21739","582370867097","student-monthly--memberships-495","","","Memberships","","","Refunded","6/11/2026","CAD","-1","-175.00","-175.00","-22.75","-197.75","Mastercard","E-Commerce","London","Ontario"
"KMCE-PXY5-5L37","Completed","6/11/2026","12:17 PM","America/Toronto","","false","301035","evelynstann@gmail.com","Evelyn Stan","","301035","evelynstann@gmail.com","Evelyn Stan","One Class Card // London","20798","20799","760445337951","one-class-card-l-credits-347","","","Credits","","","Completed","6/11/2026","CAD","1","25.00","25.00","3.25","28.25","Visa","E-Commerce","London","Ontario"
"K5K4-Z7NP-5L37","Completed","6/11/2026","3:16 PM","America/Toronto","","true","388653","rebecca_goettling@hotmail.com","Rebecca Hamilton","","388653","rebecca_goettling@hotmail.com","Rebecca Hamilton","Late Cancel Charge","14688","14690","036981809486","late-cancel-fee-penalty-fees-771","","","Penalty Fees","","","Completed","6/11/2026","CAD","1","15.00","15.00","1.95","16.95","Mastercard","E-Commerce","London","Ontario"
"ZJHM-AGQQ-5L31","Refunded","6/5/2026","5:15 PM","America/Toronto","","true","401362","nicole34569@gmail.com","Nicole Lee","","336948","rbissett0303@gmail.com","Rachel Bissett","No Show Charge","14687","14689","489143084327","no-show-fee-penalty-fees-498","","","Penalty Fees","","","Refunded","6/11/2026","CAD","-1","-20.00","-20.00","-2.60","-22.60","Visa","E-Commerce","London","Ontario"
"V2XN-QSFY-5L37","Completed","6/11/2026","5:47 PM","America/Toronto","","false","402875","wetzxjade@gmail.com","Jade Wetzl","","347301","london@spinco.ca","SPINCO London","$25 Email Gift Card","15612","15613","486754221233","25-email-gift-cards-414","","","Email Gift Cards","","","Completed","6/11/2026","CAD","1","25.00","25.00","0.00","25.00","Visa","In-Store","London","Ontario"
"MGPP-B6A3-5L37","Completed","6/11/2026","6:16 PM","America/Toronto","","true","402006","jhussei6@uwo.ca","Judy Hussein","","402006","jhussei6@uwo.ca","Judy Hussein","Late Cancel Charge","14688","14690","036981809486","late-cancel-fee-penalty-fees-771","","","Penalty Fees","","","Completed","6/11/2026","CAD","1","15.00","15.00","1.95","16.95","American Express","E-Commerce","London","Ontario"
"6CTQ-97FY-5L37","Completed","6/11/2026","6:16 PM","America/Toronto","","true","381015","graygrassconsulting@gmail.com","BRITT WEBB","","381015","graygrassconsulting@gmail.com","BRITT WEBB","Late Cancel Charge","14688","14690","036981809486","late-cancel-fee-penalty-fees-771","","","Penalty Fees","","","Completed","6/11/2026","CAD","1","15.00","15.00","1.95","16.95","Mastercard","E-Commerce","London","Ontario"
"F6EM-4VGA-5L37","Completed","6/11/2026","7:53 PM","America/Toronto","","false","349029","jessicaashleigh@live.ca","Jess Bray","","349029","jessicaashleigh@live.ca","Jess Bray","One Class Card // London","20798","20799","760445337951","one-class-card-l-credits-347","","","Credits","","","Completed","6/11/2026","CAD","1","25.00","25.00","3.25","28.25","Visa","E-Commerce","London","Ontario"
"AVBM-64Q2-5L38","Completed","6/11/2026","8:28 PM","America/Toronto","","false","391644","angelyn.alexander2030@gmail.com","Angelyn Alexander","","391644","angelyn.alexander2030@gmail.com","Angelyn Alexander","One Class Card // London","20798","20799","760445337951","one-class-card-l-credits-347","","","Credits","","","Completed","6/11/2026","CAD","1","25.00","25.00","3.25","28.25","American Express","E-Commerce","London","Ontario"
"5JKF-3966-5L38","Completed","6/11/2026","11:16 PM","America/Toronto","","true","346927","narellehesler@gmail.com","Narelle Hesler","","346927","narellehesler@gmail.com","Narelle Hesler","Late Cancel Charge","14688","14690","036981809486","late-cancel-fee-penalty-fees-771","","","Penalty Fees","","","Completed","6/11/2026","CAD","1","15.00","15.00","1.95","16.95","Mastercard","E-Commerce","London","Ontario"
"XFCV-BVCZ-5L38","Completed","6/12/2026","12:24 AM","America/Toronto","","true","367983","jasionowskaolivia@gmail.com","Olivia Jasionowska","","367983","jasionowskaolivia@gmail.com","Olivia Jasionowska","Student Monthly Membership // London","21738","21739","582370867097","student-monthly--memberships-495","","","Memberships","","","Completed","6/12/2026","CAD","1","175.00","175.00","22.75","197.75","Visa","E-Commerce","London","Ontario"
"C4ZM-9YR7-5L38","Completed","6/12/2026","12:24 AM","America/Toronto","","true","336336","binkainsley@gmail.com","Ainsley Bink","","336336","binkainsley@gmail.com","Ainsley Bink","4x Monthly Membership // 20% OFF PRE-SALE (London)","20850","20851","523121174072","20-off-presale-4-memberships-998","","","Memberships","","","Completed","6/12/2026","CAD","1","80.00","80.00","10.40","90.40","Visa","E-Commerce","London","Ontario"
"VV4Y-DVM8-5L38","Completed","6/12/2026","12:24 AM","America/Toronto","","true","336313","jenna-stafford@hotmail.com","Jenna Stafford","","336313","jenna-stafford@hotmail.com","Jenna Stafford","4x Monthly Membership // 20% OFF PRE-SALE (London)","20850","20851","523121174072","20-off-presale-4-memberships-998","","","Memberships","","","Completed","6/12/2026","CAD","1","80.00","80.00","10.40","90.40","Visa","E-Commerce","London","Ontario"
"MFR7-8TCM-5L38","Completed","6/12/2026","12:24 AM","America/Toronto","","true","71878","k.rothwell@spinco.ca","Kira Rothwell","","71878","k.rothwell@spinco.ca","Kira Rothwell","Staff Membership // London","20830","20831","898235312897","staff-membership-memberships-735","","","Memberships","","","Completed","6/12/2026","CAD","1","0.00","0.00","0.00","0.00","No Charge","E-Commerce","London","Ontario"
"DRCW-3GXW-5L38","Completed","6/12/2026","12:24 AM","America/Toronto","","true","350670","parastu.nasirbaht9@gmail.com","Parastu Khodabandehloo","","350670","parastu.nasirbaht9@gmail.com","Parastu Khodabandehloo","Unlimited Monthly Membership // London *GRANDFATHERED","20834","20835","254627090190","unlimited-classe-memberships-530","","","Memberships","","","Completed","6/12/2026","CAD","1","175.00","175.00","22.75","197.75","Mastercard","E-Commerce","London","Ontario"
"3N7X-6XV5-5L38","Completed","6/12/2026","12:24 AM","America/Toronto","","true","320592","s.rothwell@spinco.ca","Stephen Rothwell","","320592","s.rothwell@spinco.ca","Stephen Rothwell","Staff Membership // London","20830","20831","898235312897","staff-membership-memberships-735","","","Memberships","","","Completed","6/12/2026","CAD","1","0.00","0.00","0.00","0.00","No Charge","E-Commerce","London","Ontario"
"Y2R7-444A-5L38","Completed","6/12/2026","12:24 AM","America/Toronto","","true","368636","billkdietz@gmail.com","Bill Dietz","","368636","billkdietz@gmail.com","Bill Dietz","Unlimited Membership // London","21995","21996","447442561003","unlimited-member-memberships-867","","","Memberships","","","Completed","6/12/2026","CAD","1","200.00","200.00","26.00","226.00","Visa","E-Commerce","London","Ontario"
"PWTH-XDGN-5L38","Completed","6/12/2026","6:07 AM","America/Toronto","","false","358471","brooklynblt18@gmail.com","Brooklyn McLeod","","358471","brooklynblt18@gmail.com","Brooklyn McLeod","Spin-It-Forward // London","20792","20793","964245982422","spin-it-forward--credits-429","","","Credits","","","Completed","6/12/2026","CAD","1","10.00","10.00","1.30","11.30","Visa","E-Commerce","London","Ontario"
"EP5D-G9XC-5L38","Completed","6/12/2026","6:52 AM","America/Toronto","desktop","false","380674","mervebozkurtt.41@gmail.com","Merve Bozkurt","","347301","london@spinco.ca","SPINCO London","Coffee // London","23655","23656","087239269521","coffee-london-food-and-beverag-851","","","Food and Beverage","","","Completed","6/12/2026","CAD","1","1.50","1.50","0.20","1.70","Mastercard","In-Store","London","Ontario"
"Z9WE-SCJR-5L38","Completed","6/12/2026","6:52 AM","America/Toronto","desktop","false","369246","fmacd039@uottawa.ca","FIONA MACDONALD","","347301","london@spinco.ca","SPINCO London","Coffee // London","23655","23656","087239269521","coffee-london-food-and-beverag-851","","","Food and Beverage","","","Completed","6/12/2026","CAD","2","3.00","3.00","0.39","3.39","Visa","In-Store","London","Ontario"
"Z6T6-A7TR-5L38","Completed","6/12/2026","6:54 AM","America/Toronto","desktop","false","311771","alexrosewatt@outlook.com","Alex Watt","","347301","london@spinco.ca","SPINCO London","Coffee // London","23655","23656","087239269521","coffee-london-food-and-beverag-851","","","Food and Beverage","","","Completed","6/12/2026","CAD","1","1.50","1.50","0.20","1.70","Visa","In-Store","London","Ontario"
"Z5VV-B4PR-5L38","Completed","6/12/2026","9:14 AM","America/Toronto","","false","350297","hartoli14@gmail.com","Liv Hart","","350297","hartoli14@gmail.com","Liv Hart","Spin-It-Forward // London","20792","20793","964245982422","spin-it-forward--credits-429","","","Credits","","","Completed","6/12/2026","CAD","1","10.00","10.00","1.30","11.30","Visa","E-Commerce","London","Ontario"
"SKPD-6EAU-5L38","Completed","6/12/2026","9:17 AM","America/Toronto","","true","375376","hannahp0716@gmail.com","hannah pauwels","","375376","hannahp0716@gmail.com","hannah pauwels","No Show Charge","14687","14689","489143084327","no-show-fee-penalty-fees-498","","","Penalty Fees","","","Completed","6/12/2026","CAD","1","20.00","20.00","2.60","22.60","Visa","E-Commerce","London","Ontario"
"954R-5PN7-5L38","Completed","6/12/2026","9:45 AM","America/Toronto","","false","389474","emma.hendriksen7@gmail.com","Emma Hendriksen","","389474","emma.hendriksen7@gmail.com","Emma Hendriksen","One Class Card // London","20798","20799","760445337951","one-class-card-l-credits-347","","","Credits","","","Completed","6/12/2026","CAD","1","25.00","25.00","3.25","28.25","Mastercard","E-Commerce","London","Ontario"
"XAFQ-KFWY-5L38","Completed","6/12/2026","9:48 AM","America/Toronto","desktop","false","402884","louivlloyd@gmail.com","Lloyd Brenya","","402884","louivlloyd@gmail.com","Lloyd Brenya","One Class Card // London","20798","20799","760445337951","one-class-card-l-credits-347","","","Credits","","","Completed","6/12/2026","CAD","1","0.00","25.00","0.00","0.00","No Charge","E-Commerce","London","Ontario"
"KTN2-V7GK-5L38","Completed","6/12/2026","10:01 AM","America/Toronto","","false","402931","achinnad@uwo.ca","Anu Chinnadurai","","402931","achinnad@uwo.ca","Anu Chinnadurai","New Rider Special // London","21051","21052","288040778473","new-rider-specia-memberships-503","","","Memberships","","","Completed","6/12/2026","CAD","1","50.00","50.00","6.50","56.50","Visa","E-Commerce","London","Ontario"
"J32P-8Z58-5L38","Completed","6/12/2026","11:51 AM","America/Toronto","","false","398210","meaghanpoc@gmail.com","Meaghan Pocock","","398210","meaghanpoc@gmail.com","Meaghan Pocock","Spin-It-Forward // London","20792","20793","964245982422","spin-it-forward--credits-429","","","Credits","","","Completed","6/12/2026","CAD","1","10.00","10.00","1.30","11.30","Mastercard","E-Commerce","London","Ontario"
"4M3H-JMXA-5L38","Completed","6/12/2026","11:52 AM","America/Toronto","","false","394564","melo_lucia13@outlook.com","Lucia Melo","","394564","melo_lucia13@outlook.com","Lucia Melo","4x Membership // London Summer Sale","25653","25654","346308480296","4x-membership-bu-memberships-912","","","Memberships","","","Completed","6/12/2026","CAD","1","69.00","69.00","8.97","77.97","Mastercard","E-Commerce","London","Ontario"
"9G23-DY3Y-5L38","Completed","6/12/2026","11:53 AM","America/Toronto","","false","401212","letvelasco@gmail.com","Leticia Velasco","","401212","letvelasco@gmail.com","Leticia Velasco","New Rider Special // London","21051","21052","288040778473","new-rider-specia-memberships-503","","","Memberships","","","Completed","6/12/2026","CAD","1","50.00","50.00","6.50","56.50","Visa","E-Commerce","London","Ontario"
"K7CU-K65U-5L38","Completed","6/12/2026","12:24 PM","America/Toronto","","false","378742","itslatashacromwell@gmail.com","Latasha Cromwell","","378742","itslatashacromwell@gmail.com","Latasha Cromwell","One Class Card // London","20798","20799","760445337951","one-class-card-l-credits-347","","","Credits","","","Completed","6/12/2026","CAD","1","25.00","25.00","3.25","28.25","Visa","E-Commerce","London","Ontario"
"FVC6-KFTP-5L38","Completed","6/12/2026","12:38 PM","America/Toronto","","false","346546","mar66slo@gmail.com","Marjorie Sloboda","","346546","mar66slo@gmail.com","Marjorie Sloboda","One Class Card // London","20798","20799","760445337951","one-class-card-l-credits-347","","","Credits","","","Completed","6/12/2026","CAD","1","25.00","25.00","3.25","28.25","Visa","E-Commerce","London","Ontario"
"FGST-6MYS-5L38","Completed","6/12/2026","12:45 PM","America/Toronto","","false","401424","katiebowen@hotmail.com","Katie Bowen","","401424","katiebowen@hotmail.com","Katie Bowen","One Class Card // London","20798","20799","760445337951","one-class-card-l-credits-347","","","Credits","","","Completed","6/12/2026","CAD","1","25.00","25.00","3.25","28.25","Visa","E-Commerce","London","Ontario"
"UT6G-EJHP-5L38","Completed","6/12/2026","1:18 PM","America/Toronto","","false","402042","nicolesilaev@live.com","Nikki Silaev","","402042","nicolesilaev@live.com","Nikki Silaev","4x Membership // London Summer Sale","25653","25654","346308480296","4x-membership-bu-memberships-912","","","Memberships","","","Completed","6/12/2026","CAD","1","69.00","69.00","8.97","77.97","Mastercard","E-Commerce","London","Ontario"
"QSD2-YV5W-5L38","Completed","6/12/2026","1:21 PM","America/Toronto","","false","226517","miranda.dasilva1880@gmail.com","Miranda DaSilva","","226517","miranda.dasilva1880@gmail.com","Miranda DaSilva","Spin-It-Forward // London","20792","20793","964245982422","spin-it-forward--credits-429","","","Credits","","","Completed","6/12/2026","CAD","1","10.00","10.00","1.30","11.30","Mastercard","E-Commerce","London","Ontario"
"YHD2-BXEZ-5L38","Completed","6/12/2026","3:12 PM","America/Toronto","","false","376871","mahmed2025@meds.uwo.ca","Mashal Ahmed","","376871","mahmed2025@meds.uwo.ca","Mashal Ahmed","8x Membership // London Summer Sale","25657","25658","913533113208","8x-membership-bu-memberships-078","","","Memberships","","","Completed","6/12/2026","CAD","1","127.00","127.00","16.51","143.51","Visa","E-Commerce","London","Ontario"
"BN4C-4958-5L0N","Refunded","5/19/2026","7:17 AM","America/Toronto","","true","391163","lianam09@hotmail.com","Liana Melo","","382306","michellejcallander@gmail.com","Michelle Callandar","Late Cancel Charge","14688","14690","036981809486","late-cancel-fee-penalty-fees-771","","","Penalty Fees","","","Refunded","6/12/2026","CAD","-1","-15.00","-15.00","-1.95","-16.95","Mastercard","E-Commerce","London","Ontario"
"9SVC-WCNY-5L0K","Refunded","5/16/2026","9:16 AM","America/Toronto","","true","391163","lianam09@hotmail.com","Liana Melo","","382306","michellejcallander@gmail.com","Michelle Callandar","No Show Charge","14687","14689","489143084327","no-show-fee-penalty-fees-498","","","Penalty Fees","","","Refunded","6/12/2026","CAD","-1","-20.00","-20.00","-2.60","-22.60","Mastercard","E-Commerce","London","Ontario"
"VHF2-VEWA-5L38","Completed","6/12/2026","4:09 PM","America/Toronto","","false","398210","meaghanpoc@gmail.com","Meaghan Pocock","","398210","meaghanpoc@gmail.com","Meaghan Pocock","Spin-It-Forward // London","20792","20793","964245982422","spin-it-forward--credits-429","","","Credits","","","Completed","6/12/2026","CAD","1","10.00","10.00","1.30","11.30","Mastercard","E-Commerce","London","Ontario"
"TR8S-PSRU-5L38","Completed","6/12/2026","4:19 PM","America/Toronto","","true","361985","daniellefrancisclarke@gmail.com","Danielle Clarke","","361985","daniellefrancisclarke@gmail.com","Danielle Clarke","Late Cancel Charge","14688","14690","036981809486","late-cancel-fee-penalty-fees-771","","","Penalty Fees","","","Completed","6/12/2026","CAD","1","15.00","15.00","1.95","16.95","Visa","E-Commerce","London","Ontario"
"8UAP-XQNJ-5L38","Completed","6/12/2026","4:34 PM","America/Toronto","mobile","false","347824","llanasooklal2@gmail.com","Llana Tatavarti","","347824","llanasooklal2@gmail.com","Llana Tatavarti","One Class Card // London","20798","20799","760445337951","one-class-card-l-credits-347","","","Credits","","","Completed","6/12/2026","CAD","1","0.00","25.00","0.00","0.00","No Charge","E-Commerce","London","Ontario"
"HE37-Q29Z-5L38","Completed","6/12/2026","4:36 PM","America/Toronto","desktop","false","398074","begum.komurcuoglu@gmail.com","Begum Komurcuoglu","","302740","rawat.dhriti@gmail.com","Dhriti Rawat","SPINCO Water","19657","19658","469973764933","spinco-water-water-914","","","Water","Arctic Chiller","","Completed","6/12/2026","CAD","1","2.50","2.50","0.33","2.83","Visa","In-Store","London","Ontario"
"VNV2-WBY8-5L38","Completed","6/12/2026","4:37 PM","America/Toronto","","false","368088","emma.calcutt5@gmail.com","Emma Calcutt","","368088","emma.calcutt5@gmail.com","Emma Calcutt","Spin-It-Forward // London","20792","20793","964245982422","spin-it-forward--credits-429","","","Credits","","","Completed","6/12/2026","CAD","1","10.00","10.00","1.30","11.30","Visa","E-Commerce","London","Ontario"
"AVXQ-FGJ5-5L38","Completed","6/12/2026","5:15 PM","America/Toronto","","true","401653","salma.oraby169@gmail.com","Salma Oraby","","401653","salma.oraby169@gmail.com","Salma Oraby","No Show Charge","14687","14689","489143084327","no-show-fee-penalty-fees-498","","","Penalty Fees","","","Completed","6/12/2026","CAD","1","20.00","20.00","2.60","22.60","Visa","E-Commerce","London","Ontario"
"UXCA-F7E8-5L38","Completed","6/12/2026","5:16 PM","America/Toronto","","false","371904","c.scarrow51@gmail.com","Claire Scarrow","","371904","c.scarrow51@gmail.com","Claire Scarrow","Spin-It-Forward // London","20792","20793","964245982422","spin-it-forward--credits-429","","","Credits","","","Completed","6/12/2026","CAD","1","10.00","10.00","1.30","11.30","Visa","E-Commerce","London","Ontario"
"UQDQ-KVHM-5L38","Completed","6/12/2026","5:42 PM","America/Toronto","desktop","false","363411","rchirara@uwo.ca","rachiel chirara","","302740","rawat.dhriti@gmail.com","Dhriti Rawat","SPINCO Water","19657","19658","469973764933","spinco-water-water-914","","","Water","Arctic Chiller","","Completed","6/12/2026","CAD","1","2.50","2.50","0.33","2.83","Visa","In-Store","London","Ontario"
"CTBK-85QH-5L38","Completed","6/12/2026","6:58 PM","America/Toronto","desktop","false","401828","lina.elrofaie@gmail.com","Lina Elrofaie","","302740","rawat.dhriti@gmail.com","Dhriti Rawat","2-Week Unlimited - London","21065","21066","384754283235","2-week-unlimited-memberships-769","","","Memberships","","","Completed","6/12/2026","CAD","1","50.00","50.00","6.50","56.50","Visa","In-Store","London","Ontario"
"JDTC-5BWU-5L38","Completed","6/12/2026","6:59 PM","America/Toronto","desktop","false","402598","rabiaafzaal2@gmail.com","Rabia Afzaal","","302740","rawat.dhriti@gmail.com","Dhriti Rawat","2-Week Unlimited - London","21065","21066","384754283235","2-week-unlimited-memberships-769","","","Memberships","","","Completed","6/12/2026","CAD","1","50.00","50.00","6.50","56.50","Mastercard","In-Store","London","Ontario"
"9UMA-JAB7-5L39","Completed","6/12/2026","11:43 PM","America/Toronto","","false","403022","anna.taurins@gmail.com","Anna Taurins","","403022","anna.taurins@gmail.com","Anna Taurins","One Class Card // London","20798","20799","760445337951","one-class-card-l-credits-347","","","Credits","","","Completed","6/12/2026","CAD","1","25.00","25.00","3.25","28.25","Mastercard","E-Commerce","London","Ontario"
"ZH8R-MJM3-5L39","Completed","6/13/2026","12:25 AM","America/Toronto","","true","336211","kirvine7@uwo.ca","Kathryn Irvine","","336211","kirvine7@uwo.ca","Kathryn Irvine","Unlimited Monthly Membership // 20% OFF PRE-SALE (London)","20844","20845","908731664009","20-off-presale-u-memberships-639","","","Memberships","","","Completed","6/13/2026","CAD","1","200.00","200.00","26.00","226.00","Mastercard","E-Commerce","London","Ontario"
"E4W7-V2M9-5L39","Completed","6/13/2026","12:25 AM","America/Toronto","","true","349985","rachel.stack@outlook.com","Rachel Stack","","349985","rachel.stack@outlook.com","Rachel Stack","Unlimited Membership // London · BLACK FRIDAY 2025","22630","22631","712442897099","unlimited-member-memberships-584","","","Memberships","","","Completed","6/13/2026","CAD","1","180.00","180.00","23.40","203.40","Visa","E-Commerce","London","Ontario"
"DRR7-Q82H-5L39","Completed","6/13/2026","12:25 AM","America/Toronto","","true","381623","lydia.beth.taylor@gmail.com","Lydia Taylor","","381623","lydia.beth.taylor@gmail.com","Lydia Taylor","4x Membership // London","21999","22000","216300284773","4x-membership-lo-memberships-280","","","Memberships","","","Completed","6/13/2026","CAD","1","80.00","80.00","10.40","90.40","Visa","E-Commerce","London","Ontario"
"8QAW-AXQ7-5L39","Completed","6/13/2026","7:44 AM","America/Toronto","desktop","false","402031","kroger28@uwo.ca","Katherine Rogers","","236028","lilysfrancis@gmail.com","Lily Francis","SPINCO Water","19657","19658","469973764933","spinco-water-water-914","","","Water","Arctic Chiller","","Completed","6/13/2026","CAD","1","2.50","2.50","0.33","2.83","Mastercard","In-Store","London","Ontario"
"J3FR-JHZZ-5L39","Completed","6/13/2026","7:46 AM","America/Toronto","","false","394135","elaf.th15@gmail.com","Elaf H","","394135","elaf.th15@gmail.com","Elaf H","One Class Card // London","20798","20799","760445337951","one-class-card-l-credits-347","","","Credits","","","Completed","6/13/2026","CAD","1","25.00","25.00","3.25","28.25","Visa","E-Commerce","London","Ontario"
"7ZVR-K6W2-5L39","Completed","6/13/2026","7:46 AM","America/Toronto","","false","402031","kroger28@uwo.ca","Katherine Rogers","","402031","kroger28@uwo.ca","Katherine Rogers","Spin-It-Forward // London","20792","20793","964245982422","spin-it-forward--credits-429","","","Credits","","","Completed","6/13/2026","CAD","1","10.00","10.00","1.30","11.30","Mastercard","E-Commerce","London","Ontario"
"KMTB-KRQD-5L39","Completed","6/13/2026","8:20 AM","America/Toronto","","true","363395","derek@cardy.ca","Derek Cardy","","363395","derek@cardy.ca","Derek Cardy","Late Cancel Charge","14688","14690","036981809486","late-cancel-fee-penalty-fees-771","","","Penalty Fees","","","Completed","6/13/2026","CAD","1","15.00","15.00","1.95","16.95","Visa","E-Commerce","London","Ontario"
"QBUD-DBUX-5L39","Completed","6/13/2026","8:20 AM","America/Toronto","","true","356671","daymtess228@gmail.com","Tessa Dayman","","356671","daymtess228@gmail.com","Tessa Dayman","Late Cancel Charge","14688","14690","036981809486","late-cancel-fee-penalty-fees-771","","","Penalty Fees","","","Completed","6/13/2026","CAD","1","15.00","15.00","1.95","16.95","Visa","E-Commerce","London","Ontario"
"M9A2-5B5W-5L39","Completed","6/13/2026","10:17 AM","America/Toronto","","true","381782","javeriahassan@windowslive.com","Javeria Hasan","","381782","javeriahassan@windowslive.com","Javeria Hasan","No Show Charge","14687","14689","489143084327","no-show-fee-penalty-fees-498","","","Penalty Fees","","","Completed","6/13/2026","CAD","1","20.00","20.00","2.60","22.60","Visa","E-Commerce","London","Ontario"
"PC9N-HYPN-5L39","Completed","6/13/2026","10:47 AM","America/Toronto","","false","369574","msavehilaghi99@gmail.com","Max Savehilaghi","","369574","msavehilaghi99@gmail.com","Max Savehilaghi","Spin-It-Forward // London","20792","20793","964245982422","spin-it-forward--credits-429","","","Credits","","","Completed","6/13/2026","CAD","1","10.00","10.00","1.30","11.30","Visa","E-Commerce","London","Ontario"
"PPJ4-75YP-5L39","Completed","6/13/2026","11:42 AM","America/Toronto","","false","343353","brentschidowka@gmail.com","Brent Schidowka","","343353","brentschidowka@gmail.com","Brent Schidowka","One Class Card // London","20798","20799","760445337951","one-class-card-l-credits-347","","","Credits","","","Completed","6/13/2026","CAD","1","25.00","25.00","3.25","28.25","Mastercard","E-Commerce","London","Ontario"
"B87E-RYT5-5L39","Completed","6/13/2026","11:48 AM","America/Toronto","mobile","false","397624","lauraloppez@hotmail.ca","Laura Lopez","","397624","lauraloppez@hotmail.ca","Laura Lopez","One Class Card // London","20798","20799","760445337951","one-class-card-l-credits-347","","","Credits","","","Completed","6/13/2026","CAD","1","0.00","25.00","0.00","0.00","No Charge","E-Commerce","London","Ontario"
"66F2-S69F-5L39","Completed","6/13/2026","5:57 PM","America/Toronto","","false","353689","solajadami@gmail.com","Dami Solaja","","353689","solajadami@gmail.com","Dami Solaja","4x Membership // London Summer Sale","25653","25654","346308480296","4x-membership-bu-memberships-912","","","Memberships","","","Completed","6/13/2026","CAD","1","69.00","69.00","8.97","77.97","Visa","E-Commerce","London","Ontario"
"CZ7Q-N88H-5L39","Completed","6/13/2026","7:20 PM","America/Toronto","","false","358618","hooraesteph@gmail.com","Stephanie Rae","","358618","hooraesteph@gmail.com","Stephanie Rae","One Class Card // London","20798","20799","760445337951","one-class-card-l-credits-347","","","Credits","","","Completed","6/13/2026","CAD","1","25.00","25.00","3.25","28.25","Visa","E-Commerce","London","Ontario"
"5BXB-PHCG-5L3A","Completed","6/13/2026","8:59 PM","America/Toronto","","true","352815","mcdonald.kellyj@gmail.com","Kelly Vogelsang","","352815","mcdonald.kellyj@gmail.com","Kelly Vogelsang","Unlimited Membership // London · BLACK FRIDAY 2025","22630","22631","712442897099","unlimited-member-memberships-584","","","Memberships","","","Completed","6/13/2026","CAD","1","180.00","180.00","23.40","203.40","Visa","E-Commerce","London","Ontario"
"S6QG-JC4S-5L3A","Completed","6/13/2026","9:46 PM","America/Toronto","","true","352816","piper.mcdonaldd@gmail.com","Piper McDonald","","352816","piper.mcdonaldd@gmail.com","Piper McDonald","Late Cancel Charge","14688","14690","036981809486","late-cancel-fee-penalty-fees-771","","","Penalty Fees","","","Completed","6/13/2026","CAD","1","15.00","15.00","1.95","16.95","Visa","E-Commerce","London","Ontario"
"JUWQ-TDB8-5L3A","Completed","6/13/2026","10:19 PM","America/Toronto","","true","352816","piper.mcdonaldd@gmail.com","Piper McDonald","","352816","piper.mcdonaldd@gmail.com","Piper McDonald","Late Cancel Charge","14688","14690","036981809486","late-cancel-fee-penalty-fees-771","","","Penalty Fees","","","Completed","6/13/2026","CAD","1","15.00","15.00","1.95","16.95","Visa","E-Commerce","London","Ontario"
"TQAH-4DXD-5L3A","Completed","6/13/2026","10:32 PM","America/Toronto","","true","352816","piper.mcdonaldd@gmail.com","Piper McDonald","","352816","piper.mcdonaldd@gmail.com","Piper McDonald","Unlimited Membership // London · BLACK FRIDAY 2025","22630","22631","712442897099","unlimited-member-memberships-584","","","Memberships","","","Completed","6/13/2026","CAD","1","180.00","180.00","23.40","203.40","Visa","E-Commerce","London","Ontario"
"ZA6E-CKVB-5L3A","Completed","6/14/2026","12:24 AM","America/Toronto","","true","340395","hhounsel@alumni.uwo.ca","Heather Hounsell","","340395","hhounsel@alumni.uwo.ca","Heather Hounsell","8x Monthly Membership // 15% OFF PRE-SALE (London)","20854","20855","093399687271","15-off-presale-8-memberships-350","","","Memberships","","","Completed","6/14/2026","CAD","1","150.00","150.00","19.50","169.50","Mastercard","E-Commerce","London","Ontario"
"VVF5-KYS3-5L3A","Completed","6/14/2026","12:24 AM","America/Toronto","","true","346751","rybrownrigg@hotmail.com","Rylee Brownrigg","","346751","rybrownrigg@hotmail.com","Rylee Brownrigg","4x Membership // Barrie · 10% PRE-SALE","20866","20867","780524050667","4x-monthly-membe-memberships-755","","","Memberships","","","Completed","6/14/2026","CAD","1","0.00","0.00","0.00","0.00","No Charge","E-Commerce","London","Ontario"
"4E6P-AA9J-5L3A","Completed","6/14/2026","12:24 AM","America/Toronto","","true","346925","brooke.goodchild@hotmail.com","Rachel Goodchild","","346925","brooke.goodchild@hotmail.com","Rachel Goodchild","4x Membership // Barrie · 10% PRE-SALE","20866","20867","780524050667","4x-monthly-membe-memberships-755","","","Memberships","","","Completed","6/14/2026","CAD","1","80.00","80.00","10.40","90.40","Mastercard","E-Commerce","London","Ontario"
"68C3-XD92-5L3A","Completed","6/14/2026","12:24 AM","America/Toronto","","true","358251","lynnlaithwaite@gmail.com","Lynn Stewart","","358251","lynnlaithwaite@gmail.com","Lynn Stewart","4x Monthly Membership // London *GRANDFATHERED","20838","20839","545622520223","4-classes-month--memberships-721","","","Memberships","","","Completed","6/14/2026","CAD","1","80.00","80.00","10.40","90.40","Visa","E-Commerce","London","Ontario"
"P5T6-9ZMJ-5L3A","Completed","6/14/2026","12:24 AM","America/Toronto","","true","351148","oliviadavies8117@gmail.com","Olivia Davies","","351148","oliviadavies8117@gmail.com","Olivia Davies","8x Membership // London","21997","21998","667327189404","8x-membership-lo-memberships-656","","","Memberships","","","Completed","6/14/2026","CAD","1","150.00","150.00","19.50","169.50","Visa","E-Commerce","London","Ontario"
"DQKV-ED2U-5L3A","Completed","6/14/2026","12:24 AM","America/Toronto","","true","343368","kelseyvandewetering@gmail.com","Kelsey Vandewetering","","343368","kelseyvandewetering@gmail.com","Kelsey Vandewetering","Staff Membership // London","20830","20831","898235312897","staff-membership-memberships-735","","","Memberships","","","Completed","6/14/2026","CAD","1","0.00","0.00","0.00","0.00","No Charge","E-Commerce","London","Ontario"
"CUNA-98PN-5L3A","Completed","6/14/2026","12:24 AM","America/Toronto","","true","347195","lviner@hotmail.com","Laura Viner","","347195","lviner@hotmail.com","Laura Viner","Staff Membership // London","20830","20831","898235312897","staff-membership-memberships-735","","","Memberships","","","Completed","6/14/2026","CAD","1","0.00","0.00","0.00","0.00","No Charge","E-Commerce","London","Ontario"
"ZD2E-PK94-5L3A","Completed","6/14/2026","12:24 AM","America/Toronto","","true","352111","amanda_tedford@hotmail.com","Amanda Tedford","","352111","amanda_tedford@hotmail.com","Amanda Tedford","Unlimited Membership // London · BLACK FRIDAY 2025","22630","22631","712442897099","unlimited-member-memberships-584","","","Memberships","","","Completed","6/14/2026","CAD","1","180.00","180.00","23.40","203.40","Visa","E-Commerce","London","Ontario"
"89JN-QFV4-5L3A","Completed","6/14/2026","12:24 AM","America/Toronto","","true","375814","madelyn.mccarthy@hotmail.com","Madelyn Mccarthy","","375814","madelyn.mccarthy@hotmail.com","Madelyn Mccarthy","4x Membership // London","21999","22000","216300284773","4x-membership-lo-memberships-280","","","Memberships","","","Completed","6/14/2026","CAD","1","80.00","80.00","10.40","90.40","Visa","E-Commerce","London","Ontario"
"X7S4-D47B-5L3A","Completed","6/14/2026","8:19 AM","America/Toronto","","true","360260","jackie.wilkins@bell.net","Jackie Wilkins","","360260","jackie.wilkins@bell.net","Jackie Wilkins","Late Cancel Charge","14688","14690","036981809486","late-cancel-fee-penalty-fees-771","","","Penalty Fees","","","Completed","6/14/2026","CAD","1","15.00","15.00","1.95","16.95","Visa","E-Commerce","London","Ontario"
"U8FR-4VU4-5L3A","Completed","6/14/2026","8:19 AM","America/Toronto","","true","398074","begum.komurcuoglu@gmail.com","Begum Komurcuoglu","","398074","begum.komurcuoglu@gmail.com","Begum Komurcuoglu","Late Cancel Charge","14688","14690","036981809486","late-cancel-fee-penalty-fees-771","","","Penalty Fees","","","Completed","6/14/2026","CAD","1","15.00","15.00","1.95","16.95","Visa","E-Commerce","London","Ontario"
"CXPU-24ZF-5L3A","Completed","6/14/2026","9:16 AM","America/Toronto","","true","252943","cormierjanelle3@gmail.com","Janelle Cormier","","252943","cormierjanelle3@gmail.com","Janelle Cormier","Late Cancel Charge","14688","14690","036981809486","late-cancel-fee-penalty-fees-771","","","Penalty Fees","","","Completed","6/14/2026","CAD","1","15.00","15.00","1.95","16.95","Mastercard","E-Commerce","London","Ontario"
"8GFQ-5R9N-5L3A","Completed","6/14/2026","9:16 AM","America/Toronto","","true","363395","derek@cardy.ca","Derek Cardy","","363395","derek@cardy.ca","Derek Cardy","Late Cancel Charge","14688","14690","036981809486","late-cancel-fee-penalty-fees-771","","","Penalty Fees","","","Completed","6/14/2026","CAD","1","15.00","15.00","1.95","16.95","Visa","E-Commerce","London","Ontario"
"CSCB-FAPQ-5L3A","Completed","6/14/2026","10:14 AM","America/Toronto","","false","349375","aya.risha17@gmail.com","Aya Risha","","349375","aya.risha17@gmail.com","Aya Risha","One Class Card // London","20798","20799","760445337951","one-class-card-l-credits-347","","","Credits","","","Completed","6/14/2026","CAD","1","25.00","25.00","3.25","28.25","Visa","E-Commerce","London","Ontario"
"X3WJ-RVA8-5L3A","Completed","6/14/2026","10:16 AM","America/Toronto","","true","363395","derek@cardy.ca","Derek Cardy","","363395","derek@cardy.ca","Derek Cardy","Late Cancel Charge","14688","14690","036981809486","late-cancel-fee-penalty-fees-771","","","Penalty Fees","","","Completed","6/14/2026","CAD","1","15.00","15.00","1.95","16.95","Visa","E-Commerce","London","Ontario"
"2KYF-7QBY-5L3A","Completed","6/14/2026","10:16 AM","America/Toronto","","true","371018","safiyah.lawendy@gmail.com","Safiyah Lawendy","","371018","safiyah.lawendy@gmail.com","Safiyah Lawendy","No Show Charge","14687","14689","489143084327","no-show-fee-penalty-fees-498","","","Penalty Fees","","","Completed","6/14/2026","CAD","1","20.00","20.00","2.60","22.60","Visa","E-Commerce","London","Ontario"
"HU77-5HMC-5L3A","Completed","6/14/2026","10:49 AM","America/Toronto","desktop","false","394135","elaf.th15@gmail.com","Elaf H","","347301","london@spinco.ca","SPINCO London","SPINCO London Crewneck","24949","24950","966088003820","spinco-london-cr-clothing-144","Blue","","Clothing","","","Completed","6/14/2026","CAD","1","49.99","49.99","6.50","56.49","Visa","In-Store","London","Ontario"
"SA4W-H34P-5L3A","Partially Refunded","6/14/2026","10:59 AM","America/Toronto","desktop","false","378483","maddieivatts@outlook.com","Maddie Ivatts","","347301","london@spinco.ca","SPINCO London","SPINCO London Crewneck","24949","24950","966088003820","spinco-london-cr-clothing-144","Blue","","Clothing","","","Completed","6/14/2026","CAD","2","99.98","99.98","13.00","112.98","Visa","In-Store","London","Ontario"
"FCPB-YV4E-5L3A","Completed","6/14/2026","11:17 AM","America/Toronto","","true","401259","danny_23r@hotmail.com","Daniella Laserna","","401259","danny_23r@hotmail.com","Daniella Laserna","Late Cancel Charge","14688","14690","036981809486","late-cancel-fee-penalty-fees-771","","","Penalty Fees","","","Completed","6/14/2026","CAD","1","15.00","15.00","1.95","16.95","Visa","E-Commerce","London","Ontario"
"EH9N-M44X-5L3A","Completed","6/14/2026","2:11 PM","America/Toronto","","false","400662","chanelallen89@yahoo.com","Chanel Allen","","400662","chanelallen89@yahoo.com","Chanel Allen","Five Class Card // London","20802","20803","488719457552","five-class-card--credits-078","","","Credits","","","Completed","6/14/2026","CAD","1","110.00","110.00","14.30","124.30","Visa","E-Commerce","London","Ontario"
"VX53-KW82-5L3A","Completed","6/14/2026","2:19 PM","America/Toronto","","false","391405","genahewitt12@hotmail.com","Gena Hewitt","","391405","genahewitt12@hotmail.com","Gena Hewitt","Spin-It-Forward // London","20792","20793","964245982422","spin-it-forward--credits-429","","","Credits","","","Completed","6/14/2026","CAD","1","10.00","10.00","1.30","11.30","Visa","E-Commerce","London","Ontario"
"G74J-S6WA-5L3A","Completed","6/14/2026","2:19 PM","America/Toronto","","true","390506","lxlxcasey@gmail.com","Casey Lin","","390506","lxlxcasey@gmail.com","Casey Lin","Late Cancel Charge","14688","14690","036981809486","late-cancel-fee-penalty-fees-771","","","Penalty Fees","","","Completed","6/14/2026","CAD","1","15.00","15.00","1.95","16.95","Visa","E-Commerce","London","Ontario"
"83NF-H8CZ-5L3A","Completed","6/14/2026","2:48 PM","America/Toronto","","false","359884","vivybear@hotmail.co.uk","Vivian Chan","","359884","vivybear@hotmail.co.uk","Vivian Chan","Spin-It-Forward // London","20792","20793","964245982422","spin-it-forward--credits-429","","","Credits","","","Completed","6/14/2026","CAD","1","10.00","10.00","1.30","11.30","Visa","E-Commerce","London","Ontario"
"M7YC-YXRH-5L3A","Completed","6/14/2026","3:39 PM","America/Toronto","","false","365538","sarah.c.watson03@gmail.com","Sarah Watson","","365538","sarah.c.watson03@gmail.com","Sarah Watson","Five Class Card // London","20802","20803","488719457552","five-class-card--credits-078","","","Credits","","","Completed","6/14/2026","CAD","1","93.50","110.00","12.16","105.66","Visa","E-Commerce","London","Ontario"
"W5EB-GM8R-5L3A","Completed","6/14/2026","4:16 PM","America/Toronto","","true","252943","cormierjanelle3@gmail.com","Janelle Cormier","","252943","cormierjanelle3@gmail.com","Janelle Cormier","Late Cancel Charge","14688","14690","036981809486","late-cancel-fee-penalty-fees-771","","","Penalty Fees","","","Completed","6/14/2026","CAD","1","15.00","15.00","1.95","16.95","Mastercard","E-Commerce","London","Ontario"
"GBAZ-7RE2-5L3A","Completed","6/14/2026","4:16 PM","America/Toronto","","true","198001","jadynclark@gmail.com","Jadyn Clark","","198001","jadynclark@gmail.com","Jadyn Clark","Late Cancel Charge","14688","14690","036981809486","late-cancel-fee-penalty-fees-771","","","Penalty Fees","","","Completed","6/14/2026","CAD","1","15.00","15.00","1.95","16.95","Visa","E-Commerce","London","Ontario"
"FEHC-FUUU-5L3A","Completed","6/14/2026","6:39 PM","America/Toronto","","false","363395","derek@cardy.ca","Derek Cardy","","363395","derek@cardy.ca","Derek Cardy","One Class Card // London","20798","20799","760445337951","one-class-card-l-credits-347","","","Credits","","","Completed","6/14/2026","CAD","1","25.00","25.00","3.25","28.25","Visa","E-Commerce","London","Ontario"
"HNNZ-2939-5L3A","Completed","6/14/2026","7:03 PM","America/Toronto","","false","390178","daniellewin13@hotmail.com","Daniel Lewin","","390178","daniellewin13@hotmail.com","Daniel Lewin","One Class Card // London","20798","20799","760445337951","one-class-card-l-credits-347","","","Credits","","","Completed","6/14/2026","CAD","1","25.00","25.00","3.25","28.25","Visa","E-Commerce","London","Ontario"
"3KKT-XZ8D-5L3B","Completed","6/14/2026","8:21 PM","America/Toronto","","false","346976","anna.j.mawhinney@gmail.com","Anna Mawhinney","","346976","anna.j.mawhinney@gmail.com","Anna Mawhinney","One Class Card // London","20798","20799","760445337951","one-class-card-l-credits-347","","","Credits","","","Completed","6/14/2026","CAD","1","25.00","25.00","3.25","28.25","Mastercard","E-Commerce","London","Ontario"
"KEXP-NRZK-5L3B","Completed","6/14/2026","9:07 PM","America/Toronto","","false","394564","melo_lucia13@outlook.com","Lucia Melo","","394564","melo_lucia13@outlook.com","Lucia Melo","Spin-It-Forward // London","20792","20793","964245982422","spin-it-forward--credits-429","","","Credits","","","Completed","6/14/2026","CAD","1","10.00","10.00","1.30","11.30","Mastercard","E-Commerce","London","Ontario"
"9GKW-9G3U-5L3B","Completed","6/14/2026","9:33 PM","America/Toronto","","false","358247","nadaodat1@gmail.com","Nada Abdallah","","358247","nadaodat1@gmail.com","Nada Abdallah","Spin-It-Forward // London","20792","20793","964245982422","spin-it-forward--credits-429","","","Credits","","","Completed","6/14/2026","CAD","1","10.00","10.00","1.30","11.30","Visa","E-Commerce","London","Ontario"
"FDQ9-B32R-5L3B","Completed","6/15/2026","12:09 AM","America/Toronto","","false","400208","alretage.albader@gmail.com","Retage Al Bader","","400208","alretage.albader@gmail.com","Retage Al Bader","Ten Class Card // London","20794","20795","456569691604","ten-class-card-l-credits-104","","","Credits","","","Completed","6/15/2026","CAD","1","200.00","200.00","26.00","226.00","Visa","E-Commerce","London","Ontario"
"YSDP-S4C9-5L3B","Completed","6/15/2026","12:24 AM","America/Toronto","","true","388779","joseniov@yahoo.com","Jose Villamater","","388779","joseniov@yahoo.com","Jose Villamater","Unlimited Membership // London","21995","21996","447442561003","unlimited-member-memberships-867","","","Memberships","","","Completed","6/15/2026","CAD","1","200.00","200.00","26.00","226.00","Mastercard","E-Commerce","London","Ontario"
"3BU9-ZR8X-5L3B","Completed","6/15/2026","12:24 AM","America/Toronto","","true","230166","michelleyee1121@gmail.com","Michelle Yee","","230166","michelleyee1121@gmail.com","Michelle Yee","8x Monthly Membership // 10% OFF PRE-SALE (London)","20864","20865","581083306841","8x-monthly-membe-memberships-014","","","Memberships","","","Completed","6/15/2026","CAD","1","150.00","150.00","19.50","169.50","American Express","E-Commerce","London","Ontario"
"V3GM-BYXM-5L3B","Completed","6/15/2026","12:24 AM","America/Toronto","","true","354079","jessica.campbell@rogers.com","Jessica Campbell","","354079","jessica.campbell@rogers.com","Jessica Campbell","Unlimited Monthly Membership // London *GRANDFATHERED","20834","20835","254627090190","unlimited-classe-memberships-530","","","Memberships","","","Completed","6/15/2026","CAD","1","200.00","200.00","26.00","226.00","Visa","E-Commerce","London","Ontario"
"B66B-2EH9-5L3B","Completed","6/15/2026","12:24 AM","America/Toronto","","true","361749","alissamitchell@rogers.com","Alissa Mitchell","","361749","alissamitchell@rogers.com","Alissa Mitchell","Unlimited Monthly Membership // London *GRANDFATHERED","20834","20835","254627090190","unlimited-classe-memberships-530","","","Memberships","","","Completed","6/15/2026","CAD","1","200.00","200.00","26.00","226.00","Visa","E-Commerce","London","Ontario"
"YNMU-BJHW-5L3B","Completed","6/15/2026","12:24 AM","America/Toronto","","true","355393","kayansultan21@gmail.com","Kayan Sultan","","355393","kayansultan21@gmail.com","Kayan Sultan","Student Monthly Membership // London","21738","21739","582370867097","student-monthly--memberships-495","","","Memberships","","","Completed","6/15/2026","CAD","1","175.00","175.00","22.75","197.75","Mastercard","E-Commerce","London","Ontario"
"Y5EF-RHQX-5L3B","Completed","6/15/2026","12:24 AM","America/Toronto","","true","349983","keisha_joseph@hotmail.ca","Keisha Joseph","","349983","keisha_joseph@hotmail.ca","Keisha Joseph","4x Membership // London","21999","22000","216300284773","4x-membership-lo-memberships-280","","","Memberships","","","Completed","6/15/2026","CAD","1","80.00","80.00","10.40","90.40","Visa","E-Commerce","London","Ontario"
"6PYM-PKQ9-5L3B","Completed","6/15/2026","12:24 AM","America/Toronto","","true","378014","valeskadegouveia@hotmail.com","Valeska De Gouveia","","378014","valeskadegouveia@hotmail.com","Valeska De Gouveia","4x Membership // London","21999","22000","216300284773","4x-membership-lo-memberships-280","","","Memberships","","","Completed","6/15/2026","CAD","1","80.00","80.00","10.40","90.40","Mastercard","E-Commerce","London","Ontario"
"D7BM-A3BE-5L3B","Completed","6/15/2026","12:24 AM","America/Toronto","","true","381015","graygrassconsulting@gmail.com","BRITT WEBB","","381015","graygrassconsulting@gmail.com","BRITT WEBB","Unlimited Membership // London","21995","21996","447442561003","unlimited-member-memberships-867","","","Memberships","","","Completed","6/15/2026","CAD","1","200.00","200.00","26.00","226.00","Mastercard","E-Commerce","London","Ontario"
"ZA5V-EWGY-5L3B","Completed","6/15/2026","5:08 AM","America/Toronto","","false","374786","raquelcedeno03@outlook.com","Raquel Cedeno","","374786","raquelcedeno03@outlook.com","Raquel Cedeno","One Class Card // London","20798","20799","760445337951","one-class-card-l-credits-347","","","Credits","","","Completed","6/15/2026","CAD","1","25.00","25.00","3.25","28.25","Visa","E-Commerce","London","Ontario"
"TTJC-KHK4-5L3B","Completed","6/15/2026","6:19 AM","America/Toronto","","true","363395","derek@cardy.ca","Derek Cardy","","363395","derek@cardy.ca","Derek Cardy","No Show Charge","14687","14689","489143084327","no-show-fee-penalty-fees-498","","","Penalty Fees","","","Completed","6/15/2026","CAD","1","20.00","20.00","2.60","22.60","Visa","E-Commerce","London","Ontario"
"8UHP-A2PZ-5L3B","Completed","6/15/2026","6:55 AM","America/Toronto","desktop","false","380674","mervebozkurtt.41@gmail.com","Merve Bozkurt","","236028","lilysfrancis@gmail.com","Lily Francis","Coffee // London","23655","23656","087239269521","coffee-london-food-and-beverag-851","","","Food and Beverage","","","Completed","6/15/2026","CAD","1","1.50","1.50","0.20","1.70","Mastercard","In-Store","London","Ontario"
"BGCN-ZYYV-5L3B","Completed","6/15/2026","8:41 AM","America/Toronto","","false","380354","kenndall-ba@hotmail.com","Kenndall Skowronski","","380354","kenndall-ba@hotmail.com","Kenndall Skowronski","Spin-It-Forward // London","20792","20793","964245982422","spin-it-forward--credits-429","","","Credits","","","Completed","6/15/2026","CAD","1","10.00","10.00","1.30","11.30","Visa","E-Commerce","London","Ontario"
"GKKQ-ZVW8-5L3B","Completed","6/15/2026","10:04 AM","America/Toronto","","false","358618","hooraesteph@gmail.com","Stephanie Rae","","358618","hooraesteph@gmail.com","Stephanie Rae","One Class Card // London","20798","20799","760445337951","one-class-card-l-credits-347","","","Credits","","","Completed","6/15/2026","CAD","3","75.00","75.00","9.75","84.75","Account balance, Visa","E-Commerce","London","Ontario"
"DSCZ-U7DW-5L3B","Completed","6/15/2026","10:12 AM","America/Toronto","","false","401520","maddieclarke1338@yahoo.ca","Madison Menas","","401520","maddieclarke1338@yahoo.ca","Madison Menas","One Class Card // London","20798","20799","760445337951","one-class-card-l-credits-347","","","Credits","","","Completed","6/15/2026","CAD","1","25.00","25.00","3.25","28.25","Mastercard","E-Commerce","London","Ontario"
"E4V5-PEWY-5L3B","Completed","6/15/2026","10:53 AM","America/Toronto","","true","352814","dehliamcdonald@gmail.com","Dehlia McDonald","","352814","dehliamcdonald@gmail.com","Dehlia McDonald","Staff Membership // London","20830","20831","898235312897","staff-membership-memberships-735","","","Memberships","","","Completed","6/15/2026","CAD","1","0.00","0.00","0.00","0.00","No Charge","E-Commerce","London","Ontario"
"HCUH-FA8N-5L3B","Completed","6/15/2026","12:09 PM","America/Toronto","","false","403261","m_skocir@hotmail.com","Maya Skocir","","403261","m_skocir@hotmail.com","Maya Skocir","New Rider Special // London","21051","21052","288040778473","new-rider-specia-memberships-503","","","Memberships","","","Completed","6/15/2026","CAD","1","50.00","50.00","6.50","56.50","Visa","E-Commerce","London","Ontario"
"GQ4J-MFJT-5L3B","Completed","6/15/2026","12:35 PM","America/Toronto","","false","377128","mgarciat@uwo.ca","Mariana Garcia","","377128","mgarciat@uwo.ca","Mariana Garcia","One Class Card // London","20798","20799","760445337951","one-class-card-l-credits-347","","","Credits","","","Completed","6/15/2026","CAD","1","25.00","25.00","3.25","28.25","Mastercard","E-Commerce","London","Ontario"
"A9SD-JZY3-5L3B","Completed","6/15/2026","1:03 PM","America/Toronto","","false","351404","libertad.melendez1@gmail.com","Libertad Melendez","","351404","libertad.melendez1@gmail.com","Libertad Melendez","Spin-It-Forward // London","20792","20793","964245982422","spin-it-forward--credits-429","","","Credits","","","Completed","6/15/2026","CAD","1","10.00","10.00","1.30","11.30","Visa","E-Commerce","London","Ontario"
"YN6H-XAQ9-5L3B","Completed","6/15/2026","1:03 PM","America/Toronto","","false","368088","emma.calcutt5@gmail.com","Emma Calcutt","","368088","emma.calcutt5@gmail.com","Emma Calcutt","Spin-It-Forward // London","20792","20793","964245982422","spin-it-forward--credits-429","","","Credits","","","Completed","6/15/2026","CAD","1","10.00","10.00","1.30","11.30","Visa","E-Commerce","London","Ontario"
"HGZ8-7YM5-5L3B","Completed","6/15/2026","1:03 PM","America/Toronto","","false","348678","hurstmarissa9@gmail.com","Marissa Hurst","","348678","hurstmarissa9@gmail.com","Marissa Hurst","Spin-It-Forward // London","20792","20793","964245982422","spin-it-forward--credits-429","","","Credits","","","Completed","6/15/2026","CAD","1","10.00","10.00","1.30","11.30","Visa","E-Commerce","London","Ontario"
"UVHZ-27RB-5L3B","Completed","6/15/2026","1:06 PM","America/Toronto","","false","376690","julierayad@gmail.com","Julie Ayad","","376690","julierayad@gmail.com","Julie Ayad","Five Class Card // London","20802","20803","488719457552","five-class-card--credits-078","","","Credits","","","Completed","6/15/2026","CAD","1","110.00","110.00","14.30","124.30","American Express","E-Commerce","London","Ontario"
"92SJ-BMWV-5L3B","Completed","6/15/2026","1:48 PM","America/Toronto","","false","394810","mariam_ktaily@hotmail.com","Mariam Ktaily","","394810","mariam_ktaily@hotmail.com","Mariam Ktaily","One Class Card // London","20798","20799","760445337951","one-class-card-l-credits-347","","","Credits","","","Completed","6/15/2026","CAD","1","25.00","25.00","3.25","28.25","Mastercard","E-Commerce","London","Ontario"
"HRZ6-E6EX-5L3B","Completed","6/15/2026","2:03 PM","America/Toronto","","false","374483","amandajmead4@gmail.com","Amanda Mead","","374483","amandajmead4@gmail.com","Amanda Mead","Spin-It-Forward // London","20792","20793","964245982422","spin-it-forward--credits-429","","","Credits","","","Completed","6/15/2026","CAD","1","10.00","10.00","1.30","11.30","Visa","E-Commerce","London","Ontario"
"CRC5-PRBK-5L3B","Completed","6/15/2026","4:36 PM","America/Toronto","","false","358618","hooraesteph@gmail.com","Stephanie Rae","","358618","hooraesteph@gmail.com","Stephanie Rae","One Class Card // London","20798","20799","760445337951","one-class-card-l-credits-347","","","Credits","","","Completed","6/15/2026","CAD","1","25.00","25.00","3.25","28.25","Visa","E-Commerce","London","Ontario"
"ANVT-TMDH-5L3B","Completed","6/15/2026","4:50 PM","America/Toronto","","false","378014","valeskadegouveia@hotmail.com","Valeska De Gouveia","","378014","valeskadegouveia@hotmail.com","Valeska De Gouveia","Spin-It-Forward // London","20792","20793","964245982422","spin-it-forward--credits-429","","","Credits","","","Completed","6/15/2026","CAD","1","10.00","10.00","1.30","11.30","Mastercard","E-Commerce","London","Ontario"
"6B28-X9SF-5L3B","Completed","6/15/2026","5:06 PM","America/Toronto","","false","402208","hifabumuyi12@hotmail.com","Haille Ifabumuyi","","402208","hifabumuyi12@hotmail.com","Haille Ifabumuyi","Spin-It-Forward // London","20792","20793","964245982422","spin-it-forward--credits-429","","","Credits","","","Completed","6/15/2026","CAD","1","10.00","10.00","1.30","11.30","Visa","E-Commerce","London","Ontario"
"HBKG-FQF6-5L3B","Completed","6/15/2026","5:13 PM","America/Toronto","desktop","false","222964","abmitch99@yahoo.ca","Abby Mitchell","","347195","lviner@hotmail.com","Laura Viner","SPINCO Water","19657","19658","469973764933","spinco-water-water-914","","","Water","Arctic Chiller","","Completed","6/15/2026","CAD","1","2.50","2.50","0.33","2.83","Visa","In-Store","London","Ontario"
"UZ8V-VB2S-5L3B","Completed","6/15/2026","5:32 PM","America/Toronto","","false","394135","elaf.th15@gmail.com","Elaf H","","394135","elaf.th15@gmail.com","Elaf H","One Class Card // London","20798","20799","760445337951","one-class-card-l-credits-347","","","Credits","","","Completed","6/15/2026","CAD","1","25.00","25.00","3.25","28.25","Visa","E-Commerce","London","Ontario"
"WAWU-3QVC-5L3B","Completed","6/15/2026","5:33 PM","America/Toronto","","false","401456","lmw7543@gmail.com","Lisa Weir","","401456","lmw7543@gmail.com","Lisa Weir","One Class Card // London","20798","20799","760445337951","one-class-card-l-credits-347","","","Credits","","","Completed","6/15/2026","CAD","1","25.00","25.00","3.25","28.25","Mastercard","E-Commerce","London","Ontario"
"CR23-KHUC-5L3B","Completed","6/15/2026","5:33 PM","America/Toronto","","false","401801","s.highgate@hotmail.com","Samantha Highgate","","401801","s.highgate@hotmail.com","Samantha Highgate","One Class Card // London","20798","20799","760445337951","one-class-card-l-credits-347","","","Credits","","","Completed","6/15/2026","CAD","1","25.00","25.00","3.25","28.25","Visa","E-Commerce","London","Ontario"
"KVVM-VDFW-5L3B","Completed","6/15/2026","6:15 PM","America/Toronto","","false","389444","angela-green123@outlook.com","Angela Green","","389444","angela-green123@outlook.com","Angela Green","Unlimited Membership // London","21995","21996","447442561003","unlimited-member-memberships-867","","","Memberships","","","Completed","6/15/2026","CAD","1","200.00","200.00","26.00","226.00","Mastercard","E-Commerce","London","Ontario"
"72PU-7WAH-5L3B","Completed","6/15/2026","6:16 PM","America/Toronto","","true","371880","shylabhayana@gmail.com","Shyla Bhayana","","371880","shylabhayana@gmail.com","Shyla Bhayana","No Show Charge","14687","14689","489143084327","no-show-fee-penalty-fees-498","","","Penalty Fees","","","Completed","6/15/2026","CAD","1","20.00","20.00","2.60","22.60","American Express","E-Commerce","London","Ontario"
"ZUCW-C2WX-5L3B","Completed","6/15/2026","6:27 PM","America/Toronto","desktop","false","370426","hshorting@gmail.com","Haley Shorting","","347301","london@spinco.ca","SPINCO London","SPINCO Water","19657","19658","469973764933","spinco-water-water-914","","","Water","Arctic Chiller","","Completed","6/15/2026","CAD","1","2.50","2.50","0.33","2.83","Visa","In-Store","London","Ontario"
"RJNJ-36YW-5L3B","Completed","6/15/2026","6:35 PM","America/Toronto","","false","378608","jmary0638@gmail.com","Angel Joseph","","378608","jmary0638@gmail.com","Angel Joseph","One Class Card // London","20798","20799","760445337951","one-class-card-l-credits-347","","","Credits","","","Completed","6/15/2026","CAD","1","25.00","25.00","3.25","28.25","Visa","E-Commerce","London","Ontario"
"9KPA-QVZR-5L3B","Completed","6/15/2026","7:00 PM","America/Toronto","","false","402738","emilylomas2001@gmail.com","Emily Lomas","","402738","emilylomas2001@gmail.com","Emily Lomas","One Class Card // London","20798","20799","760445337951","one-class-card-l-credits-347","","","Credits","","","Completed","6/15/2026","CAD","1","25.00","25.00","3.25","28.25","Visa","E-Commerce","London","Ontario"
"PF45-HPRV-5L3B","Completed","6/15/2026","7:01 PM","America/Toronto","","false","369789","natalia.szcz13@gmail.com","Natalia Szczesny","","369789","natalia.szcz13@gmail.com","Natalia Szczesny","One Class Card // London","20798","20799","760445337951","one-class-card-l-credits-347","","","Credits","","","Completed","6/15/2026","CAD","1","25.00","25.00","3.25","28.25","Visa","E-Commerce","London","Ontario"
"XWA9-5GH6-5L3B","Completed","6/15/2026","7:04 PM","America/Toronto","","false","377128","mgarciat@uwo.ca","Mariana Garcia","","377128","mgarciat@uwo.ca","Mariana Garcia","One Class Card // London","20798","20799","760445337951","one-class-card-l-credits-347","","","Credits","","","Completed","6/15/2026","CAD","2","50.00","50.00","6.50","56.50","Mastercard","E-Commerce","London","Ontario"
"XST7-94B8-5L3B","Completed","6/15/2026","7:08 PM","America/Toronto","","false","384867","derita.soares@icloud.com","Derita Soares","","384867","derita.soares@icloud.com","Derita Soares","One Class Card // London","20798","20799","760445337951","one-class-card-l-credits-347","","","Credits","","","Completed","6/15/2026","CAD","1","25.00","25.00","3.25","28.25","Visa","E-Commerce","London","Ontario"
"DN7W-HM26-5L3B","Completed","6/15/2026","7:20 PM","America/Toronto","","false","403362","lavinia.sefein@gmail.com","Lavinia Sefein","","403362","lavinia.sefein@gmail.com","Lavinia Sefein","One Class Card // London","20798","20799","760445337951","one-class-card-l-credits-347","","","Credits","","","Completed","6/15/2026","CAD","1","25.00","25.00","3.25","28.25","Visa","E-Commerce","London","Ontario"
"WG4W-48SH-5L3C","Completed","6/15/2026","8:15 PM","America/Toronto","","false","403373","mm_gonz@hotmail.com","Michelle Gonzalez","","403373","mm_gonz@hotmail.com","Michelle Gonzalez","One Class Card // London","20798","20799","760445337951","one-class-card-l-credits-347","","","Credits","","","Completed","6/15/2026","CAD","1","25.00","25.00","3.25","28.25","Visa","E-Commerce","London","Ontario"
"QNTV-Z9AG-5L3C","Completed","6/15/2026","8:26 PM","America/Toronto","","false","403361","nicoleguiho@gmail.com","Nicole Guiho","","403361","nicoleguiho@gmail.com","Nicole Guiho","One Class Card // London","20798","20799","760445337951","one-class-card-l-credits-347","","","Credits","","","Completed","6/15/2026","CAD","1","25.00","25.00","3.25","28.25","Mastercard","E-Commerce","London","Ontario"
"8SC2-22ND-5L3C","Completed","6/15/2026","9:07 PM","America/Toronto","","false","349029","jessicaashleigh@live.ca","Jess Bray","","349029","jessicaashleigh@live.ca","Jess Bray","One Class Card // London","20798","20799","760445337951","one-class-card-l-credits-347","","","Credits","","","Completed","6/15/2026","CAD","1","25.00","25.00","3.25","28.25","Visa","E-Commerce","London","Ontario"
"5MV5-DZZY-5L3C","Completed","6/15/2026","9:34 PM","America/Toronto","","false","403388","paulaniol2001@gmail.com","Paulina Aniol","","403388","paulaniol2001@gmail.com","Paulina Aniol","New Rider Special // London","21051","21052","288040778473","new-rider-specia-memberships-503","","","Memberships","","","Completed","6/15/2026","CAD","1","50.00","50.00","6.50","56.50","Mastercard","E-Commerce","London","Ontario"
"58BW-PTQX-5L3C","Completed","6/15/2026","9:53 PM","America/Toronto","desktop","false","362877","maya.khemlin@gmail.com","Maya Khemlin","","382306","michellejcallander@gmail.com","Michelle Callandar","8x Membership // London Summer Sale","25657","25658","913533113208","8x-membership-bu-memberships-078","","","Memberships","","","Completed","6/15/2026","CAD","1","127.00","127.00","16.51","143.51","Visa","In-Store","London","Ontario"
"GXYE-DB9D-5L3C","Completed","6/15/2026","9:58 PM","America/Toronto","","false","390386","kylegroenen@gmail.com","Kyle Groenenberg","","390386","kylegroenen@gmail.com","Kyle Groenenberg","One Class Card // London","20798","20799","760445337951","one-class-card-l-credits-347","","","Credits","","","Completed","6/15/2026","CAD","1","25.00","25.00","3.25","28.25","Visa","E-Commerce","London","Ontario"
"GXH2-YXER-5L3C","Completed","6/15/2026","9:59 PM","America/Toronto","desktop","false","381782","javeriahassan@windowslive.com","Javeria Hasan","","382306","michellejcallander@gmail.com","Michelle Callandar","4x Membership // London Summer Sale","25653","25654","346308480296","4x-membership-bu-memberships-912","","","Memberships","","","Completed","6/15/2026","CAD","1","69.00","69.00","8.97","77.97","Visa","In-Store","London","Ontario"
"WG4Z-FYZW-5L3C","Completed","6/15/2026","10:00 PM","America/Toronto","","false","397126","webby9002@gmail.com","James Webb","","397126","webby9002@gmail.com","James Webb","Spin-It-Forward // London","20792","20793","964245982422","spin-it-forward--credits-429","","","Credits","","","Completed","6/15/2026","CAD","1","10.00","10.00","1.30","11.30","Visa","E-Commerce","London","Ontario"
"QH75-Q64B-5L3C","Completed","6/15/2026","10:01 PM","America/Toronto","desktop","false","379914","camilajc08@gmail.com","cami jerez","","382306","michellejcallander@gmail.com","Michelle Callandar","4x Membership // London Summer Sale","25653","25654","346308480296","4x-membership-bu-memberships-912","","","Memberships","","","Completed","6/15/2026","CAD","1","69.00","69.00","8.97","77.97","Mastercard","In-Store","London","Ontario"
"HKTQ-QPCB-5L3C","Completed","6/15/2026","10:04 PM","America/Toronto","desktop","false","370426","hshorting@gmail.com","Haley Shorting","","382306","michellejcallander@gmail.com","Michelle Callandar","4x Membership // London Summer Sale","25653","25654","346308480296","4x-membership-bu-memberships-912","","","Memberships","","","Completed","6/15/2026","CAD","1","69.00","69.00","8.97","77.97","Visa","In-Store","London","Ontario"
"RT45-N45F-5L3C","Completed","6/15/2026","10:05 PM","America/Toronto","desktop","false","263358","ellagrenier13@gmail.com","Ella Grenier","","382306","michellejcallander@gmail.com","Michelle Callandar","8x Membership // London Summer Sale","25657","25658","913533113208","8x-membership-bu-memberships-078","","","Memberships","","","Completed","6/15/2026","CAD","1","127.00","127.00","16.51","143.51","Visa","In-Store","London","Ontario"
"BWSE-S4TS-5L3C","Completed","6/15/2026","10:07 PM","America/Toronto","desktop","false","349983","keisha_joseph@hotmail.ca","Keisha Joseph","","382306","michellejcallander@gmail.com","Michelle Callandar","4x Membership // London Summer Sale","25653","25654","346308480296","4x-membership-bu-memberships-912","","","Memberships","","","Completed","6/15/2026","CAD","1","69.00","69.00","8.97","77.97","Visa","In-Store","London","Ontario"
"PMGA-SRB6-5L3C","Completed","6/15/2026","10:08 PM","America/Toronto","desktop","false","378557","ryanpatrickdaluyen@gmail.com","Ryan Daluyen","","382306","michellejcallander@gmail.com","Michelle Callandar","Unlimited Membership // London Summer Sale","25655","25656","961992957372","unlimited-member-memberships-020","","","Memberships","","","Completed","6/15/2026","CAD","1","169.00","169.00","21.97","190.97","Mastercard","In-Store","London","Ontario"
"H8FZ-DG9X-5L3C","Completed","6/15/2026","10:51 PM","America/Toronto","","false","391535","lam.sandy91@gmail.com","Sandy Lam","","391535","lam.sandy91@gmail.com","Sandy Lam","Spin-It-Forward // London","20792","20793","964245982422","spin-it-forward--credits-429","","","Credits","","","Completed","6/15/2026","CAD","1","10.00","10.00","1.30","11.30","Visa","E-Commerce","London","Ontario"
"BCZQ-658F-5L0U","Completed","5/26/2026","4:19 PM","America/Toronto","","true","391535","lam.sandy91@gmail.com","Sandy Lam","","391535","lam.sandy91@gmail.com","Sandy Lam","4x Membership // London Summer Sale","25653","25654","346308480296","4x-membership-bu-memberships-912","","","Memberships","","","Completed","6/16/2026","CAD","1","69.00","69.00","8.97","77.97","Visa","E-Commerce","London","Ontario"
"GYXK-FYXR-5L3C","Completed","6/16/2026","12:51 AM","America/Toronto","","false","400614","sarahmarotta@gmail.com","Sarah Marotta","","400614","sarahmarotta@gmail.com","Sarah Marotta","Spin-It-Forward // London","20792","20793","964245982422","spin-it-forward--credits-429","","","Credits","","","Completed","6/16/2026","CAD","1","10.00","10.00","1.30","11.30","Visa","E-Commerce","London","Ontario"
"Z7JP-7KJT-5L3C","Completed","6/16/2026","12:58 AM","America/Toronto","","true","369246","fmacd039@uottawa.ca","FIONA MACDONALD","","369246","fmacd039@uottawa.ca","FIONA MACDONALD","Unlimited Membership // London","21995","21996","447442561003","unlimited-member-memberships-867","","","Memberships","","","Completed","6/16/2026","CAD","1","200.00","200.00","26.00","226.00","Visa","E-Commerce","London","Ontario"
"59B9-5YZQ-5L3C","Completed","6/16/2026","7:49 AM","America/Toronto","desktop","false","369246","fmacd039@uottawa.ca","FIONA MACDONALD","","347301","london@spinco.ca","SPINCO London","Coffee // London","23655","23656","087239269521","coffee-london-food-and-beverag-851","","","Food and Beverage","","","Completed","6/16/2026","CAD","1","1.50","1.50","0.20","1.70","Visa","In-Store","London","Ontario"
"9F4R-4ZC3-5L3C","Completed","6/16/2026","8:21 AM","America/Toronto","","false","397356","katherineklaragrace@gmail.com","Klara Grace","","397356","katherineklaragrace@gmail.com","Klara Grace","One Class Card // London","20798","20799","760445337951","one-class-card-l-credits-347","","","Credits","","","Completed","6/16/2026","CAD","1","25.00","25.00","3.25","28.25","Visa","E-Commerce","London","Ontario"
"HR5J-79NX-5L3C","Completed","6/16/2026","9:27 AM","America/Toronto","","false","402959","aimeezhangq@gmail.com","Aimee Zhang","","402959","aimeezhangq@gmail.com","Aimee Zhang","New Rider Special // London","21051","21052","288040778473","new-rider-specia-memberships-503","","","Memberships","","","Completed","6/16/2026","CAD","1","50.00","50.00","6.50","56.50","Visa","E-Commerce","London","Ontario"
"RVRQ-5MKA-5L3C","Completed","6/16/2026","9:38 AM","America/Toronto","","false","402763","emilyk2766@gmail.com","Emily Kriz","","402763","emilyk2766@gmail.com","Emily Kriz","New Rider Special // London","21051","21052","288040778473","new-rider-specia-memberships-503","","","Memberships","","","Completed","6/16/2026","CAD","1","50.00","50.00","6.50","56.50","Visa","E-Commerce","London","Ontario"
"EQ2M-J6PK-5L3C","Completed","6/16/2026","9:44 AM","America/Toronto","","false","403434","yjsu1018@gmail.com","Yuejia Su","","403434","yjsu1018@gmail.com","Yuejia Su","New Rider Special // London","21051","21052","288040778473","new-rider-specia-memberships-503","","","Memberships","","","Completed","6/16/2026","CAD","1","50.00","50.00","6.50","56.50","Visa","E-Commerce","London","Ontario"
"3YK9-J7FC-5L3C","Completed","6/16/2026","10:00 AM","America/Toronto","","false","382344","sophiaking87@gmail.com","Sophia King","","382344","sophiaking87@gmail.com","Sophia King","4x Membership // London Summer Sale","25653","25654","346308480296","4x-membership-bu-memberships-912","","","Memberships","","","Completed","6/16/2026","CAD","1","69.00","69.00","8.97","77.97","Visa","E-Commerce","London","Ontario"
"ETN4-SF3S-5L3C","Completed","6/16/2026","10:29 AM","America/Toronto","","false","403274","lin.john257@gmail.com","Lindsay Johnston","","403274","lin.john257@gmail.com","Lindsay Johnston","One Class Card // London","20798","20799","760445337951","one-class-card-l-credits-347","","","Credits","","","Completed","6/16/2026","CAD","1","25.00","25.00","3.25","28.25","Visa","E-Commerce","London","Ontario"
"ETN4-SF3S-5L3C","Completed","6/16/2026","10:29 AM","America/Toronto","","false","403274","lin.john257@gmail.com","Lindsay Johnston","","403274","lin.john257@gmail.com","Lindsay Johnston","New Rider Special // London","21051","21052","288040778473","new-rider-specia-memberships-503","","","Memberships","","","Completed","6/16/2026","CAD","1","50.00","50.00","6.50","56.50","Visa","E-Commerce","London","Ontario"
"RU4H-4EV2-5L3C","Completed","6/16/2026","10:42 AM","America/Toronto","","false","402720","karengtoronto@gmail.com","Karen Guan","","402720","karengtoronto@gmail.com","Karen Guan","New Rider Special // London","21051","21052","288040778473","new-rider-specia-memberships-503","","","Memberships","","","Completed","6/16/2026","CAD","1","50.00","50.00","6.50","56.50","Mastercard","E-Commerce","London","Ontario"
"GG7E-4SQK-5L3C","Completed","6/16/2026","12:24 PM","America/Toronto","","false","376814","jdoliveira318@gmail.com","Julia Oliveira","","376814","jdoliveira318@gmail.com","Julia Oliveira","One Class Card // London","20798","20799","760445337951","one-class-card-l-credits-347","","","Credits","","","Completed","6/16/2026","CAD","1","25.00","25.00","3.25","28.25","Visa","E-Commerce","London","Ontario"
"JX9B-77BP-5L3C","Completed","6/16/2026","3:42 PM","America/Toronto","","false","302130","coia.sebi@gmail.com","Sebastian Coia","","302130","coia.sebi@gmail.com","Sebastian Coia","Spin-It-Forward // London","20792","20793","964245982422","spin-it-forward--credits-429","","","Credits","","","Completed","6/16/2026","CAD","1","10.00","10.00","1.30","11.30","American Express","E-Commerce","London","Ontario"
"GP27-EQH7-5L3C","Completed","6/16/2026","4:04 PM","America/Toronto","","false","376318","ardenlwright@gmail.com","ARDEN WRIGHT","","376318","ardenlwright@gmail.com","ARDEN WRIGHT","One Class Card // London","20798","20799","760445337951","one-class-card-l-credits-347","","","Credits","","","Completed","6/16/2026","CAD","1","25.00","25.00","3.25","28.25","Visa","E-Commerce","London","Ontario"
"CRN2-CZWX-5L3C","Completed","6/16/2026","4:16 PM","America/Toronto","","false","365936","empringhamg@gmail.com","Grace Empringham","","365936","empringhamg@gmail.com","Grace Empringham","One Class Card // London","20798","20799","760445337951","one-class-card-l-credits-347","","","Credits","","","Completed","6/16/2026","CAD","1","25.00","25.00","3.25","28.25","Visa","E-Commerce","London","Ontario"
"SG8M-PPFD-5L3C","Completed","6/16/2026","5:18 PM","America/Toronto","","true","401259","danny_23r@hotmail.com","Daniella Laserna","","401259","danny_23r@hotmail.com","Daniella Laserna","Late Cancel Charge","14688","14690","036981809486","late-cancel-fee-penalty-fees-771","","","Penalty Fees","","","Completed","6/16/2026","CAD","1","15.00","15.00","1.95","16.95","Visa","E-Commerce","London","Ontario"
"29SF-4T6M-5L3C","Completed","6/16/2026","5:28 PM","America/Toronto","desktop","false","366452","fjonuz@icloud.com","Fatima Jonuzi","","347301","london@spinco.ca","SPINCO London","SPINCO Water","19657","19658","469973764933","spinco-water-water-914","","","Water","Arctic Chiller","","Completed","6/16/2026","CAD","1","2.50","2.50","0.33","2.83","Visa","In-Store","London","Ontario"
"U365-X9NX-5L3C","Completed","6/16/2026","6:16 PM","America/Toronto","desktop","false","340041","nicolette.coppola@outlook.com","Nicolette Coppola","","347195","lviner@hotmail.com","Laura Viner","SPINCO Water","19657","19658","469973764933","spinco-water-water-914","","","Water","Arctic Chiller","","Completed","6/16/2026","CAD","1","2.50","2.50","0.33","2.83","Visa","In-Store","London","Ontario"
"SA4W-H34P-5L3A","Partially Refunded","6/14/2026","10:59 AM","America/Toronto","desktop","false","378483","maddieivatts@outlook.com","Maddie Ivatts","","382306","michellejcallander@gmail.com","Michelle Callandar","SPINCO London Crewneck","24949","24950","966088003820","spinco-london-cr-clothing-144","Blue","","Clothing","","","Partially Refunded","6/16/2026","CAD","-1","-49.99","-49.99","-6.50","-56.49","Visa","In-Store","London","Ontario"
"PZPT-665G-5L3D","Completed","6/16/2026","9:45 PM","America/Toronto","","false","356447","erika.murphy@mail.utoronto.ca","Erika Murphy","","356447","erika.murphy@mail.utoronto.ca","Erika Murphy","Ten Class Card // London","20794","20795","456569691604","ten-class-card-l-credits-104","","","Credits","","","Completed","6/16/2026","CAD","1","200.00","200.00","26.00","226.00","Visa","E-Commerce","London","Ontario"
"4HHC-43VB-5L3D","Completed","6/17/2026","12:24 AM","America/Toronto","","true","302740","rawat.dhriti@gmail.com","Dhriti Rawat","","302740","rawat.dhriti@gmail.com","Dhriti Rawat","Staff Membership // London","20830","20831","898235312897","staff-membership-memberships-735","","","Memberships","","","Completed","6/17/2026","CAD","1","0.00","0.00","0.00","0.00","No Charge","E-Commerce","London","Ontario"
"HUVX-A34C-5L3D","Completed","6/17/2026","12:24 AM","America/Toronto","","true","363304","rawannse@gmail.com","Rawan E","","363304","rawannse@gmail.com","Rawan E","8x Membership // London · BLACK FRIDAY 2025","22632","22633","364334411422","8x-membership-lo-memberships-289","","","Memberships","","","Completed","6/17/2026","CAD","1","140.00","140.00","18.20","158.20","Visa","E-Commerce","London","Ontario"
"VXFQ-CMGE-5L3D","Completed","6/17/2026","12:24 AM","America/Toronto","","true","379633","kspitze@uwo.ca","Keira Spitzer","","379633","kspitze@uwo.ca","Keira Spitzer","Student Monthly Membership // London","21738","21739","582370867097","student-monthly--memberships-495","","","Memberships","","","Completed","6/17/2026","CAD","1","175.00","175.00","22.75","197.75","Mastercard","E-Commerce","London","Ontario"
"RNZV-4RQV-5L3D","Completed","6/17/2026","12:37 AM","America/Toronto","","false","384613","maddie.kellerrrr@gmail.com","Maddie Keller","","384613","maddie.kellerrrr@gmail.com","Maddie Keller","Spin-It-Forward // London","20792","20793","964245982422","spin-it-forward--credits-429","","","Credits","","","Completed","6/17/2026","CAD","1","10.00","10.00","1.30","11.30","Mastercard","E-Commerce","London","Ontario"
"RUK3-BXZM-5L3D","Completed","6/17/2026","5:52 AM","America/Toronto","desktop","false","377128","mgarciat@uwo.ca","Mariana Garcia","","347301","london@spinco.ca","SPINCO London","SPINCO Water","19657","19658","469973764933","spinco-water-water-914","","","Water","Arctic Chiller","","Completed","6/17/2026","CAD","1","2.50","2.50","0.33","2.83","Mastercard","In-Store","London","Ontario"
"VUC6-GMA5-5L3D","Completed","6/17/2026","7:12 AM","America/Toronto","","false","301035","evelynstann@gmail.com","Evelyn Stan","","301035","evelynstann@gmail.com","Evelyn Stan","One Class Card // London","20798","20799","760445337951","one-class-card-l-credits-347","","","Credits","","","Completed","6/17/2026","CAD","1","25.00","25.00","3.25","28.25","Visa","E-Commerce","London","Ontario"
"35FE-442Q-5L3D","Completed","6/17/2026","7:16 AM","America/Toronto","","true","392050","ameenah.khan01@gmail.com","Ameenah Khan","","392050","ameenah.khan01@gmail.com","Ameenah Khan","No Show Charge","14687","14689","489143084327","no-show-fee-penalty-fees-498","","","Penalty Fees","","","Completed","6/17/2026","CAD","1","20.00","20.00","2.60","22.60","Visa","E-Commerce","London","Ontario"
"MUWX-F98B-5L3D","Completed","6/17/2026","10:23 AM","America/Toronto","","false","376033","riley@sigalhome.com","Riley Sigal","","376033","riley@sigalhome.com","Riley Sigal","One Class Card // London","20798","20799","760445337951","one-class-card-l-credits-347","","","Credits","","","Completed","6/17/2026","CAD","1","25.00","25.00","3.25","28.25","Visa","E-Commerce","London","Ontario"
"HHEB-7PZZ-5L3D","Completed","6/17/2026","12:08 PM","America/Toronto","","false","346546","mar66slo@gmail.com","Marjorie Sloboda","","346546","mar66slo@gmail.com","Marjorie Sloboda","Spin-It-Forward // London","20792","20793","964245982422","spin-it-forward--credits-429","","","Credits","","","Completed","6/17/2026","CAD","1","10.00","10.00","1.30","11.30","Visa","E-Commerce","London","Ontario"
"RTRW-V6XR-5L0W","Refunded","5/28/2026","12:24 AM","America/Toronto","","true","353984","amerkel3@uwo.ca","Allie Merkel","","382306","michellejcallander@gmail.com","Michelle Callandar","4x Membership // London","21999","22000","216300284773","4x-membership-lo-memberships-280","","","Memberships","","","Refunded","6/17/2026","CAD","-1","-68.00","-80.00","-8.84","-76.84","Mastercard","E-Commerce","London","Ontario"
"QZBA-Q6YV-5L3D","Completed","6/17/2026","4:37 PM","America/Toronto","","false","378742","itslatashacromwell@gmail.com","Latasha Cromwell","","378742","itslatashacromwell@gmail.com","Latasha Cromwell","One Class Card // London","20798","20799","760445337951","one-class-card-l-credits-347","","","Credits","","","Completed","6/17/2026","CAD","1","25.00","25.00","3.25","28.25","Visa","E-Commerce","London","Ontario"
"VHAU-XF8M-5L3D","Completed","6/17/2026","4:44 PM","America/Toronto","","false","401348","brookekobe10@gmail.com","Brooke Kobe","","401348","brookekobe10@gmail.com","Brooke Kobe","New Rider Special // London","21051","21052","288040778473","new-rider-specia-memberships-503","","","Memberships","","","Completed","6/17/2026","CAD","1","50.00","50.00","6.50","56.50","Visa","E-Commerce","London","Ontario"
"F7XU-4KNH-5L3D","Completed","6/17/2026","5:33 PM","America/Toronto","mobile","false","358936","becca.leanne2@gmail.com","Rebecca Augustino","","358936","becca.leanne2@gmail.com","Rebecca Augustino","One Class Card // London","20798","20799","760445337951","one-class-card-l-credits-347","","","Credits","","","Completed","6/17/2026","CAD","1","0.00","25.00","0.00","0.00","No Charge","E-Commerce","London","Ontario"
"P5AJ-FKA3-5L3D","Completed","6/17/2026","5:49 PM","America/Toronto","","false","402931","achinnad@uwo.ca","Anu Chinnadurai","","402931","achinnad@uwo.ca","Anu Chinnadurai","One Class Card // London","20798","20799","760445337951","one-class-card-l-credits-347","","","Credits","","","Completed","6/17/2026","CAD","1","25.00","25.00","3.25","28.25","Visa","E-Commerce","London","Ontario"
"35UR-QFQW-5L3D","Completed","6/17/2026","6:16 PM","America/Toronto","","true","372287","cienna.michelle@gmail.com","Cienna Good","","372287","cienna.michelle@gmail.com","Cienna Good","No Show Charge","14687","14689","489143084327","no-show-fee-penalty-fees-498","","","Penalty Fees","","","Completed","6/17/2026","CAD","1","20.00","20.00","2.60","22.60","Visa","E-Commerce","London","Ontario"
"ZNQF-7AK3-5L3D","Completed","6/17/2026","6:27 PM","America/Toronto","desktop","false","376033","riley@sigalhome.com","Riley Sigal","","347301","london@spinco.ca","SPINCO London","SPINCO Water","19657","19658","469973764933","spinco-water-water-914","","","Water","Arctic Chiller","","Completed","6/17/2026","CAD","1","2.50","2.50","0.33","2.83","Visa","In-Store","London","Ontario"
"3YZV-KN4R-5L3D","Completed","6/17/2026","7:05 PM","America/Toronto","","false","353689","solajadami@gmail.com","Dami Solaja","","353689","solajadami@gmail.com","Dami Solaja","One Class Card // London","20798","20799","760445337951","one-class-card-l-credits-347","","","Credits","","","Completed","6/17/2026","CAD","1","25.00","25.00","3.25","28.25","Visa","E-Commerce","London","Ontario"
"WS4Q-7RYE-5L3E","Completed","6/17/2026","9:03 PM","America/Toronto","","false","402750","bfiegehen06@gmail.com","Bronwyn Fiegehen","","402750","bfiegehen06@gmail.com","Bronwyn Fiegehen","One Class Card // London","20798","20799","760445337951","one-class-card-l-credits-347","","","Credits","","","Completed","6/17/2026","CAD","1","25.00","25.00","3.25","28.25","Mastercard","E-Commerce","London","Ontario"
"7KBW-HXH5-5L3E","Completed","6/17/2026","10:15 PM","America/Toronto","","true","399416","erinmdowning@outlook.com","Erin Downing","","399416","erinmdowning@outlook.com","Erin Downing","Late Cancel Charge","14688","14690","036981809486","late-cancel-fee-penalty-fees-771","","","Penalty Fees","","","Completed","6/17/2026","CAD","1","15.00","15.00","1.95","16.95","Mastercard","E-Commerce","London","Ontario"
"5RY8-MN4H-5L3E","Completed","6/18/2026","12:30 AM","America/Toronto","","true","362377","meme18o@icloud.com","emily ormseth","","362377","meme18o@icloud.com","emily ormseth","Student Monthly Membership // London","21738","21739","582370867097","student-monthly--memberships-495","","","Memberships","","","Completed","6/18/2026","CAD","1","175.00","175.00","22.75","197.75","Visa","E-Commerce","London","Ontario"
"CA9S-SDDA-5L3E","Completed","6/18/2026","12:30 AM","America/Toronto","","true","336757","caitlin@kassies.ca","Caitlin Kassies","","336757","caitlin@kassies.ca","Caitlin Kassies","4x Monthly Membership // 20% OFF PRE-SALE (London)","20850","20851","523121174072","20-off-presale-4-memberships-998","","","Memberships","","","Completed","6/18/2026","CAD","1","80.00","80.00","10.40","90.40","Mastercard","E-Commerce","London","Ontario"
"WFAC-ZNCK-5L3E","Completed","6/18/2026","12:30 AM","America/Toronto","","true","280313","mjcallander@hotmail.com","Michelle Callander","","280313","mjcallander@hotmail.com","Michelle Callander","Staff Membership // London","20830","20831","898235312897","staff-membership-memberships-735","","","Memberships","","","Completed","6/18/2026","CAD","1","0.00","0.00","0.00","0.00","No Charge","E-Commerce","London","Ontario"
"Q5ZP-Z83W-5L3E","Completed","6/18/2026","7:05 AM","America/Toronto","","false","390982","christinenbere@hotmail.com","Christine Bere","","390982","christinenbere@hotmail.com","Christine Bere","Spin-It-Forward // London","20792","20793","964245982422","spin-it-forward--credits-429","","","Credits","","","Completed","6/18/2026","CAD","1","10.00","10.00","1.30","11.30","Mastercard","E-Commerce","London","Ontario"
"9CKJ-PRAF-5L3E","Completed","6/18/2026","8:18 AM","America/Toronto","","true","371018","safiyah.lawendy@gmail.com","Safiyah Lawendy","","371018","safiyah.lawendy@gmail.com","Safiyah Lawendy","No Show Charge","14687","14689","489143084327","no-show-fee-penalty-fees-498","","","Penalty Fees","","","Completed","6/18/2026","CAD","1","20.00","20.00","2.60","22.60","Visa","E-Commerce","London","Ontario"
"R49J-ZJJF-5L3E","Completed","6/18/2026","9:56 AM","America/Toronto","","false","403673","nadadebian1357@gmail.com","Nada Debian","","403673","nadadebian1357@gmail.com","Nada Debian","One Class Card // London","20798","20799","760445337951","one-class-card-l-credits-347","","","Credits","","","Completed","6/18/2026","CAD","1","25.00","25.00","3.25","28.25","Visa","E-Commerce","London","Ontario"
"S5V8-3GA5-5L3E","Completed","6/18/2026","9:57 AM","America/Toronto","","false","403675","tamarashanab@gmail.com","Tamara Abushanab","","403675","tamarashanab@gmail.com","Tamara Abushanab","One Class Card // London","20798","20799","760445337951","one-class-card-l-credits-347","","","Credits","","","Completed","6/18/2026","CAD","1","25.00","25.00","3.25","28.25","Visa","E-Commerce","London","Ontario"
"928E-4BN5-5L3E","Completed","6/18/2026","10:15 AM","America/Toronto","","false","403673","nadadebian1357@gmail.com","Nada Debian","","403673","nadadebian1357@gmail.com","Nada Debian","One Class Card // London","20798","20799","760445337951","one-class-card-l-credits-347","","","Credits","","","Completed","6/18/2026","CAD","1","25.00","25.00","3.25","28.25","Visa","E-Commerce","London","Ontario"
"3N75-B8XF-5L3E","Completed","6/18/2026","11:04 AM","America/Toronto","","false","214210","aileenzhang1022@gmail.com","Aileen Zhang","","214210","aileenzhang1022@gmail.com","Aileen Zhang","Spin-It-Forward // London","20792","20793","964245982422","spin-it-forward--credits-429","","","Credits","","","Completed","6/18/2026","CAD","1","10.00","10.00","1.30","11.30","American Express","E-Commerce","London","Ontario"
"9J88-DBNK-5L3E","Completed","6/18/2026","12:38 PM","America/Toronto","","false","376925","sabrinaakemal@gmail.com","Sabrina Kemal","","376925","sabrinaakemal@gmail.com","Sabrina Kemal","One Class Card // London","20798","20799","760445337951","one-class-card-l-credits-347","","","Credits","","","Completed","6/18/2026","CAD","1","25.00","25.00","3.25","28.25","Visa","E-Commerce","London","Ontario"
"7MD4-ZT2X-5L3E","Completed","6/18/2026","1:58 PM","America/Toronto","","false","403699","sumbalafzaal@gmail.com","Sumbal Afzaal","","403699","sumbalafzaal@gmail.com","Sumbal Afzaal","One Class Card // London","20798","20799","760445337951","one-class-card-l-credits-347","","","Credits","","","Completed","6/18/2026","CAD","1","25.00","25.00","3.25","28.25","Visa","E-Commerce","London","Ontario"
"RABT-DT69-5L3E","Completed","6/18/2026","2:21 PM","America/Toronto","","false","369574","msavehilaghi99@gmail.com","Max Savehilaghi","","369574","msavehilaghi99@gmail.com","Max Savehilaghi","2-Week Unlimited - London","21065","21066","384754283235","2-week-unlimited-memberships-769","","","Memberships","","","Completed","6/18/2026","CAD","1","50.00","50.00","6.50","56.50","Visa","E-Commerce","London","Ontario"
"DY8G-G235-5L3E","Completed","6/18/2026","2:25 PM","America/Toronto","","false","403703","hernandez.abby558@gmail.com","Abigail Hernandez","","403703","hernandez.abby558@gmail.com","Abigail Hernandez","One Class Card // London","20798","20799","760445337951","one-class-card-l-credits-347","","","Credits","","","Completed","6/18/2026","CAD","1","25.00","25.00","3.25","28.25","Visa","E-Commerce","London","Ontario"
"8ZPY-4S2T-5L3E","Completed","6/18/2026","2:35 PM","America/Toronto","","false","390386","kylegroenen@gmail.com","Kyle Groenenberg","","390386","kylegroenen@gmail.com","Kyle Groenenberg","One Class Card // London","20798","20799","760445337951","one-class-card-l-credits-347","","","Credits","","","Completed","6/18/2026","CAD","1","25.00","25.00","3.25","28.25","Visa","E-Commerce","London","Ontario"
"3GBP-MA4Q-5L3E","Completed","6/18/2026","3:15 PM","America/Toronto","","false","206343","olivia.heid@gmail.com","Olivia Heid","","206343","olivia.heid@gmail.com","Olivia Heid","One Class Card // London","20798","20799","760445337951","one-class-card-l-credits-347","","","Credits","","","Completed","6/18/2026","CAD","1","25.00","25.00","3.25","28.25","Visa","E-Commerce","London","Ontario"
"82BV-RDJD-5L3E","Completed","6/18/2026","3:19 PM","America/Toronto","","false","206343","olivia.heid@gmail.com","Olivia Heid","","206343","olivia.heid@gmail.com","Olivia Heid","Spin-It-Forward // London","20792","20793","964245982422","spin-it-forward--credits-429","","","Credits","","","Completed","6/18/2026","CAD","1","10.00","10.00","1.30","11.30","Visa","E-Commerce","London","Ontario"
"3T62-DEHV-5L3E","Completed","6/18/2026","4:32 PM","America/Toronto","","false","403052","hpurvey@hotmail.com","Harlee Purvey","","403052","hpurvey@hotmail.com","Harlee Purvey","New Rider Special // London","21051","21052","288040778473","new-rider-specia-memberships-503","","","Memberships","","","Completed","6/18/2026","CAD","1","50.00","50.00","6.50","56.50","Visa","E-Commerce","London","Ontario"
"WSXB-VX9C-5L3E","Completed","6/18/2026","5:36 PM","America/Toronto","","false","378742","itslatashacromwell@gmail.com","Latasha Cromwell","","378742","itslatashacromwell@gmail.com","Latasha Cromwell","One Class Card // London","20798","20799","760445337951","one-class-card-l-credits-347","","","Credits","","","Completed","6/18/2026","CAD","1","25.00","25.00","3.25","28.25","Visa","E-Commerce","London","Ontario"
"ZH39-BW7M-5L3E","Completed","6/18/2026","6:47 PM","America/Toronto","","false","206343","olivia.heid@gmail.com","Olivia Heid","","206343","olivia.heid@gmail.com","Olivia Heid","Spin-It-Forward // London","20792","20793","964245982422","spin-it-forward--credits-429","","","Credits","","","Completed","6/18/2026","CAD","1","10.00","10.00","1.30","11.30","Visa","E-Commerce","London","Ontario"
"2JAQ-896R-5L3E","Completed","6/18/2026","6:50 PM","America/Toronto","","false","353689","solajadami@gmail.com","Dami Solaja","","353689","solajadami@gmail.com","Dami Solaja","Spin-It-Forward // London","20792","20793","964245982422","spin-it-forward--credits-429","","","Credits","","","Completed","6/18/2026","CAD","1","10.00","10.00","1.30","11.30","Mastercard","E-Commerce","London","Ontario"
"NPKX-K2HE-5L3E","Completed","6/18/2026","7:45 PM","America/Toronto","","true","363395","derek@cardy.ca","Derek Cardy","","363395","derek@cardy.ca","Derek Cardy","No Show Charge","14687","14689","489143084327","no-show-fee-penalty-fees-498","","","Penalty Fees","","","Completed","6/18/2026","CAD","1","20.00","20.00","2.60","22.60","Visa","E-Commerce","London","Ontario"
"965H-CA6V-5L3E","Completed","6/18/2026","7:45 PM","America/Toronto","","true","363395","derek@cardy.ca","Derek Cardy","","363395","derek@cardy.ca","Derek Cardy","No Show Charge","14687","14689","489143084327","no-show-fee-penalty-fees-498","","","Penalty Fees","","","Completed","6/18/2026","CAD","1","20.00","20.00","2.60","22.60","Visa","E-Commerce","London","Ontario"
"PKRJ-ZJEE-5L3F","Completed","6/18/2026","8:15 PM","America/Toronto","","true","363395","derek@cardy.ca","Derek Cardy","","363395","derek@cardy.ca","Derek Cardy","No Show Charge","14687","14689","489143084327","no-show-fee-penalty-fees-498","","","Penalty Fees","","","Completed","6/18/2026","CAD","1","20.00","20.00","2.60","22.60","Visa","E-Commerce","London","Ontario"
"94R5-FHZT-5L3F","Completed","6/18/2026","9:12 PM","America/Toronto","","false","278029","locksbykc@gmail.com","Kevin Clarke","","278029","locksbykc@gmail.com","Kevin Clarke","One Class Card // London","20798","20799","760445337951","one-class-card-l-credits-347","","","Credits","","","Completed","6/18/2026","CAD","1","25.00","25.00","3.25","28.25","Visa","E-Commerce","London","Ontario"
"BTMG-RT44-5L3F","Completed","6/18/2026","9:19 PM","America/Toronto","","false","353778","jenny.zhang@lhsc.on.ca","Jenny Zhang","","353778","jenny.zhang@lhsc.on.ca","Jenny Zhang","Spin-It-Forward // London","20792","20793","964245982422","spin-it-forward--credits-429","","","Credits","","","Completed","6/18/2026","CAD","1","10.00","10.00","1.30","11.30","Visa","E-Commerce","London","Ontario"
"EEA6-2DFN-5L3F","Completed","6/18/2026","9:31 PM","America/Toronto","","false","403641","mikaylavan06@gmail.com","Mikayla Van Houwelingen","","403641","mikaylavan06@gmail.com","Mikayla Van Houwelingen","2-Week Unlimited - London","21065","21066","384754283235","2-week-unlimited-memberships-769","","","Memberships","","","Completed","6/18/2026","CAD","1","50.00","50.00","6.50","56.50","Visa","E-Commerce","London","Ontario"
"Y4EN-NK6Q-5L3F","Completed","6/19/2026","12:26 AM","America/Toronto","","true","351856","parkchristine97@gmail.com","Christine Park","","351856","parkchristine97@gmail.com","Christine Park","4x Monthly Membership // London *GRANDFATHERED","20838","20839","545622520223","4-classes-month--memberships-721","","","Memberships","","","Completed","6/19/2026","CAD","1","80.00","80.00","10.40","90.40","Visa","E-Commerce","London","Ontario"
"9AJW-7Z5U-5L3F","Completed","6/19/2026","12:26 AM","America/Toronto","","true","358551","tatiepant@yahoo.ca","Tricia Lennon","","358551","tatiepant@yahoo.ca","Tricia Lennon","4x Monthly Membership // London *GRANDFATHERED","20838","20839","545622520223","4-classes-month--memberships-721","","","Memberships","","","Completed","6/19/2026","CAD","1","80.00","80.00","10.40","90.40","Visa","E-Commerce","London","Ontario"
"8V3Z-JC66-5L3F","Completed","6/19/2026","12:26 AM","America/Toronto","","true","321409","juliaalfi@hotmail.com","Julia Alfieri","","321409","juliaalfi@hotmail.com","Julia Alfieri","8x Membership // London · BLACK FRIDAY 2025","22632","22633","364334411422","8x-membership-lo-memberships-289","","","Memberships","","","Completed","6/19/2026","CAD","1","140.00","140.00","18.20","158.20","Mastercard","E-Commerce","London","Ontario"
"5YAQ-JNXS-5L3F","Completed","6/19/2026","12:26 AM","America/Toronto","","true","356216","katherinetenhaaf@gmail.com","Katie ten Haaf","","356216","katherinetenhaaf@gmail.com","Katie ten Haaf","Unlimited Membership // London · BLACK FRIDAY 2025","22630","22631","712442897099","unlimited-member-memberships-584","","","Memberships","","","Completed","6/19/2026","CAD","1","180.00","180.00","23.40","203.40","Visa","E-Commerce","London","Ontario"
"UUUN-DR8P-5L3F","Completed","6/19/2026","1:16 AM","America/Toronto","","true","402006","jhussei6@uwo.ca","Judy Hussein","","402006","jhussei6@uwo.ca","Judy Hussein","Late Cancel Charge","14688","14690","036981809486","late-cancel-fee-penalty-fees-771","","","Penalty Fees","","","Completed","6/19/2026","CAD","1","15.00","15.00","1.95","16.95","American Express","E-Commerce","London","Ontario"
"VHZ8-5WPE-5L3F","Completed","6/19/2026","6:17 AM","America/Toronto","","true","311771","alexrosewatt@outlook.com","Alex Watt","","311771","alexrosewatt@outlook.com","Alex Watt","Late Cancel Charge","14688","14690","036981809486","late-cancel-fee-penalty-fees-771","","","Penalty Fees","","","Completed","6/19/2026","CAD","1","15.00","15.00","1.95","16.95","Visa","E-Commerce","London","Ontario"
"V2VJ-5SFF-5L3F","Completed","6/19/2026","8:07 AM","America/Toronto","","false","368626","marianasalazar_973@hotmail.com","Mariana Salazar Vargas","","368626","marianasalazar_973@hotmail.com","Mariana Salazar Vargas","Spin-It-Forward // London","20792","20793","964245982422","spin-it-forward--credits-429","","","Credits","","","Completed","6/19/2026","CAD","1","10.00","10.00","1.30","11.30","Mastercard","E-Commerce","London","Ontario"
"UX6H-ZEFM-5L3F","Completed","6/19/2026","8:16 AM","America/Toronto","","false","400216","mugunmarion@gmail.com","Marion Mugun","","400216","mugunmarion@gmail.com","Marion Mugun","Spin-It-Forward // London","20792","20793","964245982422","spin-it-forward--credits-429","","","Credits","","","Completed","6/19/2026","CAD","1","10.00","10.00","1.30","11.30","Visa","E-Commerce","London","Ontario"
"C7AD-7KQA-5L3F","Completed","6/19/2026","8:26 AM","America/Toronto","","false","142861","oneillmsarah@gmail.com","Sarah O'Neill","","142861","oneillmsarah@gmail.com","Sarah O'Neill","One Class Card // London","20798","20799","760445337951","one-class-card-l-credits-347","","","Credits","","","Completed","6/19/2026","CAD","1","25.00","25.00","3.25","28.25","Visa","E-Commerce","London","Ontario"
"WKTT-M84Y-5L3F","Completed","6/19/2026","11:16 AM","America/Toronto","","true","372287","cienna.michelle@gmail.com","Cienna Good","","372287","cienna.michelle@gmail.com","Cienna Good","Late Cancel Charge","14688","14690","036981809486","late-cancel-fee-penalty-fees-771","","","Penalty Fees","","","Completed","6/19/2026","CAD","1","15.00","15.00","1.95","16.95","Visa","E-Commerce","London","Ontario"
"RU26-SBA5-5L3F","Completed","6/19/2026","11:39 AM","America/Toronto","desktop","false","402104","info.thesocialnine@gmail.com","Faith Kearns","","382306","michellejcallander@gmail.com","Michelle Callandar","Private Ride 1 // London","21736","21737","329646399710","copy-of-private--credits-195","","","Credits","","","Completed","6/19/2026","CAD","1","75.00","750.00","9.75","84.75","American Express","In-Store","London","Ontario"
"R6AC-V3MW-5L3F","Completed","6/19/2026","12:12 PM","America/Toronto","","false","403792","sophie.kelly@sickkids.ca","Sophie Adele","","403792","sophie.kelly@sickkids.ca","Sophie Adele","New Rider Special // London","21051","21052","288040778473","new-rider-specia-memberships-503","","","Memberships","","","Completed","6/19/2026","CAD","1","50.00","50.00","6.50","56.50","Visa","E-Commerce","London","Ontario"
"SUWP-UCS6-5L3F","Completed","6/19/2026","1:04 PM","America/Toronto","","false","366201","m1k3yrp@gmail.com","Michael Ruiz","","366201","m1k3yrp@gmail.com","Michael Ruiz","Spin-It-Forward // London","20792","20793","964245982422","spin-it-forward--credits-429","","","Credits","","","Completed","6/19/2026","CAD","1","10.00","10.00","1.30","11.30","American Express","E-Commerce","London","Ontario"
"9D8U-MJ4N-5L3F","Completed","6/19/2026","1:16 PM","America/Toronto","","false","400208","alretage.albader@gmail.com","Retage Al Bader","","400208","alretage.albader@gmail.com","Retage Al Bader","Spin-It-Forward // London","20792","20793","964245982422","spin-it-forward--credits-429","","","Credits","","","Completed","6/19/2026","CAD","1","10.00","10.00","1.30","11.30","Visa","E-Commerce","London","Ontario"
"MGW4-7JMK-5L3F","Completed","6/19/2026","1:20 PM","America/Toronto","","false","403216","aline.han@outlook.com","Aline Han","","403216","aline.han@outlook.com","Aline Han","Spin-It-Forward // London","20792","20793","964245982422","spin-it-forward--credits-429","","","Credits","","","Completed","6/19/2026","CAD","1","10.00","10.00","1.30","11.30","American Express","E-Commerce","London","Ontario"
"524U-JEHS-5L3F","Completed","6/19/2026","2:17 PM","America/Toronto","","true","362377","meme18o@icloud.com","emily ormseth","","362377","meme18o@icloud.com","emily ormseth","Late Cancel Charge","14688","14690","036981809486","late-cancel-fee-penalty-fees-771","","","Penalty Fees","","","Completed","6/19/2026","CAD","1","15.00","15.00","1.95","16.95","Visa","E-Commerce","London","Ontario"
"3783-V4BA-5L3F","Completed","6/19/2026","2:49 PM","America/Toronto","","false","402361","ashleykgallien@gmail.com","Ashley Gallien","","402361","ashleykgallien@gmail.com","Ashley Gallien","Five Class Card // London","20802","20803","488719457552","five-class-card--credits-078","","","Credits","","","Completed","6/19/2026","CAD","1","110.00","110.00","14.30","124.30","Mastercard","E-Commerce","London","Ontario"
"68DG-K3FJ-5L3F","Completed","6/19/2026","4:29 PM","America/Toronto","desktop","false","369574","msavehilaghi99@gmail.com","Max Savehilaghi","","302740","rawat.dhriti@gmail.com","Dhriti Rawat","SPINCO Water","19657","19658","469973764933","spinco-water-water-914","","","Water","Arctic Chiller","","Completed","6/19/2026","CAD","1","2.50","2.50","0.33","2.83","Visa","In-Store","London","Ontario"
"EGS9-V7HA-5L3F","Completed","6/19/2026","4:38 PM","America/Toronto","","false","394135","elaf.th15@gmail.com","Elaf H","","394135","elaf.th15@gmail.com","Elaf H","One Class Card // London","20798","20799","760445337951","one-class-card-l-credits-347","","","Credits","","","Completed","6/19/2026","CAD","1","25.00","25.00","3.25","28.25","Visa","E-Commerce","London","Ontario"
"D9RP-W8PZ-5L3F","Completed","6/19/2026","5:50 PM","America/Toronto","desktop","false","368088","emma.calcutt5@gmail.com","Emma Calcutt","","347301","london@spinco.ca","SPINCO London","SPINCO Water","19657","19658","469973764933","spinco-water-water-914","","","Water","Arctic Chiller","","Completed","6/19/2026","CAD","1","2.50","2.50","0.33","2.83","Visa","In-Store","London","Ontario"
"TUY2-XBA8-5L3F","Completed","6/19/2026","6:55 PM","America/Toronto","desktop","false","391405","genahewitt12@hotmail.com","Gena Hewitt","","302740","rawat.dhriti@gmail.com","Dhriti Rawat","SPINCO London Crewneck","24949","24950","966088003820","spinco-london-cr-clothing-144","Blue","","Clothing","","","Completed","6/19/2026","CAD","1","49.99","49.99","6.50","56.49","Visa","In-Store","London","Ontario"
"VG3Q-KJ7K-5L3G","Completed","6/20/2026","12:27 AM","America/Toronto","","true","379323","jenemke@gmail.com","Jen Emke","","379323","jenemke@gmail.com","Jen Emke","Unlimited Membership // London","21995","21996","447442561003","unlimited-member-memberships-867","","","Memberships","","","Completed","6/20/2026","CAD","1","200.00","200.00","26.00","226.00","Mastercard","E-Commerce","London","Ontario"
"4P4Z-CM2B-5L3G","Completed","6/20/2026","12:27 AM","America/Toronto","","true","346927","narellehesler@gmail.com","Narelle Hesler","","346927","narellehesler@gmail.com","Narelle Hesler","Staff Membership // London","20830","20831","898235312897","staff-membership-memberships-735","","","Memberships","","","Completed","6/20/2026","CAD","1","0.00","0.00","0.00","0.00","No Charge","E-Commerce","London","Ontario"
"RFYY-5T56-5L3G","Completed","6/20/2026","12:27 AM","America/Toronto","","true","348678","hurstmarissa9@gmail.com","Marissa Hurst","","348678","hurstmarissa9@gmail.com","Marissa Hurst","Unlimited Membership // London · BLACK FRIDAY 2025","22630","22631","712442897099","unlimited-member-memberships-584","","","Memberships","","","Completed","6/20/2026","CAD","1","180.00","180.00","23.40","203.40","Visa","E-Commerce","London","Ontario"
"DJYQ-3PNG-5L3G","Completed","6/20/2026","12:32 AM","America/Toronto","","false","364508","razan121104@gmail.com","Razan Mohammadieh","","364508","razan121104@gmail.com","Razan Mohammadieh","One Class Card // London","20798","20799","760445337951","one-class-card-l-credits-347","","","Credits","","","Completed","6/20/2026","CAD","1","25.00","25.00","3.25","28.25","Visa","E-Commerce","London","Ontario"
"9PMD-4P2E-5L3G","Completed","6/20/2026","12:32 AM","America/Toronto","","false","365086","sjoukhaji@gmail.com","Sima Joukhaji","","365086","sjoukhaji@gmail.com","Sima Joukhaji","One Class Card // London","20798","20799","760445337951","one-class-card-l-credits-347","","","Credits","","","Completed","6/20/2026","CAD","1","25.00","25.00","3.25","28.25","Visa","E-Commerce","London","Ontario"
"387Z-2FG7-5L3G","Completed","6/20/2026","12:44 AM","America/Toronto","","false","364508","razan121104@gmail.com","Razan Mohammadieh","","364508","razan121104@gmail.com","Razan Mohammadieh","One Class Card // London","20798","20799","760445337951","one-class-card-l-credits-347","","","Credits","","","Completed","6/20/2026","CAD","1","25.00","25.00","3.25","28.25","Visa","E-Commerce","London","Ontario"
"MCPD-3EKB-5L3G","Completed","6/20/2026","12:45 AM","America/Toronto","","false","365086","sjoukhaji@gmail.com","Sima Joukhaji","","365086","sjoukhaji@gmail.com","Sima Joukhaji","One Class Card // London","20798","20799","760445337951","one-class-card-l-credits-347","","","Credits","","","Completed","6/20/2026","CAD","1","25.00","25.00","3.25","28.25","Visa","E-Commerce","London","Ontario"
"4QRH-XCGQ-5L3G","Completed","6/20/2026","7:16 AM","America/Toronto","","true","368636","billkdietz@gmail.com","Bill Dietz","","368636","billkdietz@gmail.com","Bill Dietz","Late Cancel Charge","14688","14690","036981809486","late-cancel-fee-penalty-fees-771","","","Penalty Fees","","","Completed","6/20/2026","CAD","1","15.00","15.00","1.95","16.95","Visa","E-Commerce","London","Ontario"
"NXCH-7P5P-5L3G","Completed","6/20/2026","8:18 AM","America/Toronto","","true","71878","k.rothwell@spinco.ca","Kira Rothwell","","71878","k.rothwell@spinco.ca","Kira Rothwell","No Show Charge","14687","14689","489143084327","no-show-fee-penalty-fees-498","","","Penalty Fees","","","Completed","6/20/2026","CAD","1","20.00","20.00","2.60","22.60","Visa","E-Commerce","London","Ontario"
"TKA6-QPXK-5L3G","Completed","6/20/2026","8:18 AM","America/Toronto","","true","392050","ameenah.khan01@gmail.com","Ameenah Khan","","392050","ameenah.khan01@gmail.com","Ameenah Khan","No Show Charge","14687","14689","489143084327","no-show-fee-penalty-fees-498","","","Penalty Fees","","","Completed","6/20/2026","CAD","1","20.00","20.00","2.60","22.60","Visa","E-Commerce","London","Ontario"
"VDBC-AZ4U-5L3G","Completed","6/20/2026","8:59 AM","America/Toronto","desktop","false","378557","ryanpatrickdaluyen@gmail.com","Ryan Daluyen","","347301","london@spinco.ca","SPINCO London","SPINCO Water","19657","19658","469973764933","spinco-water-water-914","","","Water","Arctic Chiller","","Completed","6/20/2026","CAD","1","2.50","2.50","0.33","2.83","Mastercard","In-Store","London","Ontario"
"6GMY-HTYN-5L3G","Completed","6/20/2026","1:06 PM","America/Toronto","","false","403714","avadonohuee@gmail.com","Ava Donohue","","403714","avadonohuee@gmail.com","Ava Donohue","2-Week Unlimited - London","21065","21066","384754283235","2-week-unlimited-memberships-769","","","Memberships","","","Completed","6/20/2026","CAD","1","50.00","50.00","6.50","56.50","Visa","E-Commerce","London","Ontario"
"5DVN-B669-5L3G","Completed","6/20/2026","6:06 PM","America/Toronto","desktop","false","388518","payton222@hotmail.com","Payton Pugh","","71878","k.rothwell@spinco.ca","Kira Rothwell","Summer Unlimited Teacher Membership // London","21448","21449","891469905718","summer-unlimited-memberships-093","","","Memberships","","","Completed","6/20/2026","CAD","1","300.00","300.00","39.00","339.00","Visa","In-Store","London","Ontario"
"YY9F-BQD3-5L3G","Completed","6/20/2026","6:10 PM","America/Toronto","desktop","false","337526","maddie.page@hotmail.com","Maddie Page","","71878","k.rothwell@spinco.ca","Kira Rothwell","Summer Unlimited Teacher Membership // London","21448","21449","891469905718","summer-unlimited-memberships-093","","","Memberships","","","Completed","6/20/2026","CAD","1","300.00","300.00","39.00","339.00","Visa","In-Store","London","Ontario"
"CXJF-TH3D-5L3G","Completed","6/20/2026","6:11 PM","America/Toronto","desktop","false","337526","maddie.page@hotmail.com","Maddie Page","","71878","k.rothwell@spinco.ca","Kira Rothwell","Ten Class Card // London","20794","20795","456569691604","ten-class-card-l-credits-104","","","Credits","","","Completed","6/20/2026","CAD","1","170.00","200.00","22.10","192.10","Visa","In-Store","London","Ontario"
"TY5G-NAWM-5L3H","Completed","6/20/2026","10:20 PM","America/Toronto","","false","403980","tollenaarmegan@gmail.com","Megan Tollenaar","","403980","tollenaarmegan@gmail.com","Megan Tollenaar","One Class Card // London","20798","20799","760445337951","one-class-card-l-credits-347","","","Credits","","","Completed","6/20/2026","CAD","2","50.00","50.00","6.50","56.50","Visa","E-Commerce","London","Ontario"
"AVCJ-YKNV-5L3H","Completed","6/21/2026","12:26 AM","America/Toronto","","true","298876","noel.wright63@gmail.com","Noel Wright","","298876","noel.wright63@gmail.com","Noel Wright","8x Membership // London","21997","21998","667327189404","8x-membership-lo-memberships-656","","","Memberships","","","Completed","6/21/2026","CAD","1","150.00","150.00","19.50","169.50","Visa","E-Commerce","London","Ontario"
"5HF5-TVHA-5L3H","Completed","6/21/2026","12:26 AM","America/Toronto","","true","372287","cienna.michelle@gmail.com","Cienna Good","","372287","cienna.michelle@gmail.com","Cienna Good","Unlimited Membership // London","21995","21996","447442561003","unlimited-member-memberships-867","","","Memberships","","","Completed","6/21/2026","CAD","1","200.00","200.00","26.00","226.00","Visa","E-Commerce","London","Ontario"
"S7FS-UAPT-5L3H","Completed","6/21/2026","12:26 AM","America/Toronto","","true","362060","saraelizabethds@gmail.com","Sara Da Silva","","362060","saraelizabethds@gmail.com","Sara Da Silva","4x Membership // London","21999","22000","216300284773","4x-membership-lo-memberships-280","","","Memberships","","","Completed","6/21/2026","CAD","1","80.00","80.00","10.40","90.40","Visa","E-Commerce","London","Ontario"
"RNWG-CK4U-5L3H","Completed","6/21/2026","12:26 AM","America/Toronto","","true","349672","aafletcha@outlook.com","Amanda Fletcher","","349672","aafletcha@outlook.com","Amanda Fletcher","4x Monthly Membership // London *GRANDFATHERED","20838","20839","545622520223","4-classes-month--memberships-721","","","Memberships","","","Completed","6/21/2026","CAD","1","80.00","80.00","10.40","90.40","Visa","E-Commerce","London","Ontario"
"P9JM-XZQX-5L3H","Completed","6/21/2026","12:26 AM","America/Toronto","","true","352243","npitchell@hotmail.com","Natalie Pitchell","","352243","npitchell@hotmail.com","Natalie Pitchell","Unlimited Membership // London · BLACK FRIDAY 2025","22630","22631","712442897099","unlimited-member-memberships-584","","","Memberships","","","Completed","6/21/2026","CAD","1","180.00","180.00","23.40","203.40","Visa","E-Commerce","London","Ontario"
"VREM-AQ7Y-5L3H","Completed","6/21/2026","12:26 AM","America/Toronto","","true","366627","carissamercedes@hotmail.com","Carissa Crysler","","366627","carissamercedes@hotmail.com","Carissa Crysler","8x Membership // London · BLACK FRIDAY 2025","22632","22633","364334411422","8x-membership-lo-memberships-289","","","Memberships","","","Completed","6/21/2026","CAD","1","140.00","140.00","18.20","158.20","Visa","E-Commerce","London","Ontario"
"QE2R-A8XM-5L3H","Completed","6/21/2026","12:26 AM","America/Toronto","","true","347430","justine.dequartel@outlook.com","Justine DeQuartel","","347430","justine.dequartel@outlook.com","Justine DeQuartel","4x Membership // London","21999","22000","216300284773","4x-membership-lo-memberships-280","","","Memberships","","","Completed","6/21/2026","CAD","1","80.00","80.00","10.40","90.40","Visa","E-Commerce","London","Ontario"
"399W-85VB-5L3H","Completed","6/21/2026","7:43 AM","America/Toronto","","false","398482","chloeshanahan37@gmail.com","Chloe Shanahan","","398482","chloeshanahan37@gmail.com","Chloe Shanahan","One Class Card // London","20798","20799","760445337951","one-class-card-l-credits-347","","","Credits","","","Completed","6/21/2026","CAD","1","25.00","25.00","3.25","28.25","Mastercard","E-Commerce","London","Ontario"
"FAZ6-F3MZ-5L3H","Completed","6/21/2026","8:46 AM","America/Toronto","","false","402328","jimbobmarty@yahoo.ca","Marty Robertson","","402328","jimbobmarty@yahoo.ca","Marty Robertson","Unlimited Membership // London","21995","21996","447442561003","unlimited-member-memberships-867","","","Memberships","","","Completed","6/21/2026","CAD","1","200.00","200.00","26.00","226.00","Visa","E-Commerce","London","Ontario"
"TEED-AASV-5L3H","Completed","6/21/2026","9:18 AM","America/Toronto","","true","403261","m_skocir@hotmail.com","Maya Skocir","","403261","m_skocir@hotmail.com","Maya Skocir","Late Cancel Charge","14688","14690","036981809486","late-cancel-fee-penalty-fees-771","","","Penalty Fees","","","Completed","6/21/2026","CAD","1","15.00","15.00","1.95","16.95","Visa","E-Commerce","London","Ontario"
"J3EK-MCD6-5L3H","Completed","6/21/2026","10:07 AM","America/Toronto","desktop","false","369246","fmacd039@uottawa.ca","FIONA MACDONALD","","347301","london@spinco.ca","SPINCO London","Coffee // London","23655","23656","087239269521","coffee-london-food-and-beverag-851","","","Food and Beverage","","","Completed","6/21/2026","CAD","1","1.50","1.50","0.20","1.70","Visa","In-Store","London","Ontario"
"MBX2-S4ZS-5L3H","Completed","6/21/2026","1:01 PM","America/Toronto","","false","391405","genahewitt12@hotmail.com","Gena Hewitt","","391405","genahewitt12@hotmail.com","Gena Hewitt","One Class Card // London","20798","20799","760445337951","one-class-card-l-credits-347","","","Credits","","","Completed","6/21/2026","CAD","1","25.00","25.00","3.25","28.25","Visa","E-Commerce","London","Ontario"
"K6HB-72BD-5L3H","Completed","6/21/2026","1:41 PM","America/Toronto","","false","378742","itslatashacromwell@gmail.com","Latasha Cromwell","","378742","itslatashacromwell@gmail.com","Latasha Cromwell","One Class Card // London","20798","20799","760445337951","one-class-card-l-credits-347","","","Credits","","","Completed","6/21/2026","CAD","1","25.00","25.00","3.25","28.25","Visa","E-Commerce","London","Ontario"
"DNMJ-EVG7-5L3H","Completed","6/21/2026","3:48 PM","America/Toronto","","false","393077","mariannabkzz@gmail.com","Marianna Barakziye","","393077","mariannabkzz@gmail.com","Marianna Barakziye","New Rider Special // London","21051","21052","288040778473","new-rider-specia-memberships-503","","","Memberships","","","Completed","6/21/2026","CAD","1","50.00","50.00","6.50","56.50","American Express","E-Commerce","London","Ontario"
"2A2N-HXWA-5L3H","Completed","6/21/2026","3:59 PM","America/Toronto","","false","370091","orianaculig@gmail.com","Oriana Culig","","370091","orianaculig@gmail.com","Oriana Culig","One Class Card // London","20798","20799","760445337951","one-class-card-l-credits-347","","","Credits","","","Completed","6/21/2026","CAD","1","25.00","25.00","3.25","28.25","Visa","E-Commerce","London","Ontario"
"CSRH-DY43-5L3H","Completed","6/21/2026","6:27 PM","America/Toronto","","false","369574","msavehilaghi99@gmail.com","Max Savehilaghi","","369574","msavehilaghi99@gmail.com","Max Savehilaghi","Spin-It-Forward // London","20792","20793","964245982422","spin-it-forward--credits-429","","","Credits","","","Completed","6/21/2026","CAD","1","10.00","10.00","1.30","11.30","Visa","E-Commerce","London","Ontario"
"GEW4-H7P2-5L3H","Completed","6/21/2026","6:58 PM","America/Toronto","","false","363411","rchirara@uwo.ca","rachiel chirara","","363411","rchirara@uwo.ca","rachiel chirara","Spin-It-Forward // London","20792","20793","964245982422","spin-it-forward--credits-429","","","Credits","","","Completed","6/21/2026","CAD","1","10.00","10.00","1.30","11.30","Visa","E-Commerce","London","Ontario"
"QF5S-RNB8-5L3H","Completed","6/21/2026","7:04 PM","America/Toronto","","false","380484","jordynkuenzig@gmail.com","Jordyn Kuenzig","","380484","jordynkuenzig@gmail.com","Jordyn Kuenzig","One Class Card // London","20798","20799","760445337951","one-class-card-l-credits-347","","","Credits","","","Completed","6/21/2026","CAD","1","25.00","25.00","3.25","28.25","Visa","E-Commerce","London","Ontario"
"H4JD-UKRG-5L3H","Completed","6/21/2026","7:11 PM","America/Toronto","","false","403216","aline.han@outlook.com","Aline Han","","403216","aline.han@outlook.com","Aline Han","Spin-It-Forward // London","20792","20793","964245982422","spin-it-forward--credits-429","","","Credits","","","Completed","6/21/2026","CAD","1","10.00","10.00","1.30","11.30","American Express","E-Commerce","London","Ontario"
"NJHT-FTD5-5L3H","Completed","6/21/2026","7:15 PM","America/Toronto","","false","404070","1998cathywang@gmail.com","Cathy Wang","","404070","1998cathywang@gmail.com","Cathy Wang","Spin-It-Forward // London","20792","20793","964245982422","spin-it-forward--credits-429","","","Credits","","","Completed","6/21/2026","CAD","1","10.00","10.00","1.30","11.30","Visa","E-Commerce","London","Ontario"
"EZWJ-C6D4-5L3I","Completed","6/21/2026","8:27 PM","America/Toronto","","false","401014","ellapertman@gmail.com","Ella Pertman","","401014","ellapertman@gmail.com","Ella Pertman","One Class Card // London","20798","20799","760445337951","one-class-card-l-credits-347","","","Credits","","","Completed","6/21/2026","CAD","1","25.00","25.00","3.25","28.25","Visa","E-Commerce","London","Ontario"
"62AP-U5VG-5L3I","Completed","6/21/2026","8:56 PM","America/Toronto","","false","397643","carlygrisley@outlook.com","Carly Grisley","","397643","carlygrisley@outlook.com","Carly Grisley","Spin-It-Forward // London","20792","20793","964245982422","spin-it-forward--credits-429","","","Credits","","","Completed","6/21/2026","CAD","1","10.00","10.00","1.30","11.30","Visa","E-Commerce","London","Ontario"
"TUZ4-SHT7-5L3I","Completed","6/21/2026","9:37 PM","America/Toronto","","false","366627","carissamercedes@hotmail.com","Carissa Crysler","","366627","carissamercedes@hotmail.com","Carissa Crysler","One Class Card // London","20798","20799","760445337951","one-class-card-l-credits-347","","","Credits","","","Completed","6/21/2026","CAD","1","25.00","25.00","3.25","28.25","Visa","E-Commerce","London","Ontario"
"NA6Z-PT5J-5L3I","Completed","6/21/2026","11:37 PM","America/Toronto","","false","346976","anna.j.mawhinney@gmail.com","Anna Mawhinney","","346976","anna.j.mawhinney@gmail.com","Anna Mawhinney","One Class Card // London","20798","20799","760445337951","one-class-card-l-credits-347","","","Credits","","","Completed","6/21/2026","CAD","1","25.00","25.00","3.25","28.25","Mastercard","E-Commerce","London","Ontario"
"C846-2EW9-5L3I","Completed","6/22/2026","12:17 AM","America/Toronto","","true","371018","safiyah.lawendy@gmail.com","Safiyah Lawendy","","371018","safiyah.lawendy@gmail.com","Safiyah Lawendy","Late Cancel Charge","14688","14690","036981809486","late-cancel-fee-penalty-fees-771","","","Penalty Fees","","","Completed","6/22/2026","CAD","1","15.00","15.00","1.95","16.95","Visa","E-Commerce","London","Ontario"
"QXJF-VDK4-5L3I","Completed","6/22/2026","12:26 AM","America/Toronto","","true","361985","daniellefrancisclarke@gmail.com","Danielle Clarke","","361985","daniellefrancisclarke@gmail.com","Danielle Clarke","Unlimited Membership // London","21995","21996","447442561003","unlimited-member-memberships-867","","","Memberships","","","Completed","6/22/2026","CAD","1","200.00","200.00","26.00","226.00","Visa","E-Commerce","London","Ontario"
"MR3P-4ZW5-5L3I","Completed","6/22/2026","12:26 AM","America/Toronto","","true","351404","libertad.melendez1@gmail.com","Libertad Melendez","","351404","libertad.melendez1@gmail.com","Libertad Melendez","Student Monthly Membership // London","21738","21739","582370867097","student-monthly--memberships-495","","","Memberships","","","Completed","6/22/2026","CAD","1","175.00","175.00","22.75","197.75","Visa","E-Commerce","London","Ontario"
"PDSZ-QVVF-5L3I","Completed","6/22/2026","12:26 AM","America/Toronto","","true","342216","kacie_allana@hotmail.com","Kacie Fraser","","342216","kacie_allana@hotmail.com","Kacie Fraser","4x Membership // Barrie · 10% PRE-SALE","20866","20867","780524050667","4x-monthly-membe-memberships-755","","","Memberships","","","Completed","6/22/2026","CAD","1","0.00","0.00","0.00","0.00","No Charge","E-Commerce","London","Ontario"
"H3UF-GYNS-5L3I","Completed","6/22/2026","12:26 AM","America/Toronto","","true","366452","fjonuz@icloud.com","Fatima Jonuzi","","366452","fjonuz@icloud.com","Fatima Jonuzi","Unlimited Membership // London · BLACK FRIDAY 2025","22630","22631","712442897099","unlimited-member-memberships-584","","","Memberships","","","Completed","6/22/2026","CAD","1","180.00","180.00","23.40","203.40","Visa","E-Commerce","London","Ontario"
"GTGC-V69B-5L3I","Completed","6/22/2026","12:26 AM","America/Toronto","","true","354124","mnmeddoui@gmail.com","Mariam Meddoui","","354124","mnmeddoui@gmail.com","Mariam Meddoui","Staff Membership // London","20830","20831","898235312897","staff-membership-memberships-735","","","Memberships","","","Completed","6/22/2026","CAD","1","0.00","0.00","0.00","0.00","No Charge","E-Commerce","London","Ontario"
"ZCWK-3H7B-5L3I","Completed","6/22/2026","12:26 AM","America/Toronto","","true","383058","hhoffman0821@gmail.com","Hayley Hoffman","","383058","hhoffman0821@gmail.com","Hayley Hoffman","4x Membership // London","21999","22000","216300284773","4x-membership-lo-memberships-280","","","Memberships","","","Completed","6/22/2026","CAD","1","80.00","80.00","10.40","90.40","Visa","E-Commerce","London","Ontario"
"GW7Z-6AKY-5L3I","Completed","6/22/2026","3:00 AM","America/Toronto","","false","402598","rabiaafzaal2@gmail.com","Rabia Afzaal","","402598","rabiaafzaal2@gmail.com","Rabia Afzaal","Spin-It-Forward // London","20792","20793","964245982422","spin-it-forward--credits-429","","","Credits","","","Completed","6/22/2026","CAD","1","10.00","10.00","1.30","11.30","Mastercard","E-Commerce","London","Ontario"
"6MUN-GSWA-5L3I","Completed","6/22/2026","6:17 AM","America/Toronto","","true","354124","mnmeddoui@gmail.com","Mariam Meddoui","","354124","mnmeddoui@gmail.com","Mariam Meddoui","Late Cancel Charge","14688","14690","036981809486","late-cancel-fee-penalty-fees-771","","","Penalty Fees","","","Completed","6/22/2026","CAD","1","15.00","15.00","1.95","16.95","Visa","E-Commerce","London","Ontario"
"EJ47-H2CA-5L3I","Completed","6/22/2026","9:37 AM","America/Toronto","desktop","false","379323","jenemke@gmail.com","Jen Emke","","382306","michellejcallander@gmail.com","Michelle Callandar","Summer Unlimited Teacher Membership // London","21448","21449","891469905718","summer-unlimited-memberships-093","","","Memberships","","","Completed","6/22/2026","CAD","1","300.00","300.00","39.00","339.00","Mastercard","In-Store","London","Ontario"
"FBTM-YV9B-5L3I","Completed","6/22/2026","10:19 AM","America/Toronto","","true","386928","joannepazdzierz@hotmail.com","Joanne Crandall","","386928","joannepazdzierz@hotmail.com","Joanne Crandall","Late Cancel Charge","14688","14690","036981809486","late-cancel-fee-penalty-fees-771","","","Penalty Fees","","","Completed","6/22/2026","CAD","1","15.00","15.00","1.95","16.95","Visa","E-Commerce","London","Ontario"
"G8DH-8D4B-5L3I","Completed","6/22/2026","1:03 PM","America/Toronto","","false","351856","parkchristine97@gmail.com","Christine Park","","351856","parkchristine97@gmail.com","Christine Park","One Class Card // London","20798","20799","760445337951","one-class-card-l-credits-347","","","Credits","","","Completed","6/22/2026","CAD","1","25.00","25.00","3.25","28.25","Visa","E-Commerce","London","Ontario"
"7T4X-4HEA-5L3I","Completed","6/22/2026","1:03 PM","America/Toronto","","false","384617","hayley.proulx@medportal.ca","Hayley Proulx","","384617","hayley.proulx@medportal.ca","Hayley Proulx","One Class Card // London","20798","20799","760445337951","one-class-card-l-credits-347","","","Credits","","","Completed","6/22/2026","CAD","1","25.00","25.00","3.25","28.25","Visa","E-Commerce","London","Ontario"
"SBKV-69NC-5L3I","Completed","6/22/2026","1:04 PM","America/Toronto","","false","384617","hayley.proulx@medportal.ca","Hayley Proulx","","384617","hayley.proulx@medportal.ca","Hayley Proulx","One Class Card // London","20798","20799","760445337951","one-class-card-l-credits-347","","","Credits","","","Completed","6/22/2026","CAD","1","25.00","25.00","3.25","28.25","Visa","E-Commerce","London","Ontario"
"TA39-Z4J3-5L3I","Completed","6/22/2026","1:08 PM","America/Toronto","","false","367537","paige.dresser@lhsc.on.ca","Paige Dresser","","367537","paige.dresser@lhsc.on.ca","Paige Dresser","Spin-It-Forward // London","20792","20793","964245982422","spin-it-forward--credits-429","","","Credits","","","Completed","6/22/2026","CAD","1","10.00","10.00","1.30","11.30","Visa","E-Commerce","London","Ontario"
"SCVJ-BYV4-5L3I","Completed","6/22/2026","3:54 PM","America/Toronto","","false","404145","ybai268@uwo.ca","Yuxin Bai","","404145","ybai268@uwo.ca","Yuxin Bai","Spin-It-Forward // London","20792","20793","964245982422","spin-it-forward--credits-429","","","Credits","","","Completed","6/22/2026","CAD","1","10.00","10.00","1.30","11.30","Visa","E-Commerce","London","Ontario"
"PBMM-7S49-5L3I","Completed","6/22/2026","4:16 PM","America/Toronto","","true","71878","k.rothwell@spinco.ca","Kira Rothwell","","71878","k.rothwell@spinco.ca","Kira Rothwell","Late Cancel Charge","14688","14690","036981809486","late-cancel-fee-penalty-fees-771","","","Penalty Fees","","","Completed","6/22/2026","CAD","1","15.00","15.00","1.95","16.95","Visa","E-Commerce","London","Ontario"
"2M89-BAPK-5L3I","Completed","6/22/2026","4:42 PM","America/Toronto","desktop","false","370939","corrindavis@hotmail.com","Corrin McLean","","382306","michellejcallander@gmail.com","Michelle Callandar","Ten Class Card // London","20794","20795","456569691604","ten-class-card-l-credits-104","","","Credits","","","Completed","6/22/2026","CAD","1","170.00","200.00","22.10","192.10","Visa","In-Store","London","Ontario"
"C4YB-Z69U-5L3I","Completed","6/22/2026","5:01 PM","America/Toronto","","false","401014","ellapertman@gmail.com","Ella Pertman","","401014","ellapertman@gmail.com","Ella Pertman","One Class Card // London","20798","20799","760445337951","one-class-card-l-credits-347","","","Credits","","","Completed","6/22/2026","CAD","1","25.00","25.00","3.25","28.25","Visa","E-Commerce","London","Ontario"
"X92X-NFJ9-5L3I","Completed","6/22/2026","5:29 PM","America/Toronto","desktop","false","349985","rachel.stack@outlook.com","Rachel Stack","","347195","lviner@hotmail.com","Laura Viner","SPINCO Water","19657","19658","469973764933","spinco-water-water-914","","","Water","Arctic Chiller","","Completed","6/22/2026","CAD","1","2.50","2.50","0.33","2.83","Visa","In-Store","London","Ontario"
"FMV9-WPQX-5L3I","Completed","6/22/2026","6:52 PM","America/Toronto","desktop","false","354213","h_assaf92@hotmail.com","Hannan A","","347301","london@spinco.ca","SPINCO London","SPINCO London Crewneck","24949","24950","966088003820","spinco-london-cr-clothing-144","Blue","","Clothing","","","Completed","6/22/2026","CAD","1","49.99","49.99","6.50","56.49","Visa","In-Store","London","Ontario"
"5N56-92XA-5L3I","Completed","6/22/2026","7:26 PM","America/Toronto","","false","378742","itslatashacromwell@gmail.com","Latasha Cromwell","","378742","itslatashacromwell@gmail.com","Latasha Cromwell","One Class Card // London","20798","20799","760445337951","one-class-card-l-credits-347","","","Credits","","","Completed","6/22/2026","CAD","1","25.00","25.00","3.25","28.25","Visa","E-Commerce","London","Ontario"
"R3FT-46TF-5L3J","Completed","6/22/2026","8:42 PM","America/Toronto","","false","401424","katiebowen@hotmail.com","Katie Bowen","","401424","katiebowen@hotmail.com","Katie Bowen","One Class Card // London","20798","20799","760445337951","one-class-card-l-credits-347","","","Credits","","","Completed","6/22/2026","CAD","1","25.00","25.00","3.25","28.25","Visa","E-Commerce","London","Ontario"
"G5TE-X643-5L3J","Completed","6/22/2026","8:56 PM","America/Toronto","","false","369789","natalia.szcz13@gmail.com","Natalia Szczesny","","369789","natalia.szcz13@gmail.com","Natalia Szczesny","Five Class Card // London","20802","20803","488719457552","five-class-card--credits-078","","","Credits","","","Completed","6/22/2026","CAD","1","110.00","110.00","14.30","124.30","Visa","E-Commerce","London","Ontario"
"M2GS-Q57F-5L3J","Completed","6/22/2026","9:05 PM","America/Toronto","","false","346925","brooke.goodchild@hotmail.com","Rachel Goodchild","","346925","brooke.goodchild@hotmail.com","Rachel Goodchild","Spin-It-Forward // London","20792","20793","964245982422","spin-it-forward--credits-429","","","Credits","","","Completed","6/22/2026","CAD","1","10.00","10.00","1.30","11.30","Mastercard","E-Commerce","London","Ontario"
"TQSK-2G3T-5L3J","Completed","6/22/2026","10:37 PM","America/Toronto","","false","404221","keirahyszka@gmail.com","keira hyszka","","404221","keirahyszka@gmail.com","keira hyszka","New Rider Special // London","21051","21052","288040778473","new-rider-specia-memberships-503","","","Memberships","","","Completed","6/22/2026","CAD","1","50.00","50.00","6.50","56.50","Visa","E-Commerce","London","Ontario"
"K37K-VAEG-5L3J","Completed","6/23/2026","12:26 AM","America/Toronto","","true","399416","erinmdowning@outlook.com","Erin Downing","","399416","erinmdowning@outlook.com","Erin Downing","Unlimited Membership // London Summer Sale","25655","25656","961992957372","unlimited-member-memberships-020","","","Memberships","","","Completed","6/23/2026","CAD","1","169.00","169.00","21.97","190.97","Mastercard","E-Commerce","London","Ontario"
"S6SX-WE6U-5L3J","Completed","6/23/2026","12:26 AM","America/Toronto","","true","311771","alexrosewatt@outlook.com","Alex Watt","","311771","alexrosewatt@outlook.com","Alex Watt","Unlimited Monthly Membership // London *GRANDFATHERED","20834","20835","254627090190","unlimited-classe-memberships-530","","","Memberships","","","Completed","6/23/2026","CAD","1","200.00","200.00","26.00","226.00","Visa","E-Commerce","London","Ontario"
"8WAF-AN86-5L3J","Completed","6/23/2026","5:40 AM","America/Toronto","","false","347029","alyssa.westman@outlook.com","Alyssa Westman","","347029","alyssa.westman@outlook.com","Alyssa Westman","Five Class Card // London","20802","20803","488719457552","five-class-card--credits-078","","","Credits","","","Completed","6/23/2026","CAD","1","110.00","110.00","14.30","124.30","Visa","E-Commerce","London","Ontario"
"AV23-Q6VN-5L3J","Completed","6/23/2026","6:19 AM","America/Toronto","","true","311771","alexrosewatt@outlook.com","Alex Watt","","311771","alexrosewatt@outlook.com","Alex Watt","Late Cancel Charge","14688","14690","036981809486","late-cancel-fee-penalty-fees-771","","","Penalty Fees","","","Completed","6/23/2026","CAD","1","15.00","15.00","1.95","16.95","Visa","E-Commerce","London","Ontario"
"JQ8M-5FGJ-5L3J","Completed","6/23/2026","6:29 AM","America/Toronto","","false","404223","trinh0715@gmail.com","Wendy Trinh","","404223","trinh0715@gmail.com","Wendy Trinh","New Rider Special // London","21051","21052","288040778473","new-rider-specia-memberships-503","","","Memberships","","","Completed","6/23/2026","CAD","1","50.00","50.00","6.50","56.50","Visa","E-Commerce","London","Ontario"
"KBZB-SE2R-5L3J","Completed","6/23/2026","6:53 AM","America/Toronto","desktop","false","363395","derek@cardy.ca","Derek Cardy","","347301","london@spinco.ca","SPINCO London","Coffee // London","23655","23656","087239269521","coffee-london-food-and-beverag-851","","","Food and Beverage","","","Completed","6/23/2026","CAD","1","1.50","1.50","0.20","1.70","Visa","In-Store","London","Ontario"
"XAWX-XHY3-5L3J","Completed","6/23/2026","7:19 AM","America/Toronto","","true","401212","letvelasco@gmail.com","Leticia Velasco","","401212","letvelasco@gmail.com","Leticia Velasco","No Show Charge","14687","14689","489143084327","no-show-fee-penalty-fees-498","","","Penalty Fees","","","Completed","6/23/2026","CAD","1","20.00","20.00","2.60","22.60","Visa","E-Commerce","London","Ontario"
"F6YA-X4ZF-5L3J","Completed","6/23/2026","7:19 AM","America/Toronto","","true","352243","npitchell@hotmail.com","Natalie Pitchell","","352243","npitchell@hotmail.com","Natalie Pitchell","Late Cancel Charge","14688","14690","036981809486","late-cancel-fee-penalty-fees-771","","","Penalty Fees","","","Completed","6/23/2026","CAD","1","15.00","15.00","1.95","16.95","Visa","E-Commerce","London","Ontario"
"G5QM-WGKZ-5L3J","Completed","6/23/2026","9:27 AM","America/Toronto","","false","400285","isabelle.hicks09@gmail.com","Isabelle Hicks","","400285","isabelle.hicks09@gmail.com","Isabelle Hicks","Spin-It-Forward // London","20792","20793","964245982422","spin-it-forward--credits-429","","","Credits","","","Completed","6/23/2026","CAD","1","10.00","10.00","1.30","11.30","Visa","E-Commerce","London","Ontario"
"PYH2-WX9E-5L3J","Completed","6/23/2026","9:27 AM","America/Toronto","","false","404252","daniferkohicks@gmail.com","Danielle Ferko-Hicks","","404252","daniferkohicks@gmail.com","Danielle Ferko-Hicks","Spin-It-Forward // London","20792","20793","964245982422","spin-it-forward--credits-429","","","Credits","","","Completed","6/23/2026","CAD","1","10.00","10.00","1.30","11.30","Visa","E-Commerce","London","Ontario"
"W9Q7-PU6P-5L3J","Completed","6/23/2026","12:04 PM","America/Toronto","","false","404270","tinaobhi@hotmail.com","Tina Obahi","","404270","tinaobhi@hotmail.com","Tina Obahi","New Rider Special // London","21051","21052","288040778473","new-rider-specia-memberships-503","","","Memberships","","","Completed","6/23/2026","CAD","1","50.00","50.00","6.50","56.50","American Express","E-Commerce","London","Ontario"
"Q9H6-4VPZ-5L3J","Completed","6/23/2026","12:10 PM","America/Toronto","","false","392409","fionawufy@gmail.com","Fiona Wu","","392409","fionawufy@gmail.com","Fiona Wu","4x Membership // London","21999","22000","216300284773","4x-membership-lo-memberships-280","","","Memberships","","","Completed","6/23/2026","CAD","1","80.00","80.00","10.40","90.40","Mastercard","E-Commerce","London","Ontario"
"Z3RF-RWM6-5L3J","Completed","6/23/2026","12:32 PM","America/Toronto","","false","404275","zoerouyilin@gmail.com","Zoe Lin","","404275","zoerouyilin@gmail.com","Zoe Lin","New Rider Special // London","21051","21052","288040778473","new-rider-specia-memberships-503","","","Memberships","","","Completed","6/23/2026","CAD","1","50.00","50.00","6.50","56.50","Mastercard","E-Commerce","London","Ontario"
"M83K-E6R3-5L3J","Completed","6/23/2026","1:42 PM","America/Toronto","","false","400239","lkeatin5@uwo.ca","leah keating","","400239","lkeatin5@uwo.ca","leah keating","2-Week Unlimited - London","21065","21066","384754283235","2-week-unlimited-memberships-769","","","Memberships","","","Completed","6/23/2026","CAD","1","50.00","50.00","6.50","56.50","Visa","E-Commerce","London","Ontario"
"TSH2-UZ2Y-5L3J","Completed","6/23/2026","2:13 PM","America/Toronto","","false","378742","itslatashacromwell@gmail.com","Latasha Cromwell","","378742","itslatashacromwell@gmail.com","Latasha Cromwell","One Class Card // London","20798","20799","760445337951","one-class-card-l-credits-347","","","Credits","","","Completed","6/23/2026","CAD","1","25.00","25.00","3.25","28.25","Visa","E-Commerce","London","Ontario"
"DYD6-D89P-5L3J","Completed","6/23/2026","3:05 PM","America/Toronto","","false","374786","raquelcedeno03@outlook.com","Raquel Cedeno","","374786","raquelcedeno03@outlook.com","Raquel Cedeno","One Class Card // London","20798","20799","760445337951","one-class-card-l-credits-347","","","Credits","","","Completed","6/23/2026","CAD","1","25.00","25.00","3.25","28.25","Visa","E-Commerce","London","Ontario"
"4JD4-2VYE-5L3J","Completed","6/23/2026","3:06 PM","America/Toronto","desktop","false","358618","hooraesteph@gmail.com","Stephanie Rae","","382306","michellejcallander@gmail.com","Michelle Callandar","Private Ride 1 // London","21736","21737","329646399710","copy-of-private--credits-195","","","Credits","","","Completed","6/23/2026","CAD","1","75.00","750.00","9.75","84.75","Visa","In-Store","London","Ontario"
"MMZB-GZBQ-5L3J","Completed","6/23/2026","3:14 PM","America/Toronto","","false","404170","felicitym003@gmail.com","Felicity Mei","","404170","felicitym003@gmail.com","Felicity Mei","One Class Card // London","20798","20799","760445337951","one-class-card-l-credits-347","","","Credits","","","Completed","6/23/2026","CAD","1","25.00","25.00","3.25","28.25","Visa","E-Commerce","London","Ontario"
"FP2R-E579-5L3J","Completed","6/23/2026","3:28 PM","America/Toronto","desktop","false","390982","christinenbere@hotmail.com","Christine Bere","","382306","michellejcallander@gmail.com","Michelle Callandar","Summer Unlimited Teacher Membership // London","21448","21449","891469905718","summer-unlimited-memberships-093","","","Memberships","","","Completed","6/23/2026","CAD","1","300.00","300.00","39.00","339.00","Mastercard","In-Store","London","Ontario"
"SVWX-88RC-5L3J","Completed","6/23/2026","3:43 PM","America/Toronto","mobile","false","368626","marianasalazar_973@hotmail.com","Mariana Salazar Vargas","","368626","marianasalazar_973@hotmail.com","Mariana Salazar Vargas","One Class Card // London","20798","20799","760445337951","one-class-card-l-credits-347","","","Credits","","","Completed","6/23/2026","CAD","1","0.00","25.00","0.00","0.00","No Charge","E-Commerce","London","Ontario"
"B3D2-84AN-5L3J","Completed","6/23/2026","5:26 PM","America/Toronto","desktop","false","381488","alexandercasucci@gmail.com","Alexander Casucci","","347195","lviner@hotmail.com","Laura Viner","SPINCO Water","19657","19658","469973764933","spinco-water-water-914","","","Water","Arctic Chiller","","Completed","6/23/2026","CAD","1","2.50","2.50","0.33","2.83","American Express","In-Store","London","Ontario"
"FG2F-GJEY-5L3J","Completed","6/23/2026","7:40 PM","America/Toronto","","false","255590","niazvahdat@gmail.com","Niaz Vahdat","","255590","niazvahdat@gmail.com","Niaz Vahdat","One Class Card // London","20798","20799","760445337951","one-class-card-l-credits-347","","","Credits","","","Completed","6/23/2026","CAD","1","25.00","25.00","3.25","28.25","Visa","E-Commerce","London","Ontario"
"ZM5S-5FJF-5L3K","Completed","6/23/2026","8:37 PM","America/Toronto","","false","402004","lmcgeown@lakeheadu.ca","Laura McGeown","","402004","lmcgeown@lakeheadu.ca","Laura McGeown","Ten Class Card // London","20794","20795","456569691604","ten-class-card-l-credits-104","","","Credits","","","Completed","6/23/2026","CAD","1","200.00","200.00","26.00","226.00","Visa","E-Commerce","London","Ontario"
"AYYX-4M5S-5L3K","Completed","6/23/2026","11:17 PM","America/Toronto","","true","399416","erinmdowning@outlook.com","Erin Downing","","399416","erinmdowning@outlook.com","Erin Downing","Late Cancel Charge","14688","14690","036981809486","late-cancel-fee-penalty-fees-771","","","Penalty Fees","","","Completed","6/23/2026","CAD","1","15.00","15.00","1.95","16.95","Visa","E-Commerce","London","Ontario"
"44N3-T2PM-5L3C","Completed","6/16/2026","10:24 AM","America/Toronto","","true","358618","hooraesteph@gmail.com","Stephanie Rae","","358618","hooraesteph@gmail.com","Stephanie Rae","Unlimited Membership // London","21995","21996","447442561003","unlimited-member-memberships-867","","","Memberships","","","Completed","6/24/2026","CAD","1","200.00","200.00","26.00","226.00","Visa","E-Commerce","London","Ontario"
"TW86-2HSR-5L3K","Completed","6/24/2026","12:25 AM","America/Toronto","","true","381011","trang.pham@sjhospicelondon.com","Trang Pham","","381011","trang.pham@sjhospicelondon.com","Trang Pham","Unlimited Membership // London","21995","21996","447442561003","unlimited-member-memberships-867","","","Memberships","","","Completed","6/24/2026","CAD","1","200.00","200.00","26.00","226.00","Visa","E-Commerce","London","Ontario"
"5HZ7-ABJR-5L3K","Refunded","6/24/2026","12:25 AM","America/Toronto","","true","391535","lam.sandy91@gmail.com","Sandy Lam","","391535","lam.sandy91@gmail.com","Sandy Lam","4x Membership // London","21999","22000","216300284773","4x-membership-lo-memberships-280","","","Memberships","","","Completed","6/24/2026","CAD","1","80.00","80.00","10.40","90.40","Visa","E-Commerce","London","Ontario"
"3AVZ-ZWKX-5L3K","Completed","6/24/2026","12:25 AM","America/Toronto","","true","397237","melaniemoo@rogers.com","Melanie Moore","","397237","melaniemoo@rogers.com","Melanie Moore","Unlimited Membership // London Summer Sale","25655","25656","961992957372","unlimited-member-memberships-020","","","Memberships","","","Completed","6/24/2026","CAD","1","169.00","169.00","21.97","190.97","Visa","E-Commerce","London","Ontario"
"H8AR-4G9F-5L3K","Completed","6/24/2026","12:25 AM","America/Toronto","","true","214210","aileenzhang1022@gmail.com","Aileen Zhang","","214210","aileenzhang1022@gmail.com","Aileen Zhang","Staff Membership // London","20830","20831","898235312897","staff-membership-memberships-735","","","Memberships","","","Completed","6/24/2026","CAD","1","0.00","0.00","0.00","0.00","No Charge","E-Commerce","London","Ontario"
"PGX8-2AN3-5L3K","Completed","6/24/2026","1:18 AM","America/Toronto","","true","386928","joannepazdzierz@hotmail.com","Joanne Crandall","","386928","joannepazdzierz@hotmail.com","Joanne Crandall","Late Cancel Charge","14688","14690","036981809486","late-cancel-fee-penalty-fees-771","","","Penalty Fees","","","Completed","6/24/2026","CAD","1","15.00","15.00","1.95","16.95","Visa","E-Commerce","London","Ontario"
"9KRE-ZRB8-5L3K","Completed","6/24/2026","5:16 AM","America/Toronto","","true","363395","derek@cardy.ca","Derek Cardy","","363395","derek@cardy.ca","Derek Cardy","Late Cancel Charge","14688","14690","036981809486","late-cancel-fee-penalty-fees-771","","","Penalty Fees","","","Completed","6/24/2026","CAD","1","15.00","15.00","1.95","16.95","Visa","E-Commerce","London","Ontario"
"DDK5-B6VR-5L3K","Completed","6/24/2026","2:13 PM","America/Toronto","","false","395521","yarafsharairee@gmail.com","Yara Alsharairi","","395521","yarafsharairee@gmail.com","Yara Alsharairi","One Class Card // London","20798","20799","760445337951","one-class-card-l-credits-347","","","Credits","","","Completed","6/24/2026","CAD","1","25.00","25.00","3.25","28.25","Visa","E-Commerce","London","Ontario"
"5HZ7-ABJR-5L3K","Refunded","6/24/2026","12:25 AM","America/Toronto","","true","391535","lam.sandy91@gmail.com","Sandy Lam","","382306","michellejcallander@gmail.com","Michelle Callandar","4x Membership // London","21999","22000","216300284773","4x-membership-lo-memberships-280","","","Memberships","","","Refunded","6/24/2026","CAD","-1","-80.00","-80.00","-10.40","-90.40","Visa","E-Commerce","London","Ontario"
"KHCF-2CV8-5L3K","Completed","6/24/2026","3:20 PM","America/Toronto","","true","352243","npitchell@hotmail.com","Natalie Pitchell","","352243","npitchell@hotmail.com","Natalie Pitchell","Late Cancel Charge","14688","14690","036981809486","late-cancel-fee-penalty-fees-771","","","Penalty Fees","","","Completed","6/24/2026","CAD","1","15.00","15.00","1.95","16.95","Visa","E-Commerce","London","Ontario"
"V9UX-3Z6X-5L3K","Completed","6/24/2026","3:45 PM","America/Toronto","","false","351148","oliviadavies8117@gmail.com","Olivia Davies","","351148","oliviadavies8117@gmail.com","Olivia Davies","Five Class Card // London","20802","20803","488719457552","five-class-card--credits-078","","","Credits","","","Completed","6/24/2026","CAD","1","110.00","110.00","14.30","124.30","Visa","E-Commerce","London","Ontario"
"JNF5-VR3W-5L3K","Completed","6/24/2026","4:09 PM","America/Toronto","","false","357139","wilsonkat92@gmail.com","Katie Wilson","","357139","wilsonkat92@gmail.com","Katie Wilson","Ten Class Card // London","20794","20795","456569691604","ten-class-card-l-credits-104","","","Credits","","","Completed","6/24/2026","CAD","1","200.00","200.00","26.00","226.00","Mastercard","E-Commerce","London","Ontario"
"U8HT-DF7X-5L3K","Completed","6/24/2026","4:23 PM","America/Toronto","","false","316126","simona.armenti@gmail.com","Simona ✨ Armenti","","316126","simona.armenti@gmail.com","Simona ✨ Armenti","Five Class Card // London","20802","20803","488719457552","five-class-card--credits-078","","","Credits","","","Completed","6/24/2026","CAD","1","110.00","110.00","14.30","124.30","American Express","E-Commerce","London","Ontario"
"NS48-454A-5L3K","Completed","6/24/2026","5:17 PM","America/Toronto","","true","375376","hannahp0716@gmail.com","hannah pauwels","","375376","hannahp0716@gmail.com","hannah pauwels","Late Cancel Charge","14688","14690","036981809486","late-cancel-fee-penalty-fees-771","","","Penalty Fees","","","Completed","6/24/2026","CAD","1","15.00","15.00","1.95","16.95","Visa","E-Commerce","London","Ontario"
"UFW3-VA5H-5L3K","Completed","6/24/2026","6:13 PM","America/Toronto","desktop","false","353689","solajadami@gmail.com","Dami Solaja","","319732","shanahan.keeghan@gmail.com","Keeghan Shanahan","SPINCO Water","19657","19658","469973764933","spinco-water-water-914","","","Water","Arctic Chiller","","Completed","6/24/2026","CAD","1","2.50","2.50","0.33","2.83","Visa","In-Store","London","Ontario"
"HTFD-ZQM8-5L3K","Completed","6/24/2026","6:20 PM","America/Toronto","","false","350670","parastu.nasirbaht9@gmail.com","Parastu Khodabandehloo","","350670","parastu.nasirbaht9@gmail.com","Parastu Khodabandehloo","Spin-It-Forward // London","20792","20793","964245982422","spin-it-forward--credits-429","","","Credits","","","Completed","6/24/2026","CAD","1","10.00","10.00","1.30","11.30","Mastercard","E-Commerce","London","Ontario"
"PADK-FVKK-5L3L","Completed","6/24/2026","9:58 PM","America/Toronto","","false","404439","oliviagudziewski@gmail.com","Olivia Gudziewski","","404439","oliviagudziewski@gmail.com","Olivia Gudziewski","New Rider Special // London","21051","21052","288040778473","new-rider-specia-memberships-503","","","Memberships","","","Completed","6/24/2026","CAD","1","50.00","50.00","6.50","56.50","American Express","E-Commerce","London","Ontario"
"H7R8-9GBN-5L3L","Completed","6/24/2026","9:59 PM","America/Toronto","","false","404441","tarik.omar1@hotmail.com","Tarik Omar","","404441","tarik.omar1@hotmail.com","Tarik Omar","One Class Card // London","20798","20799","760445337951","one-class-card-l-credits-347","","","Credits","","","Completed","6/24/2026","CAD","1","25.00","25.00","3.25","28.25","Visa","E-Commerce","London","Ontario"
"KZPQ-2GYM-5L3L","Completed","6/24/2026","10:11 PM","America/Toronto","mobile","false","321184","fullerkatherine6@gmail.com","Katherine Fuller","","321184","fullerkatherine6@gmail.com","Katherine Fuller","One Class Card // London","20798","20799","760445337951","one-class-card-l-credits-347","","","Credits","","","Completed","6/24/2026","CAD","1","25.00","25.00","3.25","28.25","Visa","E-Commerce","London","Ontario"
"KFNW-3WXG-5L3L","Completed","6/24/2026","10:56 PM","America/Toronto","","false","404447","michellenguyen1407@gmail.com","Michelle Nguyen","","404447","michellenguyen1407@gmail.com","Michelle Nguyen","New Rider Special // London","21051","21052","288040778473","new-rider-specia-memberships-503","","","Memberships","","","Completed","6/24/2026","CAD","1","50.00","50.00","6.50","56.50","American Express","E-Commerce","London","Ontario"
"Y7CZ-KBQ5-5L3L","Completed","6/24/2026","10:58 PM","America/Toronto","","false","404446","zaynnasser@gmail.com","Zayn Nasser","","404446","zaynnasser@gmail.com","Zayn Nasser","New Rider Special // London","21051","21052","288040778473","new-rider-specia-memberships-503","","","Memberships","","","Completed","6/24/2026","CAD","1","50.00","50.00","6.50","56.50","American Express","E-Commerce","London","Ontario"
"4AGZ-XSTN-5L3L","Completed","6/24/2026","10:58 PM","America/Toronto","","false","404448","hbtrammm@gmail.com","Tram Hoang","","404448","hbtrammm@gmail.com","Tram Hoang","New Rider Special // London","21051","21052","288040778473","new-rider-specia-memberships-503","","","Memberships","","","Completed","6/24/2026","CAD","1","50.00","50.00","6.50","56.50","American Express","E-Commerce","London","Ontario"
"B7VH-XJQD-5L3L","Completed","6/24/2026","11:03 PM","America/Toronto","","false","404450","namrohi@uwo.ca","Namra Amrohi","","404450","namrohi@uwo.ca","Namra Amrohi","New Rider Special // London","21051","21052","288040778473","new-rider-specia-memberships-503","","","Memberships","","","Completed","6/24/2026","CAD","1","50.00","50.00","6.50","56.50","Visa","E-Commerce","London","Ontario"
"BA6Y-9NWA-5L3L","Completed","6/24/2026","11:04 PM","America/Toronto","","false","404449","phthao231@gmail.com","Thao Bui","","404449","phthao231@gmail.com","Thao Bui","New Rider Special // London","21051","21052","288040778473","new-rider-specia-memberships-503","","","Memberships","","","Completed","6/24/2026","CAD","1","50.00","50.00","6.50","56.50","Visa","E-Commerce","London","Ontario"
"XDVV-MSDR-5L3L","Completed","6/24/2026","11:11 PM","America/Toronto","","false","364853","pmkhanh0912@gmail.com","Maddie Pham","","364853","pmkhanh0912@gmail.com","Maddie Pham","One Class Card // London","20798","20799","760445337951","one-class-card-l-credits-347","","","Credits","","","Completed","6/24/2026","CAD","1","25.00","25.00","3.25","28.25","Visa","E-Commerce","London","Ontario"
"TQ4T-8UZD-5L3L","Completed","6/25/2026","12:24 AM","America/Toronto","","true","198298","npattathil@qmed.ca","Nivy Pattathil","","198298","npattathil@qmed.ca","Nivy Pattathil","8x Membership // London","21997","21998","667327189404","8x-membership-lo-memberships-656","","","Memberships","","","Completed","6/25/2026","CAD","1","150.00","150.00","19.50","169.50","American Express","E-Commerce","London","Ontario"
"CHCQ-6ZDK-5L3L","Completed","6/25/2026","12:24 AM","America/Toronto","","true","269457","mglmgl2001@hotmail.ca","Mallory Long","","269457","mglmgl2001@hotmail.ca","Mallory Long","Student Monthly Membership // London","21738","21739","582370867097","student-monthly--memberships-495","","","Memberships","","","Completed","6/25/2026","CAD","1","175.00","175.00","22.75","197.75","Mastercard","E-Commerce","London","Ontario"
"B4KK-78H2-5L3L","Completed","6/25/2026","12:24 AM","America/Toronto","","true","381345","yektamahdi57@gmail.com","Yekta Mahdi","","381345","yektamahdi57@gmail.com","Yekta Mahdi","8x Membership // London","21997","21998","667327189404","8x-membership-lo-memberships-656","","","Memberships","","","Completed","6/25/2026","CAD","1","127.50","150.00","16.58","144.08","Visa","E-Commerce","London","Ontario"
"GG9F-C7CP-5L3L","Completed","6/25/2026","12:24 AM","America/Toronto","","true","398502","tiarbell05@gmail.com","Tia Bell","","398502","tiarbell05@gmail.com","Tia Bell","4x Membership // London Summer Sale","25653","25654","346308480296","4x-membership-bu-memberships-912","","","Memberships","","","Completed","6/25/2026","CAD","1","69.00","69.00","8.97","77.97","Visa","E-Commerce","London","Ontario"
"VCAM-9MXA-5L3L","Completed","6/25/2026","4:18 AM","America/Toronto","","true","347195","lviner@hotmail.com","Laura Viner","","347195","lviner@hotmail.com","Laura Viner","Late Cancel Charge","14688","14690","036981809486","late-cancel-fee-penalty-fees-771","","","Penalty Fees","","","Completed","6/25/2026","CAD","1","15.00","15.00","1.95","16.95","Mastercard","E-Commerce","London","Ontario"
"C5QV-KSC2-5L3L","Completed","6/25/2026","5:54 AM","America/Toronto","desktop","false","349222","julianoel143@gmail.com","Julia Noël","","347301","london@spinco.ca","SPINCO London","SPINCO Water","19657","19658","469973764933","spinco-water-water-914","","","Water","Arctic Chiller","","Completed","6/25/2026","CAD","2","5.00","5.00","0.65","5.65","Visa","In-Store","London","Ontario"
"KY93-G5XD-5L3L","Completed","6/25/2026","6:20 AM","America/Toronto","","true","399416","erinmdowning@outlook.com","Erin Downing","","399416","erinmdowning@outlook.com","Erin Downing","No Show Charge","14687","14689","489143084327","no-show-fee-penalty-fees-498","","","Penalty Fees","","","Completed","6/25/2026","CAD","1","20.00","20.00","2.60","22.60","Visa","E-Commerce","London","Ontario"
"FGWG-8Q3Y-5L3L","Completed","6/25/2026","7:55 AM","America/Toronto","desktop","false","363395","derek@cardy.ca","Derek Cardy","","319732","shanahan.keeghan@gmail.com","Keeghan Shanahan","Coffee // London","23655","23656","087239269521","coffee-london-food-and-beverag-851","","","Food and Beverage","","","Completed","6/25/2026","CAD","1","1.50","1.50","0.20","1.70","Visa","In-Store","London","Ontario"
"N8BB-48U8-5L3L","Completed","6/25/2026","7:58 AM","America/Toronto","desktop","false","367983","jasionowskaolivia@gmail.com","Olivia Jasionowska","","319732","shanahan.keeghan@gmail.com","Keeghan Shanahan","Coffee // London","23655","23656","087239269521","coffee-london-food-and-beverag-851","","","Food and Beverage","","","Completed","6/25/2026","CAD","1","1.50","1.50","0.20","1.70","Visa","In-Store","London","Ontario"
"CFU9-MGQ4-5L3L","Completed","6/25/2026","7:58 AM","America/Toronto","","true","367983","jasionowskaolivia@gmail.com","Olivia Jasionowska","","367983","jasionowskaolivia@gmail.com","Olivia Jasionowska","Late Cancel Charge","14688","14690","036981809486","late-cancel-fee-penalty-fees-771","","","Penalty Fees","","","Completed","6/25/2026","CAD","1","15.00","15.00","1.95","16.95","Visa","E-Commerce","London","Ontario"
"7XX7-E3PC-5L3L","Completed","6/25/2026","9:58 AM","America/Toronto","","false","298900","stephaniekursikowski@outlook.com","Stephanie Kursikowski","","298900","stephaniekursikowski@outlook.com","Stephanie Kursikowski","Spin-It-Forward // London","20792","20793","964245982422","spin-it-forward--credits-429","","","Credits","","","Completed","6/25/2026","CAD","1","10.00","10.00","1.30","11.30","Visa","E-Commerce","London","Ontario"
"G5ZD-AHKJ-5L3L","Completed","6/25/2026","10:41 AM","America/Toronto","","false","201623","blisscreations.kw@gmail.com","Shupi ✨ Mapuranga","","201623","blisscreations.kw@gmail.com","Shupi ✨ Mapuranga","Spin-It-Forward // London","20792","20793","964245982422","spin-it-forward--credits-429","","","Credits","","","Completed","6/25/2026","CAD","1","10.00","10.00","1.30","11.30","Visa","E-Commerce","London","Ontario"
"B28X-7AUM-5L3L","Completed","6/25/2026","11:17 AM","America/Toronto","","true","404221","keirahyszka@gmail.com","keira hyszka","","404221","keirahyszka@gmail.com","keira hyszka","Late Cancel Charge","14688","14690","036981809486","late-cancel-fee-penalty-fees-771","","","Penalty Fees","","","Completed","6/25/2026","CAD","1","15.00","15.00","1.95","16.95","Visa","E-Commerce","London","Ontario"
"9J25-3RKE-5L3L","Completed","6/25/2026","11:20 AM","America/Toronto","","false","388475","michellelenehan1@gmail.com","Michelle Lenehan","","388475","michellelenehan1@gmail.com","Michelle Lenehan","Spin-It-Forward // London","20792","20793","964245982422","spin-it-forward--credits-429","","","Credits","","","Completed","6/25/2026","CAD","1","10.00","10.00","1.30","11.30","Visa","E-Commerce","London","Ontario"
"SR6V-ETHR-5L3L","Completed","6/25/2026","11:34 AM","America/Toronto","","false","359422","annadietz1@icloud.com","Anna Dietz","","359422","annadietz1@icloud.com","Anna Dietz","Ten Class Card // London","20794","20795","456569691604","ten-class-card-l-credits-104","","","Credits","","","Completed","6/25/2026","CAD","1","200.00","200.00","26.00","226.00","Visa","E-Commerce","London","Ontario"
"7NCC-7DF6-5L3L","Completed","6/25/2026","12:13 PM","America/Toronto","","false","402598","rabiaafzaal2@gmail.com","Rabia Afzaal","","402598","rabiaafzaal2@gmail.com","Rabia Afzaal","One Class Card // London","20798","20799","760445337951","one-class-card-l-credits-347","","","Credits","","","Completed","6/25/2026","CAD","1","25.00","25.00","3.25","28.25","Mastercard","E-Commerce","London","Ontario"
"C4W3-BUUS-5L3L","Completed","6/25/2026","12:24 PM","America/Toronto","","false","404496","asawir5432@gmail.com","Asawir Elhilo","","404496","asawir5432@gmail.com","Asawir Elhilo","One Class Card // London","20798","20799","760445337951","one-class-card-l-credits-347","","","Credits","","","Completed","6/25/2026","CAD","1","25.00","25.00","3.25","28.25","Visa","E-Commerce","London","Ontario"
"5VJJ-9N2V-5L3L","Completed","6/25/2026","1:05 PM","America/Toronto","","false","366331","malakosman100@gmail.com","Malak Osman","","366331","malakosman100@gmail.com","Malak Osman","Spin-It-Forward // London","20792","20793","964245982422","spin-it-forward--credits-429","","","Credits","","","Completed","6/25/2026","CAD","1","10.00","10.00","1.30","11.30","Visa","E-Commerce","London","Ontario"
"7E2M-EPCE-5L3L","Completed","6/25/2026","1:15 PM","America/Toronto","","false","400208","alretage.albader@gmail.com","Retage Al Bader","","400208","alretage.albader@gmail.com","Retage Al Bader","Spin-It-Forward // London","20792","20793","964245982422","spin-it-forward--credits-429","","","Credits","","","Completed","6/25/2026","CAD","1","10.00","10.00","1.30","11.30","Visa","E-Commerce","London","Ontario"
"2X3P-TBHZ-5L3L","Completed","6/25/2026","4:45 PM","America/Toronto","desktop","false","403361","nicoleguiho@gmail.com","Nicole Guiho","","382306","michellejcallander@gmail.com","Michelle Callandar","New Rider Special // London","21051","21052","288040778473","new-rider-specia-memberships-503","","","Memberships","","","Completed","6/25/2026","CAD","1","50.00","50.00","6.50","56.50","Mastercard","In-Store","London","Ontario"
"FDVP-UVB4-5L3L","Completed","6/25/2026","4:52 PM","America/Toronto","","true","348502","dmlinare@uwo.ca","Daniella Mlinarevic","","348502","dmlinare@uwo.ca","Daniella Mlinarevic","Unlimited Membership // London","21995","21996","447442561003","unlimited-member-memberships-867","","","Memberships","","","Completed","6/25/2026","CAD","1","200.00","200.00","26.00","226.00","Mastercard","E-Commerce","London","Ontario"
"76TC-Z7YQ-5L3L","Completed","6/25/2026","4:55 PM","America/Toronto","","false","378742","itslatashacromwell@gmail.com","Latasha Cromwell","","378742","itslatashacromwell@gmail.com","Latasha Cromwell","One Class Card // London","20798","20799","760445337951","one-class-card-l-credits-347","","","Credits","","","Completed","6/25/2026","CAD","1","25.00","25.00","3.25","28.25","Visa","E-Commerce","London","Ontario"
"W65S-6TGD-5L3L","Completed","6/25/2026","5:20 PM","America/Toronto","","true","384035","laismeiras@gmail.com","Laís Marques Eiras","","384035","laismeiras@gmail.com","Laís Marques Eiras","Late Cancel Charge","14688","14690","036981809486","late-cancel-fee-penalty-fees-771","","","Penalty Fees","","","Completed","6/25/2026","CAD","1","15.00","15.00","1.95","16.95","Visa","E-Commerce","London","Ontario"
"4XSP-PA2Y-5L3L","Completed","6/25/2026","5:20 PM","America/Toronto","","true","402006","jhussei6@uwo.ca","Judy Hussein","","402006","jhussei6@uwo.ca","Judy Hussein","Late Cancel Charge","14688","14690","036981809486","late-cancel-fee-penalty-fees-771","","","Penalty Fees","","","Completed","6/25/2026","CAD","1","15.00","15.00","1.95","16.95","American Express","E-Commerce","London","Ontario"
"3QN3-TVGD-5L3L","Completed","6/25/2026","5:46 PM","America/Toronto","","false","397624","lauraloppez@hotmail.ca","Laura Lopez","","397624","lauraloppez@hotmail.ca","Laura Lopez","Spin-It-Forward // London","20792","20793","964245982422","spin-it-forward--credits-429","","","Credits","","","Completed","6/25/2026","CAD","1","10.00","10.00","1.30","11.30","Visa","E-Commerce","London","Ontario"
"SBY5-QQ7Z-5L3L","Completed","6/25/2026","5:48 PM","America/Toronto","","false","403361","nicoleguiho@gmail.com","Nicole Guiho","","403361","nicoleguiho@gmail.com","Nicole Guiho","Spin-It-Forward // London","20792","20793","964245982422","spin-it-forward--credits-429","","","Credits","","","Completed","6/25/2026","CAD","1","10.00","10.00","1.30","11.30","Mastercard","E-Commerce","London","Ontario"
"VNY9-GWA5-5L3L","Completed","6/25/2026","6:24 PM","America/Toronto","","false","404528","mday27@uwo.ca","Maddy Day","","404528","mday27@uwo.ca","Maddy Day","New Rider Special // London","21051","21052","288040778473","new-rider-specia-memberships-503","","","Memberships","","","Completed","6/25/2026","CAD","1","50.00","50.00","6.50","56.50","Visa","E-Commerce","London","Ontario"
"7SS8-7USH-5L3L","Completed","6/25/2026","6:42 PM","America/Toronto","","false","353425","katelynelisetodd@gmail.com","Katie Todd","","353425","katelynelisetodd@gmail.com","Katie Todd","One Class Card // London","20798","20799","760445337951","one-class-card-l-credits-347","","","Credits","","","Completed","6/25/2026","CAD","2","50.00","50.00","6.50","56.50","Mastercard","E-Commerce","London","Ontario"
"AB2Y-Z5GR-5L3M","Completed","6/25/2026","8:06 PM","America/Toronto","","false","404549","gracenouwens@yahoo.com","Grace Nouwens","","404549","gracenouwens@yahoo.com","Grace Nouwens","Spin-It-Forward // London","20792","20793","964245982422","spin-it-forward--credits-429","","","Credits","","","Completed","6/25/2026","CAD","1","10.00","10.00","1.30","11.30","Visa","E-Commerce","London","Ontario"
"6SCP-RSUY-5L3M","Completed","6/25/2026","8:07 PM","America/Toronto","","false","404549","gracenouwens@yahoo.com","Grace Nouwens","","404549","gracenouwens@yahoo.com","Grace Nouwens","Spin-It-Forward // London","20792","20793","964245982422","spin-it-forward--credits-429","","","Credits","","","Completed","6/25/2026","CAD","1","10.00","10.00","1.30","11.30","Visa","E-Commerce","London","Ontario"
"FV72-YVZS-5L3M","Completed","6/25/2026","8:42 PM","America/Toronto","","false","397606","jords9804@gmail.com","Sarah Jordan","","397606","jords9804@gmail.com","Sarah Jordan","One Class Card // London","20798","20799","760445337951","one-class-card-l-credits-347","","","Credits","","","Completed","6/25/2026","CAD","1","25.00","25.00","3.25","28.25","Visa","E-Commerce","London","Ontario"
"YFAE-3848-5L3M","Completed","6/25/2026","11:44 PM","America/Toronto","","false","371370","sogunsol@uwo.ca","Simi Ogunsola","","371370","sogunsol@uwo.ca","Simi Ogunsola","Spin-It-Forward // London","20792","20793","964245982422","spin-it-forward--credits-429","","","Credits","","","Completed","6/25/2026","CAD","1","10.00","10.00","1.30","11.30","Visa","E-Commerce","London","Ontario"
"669Y-N6QS-5L3M","Completed","6/26/2026","12:24 AM","America/Toronto","","true","363395","derek@cardy.ca","Derek Cardy","","363395","derek@cardy.ca","Derek Cardy","Unlimited Membership // London","21995","21996","447442561003","unlimited-member-memberships-867","","","Memberships","","","Completed","6/26/2026","CAD","1","200.00","200.00","26.00","226.00","Visa","E-Commerce","London","Ontario"
"MWH9-K2TS-5L3M","Completed","6/26/2026","12:24 AM","America/Toronto","","true","397643","carlygrisley@outlook.com","Carly Grisley","","397643","carlygrisley@outlook.com","Carly Grisley","Unlimited Membership // London Summer Sale","25655","25656","961992957372","unlimited-member-memberships-020","","","Memberships","","","Completed","6/26/2026","CAD","1","169.00","169.00","21.97","190.97","Visa","E-Commerce","London","Ontario"
"4HBV-55YB-5L3M","Completed","6/26/2026","6:18 AM","America/Toronto","","true","371904","c.scarrow51@gmail.com","Claire Scarrow","","371904","c.scarrow51@gmail.com","Claire Scarrow","Late Cancel Charge","14688","14690","036981809486","late-cancel-fee-penalty-fees-771","","","Penalty Fees","","","Completed","6/26/2026","CAD","1","15.00","15.00","1.95","16.95","Visa","E-Commerce","London","Ontario"
"PWC3-GPEY-5L3M","Completed","6/26/2026","6:18 AM","America/Toronto","","true","363395","derek@cardy.ca","Derek Cardy","","363395","derek@cardy.ca","Derek Cardy","No Show Charge","14687","14689","489143084327","no-show-fee-penalty-fees-498","","","Penalty Fees","","","Completed","6/26/2026","CAD","1","20.00","20.00","2.60","22.60","Visa","E-Commerce","London","Ontario"
"QGBT-ZV6W-5L3M","Completed","6/26/2026","7:24 AM","America/Toronto","","false","384613","maddie.kellerrrr@gmail.com","Maddie Keller","","384613","maddie.kellerrrr@gmail.com","Maddie Keller","Spin-It-Forward // London","20792","20793","964245982422","spin-it-forward--credits-429","","","Credits","","","Completed","6/26/2026","CAD","1","10.00","10.00","1.30","11.30","Mastercard","E-Commerce","London","Ontario"
"UG9C-BSTU-5L3M","Completed","6/26/2026","9:47 AM","America/Toronto","","false","402177","avasa.sarawan@gmail.com","Avasa Sarawan","","402177","avasa.sarawan@gmail.com","Avasa Sarawan","Spin-It-Forward // London","20792","20793","964245982422","spin-it-forward--credits-429","","","Credits","","","Completed","6/26/2026","CAD","1","10.00","10.00","1.30","11.30","Visa","E-Commerce","London","Ontario"
"QEWY-PWSG-5L3M","Completed","6/26/2026","10:38 AM","America/Toronto","","false","320289","richang0617@gmail.com","Rich Ang","","320289","richang0617@gmail.com","Rich Ang","Spin-It-Forward // London","20792","20793","964245982422","spin-it-forward--credits-429","","","Credits","","","Completed","6/26/2026","CAD","1","10.00","10.00","1.30","11.30","Mastercard","E-Commerce","London","Ontario"
"3GJU-237V-5L3M","Completed","6/26/2026","11:57 AM","America/Toronto","","false","331537","daniellacasaretto@gmail.com","Daniella Casaretto","","331537","daniellacasaretto@gmail.com","Daniella Casaretto","Spin-It-Forward // London","20792","20793","964245982422","spin-it-forward--credits-429","","","Credits","","","Completed","6/26/2026","CAD","1","10.00","10.00","1.30","11.30","Mastercard","E-Commerce","London","Ontario"
"SCXJ-3E2Z-5L3M","Completed","6/26/2026","11:59 AM","America/Toronto","","false","401014","ellapertman@gmail.com","Ella Pertman","","401014","ellapertman@gmail.com","Ella Pertman","One Class Card // London","20798","20799","760445337951","one-class-card-l-credits-347","","","Credits","","","Completed","6/26/2026","CAD","1","25.00","25.00","3.25","28.25","Visa","E-Commerce","London","Ontario"
"HNMW-JY6N-5L3M","Completed","6/26/2026","12:00 PM","America/Toronto","","false","404590","selah2112@gmail.com","Selah Lajoie","","404590","selah2112@gmail.com","Selah Lajoie","Spin-It-Forward // London","20792","20793","964245982422","spin-it-forward--credits-429","","","Credits","","","Completed","6/26/2026","CAD","1","10.00","10.00","1.30","11.30","Visa","E-Commerce","London","Ontario"
"ZW3S-VKEY-5L3M","Completed","6/26/2026","2:18 PM","America/Toronto","","true","395521","yarafsharairee@gmail.com","Yara Alsharairi","","395521","yarafsharairee@gmail.com","Yara Alsharairi","Late Cancel Charge","14688","14690","036981809486","late-cancel-fee-penalty-fees-771","","","Penalty Fees","","","Completed","6/26/2026","CAD","1","15.00","15.00","1.95","16.95","Visa","E-Commerce","London","Ontario"
"EAR6-3BHY-5L3M","Completed","6/26/2026","2:42 PM","America/Toronto","","true","351690","rachelpipicelli@gmail.com","Rachel Pipicelli","","351690","rachelpipicelli@gmail.com","Rachel Pipicelli","4x Membership // London","21999","22000","216300284773","4x-membership-lo-memberships-280","","","Memberships","","","Completed","6/26/2026","CAD","1","80.00","80.00","10.40","90.40","Visa","E-Commerce","London","Ontario"
"SN3Q-CR5R-5L3M","Completed","6/26/2026","2:48 PM","America/Toronto","","false","351690","rachelpipicelli@gmail.com","Rachel Pipicelli","","351690","rachelpipicelli@gmail.com","Rachel Pipicelli","One Class Card // London","20798","20799","760445337951","one-class-card-l-credits-347","","","Credits","","","Completed","6/26/2026","CAD","1","25.00","25.00","3.25","28.25","Visa","E-Commerce","London","Ontario"
"EQQG-8MHP-5L3M","Completed","6/26/2026","4:23 PM","America/Toronto","","false","258861","lauraea15@hotmail.com","Laura Alvares","","258861","lauraea15@hotmail.com","Laura Alvares","One Class Card // London","20798","20799","760445337951","one-class-card-l-credits-347","","","Credits","","","Completed","6/26/2026","CAD","1","25.00","25.00","3.25","28.25","Visa","E-Commerce","London","Ontario"
"D3NN-4T8P-5L3M","Completed","6/26/2026","4:40 PM","America/Toronto","desktop","false","222964","abmitch99@yahoo.ca","Abby Mitchell","","347301","london@spinco.ca","SPINCO London","Spin-It-Forward // London","20792","20793","964245982422","spin-it-forward--credits-429","","","Credits","","","Completed","6/26/2026","CAD","1","10.00","10.00","1.30","11.30","Visa","In-Store","London","Ontario"
"T5SP-U97C-5L3M","Completed","6/26/2026","6:26 PM","America/Toronto","","false","142861","oneillmsarah@gmail.com","Sarah O'Neill","","142861","oneillmsarah@gmail.com","Sarah O'Neill","One Class Card // London","20798","20799","760445337951","one-class-card-l-credits-347","","","Credits","","","Completed","6/26/2026","CAD","1","25.00","25.00","3.25","28.25","Visa","E-Commerce","London","Ontario"
"TS35-V4VY-5L3N","Completed","6/26/2026","8:02 PM","America/Toronto","","false","404549","gracenouwens@yahoo.com","Grace Nouwens","","404549","gracenouwens@yahoo.com","Grace Nouwens","One Class Card // London","20798","20799","760445337951","one-class-card-l-credits-347","","","Credits","","","Completed","6/26/2026","CAD","1","25.00","25.00","3.25","28.25","Visa","E-Commerce","London","Ontario"
"85P2-U5KH-5L3N","Completed","6/26/2026","9:24 PM","America/Toronto","","false","378014","valeskadegouveia@hotmail.com","Valeska De Gouveia","","378014","valeskadegouveia@hotmail.com","Valeska De Gouveia","Spin-It-Forward // London","20792","20793","964245982422","spin-it-forward--credits-429","","","Credits","","","Completed","6/26/2026","CAD","1","10.00","10.00","1.30","11.30","Mastercard","E-Commerce","London","Ontario"
"XXU7-ZF6P-5L3N","Completed","6/26/2026","9:49 PM","America/Toronto","","false","402750","bfiegehen06@gmail.com","Bronwyn Fiegehen","","402750","bfiegehen06@gmail.com","Bronwyn Fiegehen","One Class Card // London","20798","20799","760445337951","one-class-card-l-credits-347","","","Credits","","","Completed","6/26/2026","CAD","1","25.00","25.00","3.25","28.25","Mastercard","E-Commerce","London","Ontario"
"4332-EPZJ-5L3N","Completed","6/26/2026","9:49 PM","America/Toronto","","false","402750","bfiegehen06@gmail.com","Bronwyn Fiegehen","","402750","bfiegehen06@gmail.com","Bronwyn Fiegehen","One Class Card // London","20798","20799","760445337951","one-class-card-l-credits-347","","","Credits","","","Completed","6/26/2026","CAD","1","25.00","25.00","3.25","28.25","Mastercard","E-Commerce","London","Ontario"
"KXRJ-NJEC-5L3N","Completed","6/26/2026","10:24 PM","America/Toronto","","false","206343","olivia.heid@gmail.com","Olivia Heid","","206343","olivia.heid@gmail.com","Olivia Heid","Five Class Card // London","20802","20803","488719457552","five-class-card--credits-078","","","Credits","","","Completed","6/26/2026","CAD","1","110.00","110.00","14.30","124.30","Visa","E-Commerce","London","Ontario"
"HR5U-X3YW-5L3N","Completed","6/26/2026","10:41 PM","America/Toronto","desktop","false","392050","ameenah.khan01@gmail.com","Ameenah Khan","","382306","michellejcallander@gmail.com","Michelle Callandar","Student Monthly Membership // London","21738","21739","582370867097","student-monthly--memberships-495","","","Memberships","","","Completed","6/26/2026","CAD","1","175.00","175.00","22.75","197.75","Visa","In-Store","London","Ontario"
"S45M-EFTJ-5L3N","Completed","6/26/2026","10:55 PM","America/Toronto","","false","400603","savannahsearle414@gmail.com","Sav Searle","","400603","savannahsearle414@gmail.com","Sav Searle","One Class Card // London","20798","20799","760445337951","one-class-card-l-credits-347","","","Credits","","","Completed","6/26/2026","CAD","3","75.00","75.00","9.75","84.75","Visa","E-Commerce","London","Ontario"
"CU2C-57SP-5L3N","Completed","6/27/2026","12:25 AM","America/Toronto","","true","346925","brooke.goodchild@hotmail.com","Rachel Goodchild","","346925","brooke.goodchild@hotmail.com","Rachel Goodchild","4x Membership // London Summer Sale","25653","25654","346308480296","4x-membership-bu-memberships-912","","","Memberships","","","Completed","6/27/2026","CAD","1","69.00","69.00","8.97","77.97","Mastercard","E-Commerce","London","Ontario"
"R5CG-B6NM-5L3N","Completed","6/27/2026","12:25 AM","America/Toronto","","true","400047","bareera.aleem@gmail.com","Barrera Aleem","","400047","bareera.aleem@gmail.com","Barrera Aleem","8x Membership // London Summer Sale","25657","25658","913533113208","8x-membership-bu-memberships-078","","","Memberships","","","Completed","6/27/2026","CAD","1","127.00","127.00","16.51","143.51","American Express","E-Commerce","London","Ontario"
"4FMG-S79F-5L3N","Completed","6/27/2026","12:25 AM","America/Toronto","","true","330183","terralucy04@icloud.com","Terra McCloskey","","330183","terralucy04@icloud.com","Terra McCloskey","Unlimited Membership // London Summer Sale","25655","25656","961992957372","unlimited-member-memberships-020","","","Memberships","","","Completed","6/27/2026","CAD","1","169.00","169.00","21.97","190.97","Visa","E-Commerce","London","Ontario"
"KWH5-PX4Y-5L3N","Completed","6/27/2026","12:25 AM","America/Toronto","","true","351338","lyndsayfitzgeorge@gmail.com","Lyndsay Fitzgeorge","","351338","lyndsayfitzgeorge@gmail.com","Lyndsay Fitzgeorge","Unlimited Membership // London · BLACK FRIDAY 2025","22630","22631","712442897099","unlimited-member-memberships-584","","","Memberships","","","Completed","6/27/2026","CAD","1","180.00","180.00","23.40","203.40","Mastercard","E-Commerce","London","Ontario"
"KP4P-X99C-5L3N","Completed","6/27/2026","12:25 AM","America/Toronto","","true","229670","elliedeegan@gmail.com","Ellie Deegan","","229670","elliedeegan@gmail.com","Ellie Deegan","4x Membership // London","21999","22000","216300284773","4x-membership-lo-memberships-280","","","Memberships","","","Completed","6/27/2026","CAD","1","80.00","80.00","10.40","90.40","Mastercard","E-Commerce","London","Ontario"
"USQE-9S82-5L3N","Completed","6/27/2026","12:25 AM","America/Toronto","","true","320592","s.rothwell@spinco.ca","Stephen Rothwell","","320592","s.rothwell@spinco.ca","Stephen Rothwell","Staff Membership // London","20830","20831","898235312897","staff-membership-memberships-735","","","Memberships","","","Completed","6/27/2026","CAD","1","0.00","0.00","0.00","0.00","No Charge","E-Commerce","London","Ontario"
"GWHD-82CN-5L3N","Refunded","6/27/2026","4:17 AM","America/Toronto","","true","350190","ldietz@tlscv.com","Laurie Dietz","","350190","ldietz@tlscv.com","Laurie Dietz","Late Cancel Charge","14688","14690","036981809486","late-cancel-fee-penalty-fees-771","","","Penalty Fees","","","Completed","6/27/2026","CAD","1","15.00","15.00","1.95","16.95","Visa","E-Commerce","London","Ontario"
"PKPW-QCN5-5L3N","Completed","6/27/2026","8:20 AM","America/Toronto","","true","351338","lyndsayfitzgeorge@gmail.com","Lyndsay Fitzgeorge","","351338","lyndsayfitzgeorge@gmail.com","Lyndsay Fitzgeorge","Late Cancel Charge","14688","14690","036981809486","late-cancel-fee-penalty-fees-771","","","Penalty Fees","","","Completed","6/27/2026","CAD","1","15.00","15.00","1.95","16.95","Mastercard","E-Commerce","London","Ontario"
"7QED-NG7Y-5L3N","Completed","6/27/2026","9:22 AM","America/Toronto","","true","404439","oliviagudziewski@gmail.com","Olivia Gudziewski","","404439","oliviagudziewski@gmail.com","Olivia Gudziewski","Late Cancel Charge","14688","14690","036981809486","late-cancel-fee-penalty-fees-771","","","Penalty Fees","","","Completed","6/27/2026","CAD","1","15.00","15.00","1.95","16.95","American Express","E-Commerce","London","Ontario"
"NDZJ-A64B-5L3N","Completed","6/27/2026","11:20 AM","America/Toronto","","true","404450","namrohi@uwo.ca","Namra Amrohi","","404450","namrohi@uwo.ca","Namra Amrohi","No Show Charge","14687","14689","489143084327","no-show-fee-penalty-fees-498","","","Penalty Fees","","","Completed","6/27/2026","CAD","1","20.00","20.00","2.60","22.60","Visa","E-Commerce","London","Ontario"
"Y6PR-H25Z-5L3N","Refunded","6/27/2026","11:20 AM","America/Toronto","","true","388779","joseniov@yahoo.com","Jose Villamater","","388779","joseniov@yahoo.com","Jose Villamater","No Show Charge","14687","14689","489143084327","no-show-fee-penalty-fees-498","","","Penalty Fees","","","Completed","6/27/2026","CAD","1","20.00","20.00","2.60","22.60","Mastercard","E-Commerce","London","Ontario"
"Y9K4-G7HK-5L3N","Completed","6/27/2026","1:32 PM","America/Toronto","","false","401664","gabymcnaughton@outlook.com","Gaby McNaughton","","401664","gabymcnaughton@outlook.com","Gaby McNaughton","One Class Card // London","20798","20799","760445337951","one-class-card-l-credits-347","","","Credits","","","Completed","6/27/2026","CAD","1","25.00","25.00","3.25","28.25","Visa","E-Commerce","London","Ontario"
"B94E-P22J-5L3N","Completed","6/27/2026","6:16 PM","America/Toronto","","false","404716","elisacyoo@gmail.com","Elisa Yoo","","404716","elisacyoo@gmail.com","Elisa Yoo","Five Class Card // London","20802","20803","488719457552","five-class-card--credits-078","","","Credits","","","Completed","6/27/2026","CAD","1","110.00","110.00","14.30","124.30","Visa","E-Commerce","London","Ontario"
"GWHD-82CN-5L3N","Refunded","6/27/2026","4:17 AM","America/Toronto","","true","350190","ldietz@tlscv.com","Laurie Dietz","","71878","k.rothwell@spinco.ca","Kira Rothwell","Late Cancel Charge","14688","14690","036981809486","late-cancel-fee-penalty-fees-771","","","Penalty Fees","","","Refunded","6/27/2026","CAD","-1","-15.00","-15.00","-1.95","-16.95","Visa","E-Commerce","London","Ontario"
"Y6PR-H25Z-5L3N","Refunded","6/27/2026","11:20 AM","America/Toronto","","true","388779","joseniov@yahoo.com","Jose Villamater","","71878","k.rothwell@spinco.ca","Kira Rothwell","No Show Charge","14687","14689","489143084327","no-show-fee-penalty-fees-498","","","Penalty Fees","","","Refunded","6/27/2026","CAD","-1","-20.00","-20.00","-2.60","-22.60","Mastercard","E-Commerce","London","Ontario"
"7AYV-FMKX-5L3N","Refunded","6/27/2026","7:52 PM","America/Toronto","","false","378742","itslatashacromwell@gmail.com","Latasha Cromwell","","378742","itslatashacromwell@gmail.com","Latasha Cromwell","One Class Card // London","20798","20799","760445337951","one-class-card-l-credits-347","","","Credits","","","Completed","6/27/2026","CAD","1","25.00","25.00","3.25","28.25","Visa","E-Commerce","London","Ontario"
"X2GD-5EVH-5L3O","Completed","6/27/2026","9:16 PM","America/Toronto","","false","399916","saradarling37@gmail.com","Sara Darling","","399916","saradarling37@gmail.com","Sara Darling","One Class Card // London","20798","20799","760445337951","one-class-card-l-credits-347","","","Credits","","","Completed","6/27/2026","CAD","1","25.00","25.00","3.25","28.25","Visa","E-Commerce","London","Ontario"
"P4EJ-7BZ4-5L3O","Completed","6/27/2026","9:57 PM","America/Toronto","desktop","false","404724","rnli5678@gmail.com","Ruina Li","","404724","rnli5678@gmail.com","Ruina Li","One Class Card // London","20798","20799","760445337951","one-class-card-l-credits-347","","","Credits","","","Completed","6/27/2026","CAD","1","0.00","25.00","0.00","0.00","No Charge","E-Commerce","London","Ontario"
"JJF7-G65H-5L3O","Completed","6/28/2026","12:03 AM","America/Toronto","","false","401362","nicole34569@gmail.com","Nicole Lee","","401362","nicole34569@gmail.com","Nicole Lee","Spin-It-Forward // London","20792","20793","964245982422","spin-it-forward--credits-429","","","Credits","","","Completed","6/28/2026","CAD","1","10.00","10.00","1.30","11.30","Visa","E-Commerce","London","Ontario"
"DAHA-6GHR-5L3O","Completed","6/28/2026","12:23 AM","America/Toronto","","false","400614","sarahmarotta@gmail.com","Sarah Marotta","","400614","sarahmarotta@gmail.com","Sarah Marotta","Spin-It-Forward // London","20792","20793","964245982422","spin-it-forward--credits-429","","","Credits","","","Completed","6/28/2026","CAD","1","10.00","10.00","1.30","11.30","Visa","E-Commerce","London","Ontario"
"X7MP-9R8S-5L3O","Completed","6/28/2026","12:26 AM","America/Toronto","","true","398886","sam.spylo18@gmail.com","sam spylo","","398886","sam.spylo18@gmail.com","sam spylo","Unlimited Membership // London Summer Sale","25655","25656","961992957372","unlimited-member-memberships-020","","","Memberships","","","Completed","6/28/2026","CAD","1","169.00","169.00","21.97","190.97","Mastercard","E-Commerce","London","Ontario"
"HK8Q-QQFA-5L3O","Completed","6/28/2026","7:45 AM","America/Toronto","","false","349029","jessicaashleigh@live.ca","Jess Bray","","349029","jessicaashleigh@live.ca","Jess Bray","One Class Card // London","20798","20799","760445337951","one-class-card-l-credits-347","","","Credits","","","Completed","6/28/2026","CAD","1","25.00","25.00","3.25","28.25","Visa","E-Commerce","London","Ontario"
"6GPR-BV47-5L3O","Completed","6/28/2026","9:21 AM","America/Toronto","","true","360337","jenn.buchanan@hotmail.com","Jenn Buchanan","","360337","jenn.buchanan@hotmail.com","Jenn Buchanan","Late Cancel Charge","14688","14690","036981809486","late-cancel-fee-penalty-fees-771","","","Penalty Fees","","","Completed","6/28/2026","CAD","1","15.00","15.00","1.95","16.95","Visa","E-Commerce","London","Ontario"
"U53Z-VU4K-5L3O","Completed","6/28/2026","10:20 AM","America/Toronto","","true","402006","jhussei6@uwo.ca","Judy Hussein","","402006","jhussei6@uwo.ca","Judy Hussein","No Show Charge","14687","14689","489143084327","no-show-fee-penalty-fees-498","","","Penalty Fees","","","Completed","6/28/2026","CAD","1","20.00","20.00","2.60","22.60","American Express","E-Commerce","London","Ontario"
"DZM5-57RX-5L3O","Completed","6/28/2026","10:39 AM","America/Toronto","","false","241467","vincidou@outlook.com","Vincent Tessier","","241467","vincidou@outlook.com","Vincent Tessier","One Class Card // London","20798","20799","760445337951","one-class-card-l-credits-347","","","Credits","","","Completed","6/28/2026","CAD","1","25.00","25.00","3.25","28.25","Mastercard","E-Commerce","London","Ontario"
"4S9T-ZJXQ-5L3O","Completed","6/28/2026","11:21 AM","America/Toronto","","true","392050","ameenah.khan01@gmail.com","Ameenah Khan","","392050","ameenah.khan01@gmail.com","Ameenah Khan","Late Cancel Charge","14688","14690","036981809486","late-cancel-fee-penalty-fees-771","","","Penalty Fees","","","Completed","6/28/2026","CAD","1","15.00","15.00","1.95","16.95","Visa","E-Commerce","London","Ontario"
"CJEB-SNMG-5L3O","Completed","6/28/2026","4:45 PM","America/Toronto","","false","403274","lin.john257@gmail.com","Lindsay Johnston","","403274","lin.john257@gmail.com","Lindsay Johnston","One Class Card // London","20798","20799","760445337951","one-class-card-l-credits-347","","","Credits","","","Completed","6/28/2026","CAD","1","25.00","25.00","3.25","28.25","Visa","E-Commerce","London","Ontario"
"NSJ3-D554-5L3O","Refunded","6/28/2026","6:20 PM","America/Toronto","","true","404223","trinh0715@gmail.com","Wendy Trinh","","404223","trinh0715@gmail.com","Wendy Trinh","No Show Charge","14687","14689","489143084327","no-show-fee-penalty-fees-498","","","Penalty Fees","","","Completed","6/28/2026","CAD","1","20.00","20.00","2.60","22.60","Visa","E-Commerce","London","Ontario"
"EK28-HVHY-5L3O","Completed","6/28/2026","7:27 PM","America/Toronto","","false","390386","kylegroenen@gmail.com","Kyle Groenenberg","","390386","kylegroenen@gmail.com","Kyle Groenenberg","One Class Card // London","20798","20799","760445337951","one-class-card-l-credits-347","","","Credits","","","Completed","6/28/2026","CAD","1","25.00","25.00","3.25","28.25","Visa","E-Commerce","London","Ontario"
"4KG7-MF8V-5L3O","Refunded","6/28/2026","7:33 PM","America/Toronto","","false","378742","itslatashacromwell@gmail.com","Latasha Cromwell","","378742","itslatashacromwell@gmail.com","Latasha Cromwell","One Class Card // London","20798","20799","760445337951","one-class-card-l-credits-347","","","Credits","","","Completed","6/28/2026","CAD","1","25.00","25.00","3.25","28.25","Visa","E-Commerce","London","Ontario"
"TBMC-6WJT-5L3P","Completed","6/29/2026","12:24 AM","America/Toronto","","true","348357","sarah_steciuk@hotmail.com","Sarah Steciuk","","348357","sarah_steciuk@hotmail.com","Sarah Steciuk","Unlimited Membership // London Summer Sale","25655","25656","961992957372","unlimited-member-memberships-020","","","Memberships","","","Completed","6/29/2026","CAD","1","169.00","169.00","21.97","190.97","Visa","E-Commerce","London","Ontario"
"V4UF-3ES9-5L3P","Completed","6/29/2026","12:24 AM","America/Toronto","","true","395521","yarafsharairee@gmail.com","Yara Alsharairi","","395521","yarafsharairee@gmail.com","Yara Alsharairi","Unlimited Membership // London Summer Sale","25655","25656","961992957372","unlimited-member-memberships-020","","","Memberships","","","Completed","6/29/2026","CAD","1","169.00","169.00","21.97","190.97","Visa","E-Commerce","London","Ontario"
"ZZ4B-V4DZ-5L3P","Completed","6/29/2026","12:24 AM","America/Toronto","","true","378638","emcnewman@gmail.com","Emma Newman","","378638","emcnewman@gmail.com","Emma Newman","Unlimited Membership // London","21995","21996","447442561003","unlimited-member-memberships-867","","","Memberships","","","Completed","6/29/2026","CAD","1","200.00","200.00","26.00","226.00","Visa","E-Commerce","London","Ontario"
"FBJJ-9F9N-5L3P","Completed","6/29/2026","1:18 AM","America/Toronto","","true","351338","lyndsayfitzgeorge@gmail.com","Lyndsay Fitzgeorge","","351338","lyndsayfitzgeorge@gmail.com","Lyndsay Fitzgeorge","Late Cancel Charge","14688","14690","036981809486","late-cancel-fee-penalty-fees-771","","","Penalty Fees","","","Completed","6/29/2026","CAD","1","15.00","15.00","1.95","16.95","Mastercard","E-Commerce","London","Ontario"
"JP9R-V2WS-5L3P","Completed","6/29/2026","1:38 AM","America/Toronto","","false","391405","genahewitt12@hotmail.com","Gena Hewitt","","391405","genahewitt12@hotmail.com","Gena Hewitt","Spin-It-Forward // London","20792","20793","964245982422","spin-it-forward--credits-429","","","Credits","","","Completed","6/29/2026","CAD","1","10.00","10.00","1.30","11.30","Visa","E-Commerce","London","Ontario"
"YU8K-GQUC-5L3P","Completed","6/29/2026","5:37 AM","America/Toronto","","true","386058","chloe.ballard@icloud.com","chloe ballard","","386058","chloe.ballard@icloud.com","chloe ballard","Unlimited Membership // London","21995","21996","447442561003","unlimited-member-memberships-867","","","Memberships","","","Completed","6/29/2026","CAD","1","200.00","200.00","26.00","226.00","Visa","E-Commerce","London","Ontario"
"48C4-3PS7-5L3P","Completed","6/29/2026","5:53 AM","America/Toronto","","true","391956","sabrina.6stevens.6@gmail.com","Sabrina Stevens","","391956","sabrina.6stevens.6@gmail.com","Sabrina Stevens","Unlimited Membership // London Summer Sale","25655","25656","961992957372","unlimited-member-memberships-020","","","Memberships","","","Completed","6/29/2026","CAD","1","169.00","169.00","21.97","190.97","Visa","E-Commerce","London","Ontario"
"XVQ4-8HTR-5L3P","Completed","6/29/2026","6:20 AM","America/Toronto","","true","371904","c.scarrow51@gmail.com","Claire Scarrow","","371904","c.scarrow51@gmail.com","Claire Scarrow","Late Cancel Charge","14688","14690","036981809486","late-cancel-fee-penalty-fees-771","","","Penalty Fees","","","Completed","6/29/2026","CAD","1","15.00","15.00","1.95","16.95","Visa","E-Commerce","London","Ontario"
"ZR5V-BH4B-5L3P","Completed","6/29/2026","6:54 AM","America/Toronto","desktop","false","378742","itslatashacromwell@gmail.com","Latasha Cromwell","","214210","aileenzhang1022@gmail.com","Aileen Zhang","Unlimited Membership // London Summer Sale","25655","25656","961992957372","unlimited-member-memberships-020","","","Memberships","","","Completed","6/29/2026","CAD","1","169.00","169.00","21.97","190.97","Visa","In-Store","London","Ontario"
"SVGH-D5TS-5L3P","Completed","6/29/2026","7:21 AM","America/Toronto","","true","404528","mday27@uwo.ca","Maddy Day","","404528","mday27@uwo.ca","Maddy Day","No Show Charge","14687","14689","489143084327","no-show-fee-penalty-fees-498","","","Penalty Fees","","","Completed","6/29/2026","CAD","1","20.00","20.00","2.60","22.60","Visa","E-Commerce","London","Ontario"
"CQGP-227T-5L3P","Completed","6/29/2026","8:38 AM","America/Toronto","","false","204148","ericaswan@live.com","Erica Swan","","204148","ericaswan@live.com","Erica Swan","One Class Card // London","20798","20799","760445337951","one-class-card-l-credits-347","","","Credits","","","Completed","6/29/2026","CAD","1","25.00","25.00","3.25","28.25","Mastercard","E-Commerce","London","Ontario"
"PUWY-4T7R-5L3P","Completed","6/29/2026","12:00 PM","America/Toronto","desktop","false","388475","michellelenehan1@gmail.com","Michelle Lenehan","","346927","narellehesler@gmail.com","Narelle Hesler","Summer Unlimited Teacher Membership // London","21448","21449","891469905718","summer-unlimited-memberships-093","","","Memberships","","","Completed","6/29/2026","CAD","1","300.00","300.00","39.00","339.00","Visa","In-Store","London","Ontario"
"HW92-WKX8-5L3P","Completed","6/29/2026","12:06 PM","America/Toronto","desktop","false","356199","fatimaseddieg@gmail.com","Fatima Seddieg","","346927","narellehesler@gmail.com","Narelle Hesler","SPINCO Water","19657","19658","469973764933","spinco-water-water-914","","","Water","Arctic Chiller","","Completed","6/29/2026","CAD","1","2.50","2.50","0.33","2.83","Visa","In-Store","London","Ontario"
"SXCU-K4Z4-5L3P","Completed","6/29/2026","1:21 PM","America/Toronto","","true","350190","ldietz@tlscv.com","Laurie Dietz","","350190","ldietz@tlscv.com","Laurie Dietz","Late Cancel Charge","14688","14690","036981809486","late-cancel-fee-penalty-fees-771","","","Penalty Fees","","","Completed","6/29/2026","CAD","1","15.00","15.00","1.95","16.95","Visa","E-Commerce","London","Ontario"
"H2UW-GBRS-5L3P","Completed","6/29/2026","1:34 PM","America/Toronto","","false","401994","husnitava@hotmail.com","Tava Husni","","401994","husnitava@hotmail.com","Tava Husni","One Class Card // London","20798","20799","760445337951","one-class-card-l-credits-347","","","Credits","","","Completed","6/29/2026","CAD","1","25.00","25.00","3.25","28.25","Visa","E-Commerce","London","Ontario"
"SVU7-ZGUH-5L3P","Completed","6/29/2026","2:20 PM","America/Toronto","","true","401348","brookekobe10@gmail.com","Brooke Kobe","","401348","brookekobe10@gmail.com","Brooke Kobe","Late Cancel Charge","14688","14690","036981809486","late-cancel-fee-penalty-fees-771","","","Penalty Fees","","","Completed","6/29/2026","CAD","1","15.00","15.00","1.95","16.95","Visa","E-Commerce","London","Ontario"
"35Z2-TT9A-5L3P","Completed","6/29/2026","2:20 PM","America/Toronto","","true","404449","phthao231@gmail.com","Thao Bui","","404449","phthao231@gmail.com","Thao Bui","Late Cancel Charge","14688","14690","036981809486","late-cancel-fee-penalty-fees-771","","","Penalty Fees","","","Completed","6/29/2026","CAD","1","15.00","15.00","1.95","16.95","Visa","E-Commerce","London","Ontario"
"PWY8-RTPS-5L3P","Completed","6/29/2026","4:16 PM","America/Toronto","","false","364131","vu.huyent@gmail.com","Huyen Vu","","364131","vu.huyent@gmail.com","Huyen Vu","Spin-It-Forward // London","20792","20793","964245982422","spin-it-forward--credits-429","","","Credits","","","Completed","6/29/2026","CAD","1","10.00","10.00","1.30","11.30","Visa","E-Commerce","London","Ontario"
"YCF7-P3NF-5L3P","Completed","6/29/2026","4:48 PM","America/Toronto","","false","301035","evelynstann@gmail.com","Evelyn Stan","","301035","evelynstann@gmail.com","Evelyn Stan","One Class Card // London","20798","20799","760445337951","one-class-card-l-credits-347","","","Credits","","","Completed","6/29/2026","CAD","1","25.00","25.00","3.25","28.25","Visa","E-Commerce","London","Ontario"
"RXYT-N29Z-5L3P","Completed","6/29/2026","5:04 PM","America/Toronto","","false","397582","chantel.devries@outlook.com","Chantel Devries","","397582","chantel.devries@outlook.com","Chantel Devries","One Class Card // London","20798","20799","760445337951","one-class-card-l-credits-347","","","Credits","","","Completed","6/29/2026","CAD","1","25.00","25.00","3.25","28.25","Visa","E-Commerce","London","Ontario"
"FR9W-W8ZS-5L3P","Completed","6/29/2026","5:18 PM","America/Toronto","","false","404892","nicola.is@rogers.com","Nicola Black","","347301","london@spinco.ca","SPINCO London","Five Class Card // London Email Gift Card","20804","20805","996842652895","five-class-card--email-credit-gif-310","","","Email Credit Gift Cards","","","Completed","6/29/2026","CAD","1","110.00","110.00","14.30","124.30","Mastercard","In-Store","London","Ontario"
"7B7S-VCHH-5L3P","Completed","6/29/2026","5:35 PM","America/Toronto","","false","376690","julierayad@gmail.com","Julie Ayad","","376690","julierayad@gmail.com","Julie Ayad","One Class Card // London","20798","20799","760445337951","one-class-card-l-credits-347","","","Credits","","","Completed","6/29/2026","CAD","1","25.00","25.00","3.25","28.25","American Express","E-Commerce","London","Ontario"
"W2F8-2GWV-5L3P","Completed","6/29/2026","5:55 PM","America/Toronto","","false","402738","emilylomas2001@gmail.com","Emily Lomas","","402738","emilylomas2001@gmail.com","Emily Lomas","One Class Card // London","20798","20799","760445337951","one-class-card-l-credits-347","","","Credits","","","Completed","6/29/2026","CAD","1","25.00","25.00","3.25","28.25","Visa","E-Commerce","London","Ontario"
"4AA5-75PK-5L3P","Completed","6/29/2026","6:21 PM","America/Toronto","","true","358618","hooraesteph@gmail.com","Stephanie Rae","","358618","hooraesteph@gmail.com","Stephanie Rae","Late Cancel Charge","14688","14690","036981809486","late-cancel-fee-penalty-fees-771","","","Penalty Fees","","","Completed","6/29/2026","CAD","1","15.00","15.00","1.95","16.95","Visa","E-Commerce","London","Ontario"
"WN4U-A79Q-5L3P","Completed","6/29/2026","6:57 PM","America/Toronto","","false","351430","megan.lovell@hpha.ca","Megan Lovell","","351430","megan.lovell@hpha.ca","Megan Lovell","Spin-It-Forward // London","20792","20793","964245982422","spin-it-forward--credits-429","","","Credits","","","Completed","6/29/2026","CAD","1","10.00","10.00","1.30","11.30","Visa","E-Commerce","London","Ontario"
"M6VR-PKFM-5L3P","Completed","6/29/2026","6:58 PM","America/Toronto","","false","201961","micsparringa@icloud.com","Michaela Sparringa","","201961","micsparringa@icloud.com","Michaela Sparringa","Spin-It-Forward // London","20792","20793","964245982422","spin-it-forward--credits-429","","","Credits","","","Completed","6/29/2026","CAD","1","10.00","10.00","1.30","11.30","Visa","E-Commerce","London","Ontario"
"BPGR-ZTJ5-5L3P","Completed","6/29/2026","7:27 PM","America/Toronto","","false","348248","kathy.rodriguez_25@yahoo.ca","Kathy Rodriguez","","348248","kathy.rodriguez_25@yahoo.ca","Kathy Rodriguez","One Class Card // London","20798","20799","760445337951","one-class-card-l-credits-347","","","Credits","","","Completed","6/29/2026","CAD","1","25.00","25.00","3.25","28.25","Visa","E-Commerce","London","Ontario"
"8AK5-R22T-5L3P","Completed","6/29/2026","7:30 PM","America/Toronto","","false","348248","kathy.rodriguez_25@yahoo.ca","Kathy Rodriguez","","348248","kathy.rodriguez_25@yahoo.ca","Kathy Rodriguez","One Class Card // London","20798","20799","760445337951","one-class-card-l-credits-347","","","Credits","","","Completed","6/29/2026","CAD","1","25.00","25.00","3.25","28.25","Visa","E-Commerce","London","Ontario"
"K95J-6AKY-5L3P","Completed","6/29/2026","7:39 PM","America/Toronto","","false","348246","liubaayleen@gmail.com","Liuba Avilan","","348246","liubaayleen@gmail.com","Liuba Avilan","One Class Card // London","20798","20799","760445337951","one-class-card-l-credits-347","","","Credits","","","Completed","6/29/2026","CAD","1","25.00","25.00","3.25","28.25","Visa","E-Commerce","London","Ontario"
"PR39-S2G5-5L3P","Completed","6/29/2026","7:42 PM","America/Toronto","","false","348246","liubaayleen@gmail.com","Liuba Avilan","","348246","liubaayleen@gmail.com","Liuba Avilan","One Class Card // London","20798","20799","760445337951","one-class-card-l-credits-347","","","Credits","","","Completed","6/29/2026","CAD","1","25.00","25.00","3.25","28.25","Visa","E-Commerce","London","Ontario"
"29JR-UY2C-5L3Q","Completed","6/29/2026","8:41 PM","America/Toronto","desktop","false","399984","eric.trinh13@gmail.com","Eric Trinh","","382306","michellejcallander@gmail.com","Michelle Callandar","2-Week Unlimited - London","21065","21066","384754283235","2-week-unlimited-memberships-769","","","Memberships","","","Completed","6/29/2026","CAD","1","50.00","50.00","6.50","56.50","Visa","In-Store","London","Ontario"
"4KG7-MF8V-5L3O","Refunded","6/28/2026","7:33 PM","America/Toronto","","false","378742","itslatashacromwell@gmail.com","Latasha Cromwell","","382306","michellejcallander@gmail.com","Michelle Callandar","One Class Card // London","20798","20799","760445337951","one-class-card-l-credits-347","","","Credits","","","Refunded","6/29/2026","CAD","-1","-25.00","-25.00","-3.25","-28.25","Visa","E-Commerce","London","Ontario"
"7AYV-FMKX-5L3N","Refunded","6/27/2026","7:52 PM","America/Toronto","","false","378742","itslatashacromwell@gmail.com","Latasha Cromwell","","382306","michellejcallander@gmail.com","Michelle Callandar","One Class Card // London","20798","20799","760445337951","one-class-card-l-credits-347","","","Credits","","","Refunded","6/29/2026","CAD","-1","-25.00","-25.00","-3.25","-28.25","Visa","E-Commerce","London","Ontario"
"XMXM-MZZS-5L3Q","Completed","6/29/2026","8:50 PM","America/Toronto","","false","404938","youngshadae91@gmail.com","Loteafah Young","","404938","youngshadae91@gmail.com","Loteafah Young","2-Week Unlimited - London","21065","21066","384754283235","2-week-unlimited-memberships-769","","","Memberships","","","Completed","6/29/2026","CAD","1","50.00","50.00","6.50","56.50","Mastercard","E-Commerce","London","Ontario"
"JX7W-8DQG-5L3Q","Completed","6/29/2026","9:23 PM","America/Toronto","","false","403052","hpurvey@hotmail.com","Harlee Purvey","","403052","hpurvey@hotmail.com","Harlee Purvey","Ten Class Card // London","20794","20795","456569691604","ten-class-card-l-credits-104","","","Credits","","","Completed","6/29/2026","CAD","1","200.00","200.00","26.00","226.00","Visa","E-Commerce","London","Ontario"
"ERSY-RU5G-5L3Q","Completed","6/29/2026","11:16 PM","America/Toronto","","true","397102","otem6199@gmail.com","Ella Ma","","397102","otem6199@gmail.com","Ella Ma","8x Membership // London Summer Sale","25657","25658","913533113208","8x-membership-bu-memberships-078","","","Memberships","","","Completed","6/29/2026","CAD","1","127.00","127.00","16.51","143.51","Visa","E-Commerce","London","Ontario"
"DA7P-2S9E-5L3Q","Completed","6/30/2026","12:00 AM","America/Toronto","","false","353689","solajadami@gmail.com","Dami Solaja","","353689","solajadami@gmail.com","Dami Solaja","Spin-It-Forward // London","20792","20793","964245982422","spin-it-forward--credits-429","","","Credits","","","Completed","6/30/2026","CAD","1","10.00","10.00","1.30","11.30","Visa","E-Commerce","London","Ontario"
"ZXGJ-ZVJK-5L3Q","Completed","6/30/2026","12:26 AM","America/Toronto","","true","374806","liv.o@rogers.com","Olivia Orsini","","374806","liv.o@rogers.com","Olivia Orsini","4x Membership // London","21999","22000","216300284773","4x-membership-lo-memberships-280","","","Memberships","","","Completed","6/30/2026","CAD","1","80.00","80.00","10.40","90.40","Visa","E-Commerce","London","Ontario"
"BMPW-PP6G-5L3Q","Completed","6/30/2026","12:26 AM","America/Toronto","","true","386928","joannepazdzierz@hotmail.com","Joanne Crandall","","386928","joannepazdzierz@hotmail.com","Joanne Crandall","Unlimited Membership // London","21995","21996","447442561003","unlimited-member-memberships-867","","","Memberships","","","Completed","6/30/2026","CAD","1","200.00","200.00","26.00","226.00","Visa","E-Commerce","London","Ontario"
"ZBJ9-3HZD-5L3Q","Completed","6/30/2026","12:26 AM","America/Toronto","","true","371904","c.scarrow51@gmail.com","Claire Scarrow","","371904","c.scarrow51@gmail.com","Claire Scarrow","Unlimited Membership // London","21995","21996","447442561003","unlimited-member-memberships-867","","","Memberships","","","Completed","6/30/2026","CAD","1","200.00","200.00","26.00","226.00","Visa","E-Commerce","London","Ontario"
"AC9H-YRZU-5L3Q","Completed","6/30/2026","12:26 AM","America/Toronto","","true","358471","brooklynblt18@gmail.com","Brooklyn McLeod","","358471","brooklynblt18@gmail.com","Brooklyn McLeod","8x Membership // London Summer Sale","25657","25658","913533113208","8x-membership-bu-memberships-078","","","Memberships","","","Completed","6/30/2026","CAD","1","127.00","127.00","16.51","143.51","Visa","E-Commerce","London","Ontario"
"6BRP-3J8X-5L3Q","Completed","6/30/2026","12:26 AM","America/Toronto","","true","380354","kenndall-ba@hotmail.com","Kenndall Skowronski","","380354","kenndall-ba@hotmail.com","Kenndall Skowronski","8x Membership // London Summer Sale","25657","25658","913533113208","8x-membership-bu-memberships-078","","","Memberships","","","Completed","6/30/2026","CAD","1","127.00","127.00","16.51","143.51","Visa","E-Commerce","London","Ontario"
"MHTD-P3BB-5L3Q","Completed","6/30/2026","12:26 AM","America/Toronto","","true","357126","eman_assaf1@hotmail.com","Eman A","","357126","eman_assaf1@hotmail.com","Eman A","Unlimited Membership // London Summer Sale","25655","25656","961992957372","unlimited-member-memberships-020","","","Memberships","","","Completed","6/30/2026","CAD","1","169.00","169.00","21.97","190.97","Mastercard","E-Commerce","London","Ontario"
"M9PH-NX3T-5L3Q","Completed","6/30/2026","12:26 AM","America/Toronto","","true","376617","alicia.nirta@gmail.com","Alicia Nirta","","376617","alicia.nirta@gmail.com","Alicia Nirta","8x Membership // London Summer Sale","25657","25658","913533113208","8x-membership-bu-memberships-078","","","Memberships","","","Completed","6/30/2026","CAD","1","127.00","127.00","16.51","143.51","Visa","E-Commerce","London","Ontario"
"RKNE-XVHD-5L3Q","Completed","6/30/2026","12:26 AM","America/Toronto","","true","367140","kamaxwell13@gmail.com","Kylie Maxwell","","367140","kamaxwell13@gmail.com","Kylie Maxwell","8x Membership // London Summer Sale","25657","25658","913533113208","8x-membership-bu-memberships-078","","","Memberships","","","Completed","6/30/2026","CAD","1","127.00","127.00","16.51","143.51","Visa","E-Commerce","London","Ontario"
"6JCK-H7E8-5L3Q","Completed","6/30/2026","12:26 AM","America/Toronto","","true","336948","rbissett0303@gmail.com","Rachel Bissett","","336948","rbissett0303@gmail.com","Rachel Bissett","Staff Membership // London","20830","20831","898235312897","staff-membership-memberships-735","","","Memberships","","","Completed","6/30/2026","CAD","1","0.00","0.00","0.00","0.00","No Charge","E-Commerce","London","Ontario"
"JUU6-RZRA-5L3Q","Completed","6/30/2026","12:26 AM","America/Toronto","","true","319732","shanahan.keeghan@gmail.com","Keeghan Shanahan","","319732","shanahan.keeghan@gmail.com","Keeghan Shanahan","Staff Membership // London","20830","20831","898235312897","staff-membership-memberships-735","","","Memberships","","","Completed","6/30/2026","CAD","1","0.00","0.00","0.00","0.00","No Charge","E-Commerce","London","Ontario"
"38UK-Y7G2-5L3Q","Completed","6/30/2026","12:26 AM","America/Toronto","","true","293406","juliascharpf22@gmail.com","Julia Scharpf","","293406","juliascharpf22@gmail.com","Julia Scharpf","Staff Membership // London","20830","20831","898235312897","staff-membership-memberships-735","","","Memberships","","","Completed","6/30/2026","CAD","1","0.00","0.00","0.00","0.00","No Charge","E-Commerce","London","Ontario"
"WGTD-Q7Z7-5L3Q","Completed","6/30/2026","12:26 AM","America/Toronto","","true","350319","kevin627@gmail.com","Kevin Nanakdewa","","350319","kevin627@gmail.com","Kevin Nanakdewa","Staff Membership // London","20830","20831","898235312897","staff-membership-memberships-735","","","Memberships","","","Completed","6/30/2026","CAD","1","0.00","0.00","0.00","0.00","No Charge","E-Commerce","London","Ontario"
"YYCH-MEHK-5L3Q","Completed","6/30/2026","12:26 AM","America/Toronto","","true","198001","jadynclark@gmail.com","Jadyn Clark","","198001","jadynclark@gmail.com","Jadyn Clark","Staff Membership // London","20830","20831","898235312897","staff-membership-memberships-735","","","Memberships","","","Completed","6/30/2026","CAD","1","0.00","0.00","0.00","0.00","No Charge","E-Commerce","London","Ontario"
"5V8H-HTP4-5L3Q","Completed","6/30/2026","12:26 AM","America/Toronto","","true","351106","stacey.pipicelli@gmail.com","Stacey Pipicelli","","351106","stacey.pipicelli@gmail.com","Stacey Pipicelli","Unlimited Membership // London · BLACK FRIDAY 2025","22630","22631","712442897099","unlimited-member-memberships-584","","","Memberships","","","Completed","6/30/2026","CAD","1","180.00","180.00","23.40","203.40","Visa","E-Commerce","London","Ontario"
"KNQN-775Z-5L3Q","Completed","6/30/2026","5:57 AM","America/Toronto","desktop","false","404938","youngshadae91@gmail.com","Loteafah Young","","347301","london@spinco.ca","SPINCO London","SPINCO Water","19657","19658","469973764933","spinco-water-water-914","","","Water","Arctic Chiller","","Completed","6/30/2026","CAD","1","2.50","2.50","0.33","2.83","Mastercard","In-Store","London","Ontario"
"HF93-AC9B-5L3Q","Completed","6/30/2026","6:16 AM","America/Toronto","","true","371904","c.scarrow51@gmail.com","Claire Scarrow","","371904","c.scarrow51@gmail.com","Claire Scarrow","Late Cancel Charge","14688","14690","036981809486","late-cancel-fee-penalty-fees-771","","","Penalty Fees","","","Completed","6/30/2026","CAD","1","15.00","15.00","1.95","16.95","Visa","E-Commerce","London","Ontario"
"G68Z-4V4J-5L3Q","Completed","6/30/2026","7:20 AM","America/Toronto","","true","404439","oliviagudziewski@gmail.com","Olivia Gudziewski","","404439","oliviagudziewski@gmail.com","Olivia Gudziewski","Late Cancel Charge","14688","14690","036981809486","late-cancel-fee-penalty-fees-771","","","Penalty Fees","","","Completed","6/30/2026","CAD","1","15.00","15.00","1.95","16.95","American Express","E-Commerce","London","Ontario"
"EZ66-7PT3-5L3Q","Refunded","6/30/2026","7:37 AM","America/Toronto","","false","365077","chantel.brown@lhsc.on.ca","Chantel Desumma-Brown","","365077","chantel.brown@lhsc.on.ca","Chantel Desumma-Brown","Five Class Card // London","20802","20803","488719457552","five-class-card--credits-078","","","Credits","","","Completed","6/30/2026","CAD","1","110.00","110.00","14.30","124.30","Visa","E-Commerce","London","Ontario"
"5U6G-XWTM-5L3Q","Completed","6/30/2026","8:15 AM","America/Toronto","","false","404970","hyacinthpino@gmail.com","Hyacinth Casquejo","","404970","hyacinthpino@gmail.com","Hyacinth Casquejo","New Rider Special // London","21051","21052","288040778473","new-rider-specia-memberships-503","","","Memberships","","","Completed","6/30/2026","CAD","1","50.00","50.00","6.50","56.50","Visa","E-Commerce","London","Ontario"
"YNQV-2YNN-5L3Q","Completed","6/30/2026","8:20 AM","America/Toronto","","true","360260","jackie.wilkins@bell.net","Jackie Wilkins","","360260","jackie.wilkins@bell.net","Jackie Wilkins","No Show Charge","14687","14689","489143084327","no-show-fee-penalty-fees-498","","","Penalty Fees","","","Completed","6/30/2026","CAD","1","20.00","20.00","2.60","22.60","Visa","E-Commerce","London","Ontario"
"TPE4-6H7K-5L3Q","Completed","6/30/2026","8:37 AM","America/Toronto","","false","376096","naosimpson12@gmail.com","Naomi Simpson","","376096","naosimpson12@gmail.com","Naomi Simpson","Five Class Card // London","20802","20803","488719457552","five-class-card--credits-078","","","Credits","","","Completed","6/30/2026","CAD","1","110.00","110.00","14.30","124.30","Visa","E-Commerce","London","Ontario"
"Y752-G6C7-5L3Q","Completed","6/30/2026","9:04 AM","America/Toronto","","false","404976","gaymariebriones0311@gmail.com","Gay Marie Briones","","404976","gaymariebriones0311@gmail.com","Gay Marie Briones","New Rider Special // London","21051","21052","288040778473","new-rider-specia-memberships-503","","","Memberships","","","Completed","6/30/2026","CAD","1","50.00","50.00","6.50","56.50","Visa","E-Commerce","London","Ontario"
"8232-A8YU-5L3Q","Completed","6/30/2026","9:40 AM","America/Toronto","","false","366253","r.countryman@outlook.com","Rachael Countryman","","366253","r.countryman@outlook.com","Rachael Countryman","One Class Card // London","20798","20799","760445337951","one-class-card-l-credits-347","","","Credits","","","Completed","6/30/2026","CAD","1","25.00","25.00","3.25","28.25","Mastercard","E-Commerce","London","Ontario"
"78NH-5DHK-5L3Q","Completed","6/30/2026","10:04 AM","America/Toronto","","false","404987","bkbren16@gmail.com","Brendan Keenleyside","","404987","bkbren16@gmail.com","Brendan Keenleyside","Ten Class Card // London","20794","20795","456569691604","ten-class-card-l-credits-104","","","Credits","","","Completed","6/30/2026","CAD","1","200.00","200.00","26.00","226.00","Visa","E-Commerce","London","Ontario"
"EW2U-FT88-5L3Q","Completed","6/30/2026","10:33 AM","America/Toronto","","false","351856","parkchristine97@gmail.com","Christine Park","","351856","parkchristine97@gmail.com","Christine Park","One Class Card // London","20798","20799","760445337951","one-class-card-l-credits-347","","","Credits","","","Completed","6/30/2026","CAD","1","25.00","25.00","3.25","28.25","Visa","E-Commerce","London","Ontario"
"RZAJ-355J-5L3Q","Completed","6/30/2026","12:14 PM","America/Toronto","","false","405001","rhuthcastro@gmail.com","Daniela Oropeza","","405001","rhuthcastro@gmail.com","Daniela Oropeza","New Rider Special // London","21051","21052","288040778473","new-rider-specia-memberships-503","","","Memberships","","","Completed","6/30/2026","CAD","1","50.00","50.00","6.50","56.50","Visa","E-Commerce","London","Ontario"
"BQXF-GW3X-5L3Q","Completed","6/30/2026","12:57 PM","America/Toronto","","false","379914","camilajc08@gmail.com","cami jerez","","379914","camilajc08@gmail.com","cami jerez","Five Class Card // London","20802","20803","488719457552","five-class-card--credits-078","","","Credits","","","Completed","6/30/2026","CAD","1","110.00","110.00","14.30","124.30","Visa","E-Commerce","London","Ontario"
"W6QG-2FPV-5L3Q","Completed","6/30/2026","1:11 PM","America/Toronto","","false","398239","clairekoteles04@gmail.com","Claire Koteles","","398239","clairekoteles04@gmail.com","Claire Koteles","One Class Card // London","20798","20799","760445337951","one-class-card-l-credits-347","","","Credits","","","Completed","6/30/2026","CAD","1","25.00","25.00","3.25","28.25","Mastercard","E-Commerce","London","Ontario"
"MFF5-JSK6-5L3Q","Completed","6/30/2026","3:31 PM","America/Toronto","","false","347442","mackymeyers@gmail.com","Mackenzie Meyers","","347442","mackymeyers@gmail.com","Mackenzie Meyers","One Class Card // London","20798","20799","760445337951","one-class-card-l-credits-347","","","Credits","","","Completed","6/30/2026","CAD","1","25.00","25.00","3.25","28.25","Mastercard","E-Commerce","London","Ontario"
"4Z2B-QVQ9-5L3Q","Completed","6/30/2026","5:16 PM","America/Toronto","","false","404975","broselloza@gmail.com","Brienna Roselloza","","404975","broselloza@gmail.com","Brienna Roselloza","New Rider Special // London","21051","21052","288040778473","new-rider-specia-memberships-503","","","Memberships","","","Completed","6/30/2026","CAD","1","50.00","50.00","6.50","56.50","Visa","E-Commerce","London","Ontario"
"CY7F-AUV5-5L3Q","Completed","6/30/2026","5:26 PM","America/Toronto","","false","404141","slcyau8@gmail.com","Sophie Yau","","347301","london@spinco.ca","SPINCO London","SPINCO Water","19657","19658","469973764933","spinco-water-water-914","","","Water","Arctic Chiller","","Completed","6/30/2026","CAD","1","2.50","2.50","0.33","2.83","Visa","In-Store","London","Ontario"
"Y2FJ-44BB-5L3Q","Completed","6/30/2026","6:00 PM","America/Toronto","","false","394135","elaf.th15@gmail.com","Elaf H","","394135","elaf.th15@gmail.com","Elaf H","One Class Card // London","20798","20799","760445337951","one-class-card-l-credits-347","","","Credits","","","Completed","6/30/2026","CAD","1","25.00","25.00","3.25","28.25","Visa","E-Commerce","London","Ontario"
"JNHQ-4JJ8-5L3Q","Completed","6/30/2026","6:16 PM","America/Toronto","","false","64773","em.ennett@gmail.com","Emily Ennett","","64773","em.ennett@gmail.com","Emily Ennett","One Class Card // London","20798","20799","760445337951","one-class-card-l-credits-347","","","Credits","","","Completed","6/30/2026","CAD","1","25.00","25.00","3.25","28.25","Visa","E-Commerce","London","Ontario"
"G4XJ-CGKU-5L3Q","Completed","6/30/2026","7:47 PM","America/Toronto","","false","336413","heidilocking@gmail.com","Heidi Locking","","336413","heidilocking@gmail.com","Heidi Locking","One Class Card // London","20798","20799","760445337951","one-class-card-l-credits-347","","","Credits","","","Completed","6/30/2026","CAD","1","25.00","25.00","3.25","28.25","Visa","E-Commerce","London","Ontario"
"D782-ASFK-5L3Q","Completed","6/30/2026","7:47 PM","America/Toronto","","false","348889","lockinghannah@gmail.com","Hannah Locking","","348889","lockinghannah@gmail.com","Hannah Locking","One Class Card // London","20798","20799","760445337951","one-class-card-l-credits-347","","","Credits","","","Completed","6/30/2026","CAD","1","25.00","25.00","3.25","28.25","Visa","E-Commerce","London","Ontario"
"9NXN-DXS9-5L5P","Completed","6/30/2026","8:55 PM","America/Toronto","","false","365538","sarah.c.watson03@gmail.com","Sarah Watson","","365538","sarah.c.watson03@gmail.com","Sarah Watson","One Class Card // London","20798","20799","760445337951","one-class-card-l-credits-347","","","Credits","","","Completed","6/30/2026","CAD","1","25.00","25.00","3.25","28.25","Visa","E-Commerce","London","Ontario"
"ATV7-AGW9-5L5P","Completed","6/30/2026","10:14 PM","America/Toronto","","false","346379","idccsinos@gmail.com","Ivana Csinos","","346379","idccsinos@gmail.com","Ivana Csinos","One Class Card // London","20798","20799","760445337951","one-class-card-l-credits-347","","","Credits","","","Completed","6/30/2026","CAD","1","25.00","25.00","3.25","28.25","Visa","E-Commerce","London","Ontario"