"Order Number","Order Status","Order Date (Local)","Order Time (Local)","Order Time Zone","Order Device","Processed by System?","Customer ID","Customer Email","Customer Name","Company Name","Broker ID","Broker Email","Broker Name","Product","Product ID","Variant ID","Product Barcode","Product SKU","Product Color","Product Size","Product Type","Vendor","Sub Category","Line Status","Transaction Date","Currency","Line Quantity","Line Subtotal","Original Price","Line Tax","Line Total","Order Payment Method(s)","Purchase Location","Fulfillment Location","Fulfillment Region"
"SW7N-Q9PQ-5L8H","Completed","8/1/2026","12:31 AM","America/Toronto","","true","394909","laurenfarlinger@gmail.com","Lauren Farlinger","","394909","laurenfarlinger@gmail.com","Lauren Farlinger","4x Membership // London","21999","22000","216300284773","4x-membership-lo-memberships-280","","","Memberships","","","Completed","8/1/2026","CAD","1","80.00","80.00","10.40","90.40","American Express","E-Commerce","London","Ontario"
"VREZ-FMH7-5L8H","Completed","8/1/2026","12:31 AM","America/Toronto","","true","356671","daymtess228@gmail.com","Tessa Dayman","","356671","daymtess228@gmail.com","Tessa Dayman","Staff Membership // London","20830","20831","898235312897","staff-membership-memberships-735","","","Memberships","","","Completed","8/1/2026","CAD","1","0.00","0.00","0.00","0.00","No Charge","E-Commerce","London","Ontario"
"K5ME-VZGU-5L8H","Completed","8/1/2026","2:15 AM","America/Toronto","","true","399416","erinmdowning@outlook.com","Erin Downing","","399416","erinmdowning@outlook.com","Erin Downing","Late Cancel Charge","14688","14690","036981809486","late-cancel-fee-penalty-fees-771","","","Penalty Fees","","","Completed","8/1/2026","CAD","1","15.00","15.00","1.95","16.95","Visa","E-Commerce","London","Ontario"
"TYE2-65TS-5L8H","Completed","8/1/2026","5:15 AM","America/Toronto","","true","378742","itslatashacromwell@gmail.com","Latasha Cromwell","","378742","itslatashacromwell@gmail.com","Latasha Cromwell","Late Cancel Charge","14688","14690","036981809486","late-cancel-fee-penalty-fees-771","","","Penalty Fees","","","Completed","8/1/2026","CAD","1","15.00","15.00","1.95","16.95","Visa","E-Commerce","London","Ontario"
"37MC-H6N5-5L8H","Completed","8/1/2026","7:29 AM","America/Toronto","","false","347430","justine.dequartel@outlook.com","Justine DeQuartel","","347430","justine.dequartel@outlook.com","Justine DeQuartel","Summer Sale 2026 // London: Buy 10, Get 2","25569","25570","740055503739","summer-sale-2026-credits-112","","","Credits","","","Completed","8/1/2026","CAD","1","200.00","200.00","26.00","226.00","Visa","E-Commerce","London","Ontario"
"BA6P-7VXX-5L8H","Completed","8/1/2026","8:17 AM","America/Toronto","","true","348357","sarah_steciuk@hotmail.com","Sarah Steciuk","","348357","sarah_steciuk@hotmail.com","Sarah Steciuk","Late Cancel Charge","14688","14690","036981809486","late-cancel-fee-penalty-fees-771","","","Penalty Fees","","","Completed","8/1/2026","CAD","1","15.00","15.00","1.95","16.95","Visa","E-Commerce","London","Ontario"
"7WG4-4ENZ-5L8H","Completed","8/1/2026","9:21 AM","America/Toronto","","true","408123","miss.lise@gmail.com","Lisa Yaelin Seong","","408123","miss.lise@gmail.com","Lisa Yaelin Seong","No Show Charge","14687","14689","489143084327","no-show-fee-penalty-fees-498","","","Penalty Fees","","","Completed","8/1/2026","CAD","1","20.00","20.00","2.60","22.60","Visa","E-Commerce","London","Ontario"
"V5DW-673C-5L8H","Completed","8/1/2026","9:21 AM","America/Toronto","","true","406019","emily.he8@icloud.com","Emma Eves","","406019","emily.he8@icloud.com","Emma Eves","No Show Charge","14687","14689","489143084327","no-show-fee-penalty-fees-498","","","Penalty Fees","","","Completed","8/1/2026","CAD","1","20.00","20.00","2.60","22.60","Visa","E-Commerce","London","Ontario"
"SR7E-XBUX-5L8H","Completed","8/1/2026","10:04 AM","America/Toronto","desktop","false","367811","natalieschmit11@gmail.com","Natalie Schmit","","336948","rbissett0303@gmail.com","Rachel Bissett","Staff Membership // London","20830","20831","898235312897","staff-membership-memberships-735","","","Memberships","","","Completed","8/1/2026","CAD","1","0.00","0.00","0.00","0.00","No Charge","In-Store","London","Ontario"
"J6UG-2YSU-5L8H","Completed","8/1/2026","10:30 AM","America/Toronto","","false","407117","emilyannpower@gmail.com","Emily Power","","407117","emilyannpower@gmail.com","Emily Power","Unlimited Membership // London","21995","21996","447442561003","unlimited-member-memberships-867","","","Memberships","","","Completed","8/1/2026","CAD","1","200.00","200.00","26.00","226.00","Visa","E-Commerce","London","Ontario"
"DWD5-KFSM-5L8H","Completed","8/1/2026","10:30 AM","America/Toronto","","false","407118","ashleyrosepower@gmail.com","Ashley Power","","407118","ashleyrosepower@gmail.com","Ashley Power","Unlimited Membership // London","21995","21996","447442561003","unlimited-member-memberships-867","","","Memberships","","","Completed","8/1/2026","CAD","1","200.00","200.00","26.00","226.00","Visa","E-Commerce","London","Ontario"
"A4J8-S9YB-5L8H","Completed","8/1/2026","10:50 AM","America/Toronto","desktop","false","356671","daymtess228@gmail.com","Tessa Dayman","","356671","daymtess228@gmail.com","Tessa Dayman","Coffee // London","23655","23656","087239269521","coffee-london-food-and-beverag-851","","","Food and Beverage","","","Completed","8/1/2026","CAD","1","1.50","1.50","0.20","1.70","Visa","In-Store","London","Ontario"
"BRZX-TQX5-5L8H","Completed","8/1/2026","11:39 AM","America/Toronto","","false","394485","jessicagregg0127@gmail.com","Jessica Gregg","","394485","jessicagregg0127@gmail.com","Jessica Gregg","Summer Sale 2026 // London: Buy 5, Get 1","25575","25576","822399337239","summer-sale-2026-credits-320","","","Credits","","","Completed","8/1/2026","CAD","1","110.00","110.00","14.30","124.30","Visa","E-Commerce","London","Ontario"
"8YTJ-QY7D-5L8H","Completed","8/1/2026","2:17 PM","America/Toronto","","false","400614","sarahmarotta@gmail.com","Sarah Marotta","","400614","sarahmarotta@gmail.com","Sarah Marotta","Summer Sale 2026 // London: Buy 10, Get 2","25569","25570","740055503739","summer-sale-2026-credits-112","","","Credits","","","Completed","8/1/2026","CAD","1","200.00","200.00","26.00","226.00","Visa","E-Commerce","London","Ontario"
"TFGZ-8AN4-5L8H","Refunded","8/1/2026","6:03 PM","America/Toronto","desktop","false","71878","k.rothwell@spinco.ca","Kira Rothwell","","71878","k.rothwell@spinco.ca","Kira Rothwell","Summer Sale 2026 // London: Buy 5, Get 1","25575","25576","822399337239","summer-sale-2026-credits-320","","","Credits","","","Completed","8/1/2026","CAD","1","110.00","110.00","14.30","124.30","Account balance, Visa","In-Store","London","Ontario"
"D3AM-DUKJ-5L8H","Completed","8/1/2026","6:22 PM","America/Toronto","","false","375626","megan.jenkins@gmail.com","Megan Jenkins","","375626","megan.jenkins@gmail.com","Megan Jenkins","Summer Sale 2026 // London: Buy 5, Get 1","25575","25576","822399337239","summer-sale-2026-credits-320","","","Credits","","","Completed","8/1/2026","CAD","1","110.00","110.00","14.30","124.30","Visa","E-Commerce","London","Ontario"
"TFGZ-8AN4-5L8H","Refunded","8/1/2026","6:03 PM","America/Toronto","desktop","false","71878","k.rothwell@spinco.ca","Kira Rothwell","","71878","k.rothwell@spinco.ca","Kira Rothwell","Summer Sale 2026 // London: Buy 5, Get 1","25575","25576","822399337239","summer-sale-2026-credits-320","","","Credits","","","Refunded","8/1/2026","CAD","-1","-110.00","-110.00","-14.30","-124.30","Account balance, Visa","In-Store","London","Ontario"
"DMVY-TT3W-5L8H","Completed","8/1/2026","6:43 PM","America/Toronto","","false","402996","lwatkiss@ivey.ca","Lee Watkiss","","402996","lwatkiss@ivey.ca","Lee Watkiss","Summer Sale 2026 // London: Buy 10, Get 2","25569","25570","740055503739","summer-sale-2026-credits-112","","","Credits","","","Completed","8/1/2026","CAD","1","200.00","200.00","26.00","226.00","Visa","E-Commerce","London","Ontario"
"BSPX-V7Z6-5L8H","Completed","8/1/2026","7:08 PM","America/Toronto","","false","372455","ballauren@outlook.com","Lauren Bal","","372455","ballauren@outlook.com","Lauren Bal","Five Class Card // London","20802","20803","488719457552","five-class-card--credits-078","","","Credits","","","Completed","8/1/2026","CAD","1","93.50","110.00","12.16","105.66","Visa","E-Commerce","London","Ontario"
"6BJA-RNCM-5L8I","Completed","8/1/2026","8:19 PM","America/Toronto","","false","408128","seanmilroy@hotmail.com","Sean Milroy","","408128","seanmilroy@hotmail.com","Sean Milroy","One Class Card // London","20798","20799","760445337951","one-class-card-l-credits-347","","","Credits","","","Completed","8/1/2026","CAD","1","25.00","25.00","3.25","28.25","Visa","E-Commerce","London","Ontario"
"TFCA-K322-5L8I","Completed","8/1/2026","8:33 PM","America/Toronto","","false","408732","howarthsarah604@gmail.com","Sarah Howarth","","408732","howarthsarah604@gmail.com","Sarah Howarth","Summer Days Drop-In // London","26178","26179","455715388823","summer-days-drop-credits-083","","","Credits","","","Completed","8/1/2026","CAD","1","15.00","15.00","1.95","16.95","Visa","E-Commerce","London","Ontario"
"GGKD-T8XU-5L8I","Completed","8/1/2026","9:03 PM","America/Toronto","","false","407050","rachel.m.brant@hotmail.com","Rachel Brant","","407050","rachel.m.brant@hotmail.com","Rachel Brant","Summer Days Drop-In // London","26178","26179","455715388823","summer-days-drop-credits-083","","","Credits","","","Completed","8/1/2026","CAD","1","15.00","15.00","1.95","16.95","Visa","E-Commerce","London","Ontario"
"JP93-69K4-5L8I","Completed","8/1/2026","9:18 PM","America/Toronto","","false","403022","anna.taurins@gmail.com","Anna Taurins","","403022","anna.taurins@gmail.com","Anna Taurins","Spin-It-Forward // London","20792","20793","964245982422","spin-it-forward--credits-429","","","Credits","","","Completed","8/1/2026","CAD","1","10.00","10.00","1.30","11.30","Mastercard","E-Commerce","London","Ontario"
"GM9Y-94D7-5L8I","Completed","8/1/2026","9:18 PM","America/Toronto","","false","403022","anna.taurins@gmail.com","Anna Taurins","","403022","anna.taurins@gmail.com","Anna Taurins","Spin-It-Forward // London","20792","20793","964245982422","spin-it-forward--credits-429","","","Credits","","","Completed","8/1/2026","CAD","1","10.00","10.00","1.30","11.30","Mastercard","E-Commerce","London","Ontario"
"PMBR-P8VC-5L8I","Completed","8/1/2026","9:45 PM","America/Toronto","","false","398972","tammyvacante@hotmail.com","Tammy Vacante","","398972","tammyvacante@hotmail.com","Tammy Vacante","Summer Sale 2026 // London: Buy 10, Get 2","25569","25570","740055503739","summer-sale-2026-credits-112","","","Credits","","","Completed","8/1/2026","CAD","1","200.00","200.00","26.00","226.00","Mastercard","E-Commerce","London","Ontario"
"3VBC-4VA4-5L8I","Completed","8/2/2026","12:27 AM","America/Toronto","","true","65173","shandidaniellehillgartner@hotmail.com","Shandi Hillgartner","","65173","shandidaniellehillgartner@hotmail.com","Shandi Hillgartner","8x Membership // London","21997","21998","667327189404","8x-membership-lo-memberships-656","","","Memberships","","","Completed","8/2/2026","CAD","1","150.00","150.00","19.50","169.50","Visa","E-Commerce","London","Ontario"
"6EFE-U6ZP-5L8I","Completed","8/2/2026","12:27 AM","America/Toronto","","true","402006","jhussei6@uwo.ca","Judy Hussein","","402006","jhussei6@uwo.ca","Judy Hussein","Unlimited Membership // London","21995","21996","447442561003","unlimited-member-memberships-867","","","Memberships","","","Completed","8/2/2026","CAD","1","200.00","200.00","26.00","226.00","American Express","E-Commerce","London","Ontario"
"4UWF-7NMU-5L8I","Completed","8/2/2026","12:27 AM","America/Toronto","","true","339714","bhulley@live.ca","Breanne Hulley-Linton","","339714","bhulley@live.ca","Breanne Hulley-Linton","8x Monthly Membership // 10% OFF PRE-SALE (London)","20864","20865","581083306841","8x-monthly-membe-memberships-014","","","Memberships","","","Completed","8/2/2026","CAD","1","150.00","150.00","19.50","169.50","Visa","E-Commerce","London","Ontario"
"ZRVH-XQ93-5L8I","Completed","8/2/2026","12:27 AM","America/Toronto","","true","365077","chantel.brown@lhsc.on.ca","Chantel Desumma-Brown","","365077","chantel.brown@lhsc.on.ca","Chantel Desumma-Brown","Unlimited Membership // London · BLACK FRIDAY 2025","22630","22631","712442897099","unlimited-member-memberships-584","","","Memberships","","","Completed","8/2/2026","CAD","1","180.00","180.00","23.40","203.40","Visa","E-Commerce","London","Ontario"
"PD48-XAHC-5L8I","Completed","8/2/2026","6:49 AM","America/Toronto","","false","218683","jennifervhtran@gmail.com","Jenn 🎀 Tran","ICLS","218683","jennifervhtran@gmail.com","Jenn 🎀 Tran","Summer Sale 2026 // London: Buy 10, Get 2","25569","25570","740055503739","summer-sale-2026-credits-112","","","Credits","","","Completed","8/2/2026","CAD","1","200.00","200.00","26.00","226.00","American Express","E-Commerce","London","Ontario"
"K25W-7TYD-5L8I","Completed","8/2/2026","8:30 AM","America/Toronto","","false","405532","talianoon17@hotmail.com","Talia Noon","","405532","talianoon17@hotmail.com","Talia Noon","Summer Days Drop-In // London","26178","26179","455715388823","summer-days-drop-credits-083","","","Credits","","","Completed","8/2/2026","CAD","1","15.00","15.00","1.95","16.95","Visa","E-Commerce","London","Ontario"
"AVED-U9EY-5L8I","Completed","8/2/2026","9:17 AM","America/Toronto","","true","352243","npitchell@hotmail.com","Natalie Pitchell","","352243","npitchell@hotmail.com","Natalie Pitchell","Late Cancel Charge","14688","14690","036981809486","late-cancel-fee-penalty-fees-771","","","Penalty Fees","","","Completed","8/2/2026","CAD","1","15.00","15.00","1.95","16.95","Visa","E-Commerce","London","Ontario"
"3XB6-95HA-5L8I","Completed","8/2/2026","9:17 AM","America/Toronto","","true","397356","katherineklaragrace@gmail.com","Klara Grace","","397356","katherineklaragrace@gmail.com","Klara Grace","Late Cancel Charge","14688","14690","036981809486","late-cancel-fee-penalty-fees-771","","","Penalty Fees","","","Completed","8/2/2026","CAD","1","15.00","15.00","1.95","16.95","Visa","E-Commerce","London","Ontario"
"XDQ2-Z5J2-5L8I","Completed","8/2/2026","9:35 AM","America/Toronto","","false","378483","maddieivatts@outlook.com","Maddie Ivatts","","378483","maddieivatts@outlook.com","Maddie Ivatts","Summer Sale 2026 // London: Buy 5, Get 1","25575","25576","822399337239","summer-sale-2026-credits-320","","","Credits","","","Completed","8/2/2026","CAD","1","110.00","110.00","14.30","124.30","Visa","E-Commerce","London","Ontario"
"YKZ2-JDAF-5L8I","Completed","8/2/2026","9:51 AM","America/Toronto","","false","407154","emma.dobinson888@yahoo.ca","Emma Dobinson","","407154","emma.dobinson888@yahoo.ca","Emma Dobinson","Summer Sale 2026 // London: Buy 5, Get 1","25575","25576","822399337239","summer-sale-2026-credits-320","","","Credits","","","Completed","8/2/2026","CAD","1","110.00","110.00","14.30","124.30","Mastercard","E-Commerce","London","Ontario"
"FV9D-DCU6-5L8I","Completed","8/2/2026","10:34 AM","America/Toronto","","false","370471","katherine.cope@gmail.com","Katherine Cope","","370471","katherine.cope@gmail.com","Katherine Cope","Summer Sale 2026 // London: Buy 10, Get 2","25569","25570","740055503739","summer-sale-2026-credits-112","","","Credits","","","Completed","8/2/2026","CAD","1","200.00","200.00","26.00","226.00","Visa","E-Commerce","London","Ontario"
"K67P-9Q5P-5L8I","Completed","8/2/2026","12:14 PM","America/Toronto","","false","346654","juliakaf27@gmail.com","JULIA Kaf-Alghazal","","346654","juliakaf27@gmail.com","JULIA Kaf-Alghazal","Summer Sale 2026 // London: Buy 10, Get 2","25569","25570","740055503739","summer-sale-2026-credits-112","","","Credits","","","Completed","8/2/2026","CAD","1","200.00","200.00","26.00","226.00","American Express","E-Commerce","London","Ontario"
"F4ME-HE28-5L8I","Completed","8/2/2026","12:46 PM","America/Toronto","","false","405774","ellahirlehey@gmail.com","Ella Hirlehey","","405774","ellahirlehey@gmail.com","Ella Hirlehey","Summer Days Drop-In // London","26178","26179","455715388823","summer-days-drop-credits-083","","","Credits","","","Completed","8/2/2026","CAD","1","15.00","15.00","1.95","16.95","Visa","E-Commerce","London","Ontario"
"ZE6Q-E7KC-5L8I","Completed","8/2/2026","1:00 PM","America/Toronto","","false","205731","avanir31@gmail.com","Avani Rishi","","205731","avanir31@gmail.com","Avani Rishi","Summer Sale 2026 // London: Buy 10, Get 2","25569","25570","740055503739","summer-sale-2026-credits-112","","","Credits","","","Completed","8/2/2026","CAD","1","200.00","200.00","26.00","226.00","Mastercard","E-Commerce","London","Ontario"
"P88X-C4XR-5L8I","Completed","8/2/2026","1:12 PM","America/Toronto","","false","397456","juliebarkho@gmail.com","Julie Barkho","","397456","juliebarkho@gmail.com","Julie Barkho","Summer Sale 2026 // London: Buy 10, Get 2","25569","25570","740055503739","summer-sale-2026-credits-112","","","Credits","","","Completed","8/2/2026","CAD","1","200.00","200.00","26.00","226.00","Visa","E-Commerce","London","Ontario"
"JTTD-KFZN-5L8I","Completed","8/2/2026","1:21 PM","America/Toronto","mobile","false","408853","nhammond33@yahoo.com","Nicola Hammond","","408853","nhammond33@yahoo.com","Nicola Hammond","One Class Card // London","20798","20799","760445337951","one-class-card-l-credits-347","","","Credits","","","Completed","8/2/2026","CAD","1","0.00","25.00","0.00","0.00","No Charge","E-Commerce","London","Ontario"
"W9E6-UG99-5L8I","Completed","8/2/2026","1:31 PM","America/Toronto","","false","391441","jnorejko@outlook.com","Jo Norejko","","391441","jnorejko@outlook.com","Jo Norejko","One Class Card // London","20798","20799","760445337951","one-class-card-l-credits-347","","","Credits","","","Completed","8/2/2026","CAD","1","25.00","25.00","3.25","28.25","Visa","E-Commerce","London","Ontario"
"EFGX-VEDC-5L8I","Completed","8/2/2026","2:22 PM","America/Toronto","","false","298900","stephaniekursikowski@outlook.com","Stephanie Kursikowski","","298900","stephaniekursikowski@outlook.com","Stephanie Kursikowski","Summer Sale 2026 // London: Buy 10, Get 2","25569","25570","740055503739","summer-sale-2026-credits-112","","","Credits","","","Completed","8/2/2026","CAD","1","200.00","200.00","26.00","226.00","Visa","E-Commerce","London","Ontario"
"YVAM-86SU-5L8I","Completed","8/2/2026","2:44 PM","America/Toronto","","false","398239","clairekoteles04@gmail.com","Claire Koteles","","398239","clairekoteles04@gmail.com","Claire Koteles","One Class Card // London","20798","20799","760445337951","one-class-card-l-credits-347","","","Credits","","","Completed","8/2/2026","CAD","1","25.00","25.00","3.25","28.25","Mastercard","E-Commerce","London","Ontario"
"5JFD-6379-5L8I","Completed","8/2/2026","3:14 PM","America/Toronto","","false","408637","ms.christinachu@gmail.com","Christina Chu","","408637","ms.christinachu@gmail.com","Christina Chu","Ten Class Card // London Email Gift Card","20796","20797","032674047645","ten-class-card-l-email-credit-gif-821","","","Email Credit Gift Cards","","","Completed","8/2/2026","CAD","1","200.00","200.00","26.00","226.00","Visa","E-Commerce","London","Ontario"
"AWS6-7NSD-5L8I","Completed","8/2/2026","3:17 PM","America/Toronto","","false","408637","ms.christinachu@gmail.com","Christina Chu","","408637","ms.christinachu@gmail.com","Christina Chu","Ten Class Card // London","20794","20795","456569691604","ten-class-card-l-credits-104","","","Credits","","","Completed","8/2/2026","CAD","1","200.00","200.00","26.00","226.00","Visa","E-Commerce","London","Ontario"
"SYFK-XB7U-5L8I","Completed","8/2/2026","4:00 PM","America/Toronto","","false","405254","marlenebaan@hotmail.com","Marlene Looby","","405254","marlenebaan@hotmail.com","Marlene Looby","Summer Sale 2026 // London: Buy 5, Get 1","25575","25576","822399337239","summer-sale-2026-credits-320","","","Credits","","","Completed","8/2/2026","CAD","1","110.00","110.00","14.30","124.30","American Express","E-Commerce","London","Ontario"
"HS46-KQPM-5L8I","Completed","8/2/2026","6:51 PM","America/Toronto","","false","405636","turkmanidil@hotmail.com","Idil Turkman","","405636","turkmanidil@hotmail.com","Idil Turkman","Summer Days Drop-In // London","26178","26179","455715388823","summer-days-drop-credits-083","","","Credits","","","Completed","8/2/2026","CAD","1","15.00","15.00","1.95","16.95","Visa","E-Commerce","London","Ontario"
"M7W3-72ZV-5L8I","Completed","8/2/2026","7:50 PM","America/Toronto","","false","363919","josephinechenpoon@gmail.com","Josephine Poon","","363919","josephinechenpoon@gmail.com","Josephine Poon","Summer Sale 2026 // London: Buy 5, Get 1","25575","25576","822399337239","summer-sale-2026-credits-320","","","Credits","","","Completed","8/2/2026","CAD","1","110.00","110.00","14.30","124.30","American Express","E-Commerce","London","Ontario"
"7C3W-GG8Y-5L8I","Completed","8/2/2026","7:53 PM","America/Toronto","","false","205730","riddhirishi06@gmail.com","Riddhi Rishi","","205730","riddhirishi06@gmail.com","Riddhi Rishi","Summer Sale 2026 // London: Buy 10, Get 2","25569","25570","740055503739","summer-sale-2026-credits-112","","","Credits","","","Completed","8/2/2026","CAD","1","200.00","200.00","26.00","226.00","American Express","E-Commerce","London","Ontario"
"ADA7-7GZU-5L8J","Completed","8/2/2026","9:54 PM","America/Toronto","","false","408912","eisraels@uwo.ca","Evan Israels","","408912","eisraels@uwo.ca","Evan Israels","Summer Days Drop-In // London","26178","26179","455715388823","summer-days-drop-credits-083","","","Credits","","","Completed","8/2/2026","CAD","2","30.00","30.00","3.90","33.90","Visa","E-Commerce","London","Ontario"
"9N7R-S6V6-5L8J","Completed","8/2/2026","10:33 PM","America/Toronto","","false","401429","layandaher@icloud.com","Layan Daher","","401429","layandaher@icloud.com","Layan Daher","One Class Card // London","20798","20799","760445337951","one-class-card-l-credits-347","","","Credits","","","Completed","8/2/2026","CAD","1","25.00","25.00","3.25","28.25","Visa","E-Commerce","London","Ontario"
"9ZSG-ZTPR-5L8J","Completed","8/2/2026","10:34 PM","America/Toronto","","false","365137","adaouk@gmail.com","Angie Daouk","","365137","adaouk@gmail.com","Angie Daouk","One Class Card // London","20798","20799","760445337951","one-class-card-l-credits-347","","","Credits","","","Completed","8/2/2026","CAD","2","50.00","50.00","6.50","56.50","Visa","E-Commerce","London","Ontario"
"UFV2-AEV5-5L8J","Completed","8/2/2026","11:00 PM","America/Toronto","","false","408920","charleejbattram18@gmail.com","Molly Battram","","408920","charleejbattram18@gmail.com","Molly Battram","New Rider Special // London","21051","21052","288040778473","new-rider-specia-memberships-503","","","Memberships","","","Completed","8/2/2026","CAD","1","50.00","50.00","6.50","56.50","Mastercard","E-Commerce","London","Ontario"
"2CTB-ZTZU-5L8J","Completed","8/3/2026","12:25 AM","America/Toronto","","true","351665","madisonlaine99@hotmail.ca","maddy laine","","351665","madisonlaine99@hotmail.ca","maddy laine","4x Membership // London","21999","22000","216300284773","4x-membership-lo-memberships-280","","","Memberships","","","Completed","8/3/2026","CAD","1","80.00","80.00","10.40","90.40","Visa","E-Commerce","London","Ontario"
"DM62-7W7Z-5L8J","Completed","8/3/2026","12:25 AM","America/Toronto","","true","336211","kirvine7@uwo.ca","Kathryn Irvine","","336211","kirvine7@uwo.ca","Kathryn Irvine","Unlimited Monthly Membership // London *GRANDFATHERED","20834","20835","254627090190","unlimited-classe-memberships-530","","","Memberships","","","Completed","8/3/2026","CAD","1","200.00","200.00","26.00","226.00","Mastercard","E-Commerce","London","Ontario"
"YQN5-3FSN-5L8J","Completed","8/3/2026","2:04 AM","America/Toronto","","false","397624","lauraloppez@hotmail.ca","Laura Lopez","","397624","lauraloppez@hotmail.ca","Laura Lopez","Summer Sale 2026 // London: Buy 10, Get 2","25569","25570","740055503739","summer-sale-2026-credits-112","","","Credits","","","Completed","8/3/2026","CAD","1","200.00","200.00","26.00","226.00","Visa","E-Commerce","London","Ontario"
"ER72-TTMX-5L8J","Completed","8/3/2026","7:17 AM","America/Toronto","","true","372287","cienna.michelle@gmail.com","Cienna Good","","372287","cienna.michelle@gmail.com","Cienna Good","Late Cancel Charge","14688","14690","036981809486","late-cancel-fee-penalty-fees-771","","","Penalty Fees","","","Completed","8/3/2026","CAD","1","15.00","15.00","1.95","16.95","Visa","E-Commerce","London","Ontario"
"DRST-6EBF-5L8J","Completed","8/3/2026","7:43 AM","America/Toronto","","false","346453","sarah.norley1@gmail.com","Sarah Vivian","","346453","sarah.norley1@gmail.com","Sarah Vivian","Summer Days Drop-In // London","26178","26179","455715388823","summer-days-drop-credits-083","","","Credits","","","Completed","8/3/2026","CAD","3","45.00","45.00","5.85","50.85","Mastercard","E-Commerce","London","Ontario"
"D9SG-5N3Y-5L8J","Completed","8/3/2026","8:04 AM","America/Toronto","","false","379263","boyadjia@uoguelph.ca","Alex Keegan","","379263","boyadjia@uoguelph.ca","Alex Keegan","Summer Days Drop-In // London","26178","26179","455715388823","summer-days-drop-credits-083","","","Credits","","","Completed","8/3/2026","CAD","1","15.00","15.00","1.95","16.95","Mastercard","E-Commerce","London","Ontario"
"PY9R-KQX9-5L8J","Completed","8/3/2026","8:40 AM","America/Toronto","","false","69731","clairenstewart@gmail.com","Claire Stewart","","69731","clairenstewart@gmail.com","Claire Stewart","Five Class Card // London","20802","20803","488719457552","five-class-card--credits-078","","","Credits","","","Completed","8/3/2026","CAD","1","110.00","110.00","14.30","124.30","Visa","E-Commerce","London","Ontario"
"CBYG-DF3Q-5L8J","Completed","8/3/2026","9:55 AM","America/Toronto","","false","357139","wilsonkat92@gmail.com","Katie Wilson","","357139","wilsonkat92@gmail.com","Katie Wilson","Summer Sale 2026 // London: Buy 10, Get 2","25569","25570","740055503739","summer-sale-2026-credits-112","","","Credits","","","Completed","8/3/2026","CAD","1","200.00","200.00","26.00","226.00","Mastercard","E-Commerce","London","Ontario"
"63HS-Q358-5L8J","Completed","8/3/2026","10:24 AM","America/Toronto","mobile","false","369261","emmajewel003@gmail.com","Emma Wiggins","","369261","emmajewel003@gmail.com","Emma Wiggins","One Class Card // London","20798","20799","760445337951","one-class-card-l-credits-347","","","Credits","","","Completed","8/3/2026","CAD","1","0.00","25.00","0.00","0.00","No Charge","E-Commerce","London","Ontario"
"H8X7-P8RS-5L8J","Completed","8/3/2026","11:07 AM","America/Toronto","","false","393144","rianmrtn08@gmail.com","Rian Martin","","393144","rianmrtn08@gmail.com","Rian Martin","One Class Card // London","20798","20799","760445337951","one-class-card-l-credits-347","","","Credits","","","Completed","8/3/2026","CAD","1","25.00","25.00","3.25","28.25","Visa","E-Commerce","London","Ontario"
"W6E7-TU2U-5L8J","Completed","8/3/2026","11:15 AM","America/Toronto","","false","346727","workentinr@gmail.com","Riley Workentin","","346727","workentinr@gmail.com","Riley Workentin","Summer Days Drop-In // London","26178","26179","455715388823","summer-days-drop-credits-083","","","Credits","","","Completed","8/3/2026","CAD","1","15.00","15.00","1.95","16.95","Visa","E-Commerce","London","Ontario"
"U7ST-MGYS-5L8J","Completed","8/3/2026","11:18 AM","America/Toronto","","true","398924","rraalm3@gmail.com","Roua Alm","","398924","rraalm3@gmail.com","Roua Alm","Late Cancel Charge","14688","14690","036981809486","late-cancel-fee-penalty-fees-771","","","Penalty Fees","","","Completed","8/3/2026","CAD","1","15.00","15.00","1.95","16.95","Visa","E-Commerce","London","Ontario"
"DXX9-8U7G-5L8J","Completed","8/3/2026","12:18 PM","America/Toronto","","true","399416","erinmdowning@outlook.com","Erin Downing","","399416","erinmdowning@outlook.com","Erin Downing","No Show Charge","14687","14689","489143084327","no-show-fee-penalty-fees-498","","","Penalty Fees","","","Completed","8/3/2026","CAD","1","20.00","20.00","2.60","22.60","Visa","E-Commerce","London","Ontario"
"QY6P-THKV-5L8J","Completed","8/3/2026","12:18 PM","America/Toronto","","true","398924","rraalm3@gmail.com","Roua Alm","","398924","rraalm3@gmail.com","Roua Alm","Late Cancel Charge","14688","14690","036981809486","late-cancel-fee-penalty-fees-771","","","Penalty Fees","","","Completed","8/3/2026","CAD","1","15.00","15.00","1.95","16.95","Visa","E-Commerce","London","Ontario"
"UZ7A-W22Y-5L8J","Completed","8/3/2026","12:18 PM","America/Toronto","","true","368532","bowden1818@gmail.com","Paul Bowden","","368532","bowden1818@gmail.com","Paul Bowden","No Show Charge","14687","14689","489143084327","no-show-fee-penalty-fees-498","","","Penalty Fees","","","Completed","8/3/2026","CAD","1","20.00","20.00","2.60","22.60","Visa","E-Commerce","London","Ontario"
"RD9F-N9U4-5L8J","Completed","8/3/2026","12:41 PM","America/Toronto","","false","378189","j.lister@live.ca","Jordan Lister","","378189","j.lister@live.ca","Jordan Lister","Summer Days Drop-In // London","26178","26179","455715388823","summer-days-drop-credits-083","","","Credits","","","Completed","8/3/2026","CAD","1","15.00","15.00","1.95","16.95","Mastercard","E-Commerce","London","Ontario"
"ATYZ-RFNW-5L8J","Completed","8/3/2026","1:09 PM","America/Toronto","","false","367537","paige.dresser@lhsc.on.ca","Paige Dresser","","367537","paige.dresser@lhsc.on.ca","Paige Dresser","Spin-It-Forward // London","20792","20793","964245982422","spin-it-forward--credits-429","","","Credits","","","Completed","8/3/2026","CAD","1","10.00","10.00","1.30","11.30","Visa","E-Commerce","London","Ontario"
"DPGY-HNCD-5L8J","Completed","8/3/2026","1:18 PM","America/Toronto","","false","389695","claudia.drewitt@icloud.com","Claudia Drewitt","","389695","claudia.drewitt@icloud.com","Claudia Drewitt","Summer Days Drop-In // London","26178","26179","455715388823","summer-days-drop-credits-083","","","Credits","","","Completed","8/3/2026","CAD","1","15.00","15.00","1.95","16.95","Visa","E-Commerce","London","Ontario"
"2RMV-BCJ8-5L8J","Completed","8/3/2026","1:20 PM","America/Toronto","","true","311771","alexrosewatt@outlook.com","Alex Watt","","311771","alexrosewatt@outlook.com","Alex Watt","No Show Charge","14687","14689","489143084327","no-show-fee-penalty-fees-498","","","Penalty Fees","","","Completed","8/3/2026","CAD","1","20.00","20.00","2.60","22.60","Visa","E-Commerce","London","Ontario"
"F2YX-7JBY-5L8J","Completed","8/3/2026","1:22 PM","America/Toronto","","false","389695","claudia.drewitt@icloud.com","Claudia Drewitt","","389695","claudia.drewitt@icloud.com","Claudia Drewitt","Spin-It-Forward // London","20792","20793","964245982422","spin-it-forward--credits-429","","","Credits","","","Completed","8/3/2026","CAD","1","10.00","10.00","1.30","11.30","Visa","E-Commerce","London","Ontario"
"3FWH-2CRY-5L8J","Completed","8/3/2026","1:37 PM","America/Toronto","","false","408950","reim.abdelhamid@gmail.com","Reim E","","408950","reim.abdelhamid@gmail.com","Reim E","New Rider Special // London","21051","21052","288040778473","new-rider-specia-memberships-503","","","Memberships","","","Completed","8/3/2026","CAD","1","50.00","50.00","6.50","56.50","Visa","E-Commerce","London","Ontario"
"ZA9X-FMZW-5L8J","Completed","8/3/2026","1:39 PM","America/Toronto","","false","408978","sarahturk92@gmail.com","Sarah Turk","","408978","sarahturk92@gmail.com","Sarah Turk","New Rider Special // London","21051","21052","288040778473","new-rider-specia-memberships-503","","","Memberships","","","Completed","8/3/2026","CAD","1","50.00","50.00","6.50","56.50","Visa","E-Commerce","London","Ontario"
"AP5E-77K2-5L8J","Completed","8/3/2026","1:49 PM","America/Toronto","","false","404789","iza.bella.g04@gmail.com","Izabella Gonzalez","","404789","iza.bella.g04@gmail.com","Izabella Gonzalez","One Class Card // London","20798","20799","760445337951","one-class-card-l-credits-347","","","Credits","","","Completed","8/3/2026","CAD","1","25.00","25.00","3.25","28.25","Visa","E-Commerce","London","Ontario"
"FUV5-MSMH-5L8J","Completed","8/3/2026","1:49 PM","America/Toronto","","false","404789","iza.bella.g04@gmail.com","Izabella Gonzalez","","404789","iza.bella.g04@gmail.com","Izabella Gonzalez","One Class Card // London","20798","20799","760445337951","one-class-card-l-credits-347","","","Credits","","","Completed","8/3/2026","CAD","1","25.00","25.00","3.25","28.25","Visa","E-Commerce","London","Ontario"
"VH2G-QTVA-5L8J","Completed","8/3/2026","3:40 PM","America/Toronto","","false","292184","paige_saucier@hotmail.ca","Paige Saucier","","292184","paige_saucier@hotmail.ca","Paige Saucier","Summer Days Drop-In // London","26178","26179","455715388823","summer-days-drop-credits-083","","","Credits","","","Completed","8/3/2026","CAD","1","15.00","15.00","1.95","16.95","Visa","E-Commerce","London","Ontario"
"XWN5-SC36-5L8J","Completed","8/3/2026","4:10 PM","America/Toronto","","false","394079","lauren.j.t10@gmail.com","Lauren Tennant","","394079","lauren.j.t10@gmail.com","Lauren Tennant","One Class Card // London","20798","20799","760445337951","one-class-card-l-credits-347","","","Credits","","","Completed","8/3/2026","CAD","1","25.00","25.00","3.25","28.25","Visa","E-Commerce","London","Ontario"
"B72R-NXKF-5L8J","Completed","8/3/2026","4:11 PM","America/Toronto","","false","402208","hifabumuyi12@hotmail.com","Haille Ifabumuyi","","402208","hifabumuyi12@hotmail.com","Haille Ifabumuyi","Spin-It-Forward // London","20792","20793","964245982422","spin-it-forward--credits-429","","","Credits","","","Completed","8/3/2026","CAD","1","10.00","10.00","1.30","11.30","Visa","E-Commerce","London","Ontario"
"3JAF-XH7T-5L8J","Completed","8/3/2026","4:12 PM","America/Toronto","","false","394079","lauren.j.t10@gmail.com","Lauren Tennant","","394079","lauren.j.t10@gmail.com","Lauren Tennant","One Class Card // London","20798","20799","760445337951","one-class-card-l-credits-347","","","Credits","","","Completed","8/3/2026","CAD","1","25.00","25.00","3.25","28.25","Visa","E-Commerce","London","Ontario"
"P52Q-NP5J-5L8J","Completed","8/3/2026","4:16 PM","America/Toronto","","false","351404","libertad.melendez1@gmail.com","Libertad Melendez","","351404","libertad.melendez1@gmail.com","Libertad Melendez","One Class Card // London","20798","20799","760445337951","one-class-card-l-credits-347","","","Credits","","","Completed","8/3/2026","CAD","1","25.00","25.00","3.25","28.25","Visa","E-Commerce","London","Ontario"
"9UU5-D5HH-5L8J","Completed","8/3/2026","4:18 PM","America/Toronto","","false","378014","valeskadegouveia@hotmail.com","Valeska De Gouveia","","378014","valeskadegouveia@hotmail.com","Valeska De Gouveia","Spin-It-Forward // London","20792","20793","964245982422","spin-it-forward--credits-429","","","Credits","","","Completed","8/3/2026","CAD","1","10.00","10.00","1.30","11.30","Mastercard","E-Commerce","London","Ontario"
"6C73-H489-5L8J","Completed","8/3/2026","4:19 PM","America/Toronto","","false","391405","genahewitt12@hotmail.com","Gena Hewitt","","391405","genahewitt12@hotmail.com","Gena Hewitt","One Class Card // London","20798","20799","760445337951","one-class-card-l-credits-347","","","Credits","","","Completed","8/3/2026","CAD","1","25.00","25.00","3.25","28.25","Visa","E-Commerce","London","Ontario"
"CYZ9-NHEB-5L8J","Completed","8/3/2026","4:20 PM","America/Toronto","","false","401424","katiebowen@hotmail.com","Katie Bowen","","401424","katiebowen@hotmail.com","Katie Bowen","One Class Card // London","20798","20799","760445337951","one-class-card-l-credits-347","","","Credits","","","Completed","8/3/2026","CAD","1","25.00","25.00","3.25","28.25","Visa","E-Commerce","London","Ontario"
"EMQH-97GP-5L8J","Completed","8/3/2026","5:02 PM","America/Toronto","","false","404975","broselloza@gmail.com","Brienna Roselloza","","404975","broselloza@gmail.com","Brienna Roselloza","Summer Days Drop-In // London","26178","26179","455715388823","summer-days-drop-credits-083","","","Credits","","","Completed","8/3/2026","CAD","1","15.00","15.00","1.95","16.95","Visa","E-Commerce","London","Ontario"
"VHGF-RG7V-5L8J","Completed","8/3/2026","7:32 PM","America/Toronto","","false","405638","hedra.samun@yahoo.com","Hedra Samun","","405638","hedra.samun@yahoo.com","Hedra Samun","Summer Days Drop-In // London","26178","26179","455715388823","summer-days-drop-credits-083","","","Credits","","","Completed","8/3/2026","CAD","1","15.00","15.00","1.95","16.95","Visa","E-Commerce","London","Ontario"
"YFQH-FQMV-5L8J","Completed","8/3/2026","7:55 PM","America/Toronto","","false","398210","meaghanpoc@gmail.com","Meaghan Pocock","","398210","meaghanpoc@gmail.com","Meaghan Pocock","Summer Days Drop-In // London","26178","26179","455715388823","summer-days-drop-credits-083","","","Credits","","","Completed","8/3/2026","CAD","1","15.00","15.00","1.95","16.95","Mastercard","E-Commerce","London","Ontario"
"BKMQ-D2DZ-5L8K","Completed","8/3/2026","8:01 PM","America/Toronto","","false","402750","bfiegehen06@gmail.com","Bronwyn Fiegehen","","402750","bfiegehen06@gmail.com","Bronwyn Fiegehen","One Class Card // London","20798","20799","760445337951","one-class-card-l-credits-347","","","Credits","","","Completed","8/3/2026","CAD","1","25.00","25.00","3.25","28.25","Mastercard","E-Commerce","London","Ontario"
"DR6Y-GWCH-5L8K","Completed","8/3/2026","10:30 PM","America/Toronto","","false","409026","tayacurrie1@icloud.com","Taya Currie","","409026","tayacurrie1@icloud.com","Taya Currie","One Class Card // London","20798","20799","760445337951","one-class-card-l-credits-347","","","Credits","","","Completed","8/3/2026","CAD","1","25.00","25.00","3.25","28.25","Visa","E-Commerce","London","Ontario"
"3U87-BANM-5L8K","Completed","8/3/2026","11:17 PM","America/Toronto","","false","408981","oliviabattram10@gmail.com","Olivia Battram","","408981","oliviabattram10@gmail.com","Olivia Battram","New Rider Special // London","21051","21052","288040778473","new-rider-specia-memberships-503","","","Memberships","","","Completed","8/3/2026","CAD","1","50.00","50.00","6.50","56.50","Mastercard","E-Commerce","London","Ontario"
"PJVR-FJ6J-5L8K","Completed","8/4/2026","12:24 AM","America/Toronto","","true","402208","hifabumuyi12@hotmail.com","Haille Ifabumuyi","","402208","hifabumuyi12@hotmail.com","Haille Ifabumuyi","4x Membership // London","21999","22000","216300284773","4x-membership-lo-memberships-280","","","Memberships","","","Completed","8/4/2026","CAD","1","80.00","80.00","10.40","90.40","Visa","E-Commerce","London","Ontario"
"2UBS-PGBB-5L8K","Completed","8/4/2026","12:24 AM","America/Toronto","","true","347824","llanasooklal2@gmail.com","Llana Tatavarti","","347824","llanasooklal2@gmail.com","Llana Tatavarti","4x Monthly Membership // London *GRANDFATHERED","20838","20839","545622520223","4-classes-month--memberships-721","","","Memberships","","","Completed","8/4/2026","CAD","1","80.00","80.00","10.40","90.40","Mastercard","E-Commerce","London","Ontario"
"DHXN-X83R-5L8K","Completed","8/4/2026","12:24 AM","America/Toronto","","true","236028","lilysfrancis@gmail.com","Lily Francis","","236028","lilysfrancis@gmail.com","Lily Francis","Staff Membership // London","20830","20831","898235312897","staff-membership-memberships-735","","","Memberships","","","Completed","8/4/2026","CAD","1","0.00","0.00","0.00","0.00","No Charge","E-Commerce","London","Ontario"
"XJV2-SXQG-5L8K","Completed","8/4/2026","7:55 AM","America/Toronto","","false","357445","jordiesladics@gmail.com","Jordan Sladics","","357445","jordiesladics@gmail.com","Jordan Sladics","4x Membership // London","21999","22000","216300284773","4x-membership-lo-memberships-280","","","Memberships","","","Completed","8/4/2026","CAD","1","80.00","80.00","10.40","90.40","Mastercard","E-Commerce","London","Ontario"
"RRF4-V7ZS-5L8K","Completed","8/4/2026","11:15 AM","America/Toronto","","false","364264","emersen.timmerman@gmail.com","Emersen Timmerman","","364264","emersen.timmerman@gmail.com","Emersen Timmerman","One Class Card // London","20798","20799","760445337951","one-class-card-l-credits-347","","","Credits","","","Completed","8/4/2026","CAD","1","25.00","25.00","3.25","28.25","Visa","E-Commerce","London","Ontario"
"ZVK7-XZTU-5L8K","Completed","8/4/2026","11:50 AM","America/Toronto","","false","385083","lukemswilson@gmail.com","Lucas Wilson","","385083","lukemswilson@gmail.com","Lucas Wilson","Summer Days Drop-In // London","26178","26179","455715388823","summer-days-drop-credits-083","","","Credits","","","Completed","8/4/2026","CAD","3","45.00","45.00","5.85","50.85","Visa","E-Commerce","London","Ontario"
"VA7V-F2YH-5L8K","Completed","8/4/2026","12:57 PM","America/Toronto","","false","404975","broselloza@gmail.com","Brienna Roselloza","","404975","broselloza@gmail.com","Brienna Roselloza","Summer Days Drop-In // London","26178","26179","455715388823","summer-days-drop-credits-083","","","Credits","","","Completed","8/4/2026","CAD","1","15.00","15.00","1.95","16.95","Visa","E-Commerce","London","Ontario"
"WVXH-NEW4-5L8K","Completed","8/4/2026","1:15 PM","America/Toronto","","false","408861","oliviageorgopoulos@gmail.com","Olivia Georgopoulos","","408861","oliviageorgopoulos@gmail.com","Olivia Georgopoulos","Summer Days Drop-In // London","26178","26179","455715388823","summer-days-drop-credits-083","","","Credits","","","Completed","8/4/2026","CAD","1","15.00","15.00","1.95","16.95","Visa","E-Commerce","London","Ontario"
"3XPV-JQ9X-5L8K","Completed","8/4/2026","1:36 PM","America/Toronto","","false","369574","msavehilaghi99@gmail.com","Max Savehilaghi","","369574","msavehilaghi99@gmail.com","Max Savehilaghi","Spin-It-Forward // London","20792","20793","964245982422","spin-it-forward--credits-429","","","Credits","","","Completed","8/4/2026","CAD","1","10.00","10.00","1.30","11.30","Visa","E-Commerce","London","Ontario"
"ZU77-WKFD-5L8K","Completed","8/4/2026","5:08 PM","America/Toronto","","false","368626","marianasalazar_973@hotmail.com","Mariana Salazar Vargas","","368626","marianasalazar_973@hotmail.com","Mariana Salazar Vargas","Summer Days Drop-In // London","26178","26179","455715388823","summer-days-drop-credits-083","","","Credits","","","Completed","8/4/2026","CAD","1","15.00","15.00","1.95","16.95","Mastercard","E-Commerce","London","Ontario"
"DZ96-PWWQ-5L8K","Completed","8/4/2026","5:56 PM","America/Toronto","","false","409118","brianna.corbett@icloud.com","Brianna Corbett","","409118","brianna.corbett@icloud.com","Brianna Corbett","Summer Days Drop-In // London","26178","26179","455715388823","summer-days-drop-credits-083","","","Credits","","","Completed","8/4/2026","CAD","1","15.00","15.00","1.95","16.95","Mastercard","E-Commerce","London","Ontario"
"GBKC-88U4-5L8K","Completed","8/4/2026","5:59 PM","America/Toronto","","false","409123","andrea_d_11@hotmail.com","Andrea Dillon","","409123","andrea_d_11@hotmail.com","Andrea Dillon","Summer Days Drop-In // London","26178","26179","455715388823","summer-days-drop-credits-083","","","Credits","","","Completed","8/4/2026","CAD","1","15.00","15.00","1.95","16.95","Visa","E-Commerce","London","Ontario"
"RA9E-GCKW-5L8K","Completed","8/4/2026","6:38 PM","America/Toronto","","false","409134","alexandratc3@hotmail.com","Alexandra Thibodeau-Cadieux","","409134","alexandratc3@hotmail.com","Alexandra Thibodeau-Cadieux","Summer Days Drop-In // London","26178","26179","455715388823","summer-days-drop-credits-083","","","Credits","","","Completed","8/4/2026","CAD","1","15.00","15.00","1.95","16.95","Mastercard","E-Commerce","London","Ontario"
"MQF5-V3CK-5L8K","Completed","8/4/2026","7:32 PM","America/Toronto","","false","368626","marianasalazar_973@hotmail.com","Mariana Salazar Vargas","","368626","marianasalazar_973@hotmail.com","Mariana Salazar Vargas","Summer Days Drop-In // London","26178","26179","455715388823","summer-days-drop-credits-083","","","Credits","","","Completed","8/4/2026","CAD","1","15.00","15.00","1.95","16.95","Mastercard","E-Commerce","London","Ontario"
"YNVS-TQF5-5L8L","Completed","8/4/2026","10:49 PM","America/Toronto","","false","402177","avasa.sarawan@gmail.com","Avasa Sarawan","","402177","avasa.sarawan@gmail.com","Avasa Sarawan","Spin-It-Forward // London","20792","20793","964245982422","spin-it-forward--credits-429","","","Credits","","","Completed","8/4/2026","CAD","1","10.00","10.00","1.30","11.30","Visa","E-Commerce","London","Ontario"
"2NP6-E77Q-5L8L","Completed","8/5/2026","12:25 AM","America/Toronto","","true","377824","simone.hayden2000@gmail.com","Simone Hayden","","377824","simone.hayden2000@gmail.com","Simone Hayden","4x Membership // London","21999","22000","216300284773","4x-membership-lo-memberships-280","","","Memberships","","","Completed","8/5/2026","CAD","1","80.00","80.00","10.40","90.40","Visa","E-Commerce","London","Ontario"
"AB4W-GGXP-5L8L","Completed","8/5/2026","12:25 AM","America/Toronto","","true","375814","madelyn.mccarthy@hotmail.com","Madelyn Mccarthy","","375814","madelyn.mccarthy@hotmail.com","Madelyn Mccarthy","4x Membership // London","21999","22000","216300284773","4x-membership-lo-memberships-280","","","Memberships","","","Completed","8/5/2026","CAD","1","80.00","80.00","10.40","90.40","Visa","E-Commerce","London","Ontario"
"CK72-EANQ-5L8L","Completed","8/5/2026","12:25 AM","America/Toronto","","true","360260","jackie.wilkins@bell.net","Jackie Wilkins","","360260","jackie.wilkins@bell.net","Jackie Wilkins","Unlimited Membership // London","21995","21996","447442561003","unlimited-member-memberships-867","","","Memberships","","","Completed","8/5/2026","CAD","1","200.00","200.00","26.00","226.00","Visa","E-Commerce","London","Ontario"
"BZNB-4W64-5L8L","Completed","8/5/2026","12:25 AM","America/Toronto","","true","356436","laceyflannery13@gmail.com","Lacey Flannery","","356436","laceyflannery13@gmail.com","Lacey Flannery","8x Monthly Membership // London *GRANDFATHERED","20840","20841","811541656417","8-classes-month--memberships-167","","","Memberships","","","Completed","8/5/2026","CAD","1","150.00","150.00","19.50","169.50","Mastercard","E-Commerce","London","Ontario"
"FME5-W3M2-5L8L","Completed","8/5/2026","12:25 AM","America/Toronto","","true","352814","dehliamcdonald@gmail.com","Dehlia McDonald","","352814","dehliamcdonald@gmail.com","Dehlia McDonald","Staff Membership // London","20830","20831","898235312897","staff-membership-memberships-735","","","Memberships","","","Completed","8/5/2026","CAD","1","0.00","0.00","0.00","0.00","No Charge","E-Commerce","London","Ontario"
"AGHB-P4Z7-5L8L","Completed","8/5/2026","7:18 AM","America/Toronto","","true","378742","itslatashacromwell@gmail.com","Latasha Cromwell","","378742","itslatashacromwell@gmail.com","Latasha Cromwell","No Show Charge","14687","14689","489143084327","no-show-fee-penalty-fees-498","","","Penalty Fees","","","Completed","8/5/2026","CAD","1","20.00","20.00","2.60","22.60","Visa","E-Commerce","London","Ontario"
"7XER-9J7K-5L8L","Completed","8/5/2026","9:46 AM","America/Toronto","","false","336248","bbrocha456@gmail.com","Bianca Rocha","","336248","bbrocha456@gmail.com","Bianca Rocha","Summer Days Drop-In // London","26178","26179","455715388823","summer-days-drop-credits-083","","","Credits","","","Completed","8/5/2026","CAD","1","15.00","15.00","1.95","16.95","Mastercard","E-Commerce","London","Ontario"
"SY27-BFJA-5L8L","Completed","8/5/2026","9:49 AM","America/Toronto","","false","336248","bbrocha456@gmail.com","Bianca Rocha","","336248","bbrocha456@gmail.com","Bianca Rocha","One Class Card // London","20798","20799","760445337951","one-class-card-l-credits-347","","","Credits","","","Completed","8/5/2026","CAD","1","25.00","25.00","3.25","28.25","Mastercard","E-Commerce","London","Ontario"
"2YWP-XXPD-5L8L","Completed","8/5/2026","12:42 PM","America/Toronto","","false","402042","nicolesilaev@live.com","Nikki Silaev","","402042","nicolesilaev@live.com","Nikki Silaev","4x Membership // London","21999","22000","216300284773","4x-membership-lo-memberships-280","","","Memberships","","","Completed","8/5/2026","CAD","1","80.00","80.00","10.40","90.40","Mastercard","E-Commerce","London","Ontario"
"4QBS-NK2X-5L8L","Completed","8/5/2026","1:43 PM","America/Toronto","","false","405774","ellahirlehey@gmail.com","Ella Hirlehey","","405774","ellahirlehey@gmail.com","Ella Hirlehey","Summer Days Drop-In // London","26178","26179","455715388823","summer-days-drop-credits-083","","","Credits","","","Completed","8/5/2026","CAD","1","15.00","15.00","1.95","16.95","Visa","E-Commerce","London","Ontario"
"GY92-BAMF-5L8L","Completed","8/5/2026","3:13 PM","America/Toronto","","false","408281","yelda.moresha@gmail.com","Moresha Yelda","","408281","yelda.moresha@gmail.com","Moresha Yelda","One Class Card // London","20798","20799","760445337951","one-class-card-l-credits-347","","","Credits","","","Completed","8/5/2026","CAD","1","25.00","25.00","3.25","28.25","Visa","E-Commerce","London","Ontario"
"QM5C-FR9Z-5L8L","Completed","8/5/2026","3:15 PM","America/Toronto","","false","409229","jayyumol@gmail.com","Jordan Yumol","","409229","jayyumol@gmail.com","Jordan Yumol","One Class Card // London","20798","20799","760445337951","one-class-card-l-credits-347","","","Credits","","","Completed","8/5/2026","CAD","1","25.00","25.00","3.25","28.25","Visa","E-Commerce","London","Ontario"
"GNGZ-8G2R-5L8L","Completed","8/5/2026","4:26 PM","America/Toronto","","false","404270","tinaobhi@hotmail.com","Tina Obahi","","404270","tinaobhi@hotmail.com","Tina Obahi","Spin-It-Forward // London","20792","20793","964245982422","spin-it-forward--credits-429","","","Credits","","","Completed","8/5/2026","CAD","1","10.00","10.00","1.30","11.30","American Express","E-Commerce","London","Ontario"
"F5FB-U85B-5L8L","Completed","8/5/2026","7:31 PM","America/Toronto","","false","409263","sweersrs@gmail.com","rhys sweers","","409263","sweersrs@gmail.com","rhys sweers","One Class Card // London","20798","20799","760445337951","one-class-card-l-credits-347","","","Credits","","","Completed","8/5/2026","CAD","1","25.00","25.00","3.25","28.25","Visa","E-Commerce","London","Ontario"
"S35Q-TNMF-5L8L","Completed","8/5/2026","7:58 PM","America/Toronto","","false","384613","maddie.kellerrrr@gmail.com","Maddie Keller","","384613","maddie.kellerrrr@gmail.com","Maddie Keller","Spin-It-Forward // London","20792","20793","964245982422","spin-it-forward--credits-429","","","Credits","","","Completed","8/5/2026","CAD","1","10.00","10.00","1.30","11.30","Mastercard","E-Commerce","London","Ontario"
"VUNN-GMN9-5L8M","Completed","8/5/2026","10:05 PM","America/Toronto","","false","404789","iza.bella.g04@gmail.com","Izabella Gonzalez","","404789","iza.bella.g04@gmail.com","Izabella Gonzalez","One Class Card // London","20798","20799","760445337951","one-class-card-l-credits-347","","","Credits","","","Completed","8/5/2026","CAD","1","25.00","25.00","3.25","28.25","Visa","E-Commerce","London","Ontario"
"88R6-MMJY-5L8M","Completed","8/5/2026","10:08 PM","America/Toronto","","false","369574","msavehilaghi99@gmail.com","Max Savehilaghi","","369574","msavehilaghi99@gmail.com","Max Savehilaghi","Spin-It-Forward // London","20792","20793","964245982422","spin-it-forward--credits-429","","","Credits","","","Completed","8/5/2026","CAD","1","10.00","10.00","1.30","11.30","Visa","E-Commerce","London","Ontario"
"7BUU-D59X-5L8M","Completed","8/6/2026","12:25 AM","America/Toronto","","true","336326","malloryrooney9624@gmail.com","Mallory Rooney","","336326","malloryrooney9624@gmail.com","Mallory Rooney","4x Membership // London","21999","22000","216300284773","4x-membership-lo-memberships-280","","","Memberships","","","Completed","8/6/2026","CAD","1","80.00","80.00","10.40","90.40","Visa","E-Commerce","London","Ontario"
"9RGH-A4RD-5L8M","Completed","8/6/2026","12:25 AM","America/Toronto","","true","349029","jessicaashleigh@live.ca","Jess Bray","","349029","jessicaashleigh@live.ca","Jess Bray","4x Monthly Membership // London *GRANDFATHERED","20838","20839","545622520223","4-classes-month--memberships-721","","","Memberships","","","Completed","8/6/2026","CAD","1","68.00","80.00","8.84","76.84","Visa","E-Commerce","London","Ontario"
"TX59-FURG-5L8M","Completed","8/6/2026","6:16 AM","America/Toronto","","true","367983","jasionowskaolivia@gmail.com","Olivia Jasionowska","","367983","jasionowskaolivia@gmail.com","Olivia Jasionowska","Late Cancel Charge","14688","14690","036981809486","late-cancel-fee-penalty-fees-771","","","Penalty Fees","","","Completed","8/6/2026","CAD","1","15.00","15.00","1.95","16.95","Visa","E-Commerce","London","Ontario"
"S3SK-35WV-5L8M","Completed","8/6/2026","6:16 AM","America/Toronto","","true","363395","derek@cardy.ca","Derek Cardy","","363395","derek@cardy.ca","Derek Cardy","Late Cancel Charge","14688","14690","036981809486","late-cancel-fee-penalty-fees-771","","","Penalty Fees","","","Completed","8/6/2026","CAD","1","15.00","15.00","1.95","16.95","Visa","E-Commerce","London","Ontario"
"WTGH-YBFM-5L8M","Completed","8/6/2026","6:50 AM","America/Toronto","desktop","false","368626","marianasalazar_973@hotmail.com","Mariana Salazar Vargas","","347301","london@spinco.ca","SPINCO London","$50 Email Gift Card","15614","15615","746316785936","50-email-gift-cards-225","","","Email Gift Cards","","","Completed","8/6/2026","CAD","1","50.00","50.00","0.00","50.00","Mastercard","In-Store","London","Ontario"
"9TND-TMTU-5L8M","Completed","8/6/2026","7:18 AM","America/Toronto","","true","367983","jasionowskaolivia@gmail.com","Olivia Jasionowska","","367983","jasionowskaolivia@gmail.com","Olivia Jasionowska","Late Cancel Charge","14688","14690","036981809486","late-cancel-fee-penalty-fees-771","","","Penalty Fees","","","Completed","8/6/2026","CAD","1","15.00","15.00","1.95","16.95","Visa","E-Commerce","London","Ontario"
"TRWJ-F833-5L8M","Completed","8/6/2026","8:39 AM","America/Toronto","","false","402178","tessamack7@icloud.com","Tessa Mackinnon","","402178","tessamack7@icloud.com","Tessa Mackinnon","8x Membership // London","21997","21998","667327189404","8x-membership-lo-memberships-656","","","Memberships","","","Completed","8/6/2026","CAD","1","150.00","150.00","19.50","169.50","Visa","E-Commerce","London","Ontario"
"SFHW-C7XS-5L8M","Completed","8/6/2026","1:39 PM","America/Toronto","desktop","false","359422","annadietz1@icloud.com","Anna Dietz","","71878","k.rothwell@spinco.ca","Kira Rothwell","Unlimited Membership // London","21995","21996","447442561003","unlimited-member-memberships-867","","","Memberships","","","Completed","8/6/2026","CAD","1","0.00","200.00","0.00","0.00","No Charge","In-Store","London","Ontario"
"F4UX-V9BP-5L8M","Completed","8/6/2026","2:28 PM","America/Toronto","","false","409371","rachlabrosse@gmail.com","Rachael Labrosse","","409371","rachlabrosse@gmail.com","Rachael Labrosse","New Rider Special // London","21051","21052","288040778473","new-rider-specia-memberships-503","","","Memberships","","","Completed","8/6/2026","CAD","1","50.00","50.00","6.50","56.50","Visa","E-Commerce","London","Ontario"
"RPVC-2SP8-5L8M","Completed","8/6/2026","2:37 PM","America/Toronto","","false","406055","azebian8@uwo.ca","Aya Zebian","","406055","azebian8@uwo.ca","Aya Zebian","Spin-It-Forward // London","20792","20793","964245982422","spin-it-forward--credits-429","","","Credits","","","Completed","8/6/2026","CAD","1","10.00","10.00","1.30","11.30","Mastercard","E-Commerce","London","Ontario"
"9JMT-7XVG-5L8M","Completed","8/6/2026","2:38 PM","America/Toronto","","false","408655","ayeshazebian@gmail.com","Ayesha Zebian","","408655","ayeshazebian@gmail.com","Ayesha Zebian","Spin-It-Forward // London","20792","20793","964245982422","spin-it-forward--credits-429","","","Credits","","","Completed","8/6/2026","CAD","1","10.00","10.00","1.30","11.30","Visa","E-Commerce","London","Ontario"
"MY68-SCAW-5L8M","Completed","8/6/2026","2:41 PM","America/Toronto","","false","406576","imanz_04@hotmail.com","Iman Zebian","","406576","imanz_04@hotmail.com","Iman Zebian","Spin-It-Forward // London","20792","20793","964245982422","spin-it-forward--credits-429","","","Credits","","","Completed","8/6/2026","CAD","1","10.00","10.00","1.30","11.30","Mastercard","E-Commerce","London","Ontario"
"ZDWS-6ND7-5L8M","Completed","8/6/2026","4:07 PM","America/Toronto","","false","385551","alradoha118@gmail.com","Doha Alrawashdeh","","385551","alradoha118@gmail.com","Doha Alrawashdeh","Spin-It-Forward // London","20792","20793","964245982422","spin-it-forward--credits-429","","","Credits","","","Completed","8/6/2026","CAD","1","10.00","10.00","1.30","11.30","Visa","E-Commerce","London","Ontario"
"AC36-76YM-5L8M","Completed","8/6/2026","4:38 PM","America/Toronto","","false","409379","toriquick12@gmail.com","Victoria Quick","","409379","toriquick12@gmail.com","Victoria Quick","New Rider Special // London","21051","21052","288040778473","new-rider-specia-memberships-503","","","Memberships","","","Completed","8/6/2026","CAD","1","50.00","50.00","6.50","56.50","Visa","E-Commerce","London","Ontario"
"CS7V-2GY2-5L8M","Completed","8/6/2026","5:17 PM","America/Toronto","","true","407400","carla.s.aziz@gmail.com","Carla Aziz","","407400","carla.s.aziz@gmail.com","Carla Aziz","Late Cancel Charge","14688","14690","036981809486","late-cancel-fee-penalty-fees-771","","","Penalty Fees","","","Completed","8/6/2026","CAD","1","15.00","15.00","1.95","16.95","American Express","E-Commerce","London","Ontario"
"7XV5-7X7T-5L8M","Completed","8/6/2026","5:28 PM","America/Toronto","","false","337094","dave.pexman@gmail.com","David Pexman","","337094","dave.pexman@gmail.com","David Pexman","Ten Class Card // London","20794","20795","456569691604","ten-class-card-l-credits-104","","","Credits","","","Completed","8/6/2026","CAD","1","200.00","200.00","26.00","226.00","Visa","E-Commerce","London","Ontario"
"C87P-3GMG-5L8M","Completed","8/6/2026","5:50 PM","America/Toronto","","false","400614","sarahmarotta@gmail.com","Sarah Marotta","","400614","sarahmarotta@gmail.com","Sarah Marotta","Summer Days Drop-In // London","26178","26179","455715388823","summer-days-drop-credits-083","","","Credits","","","Completed","8/6/2026","CAD","1","15.00","15.00","1.95","16.95","Visa","E-Commerce","London","Ontario"
"KN64-Q8DH-5L8M","Completed","8/6/2026","6:17 PM","America/Toronto","","false","390386","kylegroenen@gmail.com","Kyle Groenenberg","","390386","kylegroenen@gmail.com","Kyle Groenenberg","One Class Card // London","20798","20799","760445337951","one-class-card-l-credits-347","","","Credits","","","Completed","8/6/2026","CAD","1","25.00","25.00","3.25","28.25","Visa","E-Commerce","London","Ontario"
"ADA7-T7QX-5L8M","Completed","8/6/2026","6:19 PM","America/Toronto","","true","405408","vermavanshaj@icloud.com","Vanshaj Verma","","405408","vermavanshaj@icloud.com","Vanshaj Verma","No Show Charge","14687","14689","489143084327","no-show-fee-penalty-fees-498","","","Penalty Fees","","","Completed","8/6/2026","CAD","1","20.00","20.00","2.60","22.60","Visa","E-Commerce","London","Ontario"
"75RY-EKWF-5L8M","Completed","8/6/2026","7:18 PM","America/Toronto","","true","399288","ldongsd01@gmail.com","Lucy Dong","","399288","ldongsd01@gmail.com","Lucy Dong","No Show Charge","14687","14689","489143084327","no-show-fee-penalty-fees-498","","","Penalty Fees","","","Completed","8/6/2026","CAD","1","20.00","20.00","2.60","22.60","Visa","E-Commerce","London","Ontario"
"2392-NQPP-5L8N","Completed","8/6/2026","9:36 PM","America/Toronto","","false","406599","alexkoprowski28@gmail.com","Alexandra Koprowski","","406599","alexkoprowski28@gmail.com","Alexandra Koprowski","Spin-It-Forward // London","20792","20793","964245982422","spin-it-forward--credits-429","","","Credits","","","Completed","8/6/2026","CAD","1","10.00","10.00","1.30","11.30","Mastercard","E-Commerce","London","Ontario"
"T6YQ-SNM8-5L8N","Completed","8/6/2026","9:37 PM","America/Toronto","","false","406599","alexkoprowski28@gmail.com","Alexandra Koprowski","","406599","alexkoprowski28@gmail.com","Alexandra Koprowski","Spin-It-Forward // London","20792","20793","964245982422","spin-it-forward--credits-429","","","Credits","","","Completed","8/6/2026","CAD","1","10.00","10.00","1.30","11.30","Mastercard","E-Commerce","London","Ontario"
"TN24-J33G-5L8N","Completed","8/6/2026","10:54 PM","America/Toronto","","false","115278","czstocker@live.ca","Zoe Stocker","","115278","czstocker@live.ca","Zoe Stocker","Five Class Card // London","20802","20803","488719457552","five-class-card--credits-078","","","Credits","","","Completed","8/6/2026","CAD","1","110.00","110.00","14.30","124.30","Visa","E-Commerce","London","Ontario"
"3AMC-C3AE-5L8N","Completed","8/7/2026","12:25 AM","America/Toronto","","true","299099","karin.kerfoot@gmail.com","Karin Kerfoot","","299099","karin.kerfoot@gmail.com","Karin Kerfoot","8x Monthly Membership // 20% OFF PRE-SALE (London)","20848","20849","592398618104","20-off-presale-8-memberships-995","","","Memberships","","","Completed","8/7/2026","CAD","1","150.00","150.00","19.50","169.50","Visa","E-Commerce","London","Ontario"
"TX48-HN5G-5L8N","Completed","8/7/2026","12:25 AM","America/Toronto","","true","368636","billkdietz@gmail.com","Bill Dietz","","368636","billkdietz@gmail.com","Bill Dietz","Unlimited Membership // London","21995","21996","447442561003","unlimited-member-memberships-867","","","Memberships","","","Completed","8/7/2026","CAD","1","200.00","200.00","26.00","226.00","Visa","E-Commerce","London","Ontario"
"HYTG-5HPX-5L8N","Completed","8/7/2026","12:25 AM","America/Toronto","","true","352815","mcdonald.kellyj@gmail.com","Kelly Vogelsang","","352815","mcdonald.kellyj@gmail.com","Kelly Vogelsang","Unlimited Membership // London · BLACK FRIDAY 2025","22630","22631","712442897099","unlimited-member-memberships-584","","","Memberships","","","Completed","8/7/2026","CAD","1","180.00","180.00","23.40","203.40","Visa","E-Commerce","London","Ontario"
"ZSH4-KTGY-5L8N","Completed","8/7/2026","2:16 AM","America/Toronto","","true","348678","hurstmarissa9@gmail.com","Marissa Hurst","","348678","hurstmarissa9@gmail.com","Marissa Hurst","Late Cancel Charge","14688","14690","036981809486","late-cancel-fee-penalty-fees-771","","","Penalty Fees","","","Completed","8/7/2026","CAD","1","15.00","15.00","1.95","16.95","Visa","E-Commerce","London","Ontario"
"ADVA-GW9Z-5L8N","Completed","8/7/2026","6:15 AM","America/Toronto","","true","408920","charleejbattram18@gmail.com","Molly Battram","","408920","charleejbattram18@gmail.com","Molly Battram","Late Cancel Charge","14688","14690","036981809486","late-cancel-fee-penalty-fees-771","","","Penalty Fees","","","Completed","8/7/2026","CAD","1","15.00","15.00","1.95","16.95","Mastercard","E-Commerce","London","Ontario"
"XWXA-CNBU-5L8N","Completed","8/7/2026","6:15 AM","America/Toronto","","true","408981","oliviabattram10@gmail.com","Olivia Battram","","408981","oliviabattram10@gmail.com","Olivia Battram","Late Cancel Charge","14688","14690","036981809486","late-cancel-fee-penalty-fees-771","","","Penalty Fees","","","Completed","8/7/2026","CAD","1","15.00","15.00","1.95","16.95","Mastercard","E-Commerce","London","Ontario"
"E2R9-YYB9-5L8N","Completed","8/7/2026","6:15 AM","America/Toronto","","true","363395","derek@cardy.ca","Derek Cardy","","363395","derek@cardy.ca","Derek Cardy","Late Cancel Charge","14688","14690","036981809486","late-cancel-fee-penalty-fees-771","","","Penalty Fees","","","Completed","8/7/2026","CAD","1","15.00","15.00","1.95","16.95","Visa","E-Commerce","London","Ontario"
"7WHU-UBZF-5L8N","Completed","8/7/2026","7:17 AM","America/Toronto","","true","405408","vermavanshaj@icloud.com","Vanshaj Verma","","405408","vermavanshaj@icloud.com","Vanshaj Verma","No Show Charge","14687","14689","489143084327","no-show-fee-penalty-fees-498","","","Penalty Fees","","","Completed","8/7/2026","CAD","1","20.00","20.00","2.60","22.60","Visa","E-Commerce","London","Ontario"
"TXDY-D9S4-5L8N","Completed","8/7/2026","8:26 AM","America/Toronto","","false","368626","marianasalazar_973@hotmail.com","Mariana Salazar Vargas","","368626","marianasalazar_973@hotmail.com","Mariana Salazar Vargas","Spin-It-Forward // London","20792","20793","964245982422","spin-it-forward--credits-429","","","Credits","","","Completed","8/7/2026","CAD","1","10.00","10.00","1.30","11.30","Mastercard","E-Commerce","London","Ontario"
"KDGP-7HZX-5L8N","Completed","8/7/2026","1:16 PM","America/Toronto","","true","406019","emily.he8@icloud.com","Emma Eves","","406019","emily.he8@icloud.com","Emma Eves","Late Cancel Charge","14688","14690","036981809486","late-cancel-fee-penalty-fees-771","","","Penalty Fees","","","Completed","8/7/2026","CAD","1","15.00","15.00","1.95","16.95","Visa","E-Commerce","London","Ontario"
"ZWSF-CE6U-5L8N","Completed","8/7/2026","2:21 PM","America/Toronto","","false","408861","oliviageorgopoulos@gmail.com","Olivia Georgopoulos","","408861","oliviageorgopoulos@gmail.com","Olivia Georgopoulos","Five Class Card // London","20802","20803","488719457552","five-class-card--credits-078","","","Credits","","","Completed","8/7/2026","CAD","1","110.00","110.00","14.30","124.30","Visa","E-Commerce","London","Ontario"
"K6EK-6Z72-5L8N","Completed","8/7/2026","2:38 PM","America/Toronto","","false","336569","ericalo1300channel@gmail.com","Erica Lo","","336569","ericalo1300channel@gmail.com","Erica Lo","Spin-It-Forward // London","20792","20793","964245982422","spin-it-forward--credits-429","","","Credits","","","Completed","8/7/2026","CAD","1","10.00","10.00","1.30","11.30","Visa","E-Commerce","London","Ontario"
"MARM-K76X-5L8N","Completed","8/7/2026","2:44 PM","America/Toronto","","false","248354","aarron.weinstein@gmail.com","Aarron Weinstein","","248354","aarron.weinstein@gmail.com","Aarron Weinstein","Ten Class Card // London","20794","20795","456569691604","ten-class-card-l-credits-104","","","Credits","","","Completed","8/7/2026","CAD","1","170.00","200.00","22.10","192.10","Visa","E-Commerce","London","Ontario"
"YB93-2SY9-5L8N","Completed","8/7/2026","3:16 PM","America/Toronto","","true","407624","avapompilii@icloud.com","Ava Pompilii","","407624","avapompilii@icloud.com","Ava Pompilii","Late Cancel Charge","14688","14690","036981809486","late-cancel-fee-penalty-fees-771","","","Penalty Fees","","","Completed","8/7/2026","CAD","1","15.00","15.00","1.95","16.95","Mastercard","E-Commerce","London","Ontario"
"YNZ6-FQ52-5L8N","Completed","8/7/2026","4:04 PM","America/Toronto","","false","378014","valeskadegouveia@hotmail.com","Valeska De Gouveia","","378014","valeskadegouveia@hotmail.com","Valeska De Gouveia","Spin-It-Forward // London","20792","20793","964245982422","spin-it-forward--credits-429","","","Credits","","","Completed","8/7/2026","CAD","1","10.00","10.00","1.30","11.30","Mastercard","E-Commerce","London","Ontario"
"MHFR-YGJB-5L8N","Completed","8/7/2026","4:10 PM","America/Toronto","desktop","false","222964","abmitch99@yahoo.ca","Abby Mitchell","","382306","michellejcallander@gmail.com","Michelle Callandar","Spin-It-Forward // London","20792","20793","964245982422","spin-it-forward--credits-429","","","Credits","","","Completed","8/7/2026","CAD","1","10.00","10.00","1.30","11.30","Visa","In-Store","London","Ontario"
"BZ3W-PSWB-5L8N","Completed","8/7/2026","5:22 PM","America/Toronto","","false","391535","lam.sandy91@gmail.com","Sandy Lam","","391535","lam.sandy91@gmail.com","Sandy Lam","Summer Days Drop-In // London","26178","26179","455715388823","summer-days-drop-credits-083","","","Credits","","","Completed","8/7/2026","CAD","1","15.00","15.00","1.95","16.95","Visa","E-Commerce","London","Ontario"
"6TVS-G25X-5L8N","Completed","8/7/2026","5:23 PM","America/Toronto","","false","363411","rchirara@uwo.ca","rachiel chirara","","363411","rchirara@uwo.ca","rachiel chirara","Spin-It-Forward // London","20792","20793","964245982422","spin-it-forward--credits-429","","","Credits","","","Completed","8/7/2026","CAD","1","10.00","10.00","1.30","11.30","Visa","E-Commerce","London","Ontario"
"4UJ4-YAA2-5L8N","Completed","8/7/2026","5:33 PM","America/Toronto","","false","405774","ellahirlehey@gmail.com","Ella Hirlehey","","405774","ellahirlehey@gmail.com","Ella Hirlehey","4x Membership // London","21999","22000","216300284773","4x-membership-lo-memberships-280","","","Memberships","","","Completed","8/7/2026","CAD","1","80.00","80.00","10.40","90.40","Visa","E-Commerce","London","Ontario"
"29FK-JE95-5L8O","Completed","8/7/2026","9:23 PM","America/Toronto","","false","409515","raghdah.kh@gmail.com","Raghda Hasan","","409515","raghdah.kh@gmail.com","Raghda Hasan","New Rider Special // London","21051","21052","288040778473","new-rider-specia-memberships-503","","","Memberships","","","Completed","8/7/2026","CAD","1","50.00","50.00","6.50","56.50","Visa","E-Commerce","London","Ontario"
"3JWS-JHN2-5L8O","Completed","8/7/2026","10:02 PM","America/Toronto","","false","405991","ahlammohamed04@gmail.com","Ahlam Mohamed","","405991","ahlammohamed04@gmail.com","Ahlam Mohamed","4x Membership // London","21999","22000","216300284773","4x-membership-lo-memberships-280","","","Memberships","","","Completed","8/7/2026","CAD","1","80.00","80.00","10.40","90.40","American Express","E-Commerce","London","Ontario"
"T7UT-W9G6-5L8O","Completed","8/8/2026","12:24 AM","America/Toronto","","true","402042","nicolesilaev@live.com","Nikki Silaev","","402042","nicolesilaev@live.com","Nikki Silaev","4x Membership // London Summer Sale","25653","25654","346308480296","4x-membership-bu-memberships-912","","","Memberships","","","Completed","8/8/2026","CAD","1","69.00","69.00","8.97","77.97","Mastercard","E-Commerce","London","Ontario"
"3X58-ZCDH-5L8O","Completed","8/8/2026","12:24 AM","America/Toronto","","true","376871","mahmed2025@meds.uwo.ca","Mashal Ahmed","","376871","mahmed2025@meds.uwo.ca","Mashal Ahmed","8x Membership // London Summer Sale","25657","25658","913533113208","8x-membership-bu-memberships-078","","","Memberships","","","Completed","8/8/2026","CAD","1","127.00","127.00","16.51","143.51","Visa","E-Commerce","London","Ontario"
"EYSV-TPBF-5L8O","Completed","8/8/2026","12:24 AM","America/Toronto","","true","350190","ldietz@tlscv.com","Laurie Dietz","","350190","ldietz@tlscv.com","Laurie Dietz","Unlimited Monthly Membership // London *GRANDFATHERED","20834","20835","254627090190","unlimited-classe-memberships-530","","","Memberships","","","Completed","8/8/2026","CAD","1","200.00","200.00","26.00","226.00","Visa","E-Commerce","London","Ontario"
"V52W-GZH8-5L8O","Completed","8/8/2026","12:24 AM","America/Toronto","","true","349985","rachel.stack@outlook.com","Rachel Stack","","349985","rachel.stack@outlook.com","Rachel Stack","Unlimited Membership // London · BLACK FRIDAY 2025","22630","22631","712442897099","unlimited-member-memberships-584","","","Memberships","","","Completed","8/8/2026","CAD","1","180.00","180.00","23.40","203.40","Visa","E-Commerce","London","Ontario"
"XQAR-N48T-5L8O","Completed","8/8/2026","3:16 AM","America/Toronto","","true","368532","bowden1818@gmail.com","Paul Bowden","","368532","bowden1818@gmail.com","Paul Bowden","Late Cancel Charge","14688","14690","036981809486","late-cancel-fee-penalty-fees-771","","","Penalty Fees","","","Completed","8/8/2026","CAD","1","15.00","15.00","1.95","16.95","Visa","E-Commerce","London","Ontario"
"CY3U-Q4DK-5L8O","Completed","8/8/2026","8:20 AM","America/Toronto","","true","363395","derek@cardy.ca","Derek Cardy","","363395","derek@cardy.ca","Derek Cardy","No Show Charge","14687","14689","489143084327","no-show-fee-penalty-fees-498","","","Penalty Fees","","","Completed","8/8/2026","CAD","1","20.00","20.00","2.60","22.60","Visa","E-Commerce","London","Ontario"
"643Z-Y3P4-5L8O","Completed","8/8/2026","9:19 AM","America/Toronto","","true","406019","emily.he8@icloud.com","Emma Eves","","406019","emily.he8@icloud.com","Emma Eves","Late Cancel Charge","14688","14690","036981809486","late-cancel-fee-penalty-fees-771","","","Penalty Fees","","","Completed","8/8/2026","CAD","1","15.00","15.00","1.95","16.95","Visa","E-Commerce","London","Ontario"
"XYKN-9XCD-5L8O","Completed","8/8/2026","10:03 AM","America/Toronto","","false","409551","elisecwilkinson@icloud.com","elise Wilkinson","","409551","elisecwilkinson@icloud.com","elise Wilkinson","New Rider Special // London","21051","21052","288040778473","new-rider-specia-memberships-503","","","Memberships","","","Completed","8/8/2026","CAD","1","50.00","50.00","6.50","56.50","Visa","E-Commerce","London","Ontario"
"BNMT-4CZ9-5L8O","Completed","8/8/2026","11:00 AM","America/Toronto","","false","336413","heidilocking@gmail.com","Heidi Locking","","336413","heidilocking@gmail.com","Heidi Locking","One Class Card // London","20798","20799","760445337951","one-class-card-l-credits-347","","","Credits","","","Completed","8/8/2026","CAD","1","25.00","25.00","3.25","28.25","Visa","E-Commerce","London","Ontario"
"M6D6-P35P-5L8O","Completed","8/8/2026","11:06 AM","America/Toronto","","false","348889","lockinghannah@gmail.com","Hannah Locking","","348889","lockinghannah@gmail.com","Hannah Locking","One Class Card // London","20798","20799","760445337951","one-class-card-l-credits-347","","","Credits","","","Completed","8/8/2026","CAD","1","25.00","25.00","3.25","28.25","Visa","E-Commerce","London","Ontario"
"R653-P5F2-5L8O","Completed","8/8/2026","11:50 AM","America/Toronto","","false","405156","gillianplaxton@gmail.com","Gillian Plaxtom","","405156","gillianplaxton@gmail.com","Gillian Plaxtom","Five Class Card // London","20802","20803","488719457552","five-class-card--credits-078","","","Credits","","","Completed","8/8/2026","CAD","1","110.00","110.00","14.30","124.30","Visa","E-Commerce","London","Ontario"
"YYWY-45BU-5L8O","Completed","8/8/2026","12:02 PM","America/Toronto","","false","406983","charleykissau@icloud.com","Charley Kissau","","406983","charleykissau@icloud.com","Charley Kissau","Summer Days Drop-In // London","26178","26179","455715388823","summer-days-drop-credits-083","","","Credits","","","Completed","8/8/2026","CAD","1","15.00","15.00","1.95","16.95","Visa","E-Commerce","London","Ontario"
"FTZ4-FPDX-5L8O","Completed","8/8/2026","12:02 PM","America/Toronto","","false","393077","mariannabkzz@gmail.com","Marianna Barakziye","","393077","mariannabkzz@gmail.com","Marianna Barakziye","Spin-It-Forward // London","20792","20793","964245982422","spin-it-forward--credits-429","","","Credits","","","Completed","8/8/2026","CAD","1","10.00","10.00","1.30","11.30","American Express","E-Commerce","London","Ontario"
"ZJ3N-BUYG-5L8P","Completed","8/8/2026","9:16 PM","America/Toronto","","false","402750","bfiegehen06@gmail.com","Bronwyn Fiegehen","","402750","bfiegehen06@gmail.com","Bronwyn Fiegehen","One Class Card // London","20798","20799","760445337951","one-class-card-l-credits-347","","","Credits","","","Completed","8/8/2026","CAD","1","25.00","25.00","3.25","28.25","Mastercard","E-Commerce","London","Ontario"
"DHX3-E9YH-5L8P","Completed","8/8/2026","9:16 PM","America/Toronto","","false","402750","bfiegehen06@gmail.com","Bronwyn Fiegehen","","402750","bfiegehen06@gmail.com","Bronwyn Fiegehen","One Class Card // London","20798","20799","760445337951","one-class-card-l-credits-347","","","Credits","","","Completed","8/8/2026","CAD","1","25.00","25.00","3.25","28.25","Mastercard","E-Commerce","London","Ontario"
"UVV6-6W65-5L8P","Completed","8/8/2026","9:24 PM","America/Toronto","","false","402750","bfiegehen06@gmail.com","Bronwyn Fiegehen","","402750","bfiegehen06@gmail.com","Bronwyn Fiegehen","Five Class Card // London","20802","20803","488719457552","five-class-card--credits-078","","","Credits","","","Completed","8/8/2026","CAD","1","110.00","110.00","14.30","124.30","Mastercard","E-Commerce","London","Ontario"
"UVV6-6W65-5L8P","Completed","8/8/2026","9:24 PM","America/Toronto","","false","402750","bfiegehen06@gmail.com","Bronwyn Fiegehen","","402750","bfiegehen06@gmail.com","Bronwyn Fiegehen","Summer Days Drop-In // London","26178","26179","455715388823","summer-days-drop-credits-083","","","Credits","","","Completed","8/8/2026","CAD","3","45.00","45.00","5.85","50.85","Mastercard","E-Commerce","London","Ontario"
"WQ7U-T2DU-5L8P","Completed","8/9/2026","12:24 AM","America/Toronto","","true","353689","solajadami@gmail.com","Dami Solaja","","353689","solajadami@gmail.com","Dami Solaja","4x Membership // London Summer Sale","25653","25654","346308480296","4x-membership-bu-memberships-912","","","Memberships","","","Completed","8/9/2026","CAD","1","69.00","69.00","8.97","77.97","Visa","E-Commerce","London","Ontario"
"3WDY-QMFB-5L8P","Completed","8/9/2026","12:24 AM","America/Toronto","","true","399916","saradarling37@gmail.com","Sara Darling","","399916","saradarling37@gmail.com","Sara Darling","4x Membership // London","21999","22000","216300284773","4x-membership-lo-memberships-280","","","Memberships","","","Completed","8/9/2026","CAD","1","80.00","80.00","10.40","90.40","Visa","E-Commerce","London","Ontario"
"UQKZ-6DRB-5L8P","Completed","8/9/2026","12:24 AM","America/Toronto","","true","284651","sydney@reedzone.com","Sydney Reed","","284651","sydney@reedzone.com","Sydney Reed","Staff Membership // London","20830","20831","898235312897","staff-membership-memberships-735","","","Memberships","","","Completed","8/9/2026","CAD","1","0.00","0.00","0.00","0.00","No Charge","E-Commerce","London","Ontario"
"9U7S-J52E-5L8P","Completed","8/9/2026","12:24 AM","America/Toronto","","true","229559","keiraelse@gmail.com","Keira🌺 Else","","229559","keiraelse@gmail.com","Keira🌺 Else","Staff Membership // London","20830","20831","898235312897","staff-membership-memberships-735","","","Memberships","","","Completed","8/9/2026","CAD","1","0.00","0.00","0.00","0.00","No Charge","E-Commerce","London","Ontario"
"67J5-FZ6W-5L8P","Completed","8/9/2026","12:24 AM","America/Toronto","","true","244728","micayahcoutinho@gmail.com","Micayah Coutinho","","244728","micayahcoutinho@gmail.com","Micayah Coutinho","Staff Membership // London","20830","20831","898235312897","staff-membership-memberships-735","","","Memberships","","","Completed","8/9/2026","CAD","1","0.00","0.00","0.00","0.00","No Charge","E-Commerce","London","Ontario"
"78B6-HJBR-5L8P","Completed","8/9/2026","12:24 AM","America/Toronto","","true","320367","nramirez.hba2015@gmail.com","Nathalie Ramirez","","320367","nramirez.hba2015@gmail.com","Nathalie Ramirez","Staff Membership // London","20830","20831","898235312897","staff-membership-memberships-735","","","Memberships","","","Completed","8/9/2026","CAD","1","0.00","0.00","0.00","0.00","No Charge","E-Commerce","London","Ontario"
"2EQT-WCKV-5L8P","Completed","8/9/2026","12:24 AM","America/Toronto","","true","311851","jtoonen19@gmail.com","Jordyn Toonen","","311851","jtoonen19@gmail.com","Jordyn Toonen","Staff Membership // London","20830","20831","898235312897","staff-membership-memberships-735","","","Memberships","","","Completed","8/9/2026","CAD","1","0.00","0.00","0.00","0.00","No Charge","E-Commerce","London","Ontario"
"WK6K-4R69-5L8P","Completed","8/9/2026","12:24 AM","America/Toronto","","true","320289","richang0617@gmail.com","Rich Ang","","320289","richang0617@gmail.com","Rich Ang","Staff Membership // London","20830","20831","898235312897","staff-membership-memberships-735","","","Memberships","","","Completed","8/9/2026","CAD","1","0.00","0.00","0.00","0.00","No Charge","E-Commerce","London","Ontario"
"KVAT-GJZS-5L8P","Completed","8/9/2026","12:24 AM","America/Toronto","","true","195714","madalyn.richards@hotmail.com","Madalyn Richards","","195714","madalyn.richards@hotmail.com","Madalyn Richards","Staff Membership // London","20830","20831","898235312897","staff-membership-memberships-735","","","Memberships","","","Completed","8/9/2026","CAD","1","0.00","0.00","0.00","0.00","No Charge","E-Commerce","London","Ontario"
"27F3-DVYK-5L8P","Completed","8/9/2026","12:24 AM","America/Toronto","","true","346872","jessblack27@gmail.com","Jess Black","","346872","jessblack27@gmail.com","Jess Black","4x Monthly Membership // London *GRANDFATHERED","20838","20839","545622520223","4-classes-month--memberships-721","","","Memberships","","","Completed","8/9/2026","CAD","1","68.00","80.00","8.84","76.84","Visa","E-Commerce","London","Ontario"
"4DJ6-EUDQ-5L8P","Completed","8/9/2026","12:24 AM","America/Toronto","","true","351148","oliviadavies8117@gmail.com","Olivia Davies","","351148","oliviadavies8117@gmail.com","Olivia Davies","8x Membership // London","21997","21998","667327189404","8x-membership-lo-memberships-656","","","Memberships","","","Completed","8/9/2026","CAD","1","150.00","150.00","19.50","169.50","Visa","E-Commerce","London","Ontario"
"E47J-DFSM-5L8P","Completed","8/9/2026","12:24 AM","America/Toronto","","true","352111","amanda_tedford@hotmail.com","Amanda Tedford","","352111","amanda_tedford@hotmail.com","Amanda Tedford","Unlimited Membership // London · BLACK FRIDAY 2025","22630","22631","712442897099","unlimited-member-memberships-584","","","Memberships","","","Completed","8/9/2026","CAD","1","180.00","180.00","23.40","203.40","Visa","E-Commerce","London","Ontario"
"92E9-57JX-5L8P","Completed","8/9/2026","12:24 AM","America/Toronto","","true","375814","madelyn.mccarthy@hotmail.com","Madelyn Mccarthy","","375814","madelyn.mccarthy@hotmail.com","Madelyn Mccarthy","4x Membership // London","21999","22000","216300284773","4x-membership-lo-memberships-280","","","Memberships","","","Completed","8/9/2026","CAD","1","80.00","80.00","10.40","90.40","Visa","E-Commerce","London","Ontario"
"HAXP-ZXJ6-5L8P","Partially Refunded","8/9/2026","7:55 AM","America/Toronto","","false","112024","valeriem000@gmail.com","valerie molina","","112024","valeriem000@gmail.com","valerie molina","Five Class Card // London","20802","20803","488719457552","five-class-card--credits-078","","","Credits","","","Completed","8/9/2026","CAD","2","220.00","220.00","28.60","248.60","Visa","E-Commerce","London","Ontario"
"E5UJ-23KN-5L8P","Completed","8/9/2026","8:20 AM","America/Toronto","","true","348357","sarah_steciuk@hotmail.com","Sarah Steciuk","","348357","sarah_steciuk@hotmail.com","Sarah Steciuk","Late Cancel Charge","14688","14690","036981809486","late-cancel-fee-penalty-fees-771","","","Penalty Fees","","","Completed","8/9/2026","CAD","1","15.00","15.00","1.95","16.95","Visa","E-Commerce","London","Ontario"
"N5VN-5K3N-5L8P","Completed","8/9/2026","9:02 AM","America/Toronto","","false","405532","talianoon17@hotmail.com","Talia Noon","","405532","talianoon17@hotmail.com","Talia Noon","Summer Days Drop-In // London","26178","26179","455715388823","summer-days-drop-credits-083","","","Credits","","","Completed","8/9/2026","CAD","1","15.00","15.00","1.95","16.95","Visa","E-Commerce","London","Ontario"
"QFJW-8S62-5L8P","Completed","8/9/2026","9:21 AM","America/Toronto","","true","388475","michellelenehan1@gmail.com","Michelle Lenehan","","388475","michellelenehan1@gmail.com","Michelle Lenehan","Late Cancel Charge","14688","14690","036981809486","late-cancel-fee-penalty-fees-771","","","Penalty Fees","","","Completed","8/9/2026","CAD","1","15.00","15.00","1.95","16.95","Visa","E-Commerce","London","Ontario"
"AR6W-KPY8-5L8P","Completed","8/9/2026","10:03 AM","America/Toronto","","false","302643","natasha.gosselin@gmail.com","Natasha Gosselin","","302643","natasha.gosselin@gmail.com","Natasha Gosselin","One Class Card // London","20798","20799","760445337951","one-class-card-l-credits-347","","","Credits","","","Completed","8/9/2026","CAD","1","25.00","25.00","3.25","28.25","Visa","E-Commerce","London","Ontario"
"C68B-SQ9W-5L8P","Completed","8/9/2026","12:46 PM","America/Toronto","","false","409650","curtis222@rogers.com","Curtis Bloomfield","","409650","curtis222@rogers.com","Curtis Bloomfield","Five Class Card // London Email Gift Card","20804","20805","996842652895","five-class-card--email-credit-gif-310","","","Email Credit Gift Cards","","","Completed","8/9/2026","CAD","1","110.00","110.00","14.30","124.30","Visa","E-Commerce","London","Ontario"
"A3DA-6N9M-5L8P","Completed","8/9/2026","12:55 PM","America/Toronto","","false","405198","marissalwatson7@gmail.com","Marissa Watson","","405198","marissalwatson7@gmail.com","Marissa Watson","Spin-It-Forward // London","20792","20793","964245982422","spin-it-forward--credits-429","","","Credits","","","Completed","8/9/2026","CAD","2","20.00","20.00","2.60","22.60","Mastercard","E-Commerce","London","Ontario"
"9HW4-W4HB-5L8P","Completed","8/9/2026","1:42 PM","America/Toronto","","false","261652","k10malhi@gmail.com","Kiran Malhi","","261652","k10malhi@gmail.com","Kiran Malhi","One Class Card // London","20798","20799","760445337951","one-class-card-l-credits-347","","","Credits","","","Completed","8/9/2026","CAD","1","25.00","25.00","3.25","28.25","Visa","E-Commerce","London","Ontario"
"HB9R-UAVD-5L8P","Completed","8/9/2026","1:49 PM","America/Toronto","","false","399248","abbylangan12@gmail.com","Abby Langan","","399248","abbylangan12@gmail.com","Abby Langan","One Class Card // London","20798","20799","760445337951","one-class-card-l-credits-347","","","Credits","","","Completed","8/9/2026","CAD","1","25.00","25.00","3.25","28.25","Visa","E-Commerce","London","Ontario"
"2T7P-F6K3-5L8P","Completed","8/9/2026","1:55 PM","America/Toronto","","false","409661","hartman.es14@gmail.com","Ella Hartman","","409661","hartman.es14@gmail.com","Ella Hartman","Summer Days Drop-In // London","26178","26179","455715388823","summer-days-drop-credits-083","","","Credits","","","Completed","8/9/2026","CAD","1","15.00","15.00","1.95","16.95","Visa","E-Commerce","London","Ontario"
"T2EE-RCGJ-5L8P","Completed","8/9/2026","2:38 PM","America/Toronto","","false","408466","norahblanchette@gmail.com","Norah Blanchette","","408466","norahblanchette@gmail.com","Norah Blanchette","Summer Days Drop-In // London","26178","26179","455715388823","summer-days-drop-credits-083","","","Credits","","","Completed","8/9/2026","CAD","1","15.00","15.00","1.95","16.95","Visa","E-Commerce","London","Ontario"
"9SNJ-NZAY-5L8P","Completed","8/9/2026","2:42 PM","America/Toronto","","false","409667","leahnicolewebb@gmail.com","Leah Webb","","409667","leahnicolewebb@gmail.com","Leah Webb","Summer Days Drop-In // London","26178","26179","455715388823","summer-days-drop-credits-083","","","Credits","","","Completed","8/9/2026","CAD","1","15.00","15.00","1.95","16.95","Visa","E-Commerce","London","Ontario"
"8QDV-PYZG-5L8P","Completed","8/9/2026","4:30 PM","America/Toronto","","false","358040","sarahdolin8@gmail.com","Sarah Dolin","","358040","sarahdolin8@gmail.com","Sarah Dolin","One Class Card // London","20798","20799","760445337951","one-class-card-l-credits-347","","","Credits","","","Completed","8/9/2026","CAD","1","25.00","25.00","3.25","28.25","Mastercard","E-Commerce","London","Ontario"
"JYGZ-4W2K-5L8P","Completed","8/9/2026","4:49 PM","America/Toronto","","false","397102","otem6199@gmail.com","Ella Ma","","397102","otem6199@gmail.com","Ella Ma","Five Class Card // London","20802","20803","488719457552","five-class-card--credits-078","","","Credits","","","Completed","8/9/2026","CAD","1","110.00","110.00","14.30","124.30","Visa","E-Commerce","London","Ontario"
"RUBT-XKJM-5L8P","Completed","8/9/2026","5:12 PM","America/Toronto","","false","364131","vu.huyent@gmail.com","Huyen Vu","","364131","vu.huyent@gmail.com","Huyen Vu","Spin-It-Forward // London","20792","20793","964245982422","spin-it-forward--credits-429","","","Credits","","","Completed","8/9/2026","CAD","1","10.00","10.00","1.30","11.30","Visa","E-Commerce","London","Ontario"
"BJKQ-822K-5L8Q","Completed","8/9/2026","8:10 PM","America/Toronto","","false","404549","gracenouwens@yahoo.com","Grace Nouwens","","404549","gracenouwens@yahoo.com","Grace Nouwens","Summer Days Drop-In // London","26178","26179","455715388823","summer-days-drop-credits-083","","","Credits","","","Completed","8/9/2026","CAD","1","15.00","15.00","1.95","16.95","Visa","E-Commerce","London","Ontario"
"9CYR-QABE-5L8Q","Completed","8/9/2026","8:13 PM","America/Toronto","","false","404549","gracenouwens@yahoo.com","Grace Nouwens","","404549","gracenouwens@yahoo.com","Grace Nouwens","One Class Card // London","20798","20799","760445337951","one-class-card-l-credits-347","","","Credits","","","Completed","8/9/2026","CAD","1","25.00","25.00","3.25","28.25","Visa","E-Commerce","London","Ontario"
"U68Q-TUZ5-5L8Q","Completed","8/9/2026","8:54 PM","America/Toronto","","false","384613","maddie.kellerrrr@gmail.com","Maddie Keller","","384613","maddie.kellerrrr@gmail.com","Maddie Keller","One Class Card // London","20798","20799","760445337951","one-class-card-l-credits-347","","","Credits","","","Completed","8/9/2026","CAD","1","25.00","25.00","3.25","28.25","Mastercard","E-Commerce","London","Ontario"
"D3WJ-BSNE-5L8Q","Completed","8/9/2026","8:55 PM","America/Toronto","","false","384698","livmagnini22@gmail.com","Olivia Magnini","","384698","livmagnini22@gmail.com","Olivia Magnini","One Class Card // London","20798","20799","760445337951","one-class-card-l-credits-347","","","Credits","","","Completed","8/9/2026","CAD","1","25.00","25.00","3.25","28.25","Visa","E-Commerce","London","Ontario"
"4VN5-KRPY-5L8Q","Completed","8/9/2026","10:16 PM","America/Toronto","","true","407117","emilyannpower@gmail.com","Emily Power","","407117","emilyannpower@gmail.com","Emily Power","Late Cancel Charge","14688","14690","036981809486","late-cancel-fee-penalty-fees-771","","","Penalty Fees","","","Completed","8/9/2026","CAD","1","15.00","15.00","1.95","16.95","Visa","E-Commerce","London","Ontario"
"9C89-HKST-5L8Q","Completed","8/9/2026","10:16 PM","America/Toronto","","true","407118","ashleyrosepower@gmail.com","Ashley Power","","407118","ashleyrosepower@gmail.com","Ashley Power","Late Cancel Charge","14688","14690","036981809486","late-cancel-fee-penalty-fees-771","","","Penalty Fees","","","Completed","8/9/2026","CAD","1","15.00","15.00","1.95","16.95","Visa","E-Commerce","London","Ontario"
"HCXG-JCYT-5L8Q","Completed","8/10/2026","12:12 AM","America/Toronto","","false","409709","aidanuuculhane@gmail.com","Aidan Culhane","","409709","aidanuuculhane@gmail.com","Aidan Culhane","Summer Days Drop-In // London","26178","26179","455715388823","summer-days-drop-credits-083","","","Credits","","","Completed","8/10/2026","CAD","1","15.00","15.00","1.95","16.95","Visa","E-Commerce","London","Ontario"
"QGC6-376U-5L8Q","Completed","8/10/2026","12:24 AM","America/Toronto","","true","378557","ryanpatrickdaluyen@gmail.com","Ryan Daluyen","","378557","ryanpatrickdaluyen@gmail.com","Ryan Daluyen","Unlimited Membership // London Summer Sale","25655","25656","961992957372","unlimited-member-memberships-020","","","Memberships","","","Completed","8/10/2026","CAD","1","169.00","169.00","21.97","190.97","Mastercard","E-Commerce","London","Ontario"
"VB25-6TEW-5L8Q","Completed","8/10/2026","12:24 AM","America/Toronto","","true","389444","angela-green123@outlook.com","Angela Green","","389444","angela-green123@outlook.com","Angela Green","Unlimited Membership // London","21995","21996","447442561003","unlimited-member-memberships-867","","","Memberships","","","Completed","8/10/2026","CAD","1","200.00","200.00","26.00","226.00","American Express","E-Commerce","London","Ontario"
"FTJZ-7ZYE-5L8Q","Completed","8/10/2026","12:24 AM","America/Toronto","","true","368532","bowden1818@gmail.com","Paul Bowden","","368532","bowden1818@gmail.com","Paul Bowden","Unlimited Membership // London","21995","21996","447442561003","unlimited-member-memberships-867","","","Memberships","","","Completed","8/10/2026","CAD","1","200.00","200.00","26.00","226.00","Visa","E-Commerce","London","Ontario"
"BX6Q-99PD-5L8Q","Completed","8/10/2026","12:24 AM","America/Toronto","","true","177723","brookedayle01@gmail.com","Brooke Schidowka","","177723","brookedayle01@gmail.com","Brooke Schidowka","Staff Membership // London","20830","20831","898235312897","staff-membership-memberships-735","","","Memberships","","","Completed","8/10/2026","CAD","1","0.00","0.00","0.00","0.00","No Charge","E-Commerce","London","Ontario"
"YGH9-RTVJ-5L8Q","Completed","8/10/2026","12:24 AM","America/Toronto","","true","204647","biggarjack@gmail.com","Jack Biggar","","204647","biggarjack@gmail.com","Jack Biggar","Staff Membership // London","20830","20831","898235312897","staff-membership-memberships-735","","","Memberships","","","Completed","8/10/2026","CAD","1","0.00","0.00","0.00","0.00","No Charge","E-Commerce","London","Ontario"
"3QTX-KFRX-5L8Q","Completed","8/10/2026","12:24 AM","America/Toronto","","true","378014","valeskadegouveia@hotmail.com","Valeska De Gouveia","","378014","valeskadegouveia@hotmail.com","Valeska De Gouveia","4x Membership // London","21999","22000","216300284773","4x-membership-lo-memberships-280","","","Memberships","","","Completed","8/10/2026","CAD","1","80.00","80.00","10.40","90.40","Mastercard","E-Commerce","London","Ontario"
"R675-7TRG-5L8Q","Completed","8/10/2026","12:24 AM","America/Toronto","","true","381015","graygrassconsulting@gmail.com","BRITT WEBB","","381015","graygrassconsulting@gmail.com","BRITT WEBB","Unlimited Membership // London","21995","21996","447442561003","unlimited-member-memberships-867","","","Memberships","","","Completed","8/10/2026","CAD","1","200.00","200.00","26.00","226.00","Mastercard","E-Commerce","London","Ontario"
"5HRN-S3XP-5L8Q","Completed","8/10/2026","1:02 AM","America/Toronto","","false","381623","lydia.beth.taylor@gmail.com","Lydia Taylor","","381623","lydia.beth.taylor@gmail.com","Lydia Taylor","4x Membership // London","21999","22000","216300284773","4x-membership-lo-memberships-280","","","Memberships","","","Completed","8/10/2026","CAD","1","80.00","80.00","10.40","90.40","Visa","E-Commerce","London","Ontario"
"YPZS-ERRH-5L8Q","Completed","8/10/2026","6:17 AM","America/Toronto","","true","363395","derek@cardy.ca","Derek Cardy","","363395","derek@cardy.ca","Derek Cardy","No Show Charge","14687","14689","489143084327","no-show-fee-penalty-fees-498","","","Penalty Fees","","","Completed","8/10/2026","CAD","1","20.00","20.00","2.60","22.60","Visa","E-Commerce","London","Ontario"
"ZD4C-JSSK-5L8Q","Completed","8/10/2026","8:18 AM","America/Toronto","","false","395391","wpatrickbradley99@gmail.com","Patrick Bradley","","395391","wpatrickbradley99@gmail.com","Patrick Bradley","One Class Card // London","20798","20799","760445337951","one-class-card-l-credits-347","","","Credits","","","Completed","8/10/2026","CAD","1","25.00","25.00","3.25","28.25","Mastercard","E-Commerce","London","Ontario"
"HGHM-US3D-5L8Q","Refunded","8/10/2026","9:04 AM","America/Toronto","","false","407777","sarahparay@gmail.com","Sarah Paray","","407777","sarahparay@gmail.com","Sarah Paray","One Class Card // London","20798","20799","760445337951","one-class-card-l-credits-347","","","Credits","","","Completed","8/10/2026","CAD","1","25.00","25.00","3.25","28.25","Visa","E-Commerce","London","Ontario"
"4HWG-GPSM-5L8Q","Completed","8/10/2026","11:18 AM","America/Toronto","","true","347195","lviner@hotmail.com","Laura Viner","","347195","lviner@hotmail.com","Laura Viner","Late Cancel Charge","14688","14690","036981809486","late-cancel-fee-penalty-fees-771","","","Penalty Fees","","","Completed","8/10/2026","CAD","1","15.00","15.00","1.95","16.95","Mastercard","E-Commerce","London","Ontario"
"HTNK-FA46-5L8Q","Completed","8/10/2026","11:42 AM","America/Toronto","","false","373242","tesseyman8@gmail.com","Lucy Tesseyman","","373242","tesseyman8@gmail.com","Lucy Tesseyman","One Class Card // London","20798","20799","760445337951","one-class-card-l-credits-347","","","Credits","","","Completed","8/10/2026","CAD","1","25.00","25.00","3.25","28.25","Visa","E-Commerce","London","Ontario"
"TAAB-MQ8A-5L8Q","Completed","8/10/2026","11:56 AM","America/Toronto","","false","276918","charlicer@hotmail.com","Charli Cerkownyk","","276918","charlicer@hotmail.com","Charli Cerkownyk","Five Class Card // London","20802","20803","488719457552","five-class-card--credits-078","","","Credits","","","Completed","8/10/2026","CAD","1","110.00","110.00","14.30","124.30","Visa","E-Commerce","London","Ontario"
"VGVU-QEJC-5L8Q","Completed","8/10/2026","12:05 PM","America/Toronto","desktop","false","406019","emily.he8@icloud.com","Emma Eves","","347301","london@spinco.ca","SPINCO London","SPINCO Water","19657","19658","469973764933","spinco-water-water-914","","","Water","Arctic Chiller","","Completed","8/10/2026","CAD","1","2.50","2.50","0.33","2.83","Visa","In-Store","London","Ontario"
"9SYS-EPJC-5L8Q","Completed","8/10/2026","12:20 PM","America/Toronto","","false","409661","hartman.es14@gmail.com","Ella Hartman","","409661","hartman.es14@gmail.com","Ella Hartman","One Class Card // London","20798","20799","760445337951","one-class-card-l-credits-347","","","Credits","","","Completed","8/10/2026","CAD","1","25.00","25.00","3.25","28.25","Visa","E-Commerce","London","Ontario"
"QBNT-NSRE-5L8Q","Completed","8/10/2026","12:31 PM","America/Toronto","","false","385264","ellenthorup@icloud.com","Ellen Thorup","","385264","ellenthorup@icloud.com","Ellen Thorup","Spin-It-Forward // London","20792","20793","964245982422","spin-it-forward--credits-429","","","Credits","","","Completed","8/10/2026","CAD","1","10.00","10.00","1.30","11.30","Visa","E-Commerce","London","Ontario"
"V66D-7KF2-5L8Q","Completed","8/10/2026","12:32 PM","America/Toronto","","false","385264","ellenthorup@icloud.com","Ellen Thorup","","385264","ellenthorup@icloud.com","Ellen Thorup","Spin-It-Forward // London","20792","20793","964245982422","spin-it-forward--credits-429","","","Credits","","","Completed","8/10/2026","CAD","1","10.00","10.00","1.30","11.30","Visa","E-Commerce","London","Ontario"
"KFDQ-MQHU-5L8Q","Completed","8/10/2026","12:33 PM","America/Toronto","","false","385264","ellenthorup@icloud.com","Ellen Thorup","","385264","ellenthorup@icloud.com","Ellen Thorup","Spin-It-Forward // London","20792","20793","964245982422","spin-it-forward--credits-429","","","Credits","","","Completed","8/10/2026","CAD","1","10.00","10.00","1.30","11.30","Visa","E-Commerce","London","Ontario"
"G44N-WYZZ-5L8Q","Completed","8/10/2026","12:33 PM","America/Toronto","","false","385264","ellenthorup@icloud.com","Ellen Thorup","","385264","ellenthorup@icloud.com","Ellen Thorup","Spin-It-Forward // London","20792","20793","964245982422","spin-it-forward--credits-429","","","Credits","","","Completed","8/10/2026","CAD","1","10.00","10.00","1.30","11.30","Visa","E-Commerce","London","Ontario"
"A5A4-DKEQ-5L8Q","Completed","8/10/2026","1:00 PM","America/Toronto","","false","389695","claudia.drewitt@icloud.com","Claudia Drewitt","","389695","claudia.drewitt@icloud.com","Claudia Drewitt","Summer Days Drop-In // London","26178","26179","455715388823","summer-days-drop-credits-083","","","Credits","","","Completed","8/10/2026","CAD","1","15.00","15.00","1.95","16.95","Visa","E-Commerce","London","Ontario"
"YEAA-5Z3J-5L8Q","Completed","8/10/2026","1:02 PM","America/Toronto","","false","404549","gracenouwens@yahoo.com","Grace Nouwens","","404549","gracenouwens@yahoo.com","Grace Nouwens","One Class Card // London","20798","20799","760445337951","one-class-card-l-credits-347","","","Credits","","","Completed","8/10/2026","CAD","1","25.00","25.00","3.25","28.25","Visa","E-Commerce","London","Ontario"
"32RX-GUMT-5L8Q","Completed","8/10/2026","1:05 PM","America/Toronto","","false","351404","libertad.melendez1@gmail.com","Libertad Melendez","","351404","libertad.melendez1@gmail.com","Libertad Melendez","One Class Card // London","20798","20799","760445337951","one-class-card-l-credits-347","","","Credits","","","Completed","8/10/2026","CAD","1","25.00","25.00","3.25","28.25","Visa","E-Commerce","London","Ontario"
"2MVE-9TTC-5L8Q","Completed","8/10/2026","2:26 PM","America/Toronto","","false","402208","hifabumuyi12@hotmail.com","Haille Ifabumuyi","","402208","hifabumuyi12@hotmail.com","Haille Ifabumuyi","Spin-It-Forward // London","20792","20793","964245982422","spin-it-forward--credits-429","","","Credits","","","Completed","8/10/2026","CAD","1","10.00","10.00","1.30","11.30","Visa","E-Commerce","London","Ontario"
"FE5P-DY9D-5L8Q","Completed","8/10/2026","2:27 PM","America/Toronto","","false","378014","valeskadegouveia@hotmail.com","Valeska De Gouveia","","378014","valeskadegouveia@hotmail.com","Valeska De Gouveia","Spin-It-Forward // London","20792","20793","964245982422","spin-it-forward--credits-429","","","Credits","","","Completed","8/10/2026","CAD","1","10.00","10.00","1.30","11.30","Mastercard","E-Commerce","London","Ontario"
"N6ZH-MUGF-5L8Q","Completed","8/10/2026","2:56 PM","America/Toronto","","false","351148","oliviadavies8117@gmail.com","Olivia Davies","","351148","oliviadavies8117@gmail.com","Olivia Davies","One Class Card // London","20798","20799","760445337951","one-class-card-l-credits-347","","","Credits","","","Completed","8/10/2026","CAD","1","25.00","25.00","3.25","28.25","Visa","E-Commerce","London","Ontario"
"EF39-ES3S-5L8Q","Completed","8/10/2026","3:05 PM","America/Toronto","","false","404789","iza.bella.g04@gmail.com","Izabella Gonzalez","","404789","iza.bella.g04@gmail.com","Izabella Gonzalez","One Class Card // London","20798","20799","760445337951","one-class-card-l-credits-347","","","Credits","","","Completed","8/10/2026","CAD","1","25.00","25.00","3.25","28.25","Visa","E-Commerce","London","Ontario"
"4BXM-4SZD-5L8Q","Completed","8/10/2026","3:24 PM","America/Toronto","","false","346889","cswalker1@gmail.com","Casey Walkee","","346889","cswalker1@gmail.com","Casey Walkee","Summer Days Drop-In // London","26178","26179","455715388823","summer-days-drop-credits-083","","","Credits","","","Completed","8/10/2026","CAD","1","15.00","15.00","1.95","16.95","Visa","E-Commerce","London","Ontario"
"CM8T-3SSK-5L8Q","Completed","8/10/2026","6:35 PM","America/Toronto","","false","409787","j.e.kassen@gmail.com","Jenny Kassen","","409787","j.e.kassen@gmail.com","Jenny Kassen","One Class Card // London","20798","20799","760445337951","one-class-card-l-credits-347","","","Credits","","","Completed","8/10/2026","CAD","1","25.00","25.00","3.25","28.25","Mastercard","E-Commerce","London","Ontario"
"Q75S-Z2BG-5L8Q","Completed","8/10/2026","6:47 PM","America/Toronto","","false","405588","jwillert91@gmail.com","Jessie Willert","","405588","jwillert91@gmail.com","Jessie Willert","One Class Card // London","20798","20799","760445337951","one-class-card-l-credits-347","","","Credits","","","Completed","8/10/2026","CAD","1","25.00","25.00","3.25","28.25","Mastercard","E-Commerce","London","Ontario"
"WVZQ-TYC6-5L8R","Completed","8/10/2026","9:20 PM","America/Toronto","","false","356983","stobah9@gmail.com","Selma Tobah","","356983","stobah9@gmail.com","Selma Tobah","One Class Card // London","20798","20799","760445337951","one-class-card-l-credits-347","","","Credits","","","Completed","8/10/2026","CAD","1","25.00","25.00","3.25","28.25","Visa","E-Commerce","London","Ontario"
"XYNU-XNPZ-5L8R","Completed","8/10/2026","9:26 PM","America/Toronto","desktop","false","407777","sarahparay@gmail.com","Sarah Paray","","382306","michellejcallander@gmail.com","Michelle Callandar","Unlimited Membership // London","21995","21996","447442561003","unlimited-member-memberships-867","","","Memberships","","","Completed","8/10/2026","CAD","1","169.00","200.00","21.97","190.97","Visa","In-Store","London","Ontario"
"HGHM-US3D-5L8Q","Refunded","8/10/2026","9:04 AM","America/Toronto","","false","407777","sarahparay@gmail.com","Sarah Paray","","382306","michellejcallander@gmail.com","Michelle Callandar","One Class Card // London","20798","20799","760445337951","one-class-card-l-credits-347","","","Credits","","","Refunded","8/10/2026","CAD","-1","-25.00","-25.00","-3.25","-28.25","Visa","E-Commerce","London","Ontario"
"SKPB-DWD9-5L8R","Completed","8/10/2026","10:20 PM","America/Toronto","","false","406983","charleykissau@icloud.com","Charley Kissau","","406983","charleykissau@icloud.com","Charley Kissau","One Class Card // London","20798","20799","760445337951","one-class-card-l-credits-347","","","Credits","","","Completed","8/10/2026","CAD","1","25.00","25.00","3.25","28.25","Visa","E-Commerce","London","Ontario"
"KDXQ-RJUE-5L8R","Completed","8/10/2026","10:28 PM","America/Toronto","","false","409812","mromsa3421@gmail.com","Madeline Romsa","","409812","mromsa3421@gmail.com","Madeline Romsa","One Class Card // London","20798","20799","760445337951","one-class-card-l-credits-347","","","Credits","","","Completed","8/10/2026","CAD","1","25.00","25.00","3.25","28.25","Visa","E-Commerce","London","Ontario"
"RJWJ-G6CB-5L8R","Completed","8/10/2026","11:16 PM","America/Toronto","","true","408978","sarahturk92@gmail.com","Sarah Turk","","408978","sarahturk92@gmail.com","Sarah Turk","Late Cancel Charge","14688","14690","036981809486","late-cancel-fee-penalty-fees-771","","","Penalty Fees","","","Completed","8/10/2026","CAD","1","15.00","15.00","1.95","16.95","Visa","E-Commerce","London","Ontario"
"H9QZ-DWH4-5L8R","Refunded","8/10/2026","11:16 PM","America/Toronto","","true","408950","reim.abdelhamid@gmail.com","Reim E","","408950","reim.abdelhamid@gmail.com","Reim E","Late Cancel Charge","14688","14690","036981809486","late-cancel-fee-penalty-fees-771","","","Penalty Fees","","","Completed","8/10/2026","CAD","1","15.00","15.00","1.95","16.95","Visa","E-Commerce","London","Ontario"
"ZBV4-JT8E-5L8R","Completed","8/11/2026","12:23 AM","America/Toronto","","true","391535","lam.sandy91@gmail.com","Sandy Lam","","391535","lam.sandy91@gmail.com","Sandy Lam","4x Membership // London Summer Sale","25653","25654","346308480296","4x-membership-bu-memberships-912","","","Memberships","","","Completed","8/11/2026","CAD","1","69.00","69.00","8.97","77.97","Visa","E-Commerce","London","Ontario"
"QV5R-HNYN-5L8R","Completed","8/11/2026","12:23 AM","America/Toronto","","true","369246","fmacd039@uottawa.ca","FIONA MACDONALD","","369246","fmacd039@uottawa.ca","FIONA MACDONALD","Unlimited Membership // London","21995","21996","447442561003","unlimited-member-memberships-867","","","Memberships","","","Completed","8/11/2026","CAD","1","200.00","200.00","26.00","226.00","Visa","E-Commerce","London","Ontario"
"Y9FV-Q79Y-5L8R","Completed","8/11/2026","4:20 AM","America/Toronto","","false","409820","deecarro1515@gmail.com","Ellice Carmody","","409820","deecarro1515@gmail.com","Ellice Carmody","New Rider Special // London","21051","21052","288040778473","new-rider-specia-memberships-503","","","Memberships","","","Completed","8/11/2026","CAD","1","50.00","50.00","6.50","56.50","Mastercard","E-Commerce","London","Ontario"
"N74N-P4DS-5L8R","Completed","8/11/2026","6:59 AM","America/Toronto","","false","145246","estwickb@gmail.com","Ben Estwick","","145246","estwickb@gmail.com","Ben Estwick","One Class Card // London","20798","20799","760445337951","one-class-card-l-credits-347","","","Credits","","","Completed","8/11/2026","CAD","1","25.00","25.00","3.25","28.25","American Express","E-Commerce","London","Ontario"
"86N7-6K3Y-5L8R","Completed","8/11/2026","7:17 AM","America/Toronto","","true","363395","derek@cardy.ca","Derek Cardy","","363395","derek@cardy.ca","Derek Cardy","No Show Charge","14687","14689","489143084327","no-show-fee-penalty-fees-498","","","Penalty Fees","","","Completed","8/11/2026","CAD","1","20.00","20.00","2.60","22.60","Visa","E-Commerce","London","Ontario"
"S27C-8T5V-5L8R","Completed","8/11/2026","9:19 AM","America/Toronto","mobile","false","320781","kayleighsheeller@live.ca","Kayleigh Sheeller","","320781","kayleighsheeller@live.ca","Kayleigh Sheeller","Summer Days Drop-In // London","26178","26179","455715388823","summer-days-drop-credits-083","","","Credits","","","Completed","8/11/2026","CAD","1","15.00","15.00","1.95","16.95","Mastercard","E-Commerce","London","Ontario"
"3UBJ-AVWT-5L8R","Completed","8/11/2026","9:22 AM","America/Toronto","mobile","false","320781","kayleighsheeller@live.ca","Kayleigh Sheeller","","320781","kayleighsheeller@live.ca","Kayleigh Sheeller","Summer Days Drop-In // London","26178","26179","455715388823","summer-days-drop-credits-083","","","Credits","","","Completed","8/11/2026","CAD","1","15.00","15.00","1.95","16.95","Mastercard","E-Commerce","London","Ontario"
"RKJZ-QZBP-5L8R","Completed","8/11/2026","10:42 AM","America/Toronto","","false","409832","miss.chanellejacob@gmail.com","Chanelle Jacob","","409832","miss.chanellejacob@gmail.com","Chanelle Jacob","One Class Card // London","20798","20799","760445337951","one-class-card-l-credits-347","","","Credits","","","Completed","8/11/2026","CAD","1","25.00","25.00","3.25","28.25","Visa","E-Commerce","London","Ontario"
"B6VD-J4QA-5L8R","Completed","8/11/2026","10:45 AM","America/Toronto","","false","302643","natasha.gosselin@gmail.com","Natasha Gosselin","","302643","natasha.gosselin@gmail.com","Natasha Gosselin","One Class Card // London","20798","20799","760445337951","one-class-card-l-credits-347","","","Credits","","","Completed","8/11/2026","CAD","1","25.00","25.00","3.25","28.25","Visa","E-Commerce","London","Ontario"
"MUQE-UC8G-5L8R","Completed","8/11/2026","11:24 AM","America/Toronto","","false","398239","clairekoteles04@gmail.com","Claire Koteles","","398239","clairekoteles04@gmail.com","Claire Koteles","One Class Card // London","20798","20799","760445337951","one-class-card-l-credits-347","","","Credits","","","Completed","8/11/2026","CAD","1","25.00","25.00","3.25","28.25","Mastercard","E-Commerce","London","Ontario"
"B7DF-TTMD-5L8R","Completed","8/11/2026","11:39 AM","America/Toronto","","false","367450","andrealane0103@gmail.com","Andrea Lane","","367450","andrealane0103@gmail.com","Andrea Lane","One Class Card // London","20798","20799","760445337951","one-class-card-l-credits-347","","","Credits","","","Completed","8/11/2026","CAD","1","25.00","25.00","3.25","28.25","Mastercard","E-Commerce","London","Ontario"
"99DZ-WZV9-5L8R","Completed","8/11/2026","11:40 AM","America/Toronto","","false","232027","annika.ebner7@gmail.com","Annika Ebner","","232027","annika.ebner7@gmail.com","Annika Ebner","One Class Card // London","20798","20799","760445337951","one-class-card-l-credits-347","","","Credits","","","Completed","8/11/2026","CAD","1","25.00","25.00","3.25","28.25","Visa","E-Commerce","London","Ontario"
"99XV-VXWK-5L8R","Completed","8/11/2026","11:41 AM","America/Toronto","","false","232027","annika.ebner7@gmail.com","Annika Ebner","","232027","annika.ebner7@gmail.com","Annika Ebner","One Class Card // London","20798","20799","760445337951","one-class-card-l-credits-347","","","Credits","","","Completed","8/11/2026","CAD","1","25.00","25.00","3.25","28.25","Visa","E-Commerce","London","Ontario"
"MRJF-NGUH-5L8R","Completed","8/11/2026","1:12 PM","America/Toronto","","false","409854","lindsaylebrun75@gmail.com","Lindsay Lebrun","","409854","lindsaylebrun75@gmail.com","Lindsay Lebrun","One Class Card // London","20798","20799","760445337951","one-class-card-l-credits-347","","","Credits","","","Completed","8/11/2026","CAD","1","25.00","25.00","3.25","28.25","Visa","E-Commerce","London","Ontario"
"P4UR-6MRY-5L8R","Completed","8/11/2026","2:22 PM","America/Toronto","","false","383058","hhoffman0821@gmail.com","Hayley Hoffman","","383058","hhoffman0821@gmail.com","Hayley Hoffman","One Class Card // London","20798","20799","760445337951","one-class-card-l-credits-347","","","Credits","","","Completed","8/11/2026","CAD","1","25.00","25.00","3.25","28.25","Visa","E-Commerce","London","Ontario"
"8YKT-AZ5N-5L8R","Completed","8/11/2026","3:51 PM","America/Toronto","","false","409886","kirimidtchievsimeon@gmail.com","Simeon Kirimidtchiev","","409886","kirimidtchievsimeon@gmail.com","Simeon Kirimidtchiev","Summer Days Drop-In // London","26178","26179","455715388823","summer-days-drop-credits-083","","","Credits","","","Completed","8/11/2026","CAD","1","15.00","15.00","1.95","16.95","Mastercard","E-Commerce","London","Ontario"
"KUNY-AHHW-5L8R","Completed","8/11/2026","3:53 PM","America/Toronto","","false","409886","kirimidtchievsimeon@gmail.com","Simeon Kirimidtchiev","","409886","kirimidtchievsimeon@gmail.com","Simeon Kirimidtchiev","One Class Card // London","20798","20799","760445337951","one-class-card-l-credits-347","","","Credits","","","Completed","8/11/2026","CAD","1","25.00","25.00","3.25","28.25","Mastercard","E-Commerce","London","Ontario"
"94XR-ZZVE-5L8R","Completed","8/11/2026","3:56 PM","America/Toronto","","false","232027","annika.ebner7@gmail.com","Annika Ebner","","232027","annika.ebner7@gmail.com","Annika Ebner","One Class Card // London","20798","20799","760445337951","one-class-card-l-credits-347","","","Credits","","","Completed","8/11/2026","CAD","1","25.00","25.00","3.25","28.25","Visa","E-Commerce","London","Ontario"
"RCMV-TR46-5L8R","Completed","8/11/2026","5:29 PM","America/Toronto","","false","390015","jessica.a.white@icloud.com","Jessica White","","390015","jessica.a.white@icloud.com","Jessica White","Ten Class Card // London","20794","20795","456569691604","ten-class-card-l-credits-104","","","Credits","","","Completed","8/11/2026","CAD","1","200.00","200.00","26.00","226.00","Visa","E-Commerce","London","Ontario"
"NXDQ-E6K7-5L8R","Completed","8/11/2026","5:57 PM","America/Toronto","","false","299099","karin.kerfoot@gmail.com","Karin Kerfoot","","299099","karin.kerfoot@gmail.com","Karin Kerfoot","Spin-It-Forward // London","20792","20793","964245982422","spin-it-forward--credits-429","","","Credits","","","Completed","8/11/2026","CAD","1","10.00","10.00","1.30","11.30","Visa","E-Commerce","London","Ontario"
"9VFF-GZT4-5L8R","Completed","8/11/2026","6:07 PM","America/Toronto","","false","299099","karin.kerfoot@gmail.com","Karin Kerfoot","","299099","karin.kerfoot@gmail.com","Karin Kerfoot","Spin-It-Forward // London","20792","20793","964245982422","spin-it-forward--credits-429","","","Credits","","","Completed","8/11/2026","CAD","1","10.00","10.00","1.30","11.30","Visa","E-Commerce","London","Ontario"
"BSPD-EG9Q-5L8R","Completed","8/11/2026","7:01 PM","America/Toronto","","false","409949","gemmalefebvre@gmail.com","gemma lefebvre","","409949","gemmalefebvre@gmail.com","gemma lefebvre","Summer Days Drop-In // London","26178","26179","455715388823","summer-days-drop-credits-083","","","Credits","","","Completed","8/11/2026","CAD","1","15.00","15.00","1.95","16.95","Visa","E-Commerce","London","Ontario"
"UYKJ-KUAT-5L8R","Completed","8/11/2026","7:07 PM","America/Toronto","","false","404270","tinaobhi@hotmail.com","Tina Obahi","","404270","tinaobhi@hotmail.com","Tina Obahi","Spin-It-Forward // London","20792","20793","964245982422","spin-it-forward--credits-429","","","Credits","","","Completed","8/11/2026","CAD","1","10.00","10.00","1.30","11.30","American Express","E-Commerce","London","Ontario"
"DKRA-67MK-5L8R","Completed","8/11/2026","7:35 PM","America/Toronto","","false","391535","lam.sandy91@gmail.com","Sandy Lam","","391535","lam.sandy91@gmail.com","Sandy Lam","Spin-It-Forward // London","20792","20793","964245982422","spin-it-forward--credits-429","","","Credits","","","Completed","8/11/2026","CAD","1","10.00","10.00","1.30","11.30","Visa","E-Commerce","London","Ontario"
"A24K-8ZTE-5L8R","Completed","8/11/2026","7:55 PM","America/Toronto","","false","405870","kidathms7@gmail.com","Kida Thomas","","405870","kidathms7@gmail.com","Kida Thomas","Summer Days Drop-In // London","26178","26179","455715388823","summer-days-drop-credits-083","","","Credits","","","Completed","8/11/2026","CAD","1","15.00","15.00","1.95","16.95","Visa","E-Commerce","London","Ontario"
"X2Q7-JBWF-5L8S","Completed","8/11/2026","10:46 PM","America/Toronto","","false","366331","malakosman100@gmail.com","Malak Osman","","366331","malakosman100@gmail.com","Malak Osman","Summer Days Drop-In // London","26178","26179","455715388823","summer-days-drop-credits-083","","","Credits","","","Completed","8/11/2026","CAD","1","15.00","15.00","1.95","16.95","Visa","E-Commerce","London","Ontario"
"JMBV-ZTUC-5L8S","Completed","8/11/2026","11:22 PM","America/Toronto","","false","400614","sarahmarotta@gmail.com","Sarah Marotta","","400614","sarahmarotta@gmail.com","Sarah Marotta","Spin-It-Forward // London","20792","20793","964245982422","spin-it-forward--credits-429","","","Credits","","","Completed","8/11/2026","CAD","1","10.00","10.00","1.30","11.30","Visa","E-Commerce","London","Ontario"
"MZF6-22FB-5L8S","Completed","8/12/2026","12:24 AM","America/Toronto","","true","355483","yrsultan@icloud.com","Yasmeen Sultan","","355483","yrsultan@icloud.com","Yasmeen Sultan","8x Membership // London","21997","21998","667327189404","8x-membership-lo-memberships-656","","","Memberships","","","Completed","8/12/2026","CAD","1","150.00","150.00","19.50","169.50","Mastercard","E-Commerce","London","Ontario"
"4CRP-U8CC-5L8S","Completed","8/12/2026","12:24 AM","America/Toronto","","true","403361","nicoleguiho@gmail.com","Nicole Guiho","","403361","nicoleguiho@gmail.com","Nicole Guiho","8x Membership // London","21997","21998","667327189404","8x-membership-lo-memberships-656","","","Memberships","","","Completed","8/12/2026","CAD","1","150.00","150.00","19.50","169.50","Mastercard","E-Commerce","London","Ontario"
"6YEM-QFZN-5L8S","Completed","8/12/2026","12:24 AM","America/Toronto","","true","336336","binkainsley@gmail.com","Ainsley Bink","","336336","binkainsley@gmail.com","Ainsley Bink","4x Monthly Membership // 20% OFF PRE-SALE (London)","20850","20851","523121174072","20-off-presale-4-memberships-998","","","Memberships","","","Completed","8/12/2026","CAD","1","80.00","80.00","10.40","90.40","Visa","E-Commerce","London","Ontario"
"ZAYY-BBTC-5L8S","Completed","8/12/2026","12:24 AM","America/Toronto","","true","71878","k.rothwell@spinco.ca","Kira Rothwell","","71878","k.rothwell@spinco.ca","Kira Rothwell","Staff Membership // London","20830","20831","898235312897","staff-membership-memberships-735","","","Memberships","","","Completed","8/12/2026","CAD","1","0.00","0.00","0.00","0.00","No Charge","E-Commerce","London","Ontario"
"MKD7-NNEC-5L8S","Completed","8/12/2026","12:24 AM","America/Toronto","","true","320592","s.rothwell@spinco.ca","Stephen Rothwell","","320592","s.rothwell@spinco.ca","Stephen Rothwell","Staff Membership // London","20830","20831","898235312897","staff-membership-memberships-735","","","Memberships","","","Completed","8/12/2026","CAD","1","0.00","0.00","0.00","0.00","No Charge","E-Commerce","London","Ontario"
"VAMX-FZQ4-5L8S","Completed","8/12/2026","12:24 AM","America/Toronto","","true","363304","rawannse@gmail.com","Rawan E","","363304","rawannse@gmail.com","Rawan E","8x Membership // London · BLACK FRIDAY 2025","22632","22633","364334411422","8x-membership-lo-memberships-289","","","Memberships","","","Completed","8/12/2026","CAD","1","140.00","140.00","18.20","158.20","Visa","E-Commerce","London","Ontario"
"3SFY-Z8KH-5L8S","Completed","8/12/2026","5:08 AM","America/Toronto","","true","382344","sophiaking87@gmail.com","Sophia King","","382344","sophiaking87@gmail.com","Sophia King","4x Membership // London Summer Sale","25653","25654","346308480296","4x-membership-bu-memberships-912","","","Memberships","","","Completed","8/12/2026","CAD","1","69.00","69.00","8.97","77.97","Visa","E-Commerce","London","Ontario"
"89VK-D6NK-5L8S","Completed","8/12/2026","7:11 AM","America/Toronto","desktop","false","367811","natalieschmit11@gmail.com","Natalie Schmit","","347301","london@spinco.ca","SPINCO London","Coffee // London","23655","23656","087239269521","coffee-london-food-and-beverag-851","","","Food and Beverage","","","Completed","8/12/2026","CAD","1","1.50","1.50","0.20","1.70","Visa","In-Store","London","Ontario"
"TBKG-N7S8-5L8S","Completed","8/12/2026","9:40 AM","America/Toronto","","false","408403","kourtazzo@gmail.com","Kourtney Azzopardi","","408403","kourtazzo@gmail.com","Kourtney Azzopardi","Summer Days Drop-In // London","26178","26179","455715388823","summer-days-drop-credits-083","","","Credits","","","Completed","8/12/2026","CAD","1","15.00","15.00","1.95","16.95","Visa","E-Commerce","London","Ontario"
"YU6J-4E9M-5L8S","Completed","8/12/2026","9:55 AM","America/Toronto","","false","405588","jwillert91@gmail.com","Jessie Willert","","405588","jwillert91@gmail.com","Jessie Willert","One Class Card // London","20798","20799","760445337951","one-class-card-l-credits-347","","","Credits","","","Completed","8/12/2026","CAD","1","25.00","25.00","3.25","28.25","Mastercard","E-Commerce","London","Ontario"
"ZPUC-7K7P-5L8S","Completed","8/12/2026","10:43 AM","America/Toronto","","false","360754","sbotsford13@hotmail.com","Sarah Botsford","","360754","sbotsford13@hotmail.com","Sarah Botsford","Five Class Card // London","20802","20803","488719457552","five-class-card--credits-078","","","Credits","","","Completed","8/12/2026","CAD","1","110.00","110.00","14.30","124.30","Visa","E-Commerce","London","Ontario"
"ZPUC-7K7P-5L8S","Completed","8/12/2026","10:43 AM","America/Toronto","","false","360754","sbotsford13@hotmail.com","Sarah Botsford","","360754","sbotsford13@hotmail.com","Sarah Botsford","Ten Class Card // London","20794","20795","456569691604","ten-class-card-l-credits-104","","","Credits","","","Completed","8/12/2026","CAD","1","200.00","200.00","26.00","226.00","Visa","E-Commerce","London","Ontario"
"QBHS-WQFF-5L8S","Completed","8/12/2026","11:06 AM","America/Toronto","","false","398240","rmcnaughton65@gmail.com","Renee McNaughton","","398240","rmcnaughton65@gmail.com","Renee McNaughton","Summer Days Drop-In // London","26178","26179","455715388823","summer-days-drop-credits-083","","","Credits","","","Completed","8/12/2026","CAD","1","15.00","15.00","1.95","16.95","Visa","E-Commerce","London","Ontario"
"GHMZ-7GG2-5L8S","Completed","8/12/2026","11:10 AM","America/Toronto","","false","398240","rmcnaughton65@gmail.com","Renee McNaughton","","398240","rmcnaughton65@gmail.com","Renee McNaughton","One Class Card // London","20798","20799","760445337951","one-class-card-l-credits-347","","","Credits","","","Completed","8/12/2026","CAD","1","25.00","25.00","3.25","28.25","Visa","E-Commerce","London","Ontario"
"SR4W-C2KA-5L8S","Completed","8/12/2026","11:30 AM","America/Toronto","","false","398210","meaghanpoc@gmail.com","Meaghan Pocock","","398210","meaghanpoc@gmail.com","Meaghan Pocock","Spin-It-Forward // London","20792","20793","964245982422","spin-it-forward--credits-429","","","Credits","","","Completed","8/12/2026","CAD","2","20.00","20.00","2.60","22.60","Mastercard","E-Commerce","London","Ontario"
"RHN7-2573-5L8S","Completed","8/12/2026","12:01 PM","America/Toronto","desktop","false","367388","laurenep2005@gmail.com","Lauren Pauwels","","347301","london@spinco.ca","SPINCO London","SPINCO Water","19657","19658","469973764933","spinco-water-water-914","","","Water","Arctic Chiller","","Completed","8/12/2026","CAD","1","2.50","2.50","0.33","2.83","Mastercard","In-Store","London","Ontario"
"7B7A-HME5-5L8S","Completed","8/12/2026","1:00 PM","America/Toronto","","false","355190","kara_4291@hotmail.com","Kara Phillips","","355190","kara_4291@hotmail.com","Kara Phillips","Five Class Card // London","20802","20803","488719457552","five-class-card--credits-078","","","Credits","","","Completed","8/12/2026","CAD","1","93.50","110.00","12.16","105.66","Visa","E-Commerce","London","Ontario"
"EQX6-5FEW-5L8S","Completed","8/12/2026","1:13 PM","America/Toronto","","false","349082","alicia00bergen@gmail.com","Alicia Bergen","","349082","alicia00bergen@gmail.com","Alicia Bergen","Five Class Card // London","20802","20803","488719457552","five-class-card--credits-078","","","Credits","","","Completed","8/12/2026","CAD","1","93.50","110.00","12.16","105.66","Mastercard","E-Commerce","London","Ontario"
"4W2M-GXF6-5L8S","Completed","8/12/2026","3:29 PM","America/Toronto","","false","402598","rabiaafzaal2@gmail.com","Rabia Afzaal","","402598","rabiaafzaal2@gmail.com","Rabia Afzaal","One Class Card // London","20798","20799","760445337951","one-class-card-l-credits-347","","","Credits","","","Completed","8/12/2026","CAD","1","25.00","25.00","3.25","28.25","Mastercard","E-Commerce","London","Ontario"
"323Z-4ERS-5L8S","Completed","8/12/2026","4:17 PM","America/Toronto","","true","399288","ldongsd01@gmail.com","Lucy Dong","","399288","ldongsd01@gmail.com","Lucy Dong","Late Cancel Charge","14688","14690","036981809486","late-cancel-fee-penalty-fees-771","","","Penalty Fees","","","Completed","8/12/2026","CAD","1","15.00","15.00","1.95","16.95","Visa","E-Commerce","London","Ontario"
"ANE7-HJN5-5L8S","Completed","8/12/2026","4:38 PM","America/Toronto","","false","410080","audrey.thorne27@gmail.con","Audrey Thorne","","410080","audrey.thorne27@gmail.con","Audrey Thorne","One Class Card // London","20798","20799","760445337951","one-class-card-l-credits-347","","","Credits","","","Completed","8/12/2026","CAD","1","25.00","25.00","3.25","28.25","Mastercard","E-Commerce","London","Ontario"
"H9QZ-DWH4-5L8R","Refunded","8/10/2026","11:16 PM","America/Toronto","","true","408950","reim.abdelhamid@gmail.com","Reim E","","382306","michellejcallander@gmail.com","Michelle Callandar","Late Cancel Charge","14688","14690","036981809486","late-cancel-fee-penalty-fees-771","","","Penalty Fees","","","Refunded","8/12/2026","CAD","-1","-15.00","-15.00","-1.95","-16.95","Visa","E-Commerce","London","Ontario"
"WYAM-DJZ9-5L8S","Completed","8/12/2026","6:29 PM","America/Toronto","","false","142861","oneillmsarah@gmail.com","Sarah O'Neill","","142861","oneillmsarah@gmail.com","Sarah O'Neill","One Class Card // London","20798","20799","760445337951","one-class-card-l-credits-347","","","Credits","","","Completed","8/12/2026","CAD","1","25.00","25.00","3.25","28.25","Visa","E-Commerce","London","Ontario"
"HAXP-ZXJ6-5L8P","Partially Refunded","8/9/2026","7:55 AM","America/Toronto","","false","112024","valeriem000@gmail.com","valerie molina","","382306","michellejcallander@gmail.com","Michelle Callandar","Five Class Card // London","20802","20803","488719457552","five-class-card--credits-078","","","Credits","","","Partially Refunded","8/12/2026","CAD","-1","-110.00","-110.00","-14.30","-124.30","Visa","E-Commerce","London","Ontario"
"ZVBE-B3VF-5L8T","Completed","8/13/2026","12:15 AM","America/Toronto","","true","394135","elaf.th15@gmail.com","Elaf H","","394135","elaf.th15@gmail.com","Elaf H","Unlimited Membership // London","21995","21996","447442561003","unlimited-member-memberships-867","","","Memberships","","","Completed","8/13/2026","CAD","1","200.00","200.00","26.00","226.00","Visa","E-Commerce","London","Ontario"
"R5CB-WBUV-5L8T","Completed","8/13/2026","12:15 AM","America/Toronto","","true","336211","kirvine7@uwo.ca","Kathryn Irvine","","336211","kirvine7@uwo.ca","Kathryn Irvine","Unlimited Monthly Membership // 20% OFF PRE-SALE (London)","20844","20845","908731664009","20-off-presale-u-memberships-639","","","Memberships","","","Completed","8/13/2026","CAD","1","200.00","200.00","26.00","226.00","Mastercard","E-Commerce","London","Ontario"
"52Q9-KZ4J-5L8T","Completed","8/13/2026","6:57 AM","America/Toronto","","false","398239","clairekoteles04@gmail.com","Claire Koteles","","398239","clairekoteles04@gmail.com","Claire Koteles","Summer Days Drop-In // London","26178","26179","455715388823","summer-days-drop-credits-083","","","Credits","","","Completed","8/13/2026","CAD","1","15.00","15.00","1.95","16.95","Mastercard","E-Commerce","London","Ontario"
"2WT9-67FK-5L8T","Completed","8/13/2026","6:57 AM","America/Toronto","","false","395045","jessicabycraft@icloud.com","Jessica Bycraft","","395045","jessicabycraft@icloud.com","Jessica Bycraft","Summer Days Drop-In // London","26178","26179","455715388823","summer-days-drop-credits-083","","","Credits","","","Completed","8/13/2026","CAD","1","15.00","15.00","1.95","16.95","Visa","E-Commerce","London","Ontario"
"BBNU-NNTF-5L8T","Completed","8/13/2026","7:17 AM","America/Toronto","","true","363395","derek@cardy.ca","Derek Cardy","","363395","derek@cardy.ca","Derek Cardy","No Show Charge","14687","14689","489143084327","no-show-fee-penalty-fees-498","","","Penalty Fees","","","Completed","8/13/2026","CAD","1","20.00","20.00","2.60","22.60","Visa","E-Commerce","London","Ontario"
"VEM5-6HSY-5L8T","Completed","8/13/2026","11:50 AM","America/Toronto","","false","405588","jwillert91@gmail.com","Jessie Willert","","405588","jwillert91@gmail.com","Jessie Willert","One Class Card // London","20798","20799","760445337951","one-class-card-l-credits-347","","","Credits","","","Completed","8/13/2026","CAD","1","25.00","25.00","3.25","28.25","Mastercard","E-Commerce","London","Ontario"
"995G-MM2W-5L8T","Completed","8/13/2026","1:35 PM","America/Toronto","","false","410151","reta.ismail1@gmail.com","Reta Shabo","","410151","reta.ismail1@gmail.com","Reta Shabo","New Rider Special // London","21051","21052","288040778473","new-rider-specia-memberships-503","","","Memberships","","","Completed","8/13/2026","CAD","1","50.00","50.00","6.50","56.50","Visa","E-Commerce","London","Ontario"
"M3W9-HAA3-5L8T","Completed","8/13/2026","2:17 PM","America/Toronto","","true","410151","reta.ismail1@gmail.com","Reta Shabo","","410151","reta.ismail1@gmail.com","Reta Shabo","Late Cancel Charge","14688","14690","036981809486","late-cancel-fee-penalty-fees-771","","","Penalty Fees","","","Completed","8/13/2026","CAD","1","15.00","15.00","1.95","16.95","Visa","E-Commerce","London","Ontario"
"NH6V-8VDK-5L8T","Completed","8/13/2026","3:24 PM","America/Toronto","","false","404716","elisacyoo@gmail.com","Elisa Yoo","","404716","elisacyoo@gmail.com","Elisa Yoo","Ten Class Card // London","20794","20795","456569691604","ten-class-card-l-credits-104","","","Credits","","","Completed","8/13/2026","CAD","1","200.00","200.00","26.00","226.00","Visa","E-Commerce","London","Ontario"
"S5S4-F2PZ-5L8T","Completed","8/13/2026","7:19 PM","America/Toronto","","false","400603","savannahsearle414@gmail.com","Sav Searle","","400603","savannahsearle414@gmail.com","Sav Searle","Five Class Card // London","20802","20803","488719457552","five-class-card--credits-078","","","Credits","","","Completed","8/13/2026","CAD","1","110.00","110.00","14.30","124.30","Visa","E-Commerce","London","Ontario"
"PDDT-BWSH-5L8U","Completed","8/14/2026","12:14 AM","America/Toronto","","true","321409","juliaalfi@hotmail.com","Julia Alfieri","","321409","juliaalfi@hotmail.com","Julia Alfieri","4x Membership // London","21999","22000","216300284773","4x-membership-lo-memberships-280","","","Memberships","","","Completed","8/14/2026","CAD","1","80.00","80.00","10.40","90.40","Mastercard","E-Commerce","London","Ontario"
"HXY2-SH9W-5L8U","Completed","8/14/2026","12:14 AM","America/Toronto","","true","346751","rybrownrigg@hotmail.com","Rylee Brownrigg","","346751","rybrownrigg@hotmail.com","Rylee Brownrigg","4x Membership // Barrie · 10% PRE-SALE","20866","20867","780524050667","4x-monthly-membe-memberships-755","","","Memberships","","","Completed","8/14/2026","CAD","1","0.00","0.00","0.00","0.00","No Charge","E-Commerce","London","Ontario"
"S98D-8Y4G-5L8U","Completed","8/14/2026","12:14 AM","America/Toronto","","true","346925","brooke.goodchild@hotmail.com","Rachel Goodchild","","346925","brooke.goodchild@hotmail.com","Rachel Goodchild","4x Membership // Barrie · 10% PRE-SALE","20866","20867","780524050667","4x-monthly-membe-memberships-755","","","Memberships","","","Completed","8/14/2026","CAD","1","80.00","80.00","10.40","90.40","Mastercard","E-Commerce","London","Ontario"
"XYYC-GABA-5L8U","Completed","8/14/2026","12:14 AM","America/Toronto","","true","340395","hhounsel@alumni.uwo.ca","Heather Hounsell","","340395","hhounsel@alumni.uwo.ca","Heather Hounsell","8x Monthly Membership // 15% OFF PRE-SALE (London)","20854","20855","093399687271","15-off-presale-8-memberships-350","","","Memberships","","","Completed","8/14/2026","CAD","1","150.00","150.00","19.50","169.50","Mastercard","E-Commerce","London","Ontario"
"KKG2-Q2S8-5L8U","Completed","8/14/2026","12:14 AM","America/Toronto","","true","347195","lviner@hotmail.com","Laura Viner","","347195","lviner@hotmail.com","Laura Viner","Staff Membership // London","20830","20831","898235312897","staff-membership-memberships-735","","","Memberships","","","Completed","8/14/2026","CAD","1","0.00","0.00","0.00","0.00","No Charge","E-Commerce","London","Ontario"
"WQVV-464V-5L8U","Completed","8/14/2026","12:14 AM","America/Toronto","","true","358251","lynnlaithwaite@gmail.com","Lynn Stewart","","358251","lynnlaithwaite@gmail.com","Lynn Stewart","4x Monthly Membership // London *GRANDFATHERED","20838","20839","545622520223","4-classes-month--memberships-721","","","Memberships","","","Completed","8/14/2026","CAD","1","80.00","80.00","10.40","90.40","Visa","E-Commerce","London","Ontario"
"CGED-CRHS-5L8U","Completed","8/14/2026","12:14 AM","America/Toronto","","true","343368","kelseyvandewetering@gmail.com","Kelsey Vandewetering","","343368","kelseyvandewetering@gmail.com","Kelsey Vandewetering","Staff Membership // London","20830","20831","898235312897","staff-membership-memberships-735","","","Memberships","","","Completed","8/14/2026","CAD","1","0.00","0.00","0.00","0.00","No Charge","E-Commerce","London","Ontario"
"2T46-EVUQ-5L8U","Completed","8/14/2026","12:14 AM","America/Toronto","","true","356216","katherinetenhaaf@gmail.com","Katie ten Haaf","","356216","katherinetenhaaf@gmail.com","Katie ten Haaf","Unlimited Membership // London · BLACK FRIDAY 2025","22630","22631","712442897099","unlimited-member-memberships-584","","","Memberships","","","Completed","8/14/2026","CAD","1","180.00","180.00","23.40","203.40","Visa","E-Commerce","London","Ontario"
"JKDD-YBGS-5L8U","Completed","8/14/2026","6:15 AM","America/Toronto","","true","378742","itslatashacromwell@gmail.com","Latasha Cromwell","","378742","itslatashacromwell@gmail.com","Latasha Cromwell","Late Cancel Charge","14688","14690","036981809486","late-cancel-fee-penalty-fees-771","","","Penalty Fees","","","Completed","8/14/2026","CAD","1","15.00","15.00","1.95","16.95","Visa","E-Commerce","London","Ontario"
"CQMB-KPXC-5L8U","Completed","8/14/2026","6:15 AM","America/Toronto","","true","363395","derek@cardy.ca","Derek Cardy","","363395","derek@cardy.ca","Derek Cardy","No Show Charge","14687","14689","489143084327","no-show-fee-penalty-fees-498","","","Penalty Fees","","","Completed","8/14/2026","CAD","1","20.00","20.00","2.60","22.60","Visa","E-Commerce","London","Ontario"
"ZCTQ-QVYM-5L8U","Completed","8/14/2026","6:15 AM","America/Toronto","","true","392050","ameenah.khan01@gmail.com","Ameenah Khan","","392050","ameenah.khan01@gmail.com","Ameenah Khan","No Show Charge","14687","14689","489143084327","no-show-fee-penalty-fees-498","","","Penalty Fees","","","Completed","8/14/2026","CAD","1","20.00","20.00","2.60","22.60","Visa","E-Commerce","London","Ontario"
"USJZ-5WFM-5L8U","Completed","8/14/2026","7:17 AM","America/Toronto","","true","343368","kelseyvandewetering@gmail.com","Kelsey Vandewetering","","343368","kelseyvandewetering@gmail.com","Kelsey Vandewetering","No Show Charge","14687","14689","489143084327","no-show-fee-penalty-fees-498","","","Penalty Fees","","","Completed","8/14/2026","CAD","1","20.00","20.00","2.60","22.60","Visa","E-Commerce","London","Ontario"
"KESS-5ECS-5L8U","Completed","8/14/2026","9:51 AM","America/Toronto","","false","409086","vieiravince28@gmail.com","Vince Vieira","","409086","vieiravince28@gmail.com","Vince Vieira","Summer Days Drop-In // London","26178","26179","455715388823","summer-days-drop-credits-083","","","Credits","","","Completed","8/14/2026","CAD","1","15.00","15.00","1.95","16.95","Visa","E-Commerce","London","Ontario"
"ZS2Z-T9F5-5L8U","Completed","8/14/2026","12:28 PM","America/Toronto","","false","410274","2732158808@qq.com","Jingwen Tu","","410274","2732158808@qq.com","Jingwen Tu","One Class Card // London","20798","20799","760445337951","one-class-card-l-credits-347","","","Credits","","","Completed","8/14/2026","CAD","1","25.00","25.00","3.25","28.25","Mastercard","E-Commerce","London","Ontario"
"DY5M-WSP6-5L8U","Completed","8/14/2026","12:31 PM","America/Toronto","","false","410274","2732158808@qq.com","Jingwen Tu","","410274","2732158808@qq.com","Jingwen Tu","One Class Card // London","20798","20799","760445337951","one-class-card-l-credits-347","","","Credits","","","Completed","8/14/2026","CAD","1","25.00","25.00","3.25","28.25","Mastercard","E-Commerce","London","Ontario"
"WGPA-MW9N-5L8U","Completed","8/14/2026","2:08 PM","America/Toronto","","false","391026","janicehamilton904@gmail.com","Janice Hamilton","","391026","janicehamilton904@gmail.com","Janice Hamilton","Ten Class Card // London","20794","20795","456569691604","ten-class-card-l-credits-104","","","Credits","","","Completed","8/14/2026","CAD","1","200.00","200.00","26.00","226.00","Mastercard","E-Commerce","London","Ontario"
"SSU5-QZKY-5L8U","Completed","8/14/2026","2:33 PM","America/Toronto","","false","64773","em.ennett@gmail.com","Emily Ennett","","64773","em.ennett@gmail.com","Emily Ennett","One Class Card // London","20798","20799","760445337951","one-class-card-l-credits-347","","","Credits","","","Completed","8/14/2026","CAD","1","25.00","25.00","3.25","28.25","Visa","E-Commerce","London","Ontario"
"D76P-NEXQ-5L8U","Completed","8/14/2026","2:35 PM","America/Toronto","","false","168628","erica.anderson@ed.amdsb.ca","Erica Anderson","","168628","erica.anderson@ed.amdsb.ca","Erica Anderson","One Class Card // London","20798","20799","760445337951","one-class-card-l-credits-347","","","Credits","","","Completed","8/14/2026","CAD","1","25.00","25.00","3.25","28.25","Visa","E-Commerce","London","Ontario"
"NBU2-CWXW-5L8U","Completed","8/14/2026","3:34 PM","America/Toronto","","false","346889","cswalker1@gmail.com","Casey Walkee","","346889","cswalker1@gmail.com","Casey Walkee","Summer Days Drop-In // London","26178","26179","455715388823","summer-days-drop-credits-083","","","Credits","","","Completed","8/14/2026","CAD","1","15.00","15.00","1.95","16.95","Visa","E-Commerce","London","Ontario"
"XEQW-D4ZZ-5L8U","Completed","8/14/2026","3:36 PM","America/Toronto","","false","402598","rabiaafzaal2@gmail.com","Rabia Afzaal","","402598","rabiaafzaal2@gmail.com","Rabia Afzaal","One Class Card // London","20798","20799","760445337951","one-class-card-l-credits-347","","","Credits","","","Completed","8/14/2026","CAD","1","25.00","25.00","3.25","28.25","Mastercard","E-Commerce","London","Ontario"
"JWM4-RS8U-5L8U","Completed","8/14/2026","4:20 PM","America/Toronto","","false","373107","angeliquewhy@gmail.com","Angelique Yetming","","373107","angeliquewhy@gmail.com","Angelique Yetming","One Class Card // London","20798","20799","760445337951","one-class-card-l-credits-347","","","Credits","","","Completed","8/14/2026","CAD","2","50.00","50.00","6.50","56.50","American Express","E-Commerce","London","Ontario"
"6CQP-B37V-5L8U","Completed","8/14/2026","5:14 PM","America/Toronto","","false","408466","norahblanchette@gmail.com","Norah Blanchette","","408466","norahblanchette@gmail.com","Norah Blanchette","Summer Days Drop-In // London","26178","26179","455715388823","summer-days-drop-credits-083","","","Credits","","","Completed","8/14/2026","CAD","1","15.00","15.00","1.95","16.95","Visa","E-Commerce","London","Ontario"
"3HN5-MJRS-5L8U","Completed","8/14/2026","5:25 PM","America/Toronto","","false","360337","jenn.buchanan@hotmail.com","Jenn Buchanan","","360337","jenn.buchanan@hotmail.com","Jenn Buchanan","One Class Card // London","20798","20799","760445337951","one-class-card-l-credits-347","","","Credits","","","Completed","8/14/2026","CAD","1","25.00","25.00","3.25","28.25","Visa","E-Commerce","London","Ontario"
"8BG5-BVCA-5L8U","Completed","8/14/2026","5:33 PM","America/Toronto","","false","398513","heba_h1026@hotmail.com","Heba Hamou","","398513","heba_h1026@hotmail.com","Heba Hamou","Five Class Card // London","20802","20803","488719457552","five-class-card--credits-078","","","Credits","","","Completed","8/14/2026","CAD","1","110.00","110.00","14.30","124.30","Visa","E-Commerce","London","Ontario"
"TWZR-GPBN-5L8U","Completed","8/14/2026","7:09 PM","America/Toronto","","false","410297","kampyphiliipe@hotmail.com","Kamryn Philippe","","410297","kampyphiliipe@hotmail.com","Kamryn Philippe","New Rider Special // London","21051","21052","288040778473","new-rider-specia-memberships-503","","","Memberships","","","Completed","8/14/2026","CAD","1","50.00","50.00","6.50","56.50","Visa","E-Commerce","London","Ontario"
"YUJ7-HVVE-5L8V","Completed","8/15/2026","12:26 AM","America/Toronto","","true","354079","jessica.campbell@rogers.com","Jessica Campbell","","354079","jessica.campbell@rogers.com","Jessica Campbell","Unlimited Monthly Membership // London *GRANDFATHERED","20834","20835","254627090190","unlimited-classe-memberships-530","","","Memberships","","","Completed","8/15/2026","CAD","1","200.00","200.00","26.00","226.00","Visa","E-Commerce","London","Ontario"
"FMK3-2HWT-5L8V","Completed","8/15/2026","12:26 AM","America/Toronto","","true","361749","alissamitchell@rogers.com","Alissa Mitchell","","361749","alissamitchell@rogers.com","Alissa Mitchell","Unlimited Monthly Membership // London *GRANDFATHERED","20834","20835","254627090190","unlimited-classe-memberships-530","","","Memberships","","","Completed","8/15/2026","CAD","1","200.00","200.00","26.00","226.00","Visa","E-Commerce","London","Ontario"
"FNCH-EPZH-5L8V","Completed","8/15/2026","12:26 AM","America/Toronto","","true","348678","hurstmarissa9@gmail.com","Marissa Hurst","","348678","hurstmarissa9@gmail.com","Marissa Hurst","Unlimited Membership // London · BLACK FRIDAY 2025","22630","22631","712442897099","unlimited-member-memberships-584","","","Memberships","","","Completed","8/15/2026","CAD","1","180.00","180.00","23.40","203.40","Visa","E-Commerce","London","Ontario"
"WAP8-REQN-5L8V","Completed","8/15/2026","2:19 AM","America/Toronto","","true","399416","erinmdowning@outlook.com","Erin Downing","","399416","erinmdowning@outlook.com","Erin Downing","Late Cancel Charge","14688","14690","036981809486","late-cancel-fee-penalty-fees-771","","","Penalty Fees","","","Completed","8/15/2026","CAD","1","15.00","15.00","1.95","16.95","Visa","E-Commerce","London","Ontario"
"PA99-Z2BT-5L8V","Completed","8/15/2026","3:16 AM","America/Toronto","","true","399416","erinmdowning@outlook.com","Erin Downing","","399416","erinmdowning@outlook.com","Erin Downing","Late Cancel Charge","14688","14690","036981809486","late-cancel-fee-penalty-fees-771","","","Penalty Fees","","","Completed","8/15/2026","CAD","1","15.00","15.00","1.95","16.95","Visa","E-Commerce","London","Ontario"
"DGT6-6Y7V-5L8V","Completed","8/15/2026","7:53 AM","America/Toronto","desktop","false","398972","tammyvacante@hotmail.com","Tammy Vacante","","347301","london@spinco.ca","SPINCO London","SPINCO Water","19657","19658","469973764933","spinco-water-water-914","","","Water","Arctic Chiller","","Completed","8/15/2026","CAD","1","2.50","2.50","0.33","2.83","Mastercard","In-Store","London","Ontario"
"KFKN-U7YQ-5L8V","Completed","8/15/2026","8:28 AM","America/Toronto","desktop","false","347195","lviner@hotmail.com","Laura Viner","","347301","london@spinco.ca","SPINCO London","Coffee // London","23655","23656","087239269521","coffee-london-food-and-beverag-851","","","Food and Beverage","","","Completed","8/15/2026","CAD","1","1.50","1.50","0.20","1.70","Mastercard","In-Store","London","Ontario"
"EBGC-ZZ83-5L8V","Completed","8/15/2026","10:18 AM","America/Toronto","","true","398924","rraalm3@gmail.com","Roua Alm","","398924","rraalm3@gmail.com","Roua Alm","No Show Charge","14687","14689","489143084327","no-show-fee-penalty-fees-498","","","Penalty Fees","","","Completed","8/15/2026","CAD","1","20.00","20.00","2.60","22.60","Visa","E-Commerce","London","Ontario"
"2KVC-2U4S-5L8V","Completed","8/15/2026","10:18 AM","America/Toronto","","true","409551","elisecwilkinson@icloud.com","elise Wilkinson","","409551","elisecwilkinson@icloud.com","elise Wilkinson","No Show Charge","14687","14689","489143084327","no-show-fee-penalty-fees-498","","","Penalty Fees","","","Completed","8/15/2026","CAD","1","20.00","20.00","2.60","22.60","Visa","E-Commerce","London","Ontario"
"RSUR-XXCM-5L8V","Completed","8/15/2026","10:18 AM","America/Toronto","","true","406019","emily.he8@icloud.com","Emma Eves","","406019","emily.he8@icloud.com","Emma Eves","Late Cancel Charge","14688","14690","036981809486","late-cancel-fee-penalty-fees-771","","","Penalty Fees","","","Completed","8/15/2026","CAD","1","15.00","15.00","1.95","16.95","Visa","E-Commerce","London","Ontario"
"2396-V7KD-5L8V","Completed","8/15/2026","10:29 AM","America/Toronto","","false","384035","laismeiras@gmail.com","Laís Marques Eiras","","384035","laismeiras@gmail.com","Laís Marques Eiras","Spin-It-Forward // London","20792","20793","964245982422","spin-it-forward--credits-429","","","Credits","","","Completed","8/15/2026","CAD","1","10.00","10.00","1.30","11.30","Visa","E-Commerce","London","Ontario"
"ADCY-MVE7-5L8V","Completed","8/15/2026","10:51 AM","America/Toronto","","false","367140","kamaxwell13@gmail.com","Kylie Maxwell","","367140","kamaxwell13@gmail.com","Kylie Maxwell","One Class Card // London","20798","20799","760445337951","one-class-card-l-credits-347","","","Credits","","","Completed","8/15/2026","CAD","1","25.00","25.00","3.25","28.25","Visa","E-Commerce","London","Ontario"
"ZKVE-UPV7-5L8V","Completed","8/15/2026","11:21 AM","America/Toronto","","true","398924","rraalm3@gmail.com","Roua Alm","","398924","rraalm3@gmail.com","Roua Alm","No Show Charge","14687","14689","489143084327","no-show-fee-penalty-fees-498","","","Penalty Fees","","","Completed","8/15/2026","CAD","1","20.00","20.00","2.60","22.60","Visa","E-Commerce","London","Ontario"
"SD2N-QHRH-5L8V","Completed","8/15/2026","11:30 AM","America/Toronto","","false","381623","lydia.beth.taylor@gmail.com","Lydia Taylor","","381623","lydia.beth.taylor@gmail.com","Lydia Taylor","Spin-It-Forward // London","20792","20793","964245982422","spin-it-forward--credits-429","","","Credits","","","Completed","8/15/2026","CAD","1","10.00","10.00","1.30","11.30","Visa","E-Commerce","London","Ontario"
"NGAZ-JB6D-5L8V","Completed","8/15/2026","12:13 PM","America/Toronto","","false","405532","talianoon17@hotmail.com","Talia Noon","","405532","talianoon17@hotmail.com","Talia Noon","Summer Days Drop-In // London","26178","26179","455715388823","summer-days-drop-credits-083","","","Credits","","","Completed","8/15/2026","CAD","1","15.00","15.00","1.95","16.95","Visa","E-Commerce","London","Ontario"
"Q3FP-ZB7A-5L8V","Completed","8/15/2026","1:01 PM","America/Toronto","","false","400614","sarahmarotta@gmail.com","Sarah Marotta","","400614","sarahmarotta@gmail.com","Sarah Marotta","Summer Days Drop-In // London","26178","26179","455715388823","summer-days-drop-credits-083","","","Credits","","","Completed","8/15/2026","CAD","1","15.00","15.00","1.95","16.95","Visa","E-Commerce","London","Ontario"
"2MYV-DAWC-5L8V","Completed","8/15/2026","2:23 PM","America/Toronto","","false","391405","genahewitt12@hotmail.com","Gena Hewitt","","391405","genahewitt12@hotmail.com","Gena Hewitt","One Class Card // London","20798","20799","760445337951","one-class-card-l-credits-347","","","Credits","","","Completed","8/15/2026","CAD","1","25.00","25.00","3.25","28.25","Visa","E-Commerce","London","Ontario"
"EFRD-UQEJ-5L8V","Completed","8/15/2026","2:49 PM","America/Toronto","","false","366627","carissamercedes@hotmail.com","Carissa Crysler","","366627","carissamercedes@hotmail.com","Carissa Crysler","One Class Card // London","20798","20799","760445337951","one-class-card-l-credits-347","","","Credits","","","Completed","8/15/2026","CAD","1","25.00","25.00","3.25","28.25","Visa","E-Commerce","London","Ontario"
"73NV-6ANB-5L8V","Completed","8/15/2026","7:22 PM","America/Toronto","","false","404549","gracenouwens@yahoo.com","Grace Nouwens","","404549","gracenouwens@yahoo.com","Grace Nouwens","Summer Days Drop-In // London","26178","26179","455715388823","summer-days-drop-credits-083","","","Credits","","","Completed","8/15/2026","CAD","1","15.00","15.00","1.95","16.95","Visa","E-Commerce","London","Ontario"
"39Q4-XAS7-5L8W","Completed","8/16/2026","12:25 AM","America/Toronto","","true","298876","noel.wright63@gmail.com","Noel Wright","","298876","noel.wright63@gmail.com","Noel Wright","8x Membership // London","21997","21998","667327189404","8x-membership-lo-memberships-656","","","Memberships","","","Completed","8/16/2026","CAD","1","150.00","150.00","19.50","169.50","Visa","E-Commerce","London","Ontario"
"VFPX-7CQK-5L8W","Completed","8/16/2026","12:25 AM","America/Toronto","","true","372287","cienna.michelle@gmail.com","Cienna Good","","372287","cienna.michelle@gmail.com","Cienna Good","Unlimited Membership // London","21995","21996","447442561003","unlimited-member-memberships-867","","","Memberships","","","Completed","8/16/2026","CAD","1","200.00","200.00","26.00","226.00","Visa","E-Commerce","London","Ontario"
"QPP5-2M7D-5L8W","Completed","8/16/2026","12:25 AM","America/Toronto","","true","402328","jimbobmarty@yahoo.ca","Marty Robertson","","402328","jimbobmarty@yahoo.ca","Marty Robertson","Unlimited Membership // London","21995","21996","447442561003","unlimited-member-memberships-867","","","Memberships","","","Completed","8/16/2026","CAD","1","200.00","200.00","26.00","226.00","Visa","E-Commerce","London","Ontario"
"FDE4-3YTQ-5L8W","Completed","8/16/2026","12:25 AM","America/Toronto","","true","355688","ovdiaz@yahoo.com","Vladimir Diaz","","355688","ovdiaz@yahoo.com","Vladimir Diaz","4x Membership // London","21999","22000","216300284773","4x-membership-lo-memberships-280","","","Memberships","","","Completed","8/16/2026","CAD","1","80.00","80.00","10.40","90.40","Mastercard","E-Commerce","London","Ontario"
"VKNW-ZYG4-5L8W","Completed","8/16/2026","12:25 AM","America/Toronto","","true","352243","npitchell@hotmail.com","Natalie Pitchell","","352243","npitchell@hotmail.com","Natalie Pitchell","Unlimited Membership // London · BLACK FRIDAY 2025","22630","22631","712442897099","unlimited-member-memberships-584","","","Memberships","","","Completed","8/16/2026","CAD","1","180.00","180.00","23.40","203.40","Visa","E-Commerce","London","Ontario"
"TAQU-P425-5L8W","Completed","8/16/2026","12:25 AM","America/Toronto","","true","366627","carissamercedes@hotmail.com","Carissa Crysler","","366627","carissamercedes@hotmail.com","Carissa Crysler","8x Membership // London · BLACK FRIDAY 2025","22632","22633","364334411422","8x-membership-lo-memberships-289","","","Memberships","","","Completed","8/16/2026","CAD","1","140.00","140.00","18.20","158.20","Visa","E-Commerce","London","Ontario"
"N44R-2J7C-5L8W","Completed","8/16/2026","12:25 AM","America/Toronto","","true","347430","justine.dequartel@outlook.com","Justine DeQuartel","","347430","justine.dequartel@outlook.com","Justine DeQuartel","4x Membership // London","21999","22000","216300284773","4x-membership-lo-memberships-280","","","Memberships","","","Completed","8/16/2026","CAD","1","80.00","80.00","10.40","90.40","Visa","E-Commerce","London","Ontario"
"HUEP-X9BP-5L8W","Completed","8/16/2026","8:08 AM","America/Toronto","","false","405402","j_webb@live.ca","Justin Webb","","405402","j_webb@live.ca","Justin Webb","8x Membership // London","21997","21998","667327189404","8x-membership-lo-memberships-656","","","Memberships","","","Completed","8/16/2026","CAD","1","150.00","150.00","19.50","169.50","Visa","E-Commerce","London","Ontario"
"Y27F-EC2D-5L8W","Completed","8/16/2026","10:03 AM","America/Toronto","","false","168628","erica.anderson@ed.amdsb.ca","Erica Anderson","","168628","erica.anderson@ed.amdsb.ca","Erica Anderson","One Class Card // London","20798","20799","760445337951","one-class-card-l-credits-347","","","Credits","","","Completed","8/16/2026","CAD","1","25.00","25.00","3.25","28.25","Visa","E-Commerce","London","Ontario"
"PNW8-8NPK-5L8W","Completed","8/16/2026","10:18 AM","America/Toronto","","true","395521","yarafsharairee@gmail.com","Yara Alsharairi","","395521","yarafsharairee@gmail.com","Yara Alsharairi","Late Cancel Charge","14688","14690","036981809486","late-cancel-fee-penalty-fees-771","","","Penalty Fees","","","Completed","8/16/2026","CAD","1","15.00","15.00","1.95","16.95","Visa","E-Commerce","London","Ontario"
"SHNG-X4D3-5L8W","Completed","8/16/2026","12:10 PM","America/Toronto","","true","352816","piper.mcdonaldd@gmail.com","Piper McDonald","","352816","piper.mcdonaldd@gmail.com","Piper McDonald","Unlimited Membership // London · BLACK FRIDAY 2025","22630","22631","712442897099","unlimited-member-memberships-584","","","Memberships","","","Completed","8/16/2026","CAD","1","180.00","180.00","23.40","203.40","Visa","E-Commerce","London","Ontario"
"5ASJ-DBCB-5L8W","Completed","8/16/2026","12:22 PM","America/Toronto","","false","368626","marianasalazar_973@hotmail.com","Mariana Salazar Vargas","","368626","marianasalazar_973@hotmail.com","Mariana Salazar Vargas","One Class Card // London","20798","20799","760445337951","one-class-card-l-credits-347","","","Credits","","","Completed","8/16/2026","CAD","1","25.00","25.00","3.25","28.25","Mastercard","E-Commerce","London","Ontario"
"WVX5-3UTW-5L8W","Completed","8/16/2026","12:26 PM","America/Toronto","","false","368626","marianasalazar_973@hotmail.com","Mariana Salazar Vargas","","368626","marianasalazar_973@hotmail.com","Mariana Salazar Vargas","One Class Card // London","20798","20799","760445337951","one-class-card-l-credits-347","","","Credits","","","Completed","8/16/2026","CAD","1","25.00","25.00","3.25","28.25","Mastercard","E-Commerce","London","Ontario"
"5FYX-TUMH-5L8W","Completed","8/16/2026","12:28 PM","America/Toronto","","false","368626","marianasalazar_973@hotmail.com","Mariana Salazar Vargas","","368626","marianasalazar_973@hotmail.com","Mariana Salazar Vargas","One Class Card // London","20798","20799","760445337951","one-class-card-l-credits-347","","","Credits","","","Completed","8/16/2026","CAD","1","25.00","25.00","3.25","28.25","Mastercard","E-Commerce","London","Ontario"
"NS6K-ZCHZ-5L8W","Completed","8/16/2026","12:29 PM","America/Toronto","","false","368626","marianasalazar_973@hotmail.com","Mariana Salazar Vargas","","368626","marianasalazar_973@hotmail.com","Mariana Salazar Vargas","One Class Card // London","20798","20799","760445337951","one-class-card-l-credits-347","","","Credits","","","Completed","8/16/2026","CAD","1","25.00","25.00","3.25","28.25","Mastercard","E-Commerce","London","Ontario"
"X8BY-QSJ6-5L8W","Completed","8/16/2026","1:23 PM","America/Toronto","","false","408614","melodie.ferlatte@gmail.com","Melodie Ferlatte","","408614","melodie.ferlatte@gmail.com","Melodie Ferlatte","Summer Days Drop-In // London","26178","26179","455715388823","summer-days-drop-credits-083","","","Credits","","","Completed","8/16/2026","CAD","1","15.00","15.00","1.95","16.95","Visa","E-Commerce","London","Ontario"
"BSVX-6ZCK-5L8W","Completed","8/16/2026","2:45 PM","America/Toronto","","false","399248","abbylangan12@gmail.com","Abby Langan","","399248","abbylangan12@gmail.com","Abby Langan","One Class Card // London","20798","20799","760445337951","one-class-card-l-credits-347","","","Credits","","","Completed","8/16/2026","CAD","1","25.00","25.00","3.25","28.25","Visa","E-Commerce","London","Ontario"
"2UH4-AJ7P-5L8W","Completed","8/16/2026","3:21 PM","America/Toronto","","false","345942","rhondawalsh2002@gmail.com","Rhonda Walsh","","345942","rhondawalsh2002@gmail.com","Rhonda Walsh","Summer Days Drop-In // London","26178","26179","455715388823","summer-days-drop-credits-083","","","Credits","","","Completed","8/16/2026","CAD","1","15.00","15.00","1.95","16.95","Mastercard","E-Commerce","London","Ontario"
"SN9K-VB34-5L8W","Completed","8/16/2026","4:34 PM","America/Toronto","","false","409086","vieiravince28@gmail.com","Vince Vieira","","409086","vieiravince28@gmail.com","Vince Vieira","Summer Days Drop-In // London","26178","26179","455715388823","summer-days-drop-credits-083","","","Credits","","","Completed","8/16/2026","CAD","1","15.00","15.00","1.95","16.95","Visa","E-Commerce","London","Ontario"
"VVGR-4FD5-5L8W","Completed","8/16/2026","6:13 PM","America/Toronto","","false","405636","turkmanidil@hotmail.com","Idil Turkman","","405636","turkmanidil@hotmail.com","Idil Turkman","Summer Days Drop-In // London","26178","26179","455715388823","summer-days-drop-credits-083","","","Credits","","","Completed","8/16/2026","CAD","1","15.00","15.00","1.95","16.95","Visa","E-Commerce","London","Ontario"
"N756-5MS8-5L8W","Completed","8/16/2026","6:13 PM","America/Toronto","","false","401994","husnitava@hotmail.com","Tava Husni","","401994","husnitava@hotmail.com","Tava Husni","Summer Days Drop-In // London","26178","26179","455715388823","summer-days-drop-credits-083","","","Credits","","","Completed","8/16/2026","CAD","1","15.00","15.00","1.95","16.95","Visa","E-Commerce","London","Ontario"
"EPW2-T44E-5L8W","Completed","8/16/2026","6:58 PM","America/Toronto","","false","231685","clavioav543@gmail.com","Avery Clavio","","231685","clavioav543@gmail.com","Avery Clavio","One Class Card // London","20798","20799","760445337951","one-class-card-l-credits-347","","","Credits","","","Completed","8/16/2026","CAD","1","25.00","25.00","3.25","28.25","Visa","E-Commerce","London","Ontario"
"HGZG-33FQ-5L8X","Completed","8/16/2026","8:51 PM","America/Toronto","","false","410484","zuziaw@icloud.com","Maya Wilk","","410484","zuziaw@icloud.com","Maya Wilk","Summer Days Drop-In // London","26178","26179","455715388823","summer-days-drop-credits-083","","","Credits","","","Completed","8/16/2026","CAD","1","15.00","15.00","1.95","16.95","American Express","E-Commerce","London","Ontario"
"RBV7-VNTY-5L8X","Completed","8/16/2026","9:08 PM","America/Toronto","","false","402177","avasa.sarawan@gmail.com","Avasa Sarawan","","402177","avasa.sarawan@gmail.com","Avasa Sarawan","One Class Card // London","20798","20799","760445337951","one-class-card-l-credits-347","","","Credits","","","Completed","8/16/2026","CAD","1","25.00","25.00","3.25","28.25","Visa","E-Commerce","London","Ontario"
"DU4K-67XZ-5L8X","Completed","8/17/2026","12:25 AM","America/Toronto","","true","302740","rawat.dhriti@gmail.com","Dhriti Rawat","","302740","rawat.dhriti@gmail.com","Dhriti Rawat","Staff Membership // London","20830","20831","898235312897","staff-membership-memberships-735","","","Memberships","","","Completed","8/17/2026","CAD","1","0.00","0.00","0.00","0.00","No Charge","E-Commerce","London","Ontario"
"3T4U-FWS5-5L8X","Completed","8/17/2026","12:25 AM","America/Toronto","","true","379914","camilajc08@gmail.com","Cami Jerez","","379914","camilajc08@gmail.com","Cami Jerez","4x Membership // London Summer Sale","25653","25654","346308480296","4x-membership-bu-memberships-912","","","Memberships","","","Completed","8/17/2026","CAD","1","69.00","69.00","8.97","77.97","Mastercard","E-Commerce","London","Ontario"
"V6FJ-GE43-5L8X","Completed","8/17/2026","12:26 AM","America/Toronto","","true","366452","fjonuz@icloud.com","Fatima Jonuzi","","366452","fjonuz@icloud.com","Fatima Jonuzi","Unlimited Membership // London · BLACK FRIDAY 2025","22630","22631","712442897099","unlimited-member-memberships-584","","","Memberships","","","Completed","8/17/2026","CAD","1","180.00","180.00","23.40","203.40","Visa","E-Commerce","London","Ontario"
"HBVD-AM3M-5L8X","Completed","8/17/2026","12:26 AM","America/Toronto","","true","383058","hhoffman0821@gmail.com","Hayley Hoffman","","383058","hhoffman0821@gmail.com","Hayley Hoffman","4x Membership // London","21999","22000","216300284773","4x-membership-lo-memberships-280","","","Memberships","","","Completed","8/17/2026","CAD","1","80.00","80.00","10.40","90.40","Visa","E-Commerce","London","Ontario"
"Q5SW-YREM-5L8X","Completed","8/17/2026","12:26 AM","America/Toronto","","true","379633","kspitze@uwo.ca","Keira Spitzer","","379633","kspitze@uwo.ca","Keira Spitzer","Student Monthly Membership // London","21738","21739","582370867097","student-monthly--memberships-495","","","Memberships","","","Completed","8/17/2026","CAD","1","175.00","175.00","22.75","197.75","Mastercard","E-Commerce","London","Ontario"
"JZYV-3YS6-5L8X","Completed","8/17/2026","6:13 AM","America/Toronto","","false","406019","emily.he8@icloud.com","Emma Eves","","406019","emily.he8@icloud.com","Emma Eves","One Class Card // London","20798","20799","760445337951","one-class-card-l-credits-347","","","Credits","","","Completed","8/17/2026","CAD","1","25.00","25.00","3.25","28.25","Visa","E-Commerce","London","Ontario"
"EE4J-ZCJ4-5L8X","Completed","8/17/2026","7:20 AM","America/Toronto","","true","409515","raghdah.kh@gmail.com","Raghda Hasan","","409515","raghdah.kh@gmail.com","Raghda Hasan","No Show Charge","14687","14689","489143084327","no-show-fee-penalty-fees-498","","","Penalty Fees","","","Completed","8/17/2026","CAD","1","20.00","20.00","2.60","22.60","Visa","E-Commerce","London","Ontario"
"Y6UM-7M2R-5L8X","Completed","8/17/2026","9:43 AM","America/Toronto","","false","367450","andrealane0103@gmail.com","Andrea Lane","","367450","andrealane0103@gmail.com","Andrea Lane","Summer Days Drop-In // London","26178","26179","455715388823","summer-days-drop-credits-083","","","Credits","","","Completed","8/17/2026","CAD","1","15.00","15.00","1.95","16.95","Mastercard","E-Commerce","London","Ontario"
"4D66-VMJB-5L8X","Completed","8/17/2026","9:43 AM","America/Toronto","","false","232027","annika.ebner7@gmail.com","Annika Ebner","","232027","annika.ebner7@gmail.com","Annika Ebner","Summer Days Drop-In // London","26178","26179","455715388823","summer-days-drop-credits-083","","","Credits","","","Completed","8/17/2026","CAD","1","15.00","15.00","1.95","16.95","Visa","E-Commerce","London","Ontario"
"F6MU-9NYF-5L8X","Completed","8/17/2026","9:44 AM","America/Toronto","","false","232027","annika.ebner7@gmail.com","Annika Ebner","","232027","annika.ebner7@gmail.com","Annika Ebner","Summer Days Drop-In // London","26178","26179","455715388823","summer-days-drop-credits-083","","","Credits","","","Completed","8/17/2026","CAD","1","15.00","15.00","1.95","16.95","Visa","E-Commerce","London","Ontario"
"E8FA-W466-5L8X","Completed","8/17/2026","10:45 AM","America/Toronto","","false","258861","lauraea15@hotmail.com","Laura Alvares","","258861","lauraea15@hotmail.com","Laura Alvares","Summer Days Drop-In // London","26178","26179","455715388823","summer-days-drop-credits-083","","","Credits","","","Completed","8/17/2026","CAD","2","30.00","30.00","3.90","33.90","Visa","E-Commerce","London","Ontario"
"3BM6-DCJZ-5L8X","Completed","8/17/2026","12:11 PM","America/Toronto","","false","405674","maryamsigary0@gmail.com","Maryam Sigary","","405674","maryamsigary0@gmail.com","Maryam Sigary","One Class Card // London","20798","20799","760445337951","one-class-card-l-credits-347","","","Credits","","","Completed","8/17/2026","CAD","2","50.00","50.00","6.50","56.50","Visa","E-Commerce","London","Ontario"
"86H6-WE2X-5L8X","Completed","8/17/2026","12:16 PM","America/Toronto","","true","320289","richang0617@gmail.com","Rich Ang","","320289","richang0617@gmail.com","Rich Ang","Late Cancel Charge","14688","14690","036981809486","late-cancel-fee-penalty-fees-771","","","Penalty Fees","","","Completed","8/17/2026","CAD","1","15.00","15.00","1.95","16.95","Mastercard","E-Commerce","London","Ontario"
"QRXM-52QS-5L8X","Completed","8/17/2026","1:34 PM","America/Toronto","","false","345942","rhondawalsh2002@gmail.com","Rhonda Walsh","","345942","rhondawalsh2002@gmail.com","Rhonda Walsh","Summer Days Drop-In // London","26178","26179","455715388823","summer-days-drop-credits-083","","","Credits","","","Completed","8/17/2026","CAD","1","15.00","15.00","1.95","16.95","Mastercard","E-Commerce","London","Ontario"
"V7DU-9MHX-5L8X","Completed","8/17/2026","1:57 PM","America/Toronto","","false","376771","sydneycaroline13@gmail.com","sydney forrest","","376771","sydneycaroline13@gmail.com","sydney forrest","Summer Days Drop-In // London","26178","26179","455715388823","summer-days-drop-credits-083","","","Credits","","","Completed","8/17/2026","CAD","1","15.00","15.00","1.95","16.95","Mastercard","E-Commerce","London","Ontario"
"92W8-FKZ4-5L8X","Completed","8/17/2026","2:02 PM","America/Toronto","","false","410484","zuziaw@icloud.com","Maya Wilk","","410484","zuziaw@icloud.com","Maya Wilk","Summer Days Drop-In // London","26178","26179","455715388823","summer-days-drop-credits-083","","","Credits","","","Completed","8/17/2026","CAD","1","15.00","15.00","1.95","16.95","American Express","E-Commerce","London","Ontario"
"UWK6-VCY6-5L8X","Completed","8/17/2026","2:25 PM","America/Toronto","","false","320781","kayleighsheeller@live.ca","Kayleigh Sheeller","","320781","kayleighsheeller@live.ca","Kayleigh Sheeller","Summer Days Drop-In // London","26178","26179","455715388823","summer-days-drop-credits-083","","","Credits","","","Completed","8/17/2026","CAD","1","15.00","15.00","1.95","16.95","Mastercard","E-Commerce","London","Ontario"
"DHWC-Y834-5L8X","Completed","8/17/2026","2:47 PM","America/Toronto","","false","408920","charleejbattram18@gmail.com","Molly Battram","","408920","charleejbattram18@gmail.com","Molly Battram","One Class Card // London","20798","20799","760445337951","one-class-card-l-credits-347","","","Credits","","","Completed","8/17/2026","CAD","1","25.00","25.00","3.25","28.25","Mastercard","E-Commerce","London","Ontario"
"48D7-FHVJ-5L8X","Completed","8/17/2026","3:16 PM","America/Toronto","","false","408614","melodie.ferlatte@gmail.com","Melodie Ferlatte","","408614","melodie.ferlatte@gmail.com","Melodie Ferlatte","Summer Days Drop-In // London","26178","26179","455715388823","summer-days-drop-credits-083","","","Credits","","","Completed","8/17/2026","CAD","1","15.00","15.00","1.95","16.95","Visa","E-Commerce","London","Ontario"
"WJ9M-NH8K-5L8X","Completed","8/17/2026","5:08 PM","America/Toronto","","false","408590","marissa21johnson@gmail.com","Marissa Johnson","","408590","marissa21johnson@gmail.com","Marissa Johnson","Summer Days Drop-In // London","26178","26179","455715388823","summer-days-drop-credits-083","","","Credits","","","Completed","8/17/2026","CAD","1","15.00","15.00","1.95","16.95","Visa","E-Commerce","London","Ontario"
"3U7B-FQCH-5L8X","Completed","8/17/2026","5:59 PM","America/Toronto","","false","410580","cmpompil97@gmail.com","Claire Pompilii","","410580","cmpompil97@gmail.com","Claire Pompilii","One Class Card // London","20798","20799","760445337951","one-class-card-l-credits-347","","","Credits","","","Completed","8/17/2026","CAD","1","25.00","25.00","3.25","28.25","Visa","E-Commerce","London","Ontario"
"KNC2-Q2G8-5L8X","Completed","8/17/2026","6:23 PM","America/Toronto","","false","408590","marissa21johnson@gmail.com","Marissa Johnson","","408590","marissa21johnson@gmail.com","Marissa Johnson","One Class Card // London","20798","20799","760445337951","one-class-card-l-credits-347","","","Credits","","","Completed","8/17/2026","CAD","1","25.00","25.00","3.25","28.25","Visa","E-Commerce","London","Ontario"
"MVA9-X6GN-5L8X","Completed","8/17/2026","6:24 PM","America/Toronto","","false","410588","a.s.kumari97@gmail.com","Anusha Kumari","","410588","a.s.kumari97@gmail.com","Anusha Kumari","One Class Card // London","20798","20799","760445337951","one-class-card-l-credits-347","","","Credits","","","Completed","8/17/2026","CAD","1","25.00","25.00","3.25","28.25","Visa","E-Commerce","London","Ontario"
"VBWS-YDRQ-5L8X","Completed","8/17/2026","7:42 PM","America/Toronto","","false","394564","melo_lucia13@outlook.com","Lucia Melo","","394564","melo_lucia13@outlook.com","Lucia Melo","One Class Card // London","20798","20799","760445337951","one-class-card-l-credits-347","","","Credits","","","Completed","8/17/2026","CAD","1","25.00","25.00","3.25","28.25","Mastercard","E-Commerce","London","Ontario"
"MF2S-MSRY-5L8Y","Completed","8/17/2026","8:14 PM","America/Toronto","","false","408128","seanmilroy@hotmail.com","Sean Milroy","","408128","seanmilroy@hotmail.com","Sean Milroy","One Class Card // London","20798","20799","760445337951","one-class-card-l-credits-347","","","Credits","","","Completed","8/17/2026","CAD","1","25.00","25.00","3.25","28.25","Visa","E-Commerce","London","Ontario"
"DA9Q-YQH3-5L8Y","Completed","8/17/2026","8:43 PM","America/Toronto","","false","409787","j.e.kassen@gmail.com","Jenny Kassen","","409787","j.e.kassen@gmail.com","Jenny Kassen","One Class Card // London","20798","20799","760445337951","one-class-card-l-credits-347","","","Credits","","","Completed","8/17/2026","CAD","1","25.00","25.00","3.25","28.25","Mastercard","E-Commerce","London","Ontario"
"PPMV-78SR-5L8Y","Completed","8/17/2026","9:11 PM","America/Toronto","","false","365957","s.moltner@gmail.com","Stephanie Moltner","","365957","s.moltner@gmail.com","Stephanie Moltner","Five Class Card // London","20802","20803","488719457552","five-class-card--credits-078","","","Credits","","","Completed","8/17/2026","CAD","1","110.00","110.00","14.30","124.30","American Express","E-Commerce","London","Ontario"
"Y383-TVAJ-5L8Y","Completed","8/17/2026","11:17 PM","America/Toronto","","true","369246","fmacd039@uottawa.ca","FIONA MACDONALD","","369246","fmacd039@uottawa.ca","FIONA MACDONALD","Late Cancel Charge","14688","14690","036981809486","late-cancel-fee-penalty-fees-771","","","Penalty Fees","","","Completed","8/17/2026","CAD","1","15.00","15.00","1.95","16.95","Visa","E-Commerce","London","Ontario"
"2VD4-K9SB-5L8Y","Completed","8/18/2026","12:07 AM","America/Toronto","","false","399416","erinmdowning@outlook.com","Erin Downing","","399416","erinmdowning@outlook.com","Erin Downing","Unlimited Membership // London","21995","21996","447442561003","unlimited-member-memberships-867","","","Memberships","","","Completed","8/18/2026","CAD","1","200.00","200.00","26.00","226.00","Visa","E-Commerce","London","Ontario"
"CRAZ-9SUG-5L8Y","Completed","8/18/2026","12:35 AM","America/Toronto","","true","362377","meme18o@icloud.com","emily ormseth","","362377","meme18o@icloud.com","emily ormseth","Student Monthly Membership // London","21738","21739","582370867097","student-monthly--memberships-495","","","Memberships","","","Completed","8/18/2026","CAD","1","175.00","175.00","22.75","197.75","Visa","E-Commerce","London","Ontario"
"VGKP-YXNK-5L8Y","Completed","8/18/2026","12:35 AM","America/Toronto","","true","336757","caitlin@kassies.ca","Caitlin Kassies","","336757","caitlin@kassies.ca","Caitlin Kassies","4x Monthly Membership // 20% OFF PRE-SALE (London)","20850","20851","523121174072","20-off-presale-4-memberships-998","","","Memberships","","","Completed","8/18/2026","CAD","1","80.00","80.00","10.40","90.40","Mastercard","E-Commerce","London","Ontario"
"JV6W-SMVH-5L8Y","Completed","8/18/2026","12:35 AM","America/Toronto","","true","280313","mjcallander@hotmail.com","Michelle Callander","","280313","mjcallander@hotmail.com","Michelle Callander","Staff Membership // London","20830","20831","898235312897","staff-membership-memberships-735","","","Memberships","","","Completed","8/18/2026","CAD","1","0.00","0.00","0.00","0.00","No Charge","E-Commerce","London","Ontario"
"MRD7-NW68-5L8Y","Completed","8/18/2026","12:45 AM","America/Toronto","","true","399416","erinmdowning@outlook.com","Erin Downing","","399416","erinmdowning@outlook.com","Erin Downing","Unlimited Membership // London Summer Sale","25655","25656","961992957372","unlimited-member-memberships-020","","","Memberships","","","Completed","8/18/2026","CAD","1","169.00","169.00","21.97","190.97","Visa","E-Commerce","London","Ontario"
"G4G8-7AH8-5L8Y","Completed","8/18/2026","3:10 AM","America/Toronto","","true","336211","kirvine7@uwo.ca","Kathryn Irvine","","336211","kirvine7@uwo.ca","Kathryn Irvine","Late Cancel Charge","14688","14690","036981809486","late-cancel-fee-penalty-fees-771","","","Penalty Fees","","","Completed","8/18/2026","CAD","1","15.00","15.00","1.95","16.95","Mastercard","E-Commerce","London","Ontario"
"568Z-7X6Y-5L8Y","Completed","8/18/2026","8:16 AM","America/Toronto","","false","376208","kt.james@live.com","Katie James","","376208","kt.james@live.com","Katie James","Summer Days Drop-In // London","26178","26179","455715388823","summer-days-drop-credits-083","","","Credits","","","Completed","8/18/2026","CAD","1","15.00","15.00","1.95","16.95","Mastercard","E-Commerce","London","Ontario"
"XB64-ZH2E-5L8Y","Completed","8/18/2026","8:28 AM","America/Toronto","","false","390015","jessica.a.white@icloud.com","Jessica White","","390015","jessica.a.white@icloud.com","Jessica White","Summer Days Drop-In // London","26178","26179","455715388823","summer-days-drop-credits-083","","","Credits","","","Completed","8/18/2026","CAD","1","15.00","15.00","1.95","16.95","Visa","E-Commerce","London","Ontario"
"6G4M-U2H8-5L8Y","Completed","8/18/2026","7:36 PM","America/Toronto","","false","407868","tarynbeehler@gmail.com","Taryn Beehler","","407868","tarynbeehler@gmail.com","Taryn Beehler","Ten Class Card // London","20794","20795","456569691604","ten-class-card-l-credits-104","","","Credits","","","Completed","8/18/2026","CAD","1","200.00","200.00","26.00","226.00","Visa","E-Commerce","London","Ontario"
"8RGK-JDJX-5L8Z","Completed","8/18/2026","9:02 PM","America/Toronto","","false","354942","gracemdocherty@gmail.com","Grace Docherty","","354942","gracemdocherty@gmail.com","Grace Docherty","Summer Days Drop-In // London","26178","26179","455715388823","summer-days-drop-credits-083","","","Credits","","","Completed","8/18/2026","CAD","1","15.00","15.00","1.95","16.95","Mastercard","E-Commerce","London","Ontario"
"XKFZ-FS2F-5L8Z","Completed","8/18/2026","9:04 PM","America/Toronto","","false","354942","gracemdocherty@gmail.com","Grace Docherty","","354942","gracemdocherty@gmail.com","Grace Docherty","Summer Days Drop-In // London","26178","26179","455715388823","summer-days-drop-credits-083","","","Credits","","","Completed","8/18/2026","CAD","1","15.00","15.00","1.95","16.95","Mastercard","E-Commerce","London","Ontario"
"6XBY-N5Y8-5L8Z","Completed","8/18/2026","10:13 PM","America/Toronto","","false","402598","rabiaafzaal2@gmail.com","Rabia Afzaal","","402598","rabiaafzaal2@gmail.com","Rabia Afzaal","One Class Card // London","20798","20799","760445337951","one-class-card-l-credits-347","","","Credits","","","Completed","8/18/2026","CAD","1","25.00","25.00","3.25","28.25","Mastercard","E-Commerce","London","Ontario"
"P764-84E8-5L8Z","Completed","8/18/2026","11:39 PM","America/Toronto","","false","408920","charleejbattram18@gmail.com","Molly Battram","","408920","charleejbattram18@gmail.com","Molly Battram","One Class Card // London","20798","20799","760445337951","one-class-card-l-credits-347","","","Credits","","","Completed","8/18/2026","CAD","2","50.00","50.00","6.50","56.50","Mastercard","E-Commerce","London","Ontario"
"HBAY-769R-5L8Z","Completed","8/19/2026","12:23 AM","America/Toronto","","true","381011","trang.pham@sjhospicelondon.com","Trang Pham","","381011","trang.pham@sjhospicelondon.com","Trang Pham","Unlimited Membership // London","21995","21996","447442561003","unlimited-member-memberships-867","","","Memberships","","","Completed","8/19/2026","CAD","1","200.00","200.00","26.00","226.00","Visa","E-Commerce","London","Ontario"
"5RJJ-Q6B5-5L8Z","Completed","8/19/2026","12:23 AM","America/Toronto","","true","358618","hooraesteph@gmail.com","Stephanie Rae","","358618","hooraesteph@gmail.com","Stephanie Rae","Unlimited Membership // London","21995","21996","447442561003","unlimited-member-memberships-867","","","Memberships","","","Completed","8/19/2026","CAD","1","200.00","200.00","26.00","226.00","Visa","E-Commerce","London","Ontario"
"4C37-UQXB-5L8Z","Completed","8/19/2026","12:23 AM","America/Toronto","","true","351856","parkchristine97@gmail.com","Christine Park","","351856","parkchristine97@gmail.com","Christine Park","4x Monthly Membership // London *GRANDFATHERED","20838","20839","545622520223","4-classes-month--memberships-721","","","Memberships","","","Completed","8/19/2026","CAD","1","80.00","80.00","10.40","90.40","Visa","E-Commerce","London","Ontario"
"F6WX-ZVYX-5L8Z","Completed","8/19/2026","12:23 AM","America/Toronto","","true","358551","tatiepant@yahoo.ca","Tricia Lennon","","358551","tatiepant@yahoo.ca","Tricia Lennon","4x Monthly Membership // London *GRANDFATHERED","20838","20839","545622520223","4-classes-month--memberships-721","","","Memberships","","","Completed","8/19/2026","CAD","1","80.00","80.00","10.40","90.40","Visa","E-Commerce","London","Ontario"
"E2A2-6XUD-5L8Z","Completed","8/19/2026","5:57 AM","America/Toronto","desktop","false","367140","kamaxwell13@gmail.com","Kylie Maxwell","","347301","london@spinco.ca","SPINCO London","SPINCO Water","19657","19658","469973764933","spinco-water-water-914","","","Water","Arctic Chiller","","Completed","8/19/2026","CAD","1","2.50","2.50","0.33","2.83","Visa","In-Store","London","Ontario"
"4TND-5TVF-5L8Z","Completed","8/19/2026","7:11 AM","America/Toronto","","true","407777","sarahparay@gmail.com","Sarah Paray","","407777","sarahparay@gmail.com","Sarah Paray","No Show Charge","14687","14689","489143084327","no-show-fee-penalty-fees-498","","","Penalty Fees","","","Completed","8/19/2026","CAD","1","20.00","20.00","2.60","22.60","Visa","E-Commerce","London","Ontario"
"5XHN-E487-5L8Z","Completed","8/19/2026","7:11 AM","America/Toronto","","true","397356","katherineklaragrace@gmail.com","Klara Grace","","397356","katherineklaragrace@gmail.com","Klara Grace","No Show Charge","14687","14689","489143084327","no-show-fee-penalty-fees-498","","","Penalty Fees","","","Completed","8/19/2026","CAD","1","20.00","20.00","2.60","22.60","Visa","E-Commerce","London","Ontario"
"JM29-PB4N-5L8Z","Completed","8/19/2026","8:01 AM","America/Toronto","","false","388811","joelbarwick5@gmail.com","Joel Barwick","","388811","joelbarwick5@gmail.com","Joel Barwick","One Class Card // London","20798","20799","760445337951","one-class-card-l-credits-347","","","Credits","","","Completed","8/19/2026","CAD","1","25.00","25.00","3.25","28.25","American Express","E-Commerce","London","Ontario"
"PV2K-D6SU-5L8Z","Completed","8/19/2026","8:16 AM","America/Toronto","","false","400278","mburridge12@icloud.com","Meghan Burridge","","400278","mburridge12@icloud.com","Meghan Burridge","One Class Card // London","20798","20799","760445337951","one-class-card-l-credits-347","","","Credits","","","Completed","8/19/2026","CAD","1","25.00","25.00","3.25","28.25","Visa","E-Commerce","London","Ontario"
"F48N-TVP3-5L8Z","Completed","8/19/2026","10:13 AM","America/Toronto","","false","404549","gracenouwens@yahoo.com","Grace Nouwens","","404549","gracenouwens@yahoo.com","Grace Nouwens","One Class Card // London","20798","20799","760445337951","one-class-card-l-credits-347","","","Credits","","","Completed","8/19/2026","CAD","1","25.00","25.00","3.25","28.25","Visa","E-Commerce","London","Ontario"
"FU2A-PXA6-5L8Z","Completed","8/19/2026","1:08 PM","America/Toronto","","false","363733","m.marchiori@hotmail.ca","Michelle Marchiori","","363733","m.marchiori@hotmail.ca","Michelle Marchiori","Ten Class Card // London","20794","20795","456569691604","ten-class-card-l-credits-104","","","Credits","","","Completed","8/19/2026","CAD","1","200.00","200.00","26.00","226.00","Visa","E-Commerce","London","Ontario"
"CGXG-FS46-5L8Z","Completed","8/19/2026","1:36 PM","America/Toronto","","false","399248","abbylangan12@gmail.com","Abby Langan","","399248","abbylangan12@gmail.com","Abby Langan","One Class Card // London","20798","20799","760445337951","one-class-card-l-credits-347","","","Credits","","","Completed","8/19/2026","CAD","1","25.00","25.00","3.25","28.25","Visa","E-Commerce","London","Ontario"
"P5KR-TQVN-5L8Z","Completed","8/19/2026","4:25 PM","America/Toronto","","false","336413","heidilocking@gmail.com","Heidi Locking","","336413","heidilocking@gmail.com","Heidi Locking","One Class Card // London","20798","20799","760445337951","one-class-card-l-credits-347","","","Credits","","","Completed","8/19/2026","CAD","1","25.00","25.00","3.25","28.25","Visa","E-Commerce","London","Ontario"
"DP4F-5PJQ-5L8Z","Completed","8/19/2026","4:29 PM","America/Toronto","","false","348889","lockinghannah@gmail.com","Hannah Locking","","348889","lockinghannah@gmail.com","Hannah Locking","One Class Card // London","20798","20799","760445337951","one-class-card-l-credits-347","","","Credits","","","Completed","8/19/2026","CAD","1","25.00","25.00","3.25","28.25","Visa","E-Commerce","London","Ontario"
"JY92-A6D4-5L8Z","Completed","8/19/2026","6:11 PM","America/Toronto","","true","406019","emily.he8@icloud.com","Emma Eves","","406019","emily.he8@icloud.com","Emma Eves","No Show Charge","14687","14689","489143084327","no-show-fee-penalty-fees-498","","","Penalty Fees","","","Completed","8/19/2026","CAD","1","20.00","20.00","2.60","22.60","Visa","E-Commerce","London","Ontario"
"2RNG-5RWS-5L8Z","Completed","8/19/2026","7:07 PM","America/Toronto","","false","410893","lindaye80@hotmail.com","Linda Ye","","410893","lindaye80@hotmail.com","Linda Ye","Summer Days Drop-In // London","26178","26179","455715388823","summer-days-drop-credits-083","","","Credits","","","Completed","8/19/2026","CAD","1","15.00","15.00","1.95","16.95","Visa","E-Commerce","London","Ontario"
"X55R-ZK7C-5L8Z","Completed","8/19/2026","7:17 PM","America/Toronto","","false","404976","gaymariebriones0311@gmail.com","Gay Marie Briones","","404976","gaymariebriones0311@gmail.com","Gay Marie Briones","Spin-It-Forward // London","20792","20793","964245982422","spin-it-forward--credits-429","","","Credits","","","Completed","8/19/2026","CAD","1","10.00","10.00","1.30","11.30","Visa","E-Commerce","London","Ontario"
"P26R-F5SF-5L8Z","Completed","8/19/2026","7:18 PM","America/Toronto","","false","404975","broselloza@gmail.com","Brienna Roselloza","","404975","broselloza@gmail.com","Brienna Roselloza","Spin-It-Forward // London","20792","20793","964245982422","spin-it-forward--credits-429","","","Credits","","","Completed","8/19/2026","CAD","1","10.00","10.00","1.30","11.30","Visa","E-Commerce","London","Ontario"
"9S2M-SEVP-5L8Z","Completed","8/19/2026","7:20 PM","America/Toronto","","false","404976","gaymariebriones0311@gmail.com","Gay Marie Briones","","404976","gaymariebriones0311@gmail.com","Gay Marie Briones","Spin-It-Forward // London","20792","20793","964245982422","spin-it-forward--credits-429","","","Credits","","","Completed","8/19/2026","CAD","1","10.00","10.00","1.30","11.30","Visa","E-Commerce","London","Ontario"
"J3P8-SFN3-5L8Z","Completed","8/19/2026","7:21 PM","America/Toronto","","false","404975","broselloza@gmail.com","Brienna Roselloza","","404975","broselloza@gmail.com","Brienna Roselloza","Spin-It-Forward // London","20792","20793","964245982422","spin-it-forward--credits-429","","","Credits","","","Completed","8/19/2026","CAD","1","10.00","10.00","1.30","11.30","Visa","E-Commerce","London","Ontario"
"46QE-4FFC-5L8Z","Completed","8/19/2026","7:29 PM","America/Toronto","","false","298900","stephaniekursikowski@outlook.com","Stephanie Kursikowski","","298900","stephaniekursikowski@outlook.com","Stephanie Kursikowski","Summer Days Drop-In // London","26178","26179","455715388823","summer-days-drop-credits-083","","","Credits","","","Completed","8/19/2026","CAD","1","15.00","15.00","1.95","16.95","Visa","E-Commerce","London","Ontario"
"XUZ8-RNS9-5L8Z","Completed","8/19/2026","7:30 PM","America/Toronto","","false","298900","stephaniekursikowski@outlook.com","Stephanie Kursikowski","","298900","stephaniekursikowski@outlook.com","Stephanie Kursikowski","Summer Days Drop-In // London","26178","26179","455715388823","summer-days-drop-credits-083","","","Credits","","","Completed","8/19/2026","CAD","1","15.00","15.00","1.95","16.95","Visa","E-Commerce","London","Ontario"
"2PEU-4AUJ-5L8Z","Completed","8/19/2026","7:53 PM","America/Toronto","","false","391623","sthomson@tlscv.com","Stephanie Thomson","","391623","sthomson@tlscv.com","Stephanie Thomson","Ten Class Card // London","20794","20795","456569691604","ten-class-card-l-credits-104","","","Credits","","","Completed","8/19/2026","CAD","1","200.00","200.00","26.00","226.00","Visa","E-Commerce","London","Ontario"
"HCK4-66ZH-5L90","Completed","8/20/2026","12:23 AM","America/Toronto","","true","381345","yektamahdi57@gmail.com","Yekta Mahdi","","381345","yektamahdi57@gmail.com","Yekta Mahdi","8x Membership // London","21997","21998","667327189404","8x-membership-lo-memberships-656","","","Memberships","","","Completed","8/20/2026","CAD","1","127.50","150.00","16.58","144.08","Visa","E-Commerce","London","Ontario"
"XGNJ-QKVT-5L90","Completed","8/20/2026","12:23 AM","America/Toronto","","true","398502","tiarbell05@gmail.com","Tia Bell","","398502","tiarbell05@gmail.com","Tia Bell","4x Membership // London Summer Sale","25653","25654","346308480296","4x-membership-bu-memberships-912","","","Memberships","","","Completed","8/20/2026","CAD","1","69.00","69.00","8.97","77.97","Visa","E-Commerce","London","Ontario"
"85J3-6SKH-5L90","Completed","8/20/2026","12:23 AM","America/Toronto","","true","349983","keisha_joseph@hotmail.ca","Keisha Joseph","","349983","keisha_joseph@hotmail.ca","Keisha Joseph","4x Membership // London Summer Sale","25653","25654","346308480296","4x-membership-bu-memberships-912","","","Memberships","","","Completed","8/20/2026","CAD","1","69.00","69.00","8.97","77.97","Visa","E-Commerce","London","Ontario"
"KWHU-PJUF-5L90","Completed","8/20/2026","12:23 AM","America/Toronto","","true","405756","thahanih19@gmail.com","Thahani Hashim","","405756","thahanih19@gmail.com","Thahani Hashim","4x Membership // London","21999","22000","216300284773","4x-membership-lo-memberships-280","","","Memberships","","","Completed","8/20/2026","CAD","1","80.00","80.00","10.40","90.40","Visa","E-Commerce","London","Ontario"
"3M3K-3JH5-5L90","Completed","8/20/2026","11:18 AM","America/Toronto","","false","398239","clairekoteles04@gmail.com","Claire Koteles","","398239","clairekoteles04@gmail.com","Claire Koteles","One Class Card // London","20798","20799","760445337951","one-class-card-l-credits-347","","","Credits","","","Completed","8/20/2026","CAD","1","25.00","25.00","3.25","28.25","Mastercard","E-Commerce","London","Ontario"
"JSMH-VD9F-5L90","Completed","8/20/2026","11:37 AM","America/Toronto","","false","354942","gracemdocherty@gmail.com","Grace Docherty","","354942","gracemdocherty@gmail.com","Grace Docherty","Spin-It-Forward // London","20792","20793","964245982422","spin-it-forward--credits-429","","","Credits","","","Completed","8/20/2026","CAD","1","10.00","10.00","1.30","11.30","Mastercard","E-Commerce","London","Ontario"
"36JD-WZVH-5L90","Completed","8/20/2026","12:21 PM","America/Toronto","","false","410822","skylarfadelle@gmail.com","Skylar Fadelle","","410822","skylarfadelle@gmail.com","Skylar Fadelle","Spin-It-Forward // London","20792","20793","964245982422","spin-it-forward--credits-429","","","Credits","","","Completed","8/20/2026","CAD","1","10.00","10.00","1.30","11.30","Visa","E-Commerce","London","Ontario"
"BH66-6Z4V-5L90","Completed","8/20/2026","12:22 PM","America/Toronto","","false","410822","skylarfadelle@gmail.com","Skylar Fadelle","","410822","skylarfadelle@gmail.com","Skylar Fadelle","Spin-It-Forward // London","20792","20793","964245982422","spin-it-forward--credits-429","","","Credits","","","Completed","8/20/2026","CAD","1","10.00","10.00","1.30","11.30","Visa","E-Commerce","London","Ontario"
"833E-H4U5-5L90","Completed","8/20/2026","12:44 PM","America/Toronto","","false","355393","kayansultan21@gmail.com","Kayan Sultan","","355393","kayansultan21@gmail.com","Kayan Sultan","Ten Class Card // London","20794","20795","456569691604","ten-class-card-l-credits-104","","","Credits","","","Completed","8/20/2026","CAD","1","170.00","200.00","22.10","192.10","Mastercard","E-Commerce","London","Ontario"
"394S-3BF4-5L90","Completed","8/20/2026","12:51 PM","America/Toronto","","false","290901","rcwoodward12@outlook.com","Rhianna Woodward","","290901","rcwoodward12@outlook.com","Rhianna Woodward","One Class Card // London","20798","20799","760445337951","one-class-card-l-credits-347","","","Credits","","","Completed","8/20/2026","CAD","1","25.00","25.00","3.25","28.25","Visa","E-Commerce","London","Ontario"
"UE7W-E4TM-5L90","Completed","8/20/2026","1:10 PM","America/Toronto","","false","401348","brookekobe10@gmail.com","Brooke Kobe","","401348","brookekobe10@gmail.com","Brooke Kobe","Summer Days Drop-In // London","26178","26179","455715388823","summer-days-drop-credits-083","","","Credits","","","Completed","8/20/2026","CAD","1","15.00","15.00","1.95","16.95","Visa","E-Commerce","London","Ontario"
"59CQ-S9GS-5L90","Completed","8/20/2026","3:22 PM","America/Toronto","","false","400769","mariojozic7@gmail.com","Mario Jozic","","400769","mariojozic7@gmail.com","Mario Jozic","One Class Card // London","20798","20799","760445337951","one-class-card-l-credits-347","","","Credits","","","Completed","8/20/2026","CAD","1","25.00","25.00","3.25","28.25","Mastercard","E-Commerce","London","Ontario"
"RVFG-9UYJ-5L90","Completed","8/20/2026","3:27 PM","America/Toronto","","false","410961","rebecca.nakhoul97@gmail.com","Rebecca Nakhoul","","410961","rebecca.nakhoul97@gmail.com","Rebecca Nakhoul","One Class Card // London","20798","20799","760445337951","one-class-card-l-credits-347","","","Credits","","","Completed","8/20/2026","CAD","1","25.00","25.00","3.25","28.25","Visa","E-Commerce","London","Ontario"
"MRU5-FYHT-5L90","Completed","8/20/2026","4:57 PM","America/Toronto","","false","403022","anna.taurins@gmail.com","Anna Taurins","","403022","anna.taurins@gmail.com","Anna Taurins","Spin-It-Forward // London","20792","20793","964245982422","spin-it-forward--credits-429","","","Credits","","","Completed","8/20/2026","CAD","1","10.00","10.00","1.30","11.30","Mastercard","E-Commerce","London","Ontario"
"HCPK-MBJS-5L90","Completed","8/20/2026","4:59 PM","America/Toronto","","false","401096","jennalynvandenheuvel@gmail.com","Jenna Vandenheuvel","","401096","jennalynvandenheuvel@gmail.com","Jenna Vandenheuvel","Spin-It-Forward // London","20792","20793","964245982422","spin-it-forward--credits-429","","","Credits","","","Completed","8/20/2026","CAD","1","10.00","10.00","1.30","11.30","Mastercard","E-Commerce","London","Ontario"
"8FGD-UZ93-5L90","Completed","8/20/2026","5:05 PM","America/Toronto","","false","408466","norahblanchette@gmail.com","Norah Blanchette","","408466","norahblanchette@gmail.com","Norah Blanchette","One Class Card // London","20798","20799","760445337951","one-class-card-l-credits-347","","","Credits","","","Completed","8/20/2026","CAD","1","25.00","25.00","3.25","28.25","Visa","E-Commerce","London","Ontario"
"SHWG-G4WZ-5L90","Completed","8/20/2026","5:19 PM","America/Toronto","desktop","false","340395","hhounsel@alumni.uwo.ca","Heather Hounsell","","319732","shanahan.keeghan@gmail.com","Keeghan Shanahan","SPINCO Water","19657","19658","469973764933","spinco-water-water-914","","","Water","Arctic Chiller","","Completed","8/20/2026","CAD","1","2.50","2.50","0.33","2.83","Mastercard","In-Store","London","Ontario"
"Y3JP-76JX-5L90","Completed","8/20/2026","5:20 PM","America/Toronto","","false","320781","kayleighsheeller@live.ca","Kayleigh Sheeller","","320781","kayleighsheeller@live.ca","Kayleigh Sheeller","Ten Class Card // London","20794","20795","456569691604","ten-class-card-l-credits-104","","","Credits","","","Completed","8/20/2026","CAD","1","200.00","200.00","26.00","226.00","Mastercard","E-Commerce","London","Ontario"
"MVEP-EBW7-5L90","Completed","8/20/2026","7:43 PM","America/Toronto","","false","384613","maddie.kellerrrr@gmail.com","Maddie Keller","","384613","maddie.kellerrrr@gmail.com","Maddie Keller","Spin-It-Forward // London","20792","20793","964245982422","spin-it-forward--credits-429","","","Credits","","","Completed","8/20/2026","CAD","1","10.00","10.00","1.30","11.30","Mastercard","E-Commerce","London","Ontario"
"X2PD-HD5Z-5L90","Completed","8/20/2026","7:57 PM","America/Toronto","","false","309820","ashleyjillk@gmail.com","Ashley Keller","","309820","ashleyjillk@gmail.com","Ashley Keller","Spin-It-Forward // London","20792","20793","964245982422","spin-it-forward--credits-429","","","Credits","","","Completed","8/20/2026","CAD","1","10.00","10.00","1.30","11.30","Mastercard","E-Commerce","London","Ontario"
"ZZ5X-PNP4-5L91","Completed","8/21/2026","12:23 AM","America/Toronto","","true","363395","derek@cardy.ca","Derek Cardy","","363395","derek@cardy.ca","Derek Cardy","Unlimited Membership // London","21995","21996","447442561003","unlimited-member-memberships-867","","","Memberships","","","Completed","8/21/2026","CAD","1","200.00","200.00","26.00","226.00","Visa","E-Commerce","London","Ontario"
"B2P8-RDMQ-5L91","Completed","8/21/2026","12:23 AM","America/Toronto","","true","397643","carlygrisley@outlook.com","Carly Grisley","","397643","carlygrisley@outlook.com","Carly Grisley","Unlimited Membership // London Summer Sale","25655","25656","961992957372","unlimited-member-memberships-020","","","Memberships","","","Completed","8/21/2026","CAD","1","169.00","169.00","21.97","190.97","Visa","E-Commerce","London","Ontario"
"EGJ5-W6ED-5L91","Completed","8/21/2026","12:23 AM","America/Toronto","","true","405408","vermavanshaj@icloud.com","Vanshaj Verma","","405408","vermavanshaj@icloud.com","Vanshaj Verma","Unlimited Membership // London","21995","21996","447442561003","unlimited-member-memberships-867","","","Memberships","","","Completed","8/21/2026","CAD","1","200.00","200.00","26.00","226.00","Visa","E-Commerce","London","Ontario"
"5BQT-E33X-5L91","Completed","8/21/2026","12:23 AM","America/Toronto","","true","349672","aafletcha@outlook.com","Amanda Fletcher","","349672","aafletcha@outlook.com","Amanda Fletcher","4x Monthly Membership // London *GRANDFATHERED","20838","20839","545622520223","4-classes-month--memberships-721","","","Memberships","","","Completed","8/21/2026","CAD","1","80.00","80.00","10.40","90.40","Visa","E-Commerce","London","Ontario"
"HJTU-D27Y-5L91","Refunded","8/21/2026","6:11 AM","America/Toronto","","true","320367","nramirez.hba2015@gmail.com","Nathalie Ramirez","","320367","nramirez.hba2015@gmail.com","Nathalie Ramirez","Late Cancel Charge","14688","14690","036981809486","late-cancel-fee-penalty-fees-771","","","Penalty Fees","","","Completed","8/21/2026","CAD","1","15.00","15.00","1.95","16.95","Visa","E-Commerce","London","Ontario"
"MEQP-HKPK-5L91","Completed","8/21/2026","7:12 AM","America/Toronto","","true","399416","erinmdowning@outlook.com","Erin Downing","","399416","erinmdowning@outlook.com","Erin Downing","No Show Charge","14687","14689","489143084327","no-show-fee-penalty-fees-498","","","Penalty Fees","","","Completed","8/21/2026","CAD","1","20.00","20.00","2.60","22.60","Visa","E-Commerce","London","Ontario"
"2J54-AYJQ-5L91","Completed","8/21/2026","10:12 AM","America/Toronto","","false","406599","alexkoprowski28@gmail.com","Alexandra Koprowski","","406599","alexkoprowski28@gmail.com","Alexandra Koprowski","Spin-It-Forward // London","20792","20793","964245982422","spin-it-forward--credits-429","","","Credits","","","Completed","8/21/2026","CAD","2","20.00","20.00","2.60","22.60","Mastercard","E-Commerce","London","Ontario"
"CJF8-UG4F-5L91","Completed","8/21/2026","10:59 AM","America/Toronto","","false","392092","jessgunton11@gmail.com","Jessica Gunton","","392092","jessgunton11@gmail.com","Jessica Gunton","One Class Card // London","20798","20799","760445337951","one-class-card-l-credits-347","","","Credits","","","Completed","8/21/2026","CAD","1","25.00","25.00","3.25","28.25","Visa","E-Commerce","London","Ontario"
"34VG-YD34-5L91","Completed","8/21/2026","11:04 AM","America/Toronto","","false","409551","elisecwilkinson@icloud.com","elise Wilkinson","","409551","elisecwilkinson@icloud.com","elise Wilkinson","One Class Card // London","20798","20799","760445337951","one-class-card-l-credits-347","","","Credits","","","Completed","8/21/2026","CAD","1","25.00","25.00","3.25","28.25","Visa","E-Commerce","London","Ontario"
"SFZS-2V8H-5L91","Completed","8/21/2026","2:38 PM","America/Toronto","","false","365383","taifali10@gmail.com","Taif Ali","","365383","taifali10@gmail.com","Taif Ali","Spin-It-Forward // London","20792","20793","964245982422","spin-it-forward--credits-429","","","Credits","","","Completed","8/21/2026","CAD","1","10.00","10.00","1.30","11.30","Visa","E-Commerce","London","Ontario"
"Y276-XR8P-5L91","Completed","8/21/2026","3:01 PM","America/Toronto","","false","411062","shehlac786@gmail.com","Shehla Choudhary","","411062","shehlac786@gmail.com","Shehla Choudhary","Spin-It-Forward // London","20792","20793","964245982422","spin-it-forward--credits-429","","","Credits","","","Completed","8/21/2026","CAD","1","10.00","10.00","1.30","11.30","American Express","E-Commerce","London","Ontario"
"SQ3D-KHZT-5L91","Completed","8/21/2026","3:02 PM","America/Toronto","","false","411063","nqureshi2028@meds.uwo.ca","Noor Qureshi","","411063","nqureshi2028@meds.uwo.ca","Noor Qureshi","Spin-It-Forward // London","20792","20793","964245982422","spin-it-forward--credits-429","","","Credits","","","Completed","8/21/2026","CAD","1","10.00","10.00","1.30","11.30","Visa","E-Commerce","London","Ontario"
"DQQT-FFFH-5L91","Completed","8/21/2026","3:03 PM","America/Toronto","","false","365383","taifali10@gmail.com","Taif Ali","","365383","taifali10@gmail.com","Taif Ali","Spin-It-Forward // London","20792","20793","964245982422","spin-it-forward--credits-429","","","Credits","","","Completed","8/21/2026","CAD","1","10.00","10.00","1.30","11.30","Visa","E-Commerce","London","Ontario"
"35SF-2TBA-5L91","Completed","8/21/2026","3:03 PM","America/Toronto","","false","411063","nqureshi2028@meds.uwo.ca","Noor Qureshi","","411063","nqureshi2028@meds.uwo.ca","Noor Qureshi","Spin-It-Forward // London","20792","20793","964245982422","spin-it-forward--credits-429","","","Credits","","","Completed","8/21/2026","CAD","1","10.00","10.00","1.30","11.30","Visa","E-Commerce","London","Ontario"
"VR2W-RB64-5L91","Completed","8/21/2026","3:54 PM","America/Toronto","","false","347315","mhinnegan5@gmail.com","Macie Hinnegan","","347315","mhinnegan5@gmail.com","Macie Hinnegan","Five Class Card // London","20802","20803","488719457552","five-class-card--credits-078","","","Credits","","","Completed","8/21/2026","CAD","1","110.00","110.00","14.30","124.30","American Express","E-Commerce","London","Ontario"
"ST7F-742Z-5L91","Completed","8/21/2026","4:44 PM","America/Toronto","","false","409551","elisecwilkinson@icloud.com","elise Wilkinson","","409551","elisecwilkinson@icloud.com","elise Wilkinson","One Class Card // London","20798","20799","760445337951","one-class-card-l-credits-347","","","Credits","","","Completed","8/21/2026","CAD","1","25.00","25.00","3.25","28.25","Visa","E-Commerce","London","Ontario"
"AMSQ-2NY4-5L91","Completed","8/21/2026","5:11 PM","America/Toronto","","true","402006","jhussei6@uwo.ca","Judy Hussein","","402006","jhussei6@uwo.ca","Judy Hussein","Late Cancel Charge","14688","14690","036981809486","late-cancel-fee-penalty-fees-771","","","Penalty Fees","","","Completed","8/21/2026","CAD","1","15.00","15.00","1.95","16.95","American Express","E-Commerce","London","Ontario"
"77C4-4CDU-5L91","Completed","8/21/2026","5:36 PM","America/Toronto","","false","403373","mm_gonz@hotmail.com","Michelle Gonzalez","","403373","mm_gonz@hotmail.com","Michelle Gonzalez","One Class Card // London","20798","20799","760445337951","one-class-card-l-credits-347","","","Credits","","","Completed","8/21/2026","CAD","1","25.00","25.00","3.25","28.25","Visa","E-Commerce","London","Ontario"
"NK26-GY9U-5L91","Completed","8/21/2026","6:48 PM","America/Toronto","","false","376096","naosimpson12@gmail.com","Naomi Simpson","","376096","naosimpson12@gmail.com","Naomi Simpson","Five Class Card // London","20802","20803","488719457552","five-class-card--credits-078","","","Credits","","","Completed","8/21/2026","CAD","1","110.00","110.00","14.30","124.30","Visa","E-Commerce","London","Ontario"
"G8BM-84GZ-5L92","Completed","8/21/2026","8:51 PM","America/Toronto","","false","364292","beccs0407@gmail.com","Becky Walsh","","364292","beccs0407@gmail.com","Becky Walsh","Five Class Card // London Email Gift Card","20804","20805","996842652895","five-class-card--email-credit-gif-310","","","Email Credit Gift Cards","","","Completed","8/21/2026","CAD","1","110.00","110.00","14.30","124.30","Visa","E-Commerce","London","Ontario"
"ZTZD-M4MB-5L92","Completed","8/21/2026","9:36 PM","America/Toronto","","false","402116","ilahouao@uwo.ca","Iman Lahouaoula","","402116","ilahouao@uwo.ca","Iman Lahouaoula","One Class Card // London","20798","20799","760445337951","one-class-card-l-credits-347","","","Credits","","","Completed","8/21/2026","CAD","1","25.00","25.00","3.25","28.25","American Express","E-Commerce","London","Ontario"
"HZNQ-549B-5L92","Completed","8/22/2026","12:23 AM","America/Toronto","","true","351404","libertad.melendez1@gmail.com","Libertad Melendez","","351404","libertad.melendez1@gmail.com","Libertad Melendez","Student Monthly Membership // London","21738","21739","582370867097","student-monthly--memberships-495","","","Memberships","","","Completed","8/22/2026","CAD","1","175.00","175.00","22.75","197.75","Visa","E-Commerce","London","Ontario"
"QVTP-PJXX-5L92","Completed","8/22/2026","12:23 AM","America/Toronto","","true","346925","brooke.goodchild@hotmail.com","Rachel Goodchild","","346925","brooke.goodchild@hotmail.com","Rachel Goodchild","4x Membership // London Summer Sale","25653","25654","346308480296","4x-membership-bu-memberships-912","","","Memberships","","","Completed","8/22/2026","CAD","1","69.00","69.00","8.97","77.97","Mastercard","E-Commerce","London","Ontario"
"RR48-KGEG-5L92","Completed","8/22/2026","12:23 AM","America/Toronto","","true","400047","bareera.aleem@gmail.com","Barrera Aleem","","400047","bareera.aleem@gmail.com","Barrera Aleem","8x Membership // London Summer Sale","25657","25658","913533113208","8x-membership-bu-memberships-078","","","Memberships","","","Completed","8/22/2026","CAD","1","127.00","127.00","16.51","143.51","American Express","E-Commerce","London","Ontario"
"Z76J-TMJP-5L92","Completed","8/22/2026","12:23 AM","America/Toronto","","true","330183","terralucy04@icloud.com","Terra McCloskey","","330183","terralucy04@icloud.com","Terra McCloskey","Unlimited Membership // London Summer Sale","25655","25656","961992957372","unlimited-member-memberships-020","","","Memberships","","","Completed","8/22/2026","CAD","1","169.00","169.00","21.97","190.97","Visa","E-Commerce","London","Ontario"
"AM9C-EVWE-5L92","Completed","8/22/2026","12:23 AM","America/Toronto","","true","342216","kacie_allana@hotmail.com","Kacie Fraser","","342216","kacie_allana@hotmail.com","Kacie Fraser","4x Membership // Barrie · 10% PRE-SALE","20866","20867","780524050667","4x-monthly-membe-memberships-755","","","Memberships","","","Completed","8/22/2026","CAD","1","0.00","0.00","0.00","0.00","No Charge","E-Commerce","London","Ontario"
"FY8F-NXWJ-5L92","Completed","8/22/2026","12:23 AM","America/Toronto","","true","351338","lyndsayfitzgeorge@gmail.com","Lyndsay Fitzgeorge","","351338","lyndsayfitzgeorge@gmail.com","Lyndsay Fitzgeorge","Unlimited Membership // London · BLACK FRIDAY 2025","22630","22631","712442897099","unlimited-member-memberships-584","","","Memberships","","","Completed","8/22/2026","CAD","1","180.00","180.00","23.40","203.40","Mastercard","E-Commerce","London","Ontario"
"8RT5-N6YJ-5L92","Completed","8/22/2026","12:23 AM","America/Toronto","","true","354124","mnmeddoui@gmail.com","Mariam Meddoui","","354124","mnmeddoui@gmail.com","Mariam Meddoui","Staff Membership // London","20830","20831","898235312897","staff-membership-memberships-735","","","Memberships","","","Completed","8/22/2026","CAD","1","0.00","0.00","0.00","0.00","No Charge","E-Commerce","London","Ontario"
"T7SX-ZT3T-5L92","Completed","8/22/2026","12:23 AM","America/Toronto","","true","229670","elliedeegan@gmail.com","Ellie Deegan","","229670","elliedeegan@gmail.com","Ellie Deegan","4x Membership // London","21999","22000","216300284773","4x-membership-lo-memberships-280","","","Memberships","","","Completed","8/22/2026","CAD","1","80.00","80.00","10.40","90.40","Mastercard","E-Commerce","London","Ontario"
"CJHA-CKFS-5L92","Completed","8/22/2026","11:17 AM","America/Toronto","desktop","false","398886","sam.spylo18@gmail.com","sam spylo","","71878","k.rothwell@spinco.ca","Kira Rothwell","SPINCO London Crewneck","24949","24950","966088003820","spinco-london-cr-clothing-144","Blue","","Clothing","","","Completed","8/22/2026","CAD","1","39.99","49.99","5.20","45.19","Mastercard","In-Store","London","Ontario"
"N8Y5-KBVG-5L92","Completed","8/22/2026","4:06 PM","America/Toronto","","false","182470","gracekobe08@gmail.com","Grace Kobe","","182470","gracekobe08@gmail.com","Grace Kobe","Summer Days Drop-In // London","26178","26179","455715388823","summer-days-drop-credits-083","","","Credits","","","Completed","8/22/2026","CAD","1","15.00","15.00","1.95","16.95","Visa","E-Commerce","London","Ontario"
"M5H3-2QH7-5L92","Completed","8/22/2026","4:21 PM","America/Toronto","","false","360337","jenn.buchanan@hotmail.com","Jenn Buchanan","","360337","jenn.buchanan@hotmail.com","Jenn Buchanan","One Class Card // London","20798","20799","760445337951","one-class-card-l-credits-347","","","Credits","","","Completed","8/22/2026","CAD","1","25.00","25.00","3.25","28.25","Visa","E-Commerce","London","Ontario"
"YSCR-5GYR-5L92","Completed","8/22/2026","4:39 PM","America/Toronto","","false","411149","katieshimshaw1@hotmail.com","katie shimshaw","","411149","katieshimshaw1@hotmail.com","katie shimshaw","4x Membership // London","21999","22000","216300284773","4x-membership-lo-memberships-280","","","Memberships","","","Completed","8/22/2026","CAD","1","80.00","80.00","10.40","90.40","Visa","E-Commerce","London","Ontario"
"JU8R-VJ3A-5L93","Completed","8/22/2026","8:57 PM","America/Toronto","","false","410822","skylarfadelle@gmail.com","Skylar Fadelle","","410822","skylarfadelle@gmail.com","Skylar Fadelle","Unlimited Membership // London","21995","21996","447442561003","unlimited-member-memberships-867","","","Memberships","","","Completed","8/22/2026","CAD","1","200.00","200.00","26.00","226.00","Visa","E-Commerce","London","Ontario"
"8QTU-REFY-5L93","Completed","8/23/2026","12:10 AM","America/Toronto","","false","354942","gracemdocherty@gmail.com","Grace Docherty","","354942","gracemdocherty@gmail.com","Grace Docherty","One Class Card // London","20798","20799","760445337951","one-class-card-l-credits-347","","","Credits","","","Completed","8/23/2026","CAD","1","25.00","25.00","3.25","28.25","Mastercard","E-Commerce","London","Ontario"
"7AYW-QZMQ-5L93","Completed","8/23/2026","12:13 AM","America/Toronto","","false","354942","gracemdocherty@gmail.com","Grace Docherty","","354942","gracemdocherty@gmail.com","Grace Docherty","One Class Card // London","20798","20799","760445337951","one-class-card-l-credits-347","","","Credits","","","Completed","8/23/2026","CAD","1","25.00","25.00","3.25","28.25","Mastercard","E-Commerce","London","Ontario"
"CE83-F7PD-5L93","Completed","8/23/2026","12:24 AM","America/Toronto","","true","311771","alexrosewatt@outlook.com","Alex Watt","","311771","alexrosewatt@outlook.com","Alex Watt","Unlimited Monthly Membership // London *GRANDFATHERED","20834","20835","254627090190","unlimited-classe-memberships-530","","","Memberships","","","Completed","8/23/2026","CAD","1","200.00","200.00","26.00","226.00","Visa","E-Commerce","London","Ontario"
"DCNZ-T43Z-5L93","Completed","8/23/2026","8:16 AM","America/Toronto","","false","354942","gracemdocherty@gmail.com","Grace Docherty","","354942","gracemdocherty@gmail.com","Grace Docherty","One Class Card // London","20798","20799","760445337951","one-class-card-l-credits-347","","","Credits","","","Completed","8/23/2026","CAD","2","50.00","50.00","6.50","56.50","Mastercard","E-Commerce","London","Ontario"
"HJ3W-T3S5-5L93","Completed","8/23/2026","8:33 AM","America/Toronto","","false","376690","julierayad@gmail.com","Julie Ayad","","376690","julierayad@gmail.com","Julie Ayad","Summer Days Drop-In // London","26178","26179","455715388823","summer-days-drop-credits-083","","","Credits","","","Completed","8/23/2026","CAD","3","45.00","45.00","5.85","50.85","American Express","E-Commerce","London","Ontario"
"KPSD-UQXU-5L93","Completed","8/23/2026","9:11 AM","America/Toronto","","true","407777","sarahparay@gmail.com","Sarah Paray","","407777","sarahparay@gmail.com","Sarah Paray","Late Cancel Charge","14688","14690","036981809486","late-cancel-fee-penalty-fees-771","","","Penalty Fees","","","Completed","8/23/2026","CAD","1","15.00","15.00","1.95","16.95","Visa","E-Commerce","London","Ontario"
"GGPZ-3N5N-5L93","Completed","8/23/2026","10:12 AM","America/Toronto","","true","399915","iuliamircea@hotmail.ca","Iulia Mircea","","399915","iuliamircea@hotmail.ca","Iulia Mircea","No Show Charge","14687","14689","489143084327","no-show-fee-penalty-fees-498","","","Penalty Fees","","","Completed","8/23/2026","CAD","1","20.00","20.00","2.60","22.60","Visa","E-Commerce","London","Ontario"
"W76S-C7JD-5L93","Completed","8/23/2026","10:26 AM","America/Toronto","","false","374394","samiha.rahman36@gmail.com","Samiha Rahman","","374394","samiha.rahman36@gmail.com","Samiha Rahman","New Rider Special // London","21051","21052","288040778473","new-rider-specia-memberships-503","","","Memberships","","","Completed","8/23/2026","CAD","1","50.00","50.00","6.50","56.50","American Express","E-Commerce","London","Ontario"
"94DD-CMT7-5L93","Completed","8/23/2026","10:28 AM","America/Toronto","","false","374394","samiha.rahman36@gmail.com","Samiha Rahman","","374394","samiha.rahman36@gmail.com","Samiha Rahman","Spin-It-Forward // London","20792","20793","964245982422","spin-it-forward--credits-429","","","Credits","","","Completed","8/23/2026","CAD","1","10.00","10.00","1.30","11.30","American Express","E-Commerce","London","Ontario"
"BUFD-X3KW-5L93","Completed","8/23/2026","11:11 AM","America/Toronto","","true","407624","avapompilii@icloud.com","Ava Pompilii","","407624","avapompilii@icloud.com","Ava Pompilii","No Show Charge","14687","14689","489143084327","no-show-fee-penalty-fees-498","","","Penalty Fees","","","Completed","8/23/2026","CAD","1","20.00","20.00","2.60","22.60","Mastercard","E-Commerce","London","Ontario"
"D449-ASYK-5L93","Completed","8/23/2026","11:11 AM","America/Toronto","","true","406019","emily.he8@icloud.com","Emma Eves","","406019","emily.he8@icloud.com","Emma Eves","No Show Charge","14687","14689","489143084327","no-show-fee-penalty-fees-498","","","Penalty Fees","","","Completed","8/23/2026","CAD","1","20.00","20.00","2.60","22.60","Visa","E-Commerce","London","Ontario"
"U82P-JDA2-5L93","Completed","8/23/2026","11:11 AM","America/Toronto","","true","399416","erinmdowning@outlook.com","Erin Downing","","399416","erinmdowning@outlook.com","Erin Downing","No Show Charge","14687","14689","489143084327","no-show-fee-penalty-fees-498","","","Penalty Fees","","","Completed","8/23/2026","CAD","1","20.00","20.00","2.60","22.60","Visa","E-Commerce","London","Ontario"
"Q2S2-PDZY-5L93","Completed","8/23/2026","11:53 AM","America/Toronto","","false","374806","liv.o@rogers.com","Olivia Orsini","","374806","liv.o@rogers.com","Olivia Orsini","One Class Card // London","20798","20799","760445337951","one-class-card-l-credits-347","","","Credits","","","Completed","8/23/2026","CAD","1","25.00","25.00","3.25","28.25","Visa","E-Commerce","London","Ontario"
"H52G-9PME-5L93","Completed","8/23/2026","1:42 PM","America/Toronto","","false","188450","laura.pfeffer@hotmail.com","Laura Pfeffer","","188450","laura.pfeffer@hotmail.com","Laura Pfeffer","One Class Card // London","20798","20799","760445337951","one-class-card-l-credits-347","","","Credits","","","Completed","8/23/2026","CAD","1","25.00","25.00","3.25","28.25","Mastercard","E-Commerce","London","Ontario"
"BQTA-YWCR-5L93","Completed","8/23/2026","1:47 PM","America/Toronto","","false","64773","em.ennett@gmail.com","Emily Ennett","","64773","em.ennett@gmail.com","Emily Ennett","One Class Card // London","20798","20799","760445337951","one-class-card-l-credits-347","","","Credits","","","Completed","8/23/2026","CAD","1","25.00","25.00","3.25","28.25","Visa","E-Commerce","London","Ontario"
"78RV-HGNN-5L93","Completed","8/23/2026","2:41 PM","America/Toronto","","false","228194","margaret.lovtsova@gmail.com","Margaret Lovtsova","","228194","margaret.lovtsova@gmail.com","Margaret Lovtsova","Summer Days Drop-In // London","26178","26179","455715388823","summer-days-drop-credits-083","","","Credits","","","Completed","8/23/2026","CAD","1","15.00","15.00","1.95","16.95","Visa","E-Commerce","London","Ontario"
"48YK-K35A-5L93","Completed","8/23/2026","2:50 PM","America/Toronto","","false","205731","avanir31@gmail.com","Avani Rishi","","205731","avanir31@gmail.com","Avani Rishi","Summer Days Drop-In // London","26178","26179","455715388823","summer-days-drop-credits-083","","","Credits","","","Completed","8/23/2026","CAD","1","15.00","15.00","1.95","16.95","Mastercard","E-Commerce","London","Ontario"
"NY3A-NUEW-5L93","Completed","8/23/2026","2:53 PM","America/Toronto","","false","228194","margaret.lovtsova@gmail.com","Margaret Lovtsova","","228194","margaret.lovtsova@gmail.com","Margaret Lovtsova","One Class Card // London","20798","20799","760445337951","one-class-card-l-credits-347","","","Credits","","","Completed","8/23/2026","CAD","1","25.00","25.00","3.25","28.25","Visa","E-Commerce","London","Ontario"
"2S2X-QEJF-5L93","Completed","8/23/2026","4:36 PM","America/Toronto","","false","360260","jackie.wilkins@bell.net","Jackie Wilkins","","360260","jackie.wilkins@bell.net","Jackie Wilkins","One Class Card // London","20798","20799","760445337951","one-class-card-l-credits-347","","","Credits","","","Completed","8/23/2026","CAD","1","25.00","25.00","3.25","28.25","Visa","E-Commerce","London","Ontario"
"YVBV-GYM6-5L93","Completed","8/23/2026","6:44 PM","America/Toronto","","false","401994","husnitava@hotmail.com","Tava Husni","","401994","husnitava@hotmail.com","Tava Husni","Summer Days Drop-In // London","26178","26179","455715388823","summer-days-drop-credits-083","","","Credits","","","Completed","8/23/2026","CAD","1","15.00","15.00","1.95","16.95","Visa","E-Commerce","London","Ontario"
"QAKB-4J5U-5L93","Completed","8/23/2026","6:46 PM","America/Toronto","","false","405636","turkmanidil@hotmail.com","Idil Turkman","","405636","turkmanidil@hotmail.com","Idil Turkman","Summer Days Drop-In // London","26178","26179","455715388823","summer-days-drop-credits-083","","","Credits","","","Completed","8/23/2026","CAD","1","15.00","15.00","1.95","16.95","Visa","E-Commerce","London","Ontario"
"R9JU-4SAA-5L93","Completed","8/23/2026","7:12 PM","America/Toronto","","false","346889","cswalker1@gmail.com","Casey Walkee","","346889","cswalker1@gmail.com","Casey Walkee","Summer Days Drop-In // London","26178","26179","455715388823","summer-days-drop-credits-083","","","Credits","","","Completed","8/23/2026","CAD","1","15.00","15.00","1.95","16.95","Visa","E-Commerce","London","Ontario"
"CPCP-P39A-5L93","Completed","8/23/2026","7:18 PM","America/Toronto","","false","319084","allisonkraemer@hotmail.com","Allison Kraemer","","319084","allisonkraemer@hotmail.com","Allison Kraemer","Summer Days Drop-In // London","26178","26179","455715388823","summer-days-drop-credits-083","","","Credits","","","Completed","8/23/2026","CAD","1","15.00","15.00","1.95","16.95","Visa","E-Commerce","London","Ontario"
"W5PW-R42S-5L94","Completed","8/23/2026","8:28 PM","America/Toronto","","false","368088","emma.calcutt5@gmail.com","Emma Calcutt","","368088","emma.calcutt5@gmail.com","Emma Calcutt","Spin-It-Forward // London","20792","20793","964245982422","spin-it-forward--credits-429","","","Credits","","","Completed","8/23/2026","CAD","1","10.00","10.00","1.30","11.30","Visa","E-Commerce","London","Ontario"
"W5PW-R42S-5L94","Completed","8/23/2026","8:28 PM","America/Toronto","","false","368088","emma.calcutt5@gmail.com","Emma Calcutt","","368088","emma.calcutt5@gmail.com","Emma Calcutt","Summer Days Drop-In // London","26178","26179","455715388823","summer-days-drop-credits-083","","","Credits","","","Completed","8/23/2026","CAD","1","15.00","15.00","1.95","16.95","Visa","E-Commerce","London","Ontario"
"EXZB-SEYQ-5L94","Completed","8/23/2026","8:31 PM","America/Toronto","","false","367537","paige.dresser@lhsc.on.ca","Paige Dresser","","367537","paige.dresser@lhsc.on.ca","Paige Dresser","Summer Days Drop-In // London","26178","26179","455715388823","summer-days-drop-credits-083","","","Credits","","","Completed","8/23/2026","CAD","1","15.00","15.00","1.95","16.95","Visa","E-Commerce","London","Ontario"
"55NJ-WYUN-5L94","Completed","8/23/2026","9:50 PM","America/Toronto","","false","403703","hernandez.abby558@gmail.com","Abigail Hernandez","","403703","hernandez.abby558@gmail.com","Abigail Hernandez","Summer Days Drop-In // London","26178","26179","455715388823","summer-days-drop-credits-083","","","Credits","","","Completed","8/23/2026","CAD","1","15.00","15.00","1.95","16.95","Visa","E-Commerce","London","Ontario"
"MGST-9YSV-5L8S","Completed","8/12/2026","7:35 PM","America/Toronto","","true","395521","yarafsharairee@gmail.com","Yara Alsharairi","","395521","yarafsharairee@gmail.com","Yara Alsharairi","Unlimited Membership // London Summer Sale","25655","25656","961992957372","unlimited-member-memberships-020","","","Memberships","","","Completed","8/24/2026","CAD","1","169.00","169.00","21.97","190.97","Visa","E-Commerce","London","Ontario"
"K563-2YFC-5L94","Completed","8/24/2026","12:23 AM","America/Toronto","","true","391956","sabrina.6stevens.6@gmail.com","Sabrina Stevens","","391956","sabrina.6stevens.6@gmail.com","Sabrina Stevens","Unlimited Membership // London Summer Sale","25655","25656","961992957372","unlimited-member-memberships-020","","","Memberships","","","Completed","8/24/2026","CAD","1","169.00","169.00","21.97","190.97","Visa","E-Commerce","London","Ontario"
"G67S-5CDK-5L94","Completed","8/24/2026","12:23 AM","America/Toronto","","true","388779","joseniov@yahoo.com","Jose Villamater","","388779","joseniov@yahoo.com","Jose Villamater","Unlimited Membership // London Summer Sale","25655","25656","961992957372","unlimited-member-memberships-020","","","Memberships","","","Completed","8/24/2026","CAD","1","169.00","169.00","21.97","190.97","Mastercard","E-Commerce","London","Ontario"
"8K55-3TPA-5L94","Completed","8/24/2026","5:11 AM","America/Toronto","","true","351106","stacey.pipicelli@gmail.com","Stacey Pipicelli","","351106","stacey.pipicelli@gmail.com","Stacey Pipicelli","Late Cancel Charge","14688","14690","036981809486","late-cancel-fee-penalty-fees-771","","","Penalty Fees","","","Completed","8/24/2026","CAD","1","15.00","15.00","1.95","16.95","Visa","E-Commerce","London","Ontario"
"8FXU-RR6N-5L94","Completed","8/24/2026","8:29 AM","America/Toronto","","false","384035","laismeiras@gmail.com","Laís Marques Eiras","","384035","laismeiras@gmail.com","Laís Marques Eiras","Spin-It-Forward // London","20792","20793","964245982422","spin-it-forward--credits-429","","","Credits","","","Completed","8/24/2026","CAD","1","10.00","10.00","1.30","11.30","Visa","E-Commerce","London","Ontario"
"DRTR-SSV4-5L94","Completed","8/24/2026","8:29 AM","America/Toronto","","false","384035","laismeiras@gmail.com","Laís Marques Eiras","","384035","laismeiras@gmail.com","Laís Marques Eiras","Spin-It-Forward // London","20792","20793","964245982422","spin-it-forward--credits-429","","","Credits","","","Completed","8/24/2026","CAD","1","10.00","10.00","1.30","11.30","Visa","E-Commerce","London","Ontario"
"RAZQ-VMC8-5L94","Completed","8/24/2026","9:52 AM","America/Toronto","","false","399248","abbylangan12@gmail.com","Abby Langan","","399248","abbylangan12@gmail.com","Abby Langan","One Class Card // London","20798","20799","760445337951","one-class-card-l-credits-347","","","Credits","","","Completed","8/24/2026","CAD","1","25.00","25.00","3.25","28.25","Visa","E-Commerce","London","Ontario"
"AFXA-C9MT-5L94","Completed","8/24/2026","10:59 AM","America/Toronto","","false","259814","christiemetron@bell.net","Christie Metron","","259814","christiemetron@bell.net","Christie Metron","Summer Days Drop-In // London","26178","26179","455715388823","summer-days-drop-credits-083","","","Credits","","","Completed","8/24/2026","CAD","1","15.00","15.00","1.95","16.95","Visa","E-Commerce","London","Ontario"
"J363-RP99-5L94","Refunded","8/24/2026","11:12 AM","America/Toronto","","true","319732","shanahan.keeghan@gmail.com","Keeghan Shanahan","","319732","shanahan.keeghan@gmail.com","Keeghan Shanahan","Late Cancel Charge","14688","14690","036981809486","late-cancel-fee-penalty-fees-771","","","Penalty Fees","","","Completed","8/24/2026","CAD","1","15.00","15.00","1.95","16.95","Visa","E-Commerce","London","Ontario"
"YMA7-K9FE-5L94","Completed","8/24/2026","11:27 AM","America/Toronto","","false","379914","camilajc08@gmail.com","Cami Jerez","","379914","camilajc08@gmail.com","Cami Jerez","Five Class Card // London","20802","20803","488719457552","five-class-card--credits-078","","","Credits","","","Completed","8/24/2026","CAD","1","110.00","110.00","14.30","124.30","Mastercard","E-Commerce","London","Ontario"
"PPMZ-EKCC-5L94","Completed","8/24/2026","1:12 PM","America/Toronto","","true","361749","alissamitchell@rogers.com","Alissa Mitchell","","361749","alissamitchell@rogers.com","Alissa Mitchell","Late Cancel Charge","14688","14690","036981809486","late-cancel-fee-penalty-fees-771","","","Penalty Fees","","","Completed","8/24/2026","CAD","1","15.00","15.00","1.95","16.95","Visa","E-Commerce","London","Ontario"
"WTFE-9679-5L94","Completed","8/24/2026","1:50 PM","America/Toronto","","false","400614","sarahmarotta@gmail.com","Sarah Marotta","","400614","sarahmarotta@gmail.com","Sarah Marotta","Spin-It-Forward // London","20792","20793","964245982422","spin-it-forward--credits-429","","","Credits","","","Completed","8/24/2026","CAD","1","10.00","10.00","1.30","11.30","Visa","E-Commerce","London","Ontario"
"E6TB-5YFM-5L94","Completed","8/24/2026","1:50 PM","America/Toronto","","false","298900","stephaniekursikowski@outlook.com","Stephanie Kursikowski","","298900","stephaniekursikowski@outlook.com","Stephanie Kursikowski","Spin-It-Forward // London","20792","20793","964245982422","spin-it-forward--credits-429","","","Credits","","","Completed","8/24/2026","CAD","1","10.00","10.00","1.30","11.30","Visa","E-Commerce","London","Ontario"
"3PRK-7E2B-5L94","Completed","8/24/2026","1:54 PM","America/Toronto","","false","400614","sarahmarotta@gmail.com","Sarah Marotta","","400614","sarahmarotta@gmail.com","Sarah Marotta","Summer Days Drop-In // London","26178","26179","455715388823","summer-days-drop-credits-083","","","Credits","","","Completed","8/24/2026","CAD","1","15.00","15.00","1.95","16.95","Visa","E-Commerce","London","Ontario"
"EYNP-QD29-5L94","Completed","8/24/2026","3:15 PM","America/Toronto","","false","410893","lindaye80@hotmail.com","Linda Ye","","410893","lindaye80@hotmail.com","Linda Ye","Summer Days Drop-In // London","26178","26179","455715388823","summer-days-drop-credits-083","","","Credits","","","Completed","8/24/2026","CAD","1","15.00","15.00","1.95","16.95","Visa","E-Commerce","London","Ontario"
"KD2Z-QV4K-5L94","Completed","8/24/2026","5:14 PM","America/Toronto","desktop","false","347195","lviner@hotmail.com","Laura Viner","","347195","lviner@hotmail.com","Laura Viner","Coffee // London","23655","23656","087239269521","coffee-london-food-and-beverag-851","","","Food and Beverage","","","Completed","8/24/2026","CAD","1","1.50","1.50","0.20","1.70","Mastercard","In-Store","London","Ontario"
"99GP-35T8-5L94","Completed","8/24/2026","5:31 PM","America/Toronto","","false","359884","vivybear@hotmail.co.uk","Vivian Chan","","359884","vivybear@hotmail.co.uk","Vivian Chan","Summer Days Drop-In // London","26178","26179","455715388823","summer-days-drop-credits-083","","","Credits","","","Completed","8/24/2026","CAD","1","15.00","15.00","1.95","16.95","Visa","E-Commerce","London","Ontario"
"PTD7-EP97-5L94","Completed","8/24/2026","5:55 PM","America/Toronto","","false","342982","alexissjb@icloud.com","Alexis Boyle","","342982","alexissjb@icloud.com","Alexis Boyle","One Class Card // London","20798","20799","760445337951","one-class-card-l-credits-347","","","Credits","","","Completed","8/24/2026","CAD","1","25.00","25.00","3.25","28.25","American Express","E-Commerce","London","Ontario"
"KBFK-NZK4-5L94","Completed","8/24/2026","5:56 PM","America/Toronto","","false","411397","carlieshimshawiphone@hotmail.com","carlie shimshaw","","411397","carlieshimshawiphone@hotmail.com","carlie shimshaw","New Rider Special // London","21051","21052","288040778473","new-rider-specia-memberships-503","","","Memberships","","","Completed","8/24/2026","CAD","1","50.00","50.00","6.50","56.50","Visa","E-Commerce","London","Ontario"
"JTRB-SKD7-5L94","Completed","8/24/2026","6:40 PM","America/Toronto","","false","408466","norahblanchette@gmail.com","Norah Blanchette","","408466","norahblanchette@gmail.com","Norah Blanchette","Summer Days Drop-In // London","26178","26179","455715388823","summer-days-drop-credits-083","","","Credits","","","Completed","8/24/2026","CAD","1","15.00","15.00","1.95","16.95","Visa","E-Commerce","London","Ontario"
"MRYE-KHAX-5L94","Completed","8/24/2026","6:41 PM","America/Toronto","","false","408466","norahblanchette@gmail.com","Norah Blanchette","","408466","norahblanchette@gmail.com","Norah Blanchette","Summer Days Drop-In // London","26178","26179","455715388823","summer-days-drop-credits-083","","","Credits","","","Completed","8/24/2026","CAD","1","15.00","15.00","1.95","16.95","Visa","E-Commerce","London","Ontario"
"X936-N7SG-5L94","Completed","8/24/2026","7:16 PM","America/Toronto","","false","385644","familyguest411@icloud.com","Lily Crandall","","385644","familyguest411@icloud.com","Lily Crandall","Summer Days Drop-In // London","26178","26179","455715388823","summer-days-drop-credits-083","","","Credits","","","Completed","8/24/2026","CAD","1","15.00","15.00","1.95","16.95","Visa","E-Commerce","London","Ontario"
"4ESQ-BZA3-5L94","Completed","8/24/2026","7:17 PM","America/Toronto","","false","385644","familyguest411@icloud.com","Lily Crandall","","385644","familyguest411@icloud.com","Lily Crandall","Summer Days Drop-In // London","26178","26179","455715388823","summer-days-drop-credits-083","","","Credits","","","Completed","8/24/2026","CAD","1","15.00","15.00","1.95","16.95","Visa","E-Commerce","London","Ontario"
"QBJQ-73F7-5L94","Completed","8/24/2026","7:34 PM","America/Toronto","desktop","false","358618","hooraesteph@gmail.com","Stephanie Rae","","347195","lviner@hotmail.com","Laura Viner","SPINCO London Crewneck","24949","24950","966088003820","spinco-london-cr-clothing-144","Blue","","Clothing","","","Completed","8/24/2026","CAD","1","49.99","49.99","6.50","56.49","Visa","In-Store","London","Ontario"
"8MYD-YA3J-5L94","Completed","8/24/2026","7:45 PM","America/Toronto","","false","367537","paige.dresser@lhsc.on.ca","Paige Dresser","","367537","paige.dresser@lhsc.on.ca","Paige Dresser","Spin-It-Forward // London","20792","20793","964245982422","spin-it-forward--credits-429","","","Credits","","","Completed","8/24/2026","CAD","1","10.00","10.00","1.30","11.30","Visa","E-Commerce","London","Ontario"
"J85P-RPHU-5L95","Completed","8/24/2026","8:17 PM","America/Toronto","","true","348357","sarah_steciuk@hotmail.com","Sarah Steciuk","","348357","sarah_steciuk@hotmail.com","Sarah Steciuk","Unlimited Membership // London Summer Sale","25655","25656","961992957372","unlimited-member-memberships-020","","","Memberships","","","Completed","8/24/2026","CAD","1","169.00","169.00","21.97","190.97","Visa","E-Commerce","London","Ontario"
"G2JU-7BQR-5L95","Completed","8/25/2026","12:19 AM","America/Toronto","","false","402598","rabiaafzaal2@gmail.com","Rabia Afzaal","","402598","rabiaafzaal2@gmail.com","Rabia Afzaal","One Class Card // London","20798","20799","760445337951","one-class-card-l-credits-347","","","Credits","","","Completed","8/25/2026","CAD","1","25.00","25.00","3.25","28.25","Mastercard","E-Commerce","London","Ontario"
"72V3-BNP7-5L95","Completed","8/25/2026","12:23 AM","America/Toronto","","true","374806","liv.o@rogers.com","Olivia Orsini","","374806","liv.o@rogers.com","Olivia Orsini","4x Membership // London","21999","22000","216300284773","4x-membership-lo-memberships-280","","","Memberships","","","Completed","8/25/2026","CAD","1","80.00","80.00","10.40","90.40","Visa","E-Commerce","London","Ontario"
"7TJF-EKYX-5L95","Completed","8/25/2026","12:23 AM","America/Toronto","","true","269457","mglmgl2001@hotmail.ca","Mallory Long","","269457","mglmgl2001@hotmail.ca","Mallory Long","Student Monthly Membership // London","21738","21739","582370867097","student-monthly--memberships-495","","","Memberships","","","Completed","8/25/2026","CAD","1","175.00","175.00","22.75","197.75","Mastercard","E-Commerce","London","Ontario"
"ECPJ-TS28-5L95","Completed","8/25/2026","12:23 AM","America/Toronto","","true","386928","joannepazdzierz@hotmail.com","Joanne Crandall","","386928","joannepazdzierz@hotmail.com","Joanne Crandall","Unlimited Membership // London","21995","21996","447442561003","unlimited-member-memberships-867","","","Memberships","","","Completed","8/25/2026","CAD","1","200.00","200.00","26.00","226.00","Visa","E-Commerce","London","Ontario"
"FCBD-Q3QA-5L95","Completed","8/25/2026","12:23 AM","America/Toronto","","true","380354","kenndall-ba@hotmail.com","Kenndall Skowronski","","380354","kenndall-ba@hotmail.com","Kenndall Skowronski","8x Membership // London Summer Sale","25657","25658","913533113208","8x-membership-bu-memberships-078","","","Memberships","","","Completed","8/25/2026","CAD","1","127.00","127.00","16.51","143.51","Visa","E-Commerce","London","Ontario"
"XJ8S-9RBC-5L95","Completed","8/25/2026","12:23 AM","America/Toronto","","true","358471","brooklynblt18@gmail.com","Brooklyn McLeod","","358471","brooklynblt18@gmail.com","Brooklyn McLeod","8x Membership // London Summer Sale","25657","25658","913533113208","8x-membership-bu-memberships-078","","","Memberships","","","Completed","8/25/2026","CAD","1","127.00","127.00","16.51","143.51","Visa","E-Commerce","London","Ontario"
"AD6B-SCZW-5L95","Completed","8/25/2026","12:23 AM","America/Toronto","","true","357126","eman_assaf1@hotmail.com","Eman A","","357126","eman_assaf1@hotmail.com","Eman A","Unlimited Membership // London Summer Sale","25655","25656","961992957372","unlimited-member-memberships-020","","","Memberships","","","Completed","8/25/2026","CAD","1","169.00","169.00","21.97","190.97","Mastercard","E-Commerce","London","Ontario"
"VHD6-DEVP-5L95","Completed","8/25/2026","12:23 AM","America/Toronto","","true","336307","kendramacdougall488@hotmail.com","Kendra MacDougall","","336307","kendramacdougall488@hotmail.com","Kendra MacDougall","8x Membership // London Summer Sale","25657","25658","913533113208","8x-membership-bu-memberships-078","","","Memberships","","","Completed","8/25/2026","CAD","1","127.00","127.00","16.51","143.51","Mastercard","E-Commerce","London","Ontario"
"UVQ3-CRX7-5L95","Completed","8/25/2026","12:23 AM","America/Toronto","","true","367140","kamaxwell13@gmail.com","Kylie Maxwell","","367140","kamaxwell13@gmail.com","Kylie Maxwell","8x Membership // London Summer Sale","25657","25658","913533113208","8x-membership-bu-memberships-078","","","Memberships","","","Completed","8/25/2026","CAD","1","127.00","127.00","16.51","143.51","Visa","E-Commerce","London","Ontario"
"E5EG-RV9P-5L95","Completed","8/25/2026","12:23 AM","America/Toronto","","true","376617","alicia.nirta@gmail.com","Alicia Nirta","","376617","alicia.nirta@gmail.com","Alicia Nirta","8x Membership // London Summer Sale","25657","25658","913533113208","8x-membership-bu-memberships-078","","","Memberships","","","Completed","8/25/2026","CAD","1","127.00","127.00","16.51","143.51","Visa","E-Commerce","London","Ontario"
"UPEK-MBWC-5L95","Completed","8/25/2026","12:23 AM","America/Toronto","","true","378742","itslatashacromwell@gmail.com","Latasha Cromwell","","378742","itslatashacromwell@gmail.com","Latasha Cromwell","Unlimited Membership // London Summer Sale","25655","25656","961992957372","unlimited-member-memberships-020","","","Memberships","","","Completed","8/25/2026","CAD","1","169.00","169.00","21.97","190.97","Visa","E-Commerce","London","Ontario"
"EQMW-CYPW-5L95","Completed","8/25/2026","12:23 AM","America/Toronto","","true","351106","stacey.pipicelli@gmail.com","Stacey Pipicelli","","351106","stacey.pipicelli@gmail.com","Stacey Pipicelli","Unlimited Membership // London · BLACK FRIDAY 2025","22630","22631","712442897099","unlimited-member-memberships-584","","","Memberships","","","Completed","8/25/2026","CAD","1","180.00","180.00","23.40","203.40","Visa","E-Commerce","London","Ontario"
"8Q4H-94SQ-5L95","Completed","8/25/2026","3:11 AM","America/Toronto","","true","399416","erinmdowning@outlook.com","Erin Downing","","399416","erinmdowning@outlook.com","Erin Downing","Late Cancel Charge","14688","14690","036981809486","late-cancel-fee-penalty-fees-771","","","Penalty Fees","","","Completed","8/25/2026","CAD","1","15.00","15.00","1.95","16.95","Visa","E-Commerce","London","Ontario"
"WM9R-EKJU-5L95","Completed","8/25/2026","7:41 AM","America/Toronto","","false","402486","ty11pasta@hotmail.com","Tyler Pasta","","402486","ty11pasta@hotmail.com","Tyler Pasta","One Class Card // London","20798","20799","760445337951","one-class-card-l-credits-347","","","Credits","","","Completed","8/25/2026","CAD","1","25.00","25.00","3.25","28.25","Visa","E-Commerce","London","Ontario"
"85QS-KTZK-5L95","Completed","8/25/2026","9:19 AM","America/Toronto","","false","404270","tinaobhi@hotmail.com","Tina Obahi","","404270","tinaobhi@hotmail.com","Tina Obahi","Spin-It-Forward // London","20792","20793","964245982422","spin-it-forward--credits-429","","","Credits","","","Completed","8/25/2026","CAD","1","10.00","10.00","1.30","11.30","American Express","E-Commerce","London","Ontario"
"GEX3-YSC8-5L95","Completed","8/25/2026","9:40 AM","America/Toronto","","false","359884","vivybear@hotmail.co.uk","Vivian Chan","","359884","vivybear@hotmail.co.uk","Vivian Chan","Spin-It-Forward // London","20792","20793","964245982422","spin-it-forward--credits-429","","","Credits","","","Completed","8/25/2026","CAD","1","10.00","10.00","1.30","11.30","Visa","E-Commerce","London","Ontario"
"T3N6-VD7R-5L95","Completed","8/25/2026","10:18 AM","America/Toronto","","false","236558","haileebrown87@gmail.com","Hailee Brown","","236558","haileebrown87@gmail.com","Hailee Brown","One Class Card // London","20798","20799","760445337951","one-class-card-l-credits-347","","","Credits","","","Completed","8/25/2026","CAD","2","50.00","50.00","6.50","56.50","Visa","E-Commerce","London","Ontario"
"FS8S-G2U2-5L95","Completed","8/25/2026","11:11 AM","America/Toronto","desktop","false","346927","narellehesler@gmail.com","Narelle Hesler","","71878","k.rothwell@spinco.ca","Kira Rothwell","One Class Card // London","20798","20799","760445337951","one-class-card-l-credits-347","","","Credits","","","Completed","8/25/2026","CAD","1","25.00","25.00","3.25","28.25","Mastercard","In-Store","London","Ontario"
"UVEH-X32D-5L95","Completed","8/25/2026","11:11 AM","America/Toronto","","false","380484","jordynkuenzig@gmail.com","Jordyn Kuenzig","","380484","jordynkuenzig@gmail.com","Jordyn Kuenzig","One Class Card // London","20798","20799","760445337951","one-class-card-l-credits-347","","","Credits","","","Completed","8/25/2026","CAD","1","25.00","25.00","3.25","28.25","Visa","E-Commerce","London","Ontario"
"QGJW-TTNW-5L95","Completed","8/25/2026","11:37 AM","America/Toronto","","false","393077","mariannabkzz@gmail.com","Marianna Barakziye","","393077","mariannabkzz@gmail.com","Marianna Barakziye","Spin-It-Forward // London","20792","20793","964245982422","spin-it-forward--credits-429","","","Credits","","","Completed","8/25/2026","CAD","1","10.00","10.00","1.30","11.30","American Express","E-Commerce","London","Ontario"
"5PF8-RRNX-5L95","Completed","8/25/2026","4:56 PM","America/Toronto","","false","377106","gaya3mallya@gmail.com","Gaya Mallya","","377106","gaya3mallya@gmail.com","Gaya Mallya","Summer Days Drop-In // London","26178","26179","455715388823","summer-days-drop-credits-083","","","Credits","","","Completed","8/25/2026","CAD","1","15.00","15.00","1.95","16.95","Mastercard","E-Commerce","London","Ontario"
"6YHT-63J3-5L95","Completed","8/25/2026","4:57 PM","America/Toronto","","false","301035","evelynstann@gmail.com","Evelyn Stan","","301035","evelynstann@gmail.com","Evelyn Stan","One Class Card // London","20798","20799","760445337951","one-class-card-l-credits-347","","","Credits","","","Completed","8/25/2026","CAD","1","25.00","25.00","3.25","28.25","Visa","E-Commerce","London","Ontario"
"5B33-WVAQ-5L95","Completed","8/25/2026","6:23 PM","America/Toronto","","false","378014","valeskadegouveia@hotmail.com","Valeska De Gouveia","","378014","valeskadegouveia@hotmail.com","Valeska De Gouveia","Spin-It-Forward // London","20792","20793","964245982422","spin-it-forward--credits-429","","","Credits","","","Completed","8/25/2026","CAD","1","10.00","10.00","1.30","11.30","Mastercard","E-Commerce","London","Ontario"
"M3CY-R7WG-5L96","Completed","8/25/2026","8:07 PM","America/Toronto","","false","398813","desireehvk@gmail.com","Desiree Forrest","","398813","desireehvk@gmail.com","Desiree Forrest","Summer Days Drop-In // London","26178","26179","455715388823","summer-days-drop-credits-083","","","Credits","","","Completed","8/25/2026","CAD","1","15.00","15.00","1.95","16.95","Visa","E-Commerce","London","Ontario"
"VFVQ-5TZS-5L96","Completed","8/25/2026","8:27 PM","America/Toronto","","false","411351","jackygardiner26@hotmail.com","Jacky Lane","","411351","jackygardiner26@hotmail.com","Jacky Lane","New Rider Special // London","21051","21052","288040778473","new-rider-specia-memberships-503","","","Memberships","","","Completed","8/25/2026","CAD","1","50.00","50.00","6.50","56.50","Mastercard","E-Commerce","London","Ontario"
"HJTU-D27Y-5L91","Refunded","8/21/2026","6:11 AM","America/Toronto","","true","320367","nramirez.hba2015@gmail.com","Nathalie Ramirez","","71878","k.rothwell@spinco.ca","Kira Rothwell","Late Cancel Charge","14688","14690","036981809486","late-cancel-fee-penalty-fees-771","","","Penalty Fees","","","Refunded","8/25/2026","CAD","-1","-15.00","-15.00","-1.95","-16.95","Visa","E-Commerce","London","Ontario"
"38JT-UQX8-5L96","Completed","8/25/2026","9:11 PM","America/Toronto","","false","391535","lam.sandy91@gmail.com","Sandy Lam","","391535","lam.sandy91@gmail.com","Sandy Lam","Summer Days Drop-In // London","26178","26179","455715388823","summer-days-drop-credits-083","","","Credits","","","Completed","8/25/2026","CAD","1","15.00","15.00","1.95","16.95","Visa","E-Commerce","London","Ontario"
"SUX8-6NAV-5L96","Completed","8/25/2026","9:24 PM","America/Toronto","mobile","false","397624","lauraloppez@hotmail.ca","Laura Lopez","","397624","lauraloppez@hotmail.ca","Laura Lopez","Summer Days Drop-In // London","26178","26179","455715388823","summer-days-drop-credits-083","","","Credits","","","Completed","8/25/2026","CAD","1","15.00","15.00","1.95","16.95","Account balance","E-Commerce","London","Ontario"
"KRQV-6CKK-5L96","Completed","8/26/2026","5:21 AM","America/Toronto","","false","411569","stefanie.mcavoy@gmail.com","Stefanie McAvoy","","411569","stefanie.mcavoy@gmail.com","Stefanie McAvoy","New Rider Special // London","21051","21052","288040778473","new-rider-specia-memberships-503","","","Memberships","","","Completed","8/26/2026","CAD","1","50.00","50.00","6.50","56.50","Visa","E-Commerce","London","Ontario"
"VTQR-2AY8-5L96","Completed","8/26/2026","9:30 AM","America/Toronto","","false","402750","bfiegehen06@gmail.com","Bronwyn Fiegehen","","402750","bfiegehen06@gmail.com","Bronwyn Fiegehen","Summer Days Drop-In // London","26178","26179","455715388823","summer-days-drop-credits-083","","","Credits","","","Completed","8/26/2026","CAD","1","15.00","15.00","1.95","16.95","Mastercard","E-Commerce","London","Ontario"
"BPRN-V3RX-5L96","Completed","8/26/2026","10:28 AM","America/Toronto","","false","405532","talianoon17@hotmail.com","Talia Noon","","405532","talianoon17@hotmail.com","Talia Noon","Spin-It-Forward // London","20792","20793","964245982422","spin-it-forward--credits-429","","","Credits","","","Completed","8/26/2026","CAD","1","10.00","10.00","1.30","11.30","Visa","E-Commerce","London","Ontario"
"ZKM3-4STN-5L96","Completed","8/26/2026","10:47 AM","America/Toronto","","false","355392","nbasmaji@uwo.ca","Noor Basmaji","","355392","nbasmaji@uwo.ca","Noor Basmaji","Summer Days Drop-In // London","26178","26179","455715388823","summer-days-drop-credits-083","","","Credits","","","Completed","8/26/2026","CAD","1","15.00","15.00","1.95","16.95","Mastercard","E-Commerce","London","Ontario"
"NDDM-NQ6N-5L96","Completed","8/26/2026","11:11 AM","America/Toronto","","true","372287","cienna.michelle@gmail.com","Cienna Good","","372287","cienna.michelle@gmail.com","Cienna Good","Late Cancel Charge","14688","14690","036981809486","late-cancel-fee-penalty-fees-771","","","Penalty Fees","","","Completed","8/26/2026","CAD","1","15.00","15.00","1.95","16.95","Visa","E-Commerce","London","Ontario"
"FYKY-SGPN-5L96","Completed","8/26/2026","12:02 PM","America/Toronto","desktop","false","368088","emma.calcutt5@gmail.com","Emma Calcutt","","347301","london@spinco.ca","SPINCO London","SPINCO Water","19657","19658","469973764933","spinco-water-water-914","","","Water","Arctic Chiller","","Completed","8/26/2026","CAD","1","2.50","2.50","0.33","2.83","Visa","In-Store","London","Ontario"
"P2P5-BHVW-5L96","Completed","8/26/2026","12:11 PM","America/Toronto","","true","361749","alissamitchell@rogers.com","Alissa Mitchell","","361749","alissamitchell@rogers.com","Alissa Mitchell","Late Cancel Charge","14688","14690","036981809486","late-cancel-fee-penalty-fees-771","","","Penalty Fees","","","Completed","8/26/2026","CAD","1","15.00","15.00","1.95","16.95","Visa","E-Commerce","London","Ontario"
"YE5Y-6AYD-5L96","Completed","8/26/2026","2:09 PM","America/Toronto","","false","397582","chantel.devries@outlook.com","Chantel Devries","","397582","chantel.devries@outlook.com","Chantel Devries","One Class Card // London","20798","20799","760445337951","one-class-card-l-credits-347","","","Credits","","","Completed","8/26/2026","CAD","1","25.00","25.00","3.25","28.25","Visa","E-Commerce","London","Ontario"
"WJXF-95QG-5L96","Completed","8/26/2026","2:45 PM","America/Toronto","","false","367537","paige.dresser@lhsc.on.ca","Paige Dresser","","367537","paige.dresser@lhsc.on.ca","Paige Dresser","Summer Days Drop-In // London","26178","26179","455715388823","summer-days-drop-credits-083","","","Credits","","","Completed","8/26/2026","CAD","1","15.00","15.00","1.95","16.95","Visa","E-Commerce","London","Ontario"
"GYNV-7PY8-5L96","Completed","8/26/2026","2:45 PM","America/Toronto","","false","368088","emma.calcutt5@gmail.com","Emma Calcutt","","368088","emma.calcutt5@gmail.com","Emma Calcutt","Summer Days Drop-In // London","26178","26179","455715388823","summer-days-drop-credits-083","","","Credits","","","Completed","8/26/2026","CAD","1","15.00","15.00","1.95","16.95","Visa","E-Commerce","London","Ontario"
"WNUC-6Z6P-5L96","Completed","8/26/2026","3:39 PM","America/Toronto","","false","366331","malakosman100@gmail.com","Malak Osman","","366331","malakosman100@gmail.com","Malak Osman","Summer Days Drop-In // London","26178","26179","455715388823","summer-days-drop-credits-083","","","Credits","","","Completed","8/26/2026","CAD","1","15.00","15.00","1.95","16.95","Visa","E-Commerce","London","Ontario"
"NPFV-B6RV-5L96","Completed","8/26/2026","4:59 PM","America/Toronto","","false","384613","maddie.kellerrrr@gmail.com","Maddie Keller","","384613","maddie.kellerrrr@gmail.com","Maddie Keller","Spin-It-Forward // London","20792","20793","964245982422","spin-it-forward--credits-429","","","Credits","","","Completed","8/26/2026","CAD","1","10.00","10.00","1.30","11.30","Mastercard","E-Commerce","London","Ontario"
"5SY7-5FDG-5L96","Completed","8/26/2026","5:49 PM","America/Toronto","","false","381623","lydia.beth.taylor@gmail.com","Lydia Taylor","","381623","lydia.beth.taylor@gmail.com","Lydia Taylor","One Class Card // London","20798","20799","760445337951","one-class-card-l-credits-347","","","Credits","","","Completed","8/26/2026","CAD","1","25.00","25.00","3.25","28.25","Visa","E-Commerce","London","Ontario"
"2QEV-3NYP-5L96","Completed","8/26/2026","6:21 PM","America/Toronto","","false","356496","amanahkhattar@gmail.com","Amanah Khattar","","356496","amanahkhattar@gmail.com","Amanah Khattar","Spin-It-Forward // London","20792","20793","964245982422","spin-it-forward--credits-429","","","Credits","","","Completed","8/26/2026","CAD","1","10.00","10.00","1.30","11.30","Mastercard","E-Commerce","London","Ontario"
"SSPB-TU87-5L96","Completed","8/26/2026","7:47 PM","America/Toronto","","false","411660","missmailynnechang@gmail.com","Priscilla Chang","","411660","missmailynnechang@gmail.com","Priscilla Chang","Summer Days Drop-In // London","26178","26179","455715388823","summer-days-drop-credits-083","","","Credits","","","Completed","8/26/2026","CAD","1","15.00","15.00","1.95","16.95","Visa","E-Commerce","London","Ontario"
"2FVF-CS7X-5L96","Completed","8/26/2026","7:48 PM","America/Toronto","","false","411660","missmailynnechang@gmail.com","Priscilla Chang","","411660","missmailynnechang@gmail.com","Priscilla Chang","One Class Card // London","20798","20799","760445337951","one-class-card-l-credits-347","","","Credits","","","Completed","8/26/2026","CAD","1","25.00","25.00","3.25","28.25","Visa","E-Commerce","London","Ontario"
"4KZD-C5E9-5L96","Completed","8/26/2026","7:49 PM","America/Toronto","","false","378377","mmmofmildmay@hotmail.com","Michaela Mitchell","","378377","mmmofmildmay@hotmail.com","Michaela Mitchell","Five Class Card // London","20802","20803","488719457552","five-class-card--credits-078","","","Credits","","","Completed","8/26/2026","CAD","1","110.00","110.00","14.30","124.30","Mastercard","E-Commerce","London","Ontario"
"7YRX-DBRF-5L97","Completed","8/26/2026","8:12 PM","America/Toronto","","false","404549","gracenouwens@yahoo.com","Grace Nouwens","","404549","gracenouwens@yahoo.com","Grace Nouwens","Spin-It-Forward // London","20792","20793","964245982422","spin-it-forward--credits-429","","","Credits","","","Completed","8/26/2026","CAD","1","10.00","10.00","1.30","11.30","Visa","E-Commerce","London","Ontario"
"4DT6-GGK3-5L97","Completed","8/26/2026","8:12 PM","America/Toronto","","false","411662","amacleod03@gmail.com","Amber MacLeod","","411662","amacleod03@gmail.com","Amber MacLeod","Ten Class Card // London Email Gift Card","20796","20797","032674047645","ten-class-card-l-email-credit-gif-821","","","Email Credit Gift Cards","","","Completed","8/26/2026","CAD","1","200.00","200.00","26.00","226.00","Mastercard","E-Commerce","London","Ontario"
"44K7-ZKXF-5L97","Completed","8/26/2026","8:29 PM","America/Toronto","","false","406331","ahofkirc@uwo.ca","Alex Hofkirchner","","406331","ahofkirc@uwo.ca","Alex Hofkirchner","Summer Days Drop-In // London","26178","26179","455715388823","summer-days-drop-credits-083","","","Credits","","","Completed","8/26/2026","CAD","1","15.00","15.00","1.95","16.95","Visa","E-Commerce","London","Ontario"
"SVV3-YZFY-5L97","Completed","8/26/2026","8:36 PM","America/Toronto","","false","372125","jsmjazzy@gmail.com","Jasmine Swan","","372125","jsmjazzy@gmail.com","Jasmine Swan","One Class Card // London","20798","20799","760445337951","one-class-card-l-credits-347","","","Credits","","","Completed","8/26/2026","CAD","1","25.00","25.00","3.25","28.25","Visa","E-Commerce","London","Ontario"
"DYV5-G6KK-5L97","Completed","8/26/2026","8:40 PM","America/Toronto","","false","411671","ematejaco@gmail.com","Jacob Matejko","","411671","ematejaco@gmail.com","Jacob Matejko","One Class Card // London","20798","20799","760445337951","one-class-card-l-credits-347","","","Credits","","","Completed","8/26/2026","CAD","1","25.00","25.00","3.25","28.25","Visa","E-Commerce","London","Ontario"
"PB2R-AV4S-5L97","Completed","8/26/2026","9:03 PM","America/Toronto","","false","394564","melo_lucia13@outlook.com","Lucia Melo","","394564","melo_lucia13@outlook.com","Lucia Melo","One Class Card // London","20798","20799","760445337951","one-class-card-l-credits-347","","","Credits","","","Completed","8/26/2026","CAD","1","25.00","25.00","3.25","28.25","Mastercard","E-Commerce","London","Ontario"
"RW4T-SY3K-5L97","Completed","8/26/2026","9:05 PM","America/Toronto","","false","346597","sidneytrinh02@gmail.com","Sidney Trinh","","346597","sidneytrinh02@gmail.com","Sidney Trinh","Five Class Card // London","20802","20803","488719457552","five-class-card--credits-078","","","Credits","","","Completed","8/26/2026","CAD","1","110.00","110.00","14.30","124.30","Mastercard","E-Commerce","London","Ontario"
"J5R4-793P-5L97","Completed","8/26/2026","9:10 PM","America/Toronto","","false","406055","azebian8@uwo.ca","Aya Zebian","","406055","azebian8@uwo.ca","Aya Zebian","Five Class Card // London","20802","20803","488719457552","five-class-card--credits-078","","","Credits","","","Completed","8/26/2026","CAD","1","93.50","110.00","12.16","105.66","Visa","E-Commerce","London","Ontario"
"S9M4-BRQ8-5L97","Completed","8/26/2026","9:13 PM","America/Toronto","","false","406055","azebian8@uwo.ca","Aya Zebian","","406055","azebian8@uwo.ca","Aya Zebian","Spin-It-Forward // London","20792","20793","964245982422","spin-it-forward--credits-429","","","Credits","","","Completed","8/26/2026","CAD","2","20.00","20.00","2.60","22.60","Visa","E-Commerce","London","Ontario"
"AWCT-YKUR-5L97","Completed","8/26/2026","9:56 PM","America/Toronto","mobile","false","397624","lauraloppez@hotmail.ca","Laura Lopez","","397624","lauraloppez@hotmail.ca","Laura Lopez","Summer Days Drop-In // London","26178","26179","455715388823","summer-days-drop-credits-083","","","Credits","","","Completed","8/26/2026","CAD","1","15.00","15.00","1.95","16.95","Account balance","E-Commerce","London","Ontario"
"A6B8-U4C8-5L97","Completed","8/26/2026","11:11 PM","America/Toronto","","false","410893","lindaye80@hotmail.com","Linda Ye","","410893","lindaye80@hotmail.com","Linda Ye","Summer Days Drop-In // London","26178","26179","455715388823","summer-days-drop-credits-083","","","Credits","","","Completed","8/26/2026","CAD","1","15.00","15.00","1.95","16.95","Visa","E-Commerce","London","Ontario"
"M4NV-TBHA-5L97","Completed","8/27/2026","12:25 AM","America/Toronto","","true","380674","mervebozkurtt.41@gmail.com","Merve Bozkurt","","380674","mervebozkurtt.41@gmail.com","Merve Bozkurt","Unlimited Membership // London","21995","21996","447442561003","unlimited-member-memberships-867","","","Memberships","","","Completed","8/27/2026","CAD","1","200.00","200.00","26.00","226.00","Mastercard","E-Commerce","London","Ontario"
"8Q24-G28B-5L97","Completed","8/27/2026","12:25 AM","America/Toronto","","true","320592","s.rothwell@spinco.ca","Stephen Rothwell","","320592","s.rothwell@spinco.ca","Stephen Rothwell","Staff Membership // London","20830","20831","898235312897","staff-membership-memberships-735","","","Memberships","","","Completed","8/27/2026","CAD","1","0.00","0.00","0.00","0.00","No Charge","E-Commerce","London","Ontario"
"D736-JT2N-5L97","Completed","8/27/2026","2:36 AM","America/Toronto","","false","348834","a.gingerich.shdhs@gmail.com","Abby Gingerich","","348834","a.gingerich.shdhs@gmail.com","Abby Gingerich","One Class Card // London","20798","20799","760445337951","one-class-card-l-credits-347","","","Credits","","","Completed","8/27/2026","CAD","1","25.00","25.00","3.25","28.25","Mastercard","E-Commerce","London","Ontario"
"BHDF-8TUP-5L97","Completed","8/27/2026","5:59 AM","America/Toronto","desktop","false","356671","daymtess228@gmail.com","Tessa Dayman","","347301","london@spinco.ca","SPINCO London","SPINCO Water","19657","19658","469973764933","spinco-water-water-914","","","Water","Arctic Chiller","","Completed","8/27/2026","CAD","1","2.50","2.50","0.33","2.83","Visa","In-Store","London","Ontario"
"D2W3-MZ4E-5L97","Completed","8/27/2026","9:00 AM","America/Toronto","","false","402750","bfiegehen06@gmail.com","Bronwyn Fiegehen","","402750","bfiegehen06@gmail.com","Bronwyn Fiegehen","One Class Card // London","20798","20799","760445337951","one-class-card-l-credits-347","","","Credits","","","Completed","8/27/2026","CAD","1","25.00","25.00","3.25","28.25","Mastercard","E-Commerce","London","Ontario"
"8BF9-EY3C-5L97","Completed","8/27/2026","9:16 AM","America/Toronto","","false","232027","annika.ebner7@gmail.com","Annika Ebner","","232027","annika.ebner7@gmail.com","Annika Ebner","Summer Days Drop-In // London","26178","26179","455715388823","summer-days-drop-credits-083","","","Credits","","","Completed","8/27/2026","CAD","1","15.00","15.00","1.95","16.95","Visa","E-Commerce","London","Ontario"
"RG8T-C6K7-5L97","Completed","8/27/2026","9:30 AM","America/Toronto","","false","411707","mstjohn138@gmail.com","Maddy St John","","411707","mstjohn138@gmail.com","Maddy St John","One Class Card // London","20798","20799","760445337951","one-class-card-l-credits-347","","","Credits","","","Completed","8/27/2026","CAD","1","25.00","25.00","3.25","28.25","Visa","E-Commerce","London","Ontario"
"T4QC-XN6Y-5L97","Refunded","8/27/2026","1:51 PM","America/Toronto","","false","71878","k.rothwell@spinco.ca","Kira Rothwell","","71878","k.rothwell@spinco.ca","Kira Rothwell","One Class Card // London","20798","20799","760445337951","one-class-card-l-credits-347","","","Credits","","","Completed","8/27/2026","CAD","1","25.00","25.00","3.25","28.25","Account balance, Visa","E-Commerce","London","Ontario"
"WH7M-3JET-5L97","Completed","8/27/2026","2:11 PM","America/Toronto","","false","320781","kayleighsheeller@live.ca","Kayleigh Sheeller","","320781","kayleighsheeller@live.ca","Kayleigh Sheeller","Spin-It-Forward // London","20792","20793","964245982422","spin-it-forward--credits-429","","","Credits","","","Completed","8/27/2026","CAD","1","10.00","10.00","1.30","11.30","Mastercard","E-Commerce","London","Ontario"
"M2PK-ZKSH-5L97","Completed","8/27/2026","2:11 PM","America/Toronto","","false","408460","katedenkers10@gmail.com","Kate Denkers","","408460","katedenkers10@gmail.com","Kate Denkers","Spin-It-Forward // London","20792","20793","964245982422","spin-it-forward--credits-429","","","Credits","","","Completed","8/27/2026","CAD","1","10.00","10.00","1.30","11.30","Mastercard","E-Commerce","London","Ontario"
"97SF-5EBU-5L97","Refunded","8/27/2026","2:16 PM","America/Toronto","","true","71878","k.rothwell@spinco.ca","Kira Rothwell","","71878","k.rothwell@spinco.ca","Kira Rothwell","Late Cancel Charge","14688","14690","036981809486","late-cancel-fee-penalty-fees-771","","","Penalty Fees","","","Completed","8/27/2026","CAD","1","15.00","15.00","1.95","16.95","Visa","E-Commerce","London","Ontario"
"97SF-5EBU-5L97","Refunded","8/27/2026","2:16 PM","America/Toronto","","true","71878","k.rothwell@spinco.ca","Kira Rothwell","","71878","k.rothwell@spinco.ca","Kira Rothwell","Late Cancel Charge","14688","14690","036981809486","late-cancel-fee-penalty-fees-771","","","Penalty Fees","","","Refunded","8/27/2026","CAD","-1","-15.00","-15.00","-1.95","-16.95","Visa","E-Commerce","London","Ontario"
"T4QC-XN6Y-5L97","Refunded","8/27/2026","1:51 PM","America/Toronto","","false","71878","k.rothwell@spinco.ca","Kira Rothwell","","71878","k.rothwell@spinco.ca","Kira Rothwell","One Class Card // London","20798","20799","760445337951","one-class-card-l-credits-347","","","Credits","","","Refunded","8/27/2026","CAD","-1","-25.00","-25.00","-3.25","-28.25","Account balance, Visa","E-Commerce","London","Ontario"
"PBMM-7S49-5L3I","Refunded","6/22/2026","4:16 PM","America/Toronto","","true","71878","k.rothwell@spinco.ca","Kira Rothwell","","71878","k.rothwell@spinco.ca","Kira Rothwell","Late Cancel Charge","14688","14690","036981809486","late-cancel-fee-penalty-fees-771","","","Penalty Fees","","","Refunded","8/27/2026","CAD","-1","-15.00","-15.00","-1.95","-16.95","Visa","E-Commerce","London","Ontario"
"NXCH-7P5P-5L3G","Refunded","6/20/2026","8:18 AM","America/Toronto","","true","71878","k.rothwell@spinco.ca","Kira Rothwell","","71878","k.rothwell@spinco.ca","Kira Rothwell","No Show Charge","14687","14689","489143084327","no-show-fee-penalty-fees-498","","","Penalty Fees","","","Refunded","8/27/2026","CAD","-1","-20.00","-20.00","-2.60","-22.60","Visa","E-Commerce","London","Ontario"
"5ZDQ-99YC-5L0F","Refunded","5/11/2026","1:07 PM","America/Toronto","","false","71878","k.rothwell@spinco.ca","Kira Rothwell","","71878","k.rothwell@spinco.ca","Kira Rothwell","Mom's Night Out // London","25242","25243","014702979887","moms-night-out-l-credits-837","","","Credits","","","Refunded","8/27/2026","CAD","-1","-15.00","-15.00","-1.95","-16.95","Visa","E-Commerce","London","Ontario"
"R2TR-VVQG-5KY0","Refunded","4/23/2026","8:24 PM","America/Toronto","desktop","false","71878","k.rothwell@spinco.ca","Kira Rothwell","","71878","k.rothwell@spinco.ca","Kira Rothwell","Birthday Drop-In // London","24943","24944","863413999341","birthday-drop-in-credits-432","","","Credits","","","Refunded","8/27/2026","CAD","-1","-15.00","-15.00","-1.95","-16.95","Visa","In-Store","London","Ontario"
"CC6E-8W7V-5L97","Completed","8/27/2026","3:30 PM","America/Toronto","","false","411741","skip72gardentree@gmail.com","Bussie Wood","","411741","skip72gardentree@gmail.com","Bussie Wood","One Class Card // London","20798","20799","760445337951","one-class-card-l-credits-347","","","Credits","","","Completed","8/27/2026","CAD","1","25.00","25.00","3.25","28.25","Visa","E-Commerce","London","Ontario"
"YEPD-DCR4-5L97","Completed","8/27/2026","5:17 PM","America/Toronto","","false","405326","hanna_shel@icloud.com","Hanna Sheshelidze","","405326","hanna_shel@icloud.com","Hanna Sheshelidze","One Class Card // London","20798","20799","760445337951","one-class-card-l-credits-347","","","Credits","","","Completed","8/27/2026","CAD","1","25.00","25.00","3.25","28.25","Visa","E-Commerce","London","Ontario"
"JKNW-95FS-5L97","Completed","8/27/2026","5:41 PM","America/Toronto","","false","399165","oliviavandelinder@gmail.com","Olivia Van Delinder","","399165","oliviavandelinder@gmail.com","Olivia Van Delinder","One Class Card // London","20798","20799","760445337951","one-class-card-l-credits-347","","","Credits","","","Completed","8/27/2026","CAD","1","25.00","25.00","3.25","28.25","Visa","E-Commerce","London","Ontario"
"RAGW-URD6-5L97","Completed","8/27/2026","6:09 PM","America/Toronto","","false","398924","rraalm3@gmail.com","Roua Alm","","398924","rraalm3@gmail.com","Roua Alm","Spin-It-Forward // London","20792","20793","964245982422","spin-it-forward--credits-429","","","Credits","","","Completed","8/27/2026","CAD","1","10.00","10.00","1.30","11.30","Visa","E-Commerce","London","Ontario"
"X2T4-44VX-5L97","Completed","8/27/2026","6:16 PM","America/Toronto","","true","402328","jimbobmarty@yahoo.ca","Marty Robertson","","402328","jimbobmarty@yahoo.ca","Marty Robertson","Late Cancel Charge","14688","14690","036981809486","late-cancel-fee-penalty-fees-771","","","Penalty Fees","","","Completed","8/27/2026","CAD","1","15.00","15.00","1.95","16.95","Visa","E-Commerce","London","Ontario"
"2HFE-UKZQ-5L97","Completed","8/27/2026","6:22 PM","America/Toronto","","false","365125","olimellico@gmail.com","Olivia Mellicovsky","","365125","olimellico@gmail.com","Olivia Mellicovsky","8x Membership // London","21997","21998","667327189404","8x-membership-lo-memberships-656","","","Memberships","","","Completed","8/27/2026","CAD","1","150.00","150.00","19.50","169.50","Visa","E-Commerce","London","Ontario"
"XC5J-WE5Q-5L97","Completed","8/27/2026","7:19 PM","America/Toronto","","false","270454","maggiebetker04@gmail.com","Maggie Betker","","270454","maggiebetker04@gmail.com","Maggie Betker","Spin-It-Forward // London","20792","20793","964245982422","spin-it-forward--credits-429","","","Credits","","","Completed","8/27/2026","CAD","1","10.00","10.00","1.30","11.30","Visa","E-Commerce","London","Ontario"
"PQS9-NFYB-5L97","Completed","8/27/2026","7:22 PM","America/Toronto","","false","406599","alexkoprowski28@gmail.com","Alexandra Koprowski","","406599","alexkoprowski28@gmail.com","Alexandra Koprowski","Spin-It-Forward // London","20792","20793","964245982422","spin-it-forward--credits-429","","","Credits","","","Completed","8/27/2026","CAD","2","20.00","20.00","2.60","22.60","Mastercard","E-Commerce","London","Ontario"
"FMVE-BJ5B-5L97","Completed","8/27/2026","7:36 PM","America/Toronto","","false","354156","sm_perez@hotmail.com","Sheila Perez","","354156","sm_perez@hotmail.com","Sheila Perez","Spin-It-Forward // London","20792","20793","964245982422","spin-it-forward--credits-429","","","Credits","","","Completed","8/27/2026","CAD","1","10.00","10.00","1.30","11.30","Visa","E-Commerce","London","Ontario"
"2B43-2R5S-5L98","Completed","8/27/2026","9:07 PM","America/Toronto","","false","407435","jaylynnsheeller@hotmail.com","Jaylynn Sheeller","","407435","jaylynnsheeller@hotmail.com","Jaylynn Sheeller","One Class Card // London","20798","20799","760445337951","one-class-card-l-credits-347","","","Credits","","","Completed","8/27/2026","CAD","1","25.00","25.00","3.25","28.25","Mastercard","E-Commerce","London","Ontario"
"TYZZ-GQVM-5L98","Completed","8/27/2026","9:16 PM","America/Toronto","","false","407624","avapompilii@icloud.com","Ava Pompilii","","407624","avapompilii@icloud.com","Ava Pompilii","Summer Days Drop-In // London","26178","26179","455715388823","summer-days-drop-credits-083","","","Credits","","","Completed","8/27/2026","CAD","2","30.00","30.00","3.90","33.90","Mastercard","E-Commerce","London","Ontario"
"NDQB-CKSS-5L98","Completed","8/27/2026","9:19 PM","America/Toronto","","false","407435","jaylynnsheeller@hotmail.com","Jaylynn Sheeller","","407435","jaylynnsheeller@hotmail.com","Jaylynn Sheeller","Summer Days Drop-In // London","26178","26179","455715388823","summer-days-drop-credits-083","","","Credits","","","Completed","8/27/2026","CAD","1","15.00","15.00","1.95","16.95","Mastercard","E-Commerce","London","Ontario"
"44AY-5F9V-5L98","Completed","8/27/2026","9:20 PM","America/Toronto","","false","407435","jaylynnsheeller@hotmail.com","Jaylynn Sheeller","","407435","jaylynnsheeller@hotmail.com","Jaylynn Sheeller","Summer Days Drop-In // London","26178","26179","455715388823","summer-days-drop-credits-083","","","Credits","","","Completed","8/27/2026","CAD","1","15.00","15.00","1.95","16.95","Mastercard","E-Commerce","London","Ontario"
"EVRB-NCFG-5L98","Completed","8/27/2026","9:20 PM","America/Toronto","","false","407435","jaylynnsheeller@hotmail.com","Jaylynn Sheeller","","407435","jaylynnsheeller@hotmail.com","Jaylynn Sheeller","Summer Days Drop-In // London","26178","26179","455715388823","summer-days-drop-credits-083","","","Credits","","","Completed","8/27/2026","CAD","1","15.00","15.00","1.95","16.95","Mastercard","E-Commerce","London","Ontario"
"7N4F-WQC8-5L98","Completed","8/27/2026","9:22 PM","America/Toronto","","false","408466","norahblanchette@gmail.com","Norah Blanchette","","408466","norahblanchette@gmail.com","Norah Blanchette","Summer Days Drop-In // London","26178","26179","455715388823","summer-days-drop-credits-083","","","Credits","","","Completed","8/27/2026","CAD","1","15.00","15.00","1.95","16.95","Visa","E-Commerce","London","Ontario"
"S5T9-FFQB-5L98","Completed","8/27/2026","9:24 PM","America/Toronto","","false","408466","norahblanchette@gmail.com","Norah Blanchette","","408466","norahblanchette@gmail.com","Norah Blanchette","Summer Days Drop-In // London","26178","26179","455715388823","summer-days-drop-credits-083","","","Credits","","","Completed","8/27/2026","CAD","1","15.00","15.00","1.95","16.95","Visa","E-Commerce","London","Ontario"
"HU8B-MU55-5L98","Completed","8/27/2026","9:25 PM","America/Toronto","","false","411783","keiratipping2@gmail.com","Keira Tipping","","411783","keiratipping2@gmail.com","Keira Tipping","Summer Days Drop-In // London","26178","26179","455715388823","summer-days-drop-credits-083","","","Credits","","","Completed","8/27/2026","CAD","1","15.00","15.00","1.95","16.95","Visa","E-Commerce","London","Ontario"
"9G25-Z6TR-5L98","Completed","8/27/2026","9:38 PM","America/Toronto","","false","65173","shandidaniellehillgartner@hotmail.com","Shandi Hillgartner","","65173","shandidaniellehillgartner@hotmail.com","Shandi Hillgartner","Spin-It-Forward // London","20792","20793","964245982422","spin-it-forward--credits-429","","","Credits","","","Completed","8/27/2026","CAD","1","10.00","10.00","1.30","11.30","Visa","E-Commerce","London","Ontario"
"5ZPS-ZUD3-5L98","Completed","8/27/2026","9:40 PM","America/Toronto","","false","320781","kayleighsheeller@live.ca","Kayleigh Sheeller","","320781","kayleighsheeller@live.ca","Kayleigh Sheeller","Summer Days Drop-In // London","26178","26179","455715388823","summer-days-drop-credits-083","","","Credits","","","Completed","8/27/2026","CAD","1","15.00","15.00","1.95","16.95","Mastercard","E-Commerce","London","Ontario"
"MPED-WMNF-5L98","Completed","8/27/2026","9:48 PM","America/Toronto","","false","407435","jaylynnsheeller@hotmail.com","Jaylynn Sheeller","","407435","jaylynnsheeller@hotmail.com","Jaylynn Sheeller","Summer Days Drop-In // London","26178","26179","455715388823","summer-days-drop-credits-083","","","Credits","","","Completed","8/27/2026","CAD","1","15.00","15.00","1.95","16.95","Mastercard","E-Commerce","London","Ontario"
"XVN7-5XFN-5L98","Completed","8/27/2026","9:48 PM","America/Toronto","","false","320781","kayleighsheeller@live.ca","Kayleigh Sheeller","","320781","kayleighsheeller@live.ca","Kayleigh Sheeller","Summer Days Drop-In // London","26178","26179","455715388823","summer-days-drop-credits-083","","","Credits","","","Completed","8/27/2026","CAD","1","15.00","15.00","1.95","16.95","Mastercard","E-Commerce","London","Ontario"
"2EEJ-ZGRY-5L98","Completed","8/27/2026","10:07 PM","America/Toronto","","false","409086","vieiravince28@gmail.com","Vince Vieira","","409086","vieiravince28@gmail.com","Vince Vieira","Summer Days Drop-In // London","26178","26179","455715388823","summer-days-drop-credits-083","","","Credits","","","Completed","8/27/2026","CAD","1","15.00","15.00","1.95","16.95","Visa","E-Commerce","London","Ontario"
"XGN8-FEKC-5L98","Completed","8/27/2026","11:29 PM","America/Toronto","","false","392556","sarah.mckenzie129@gmail.com","Sarah Mckenzie","","392556","sarah.mckenzie129@gmail.com","Sarah Mckenzie","Spin-It-Forward // London","20792","20793","964245982422","spin-it-forward--credits-429","","","Credits","","","Completed","8/27/2026","CAD","1","10.00","10.00","1.30","11.30","American Express","E-Commerce","London","Ontario"
"X3UJ-GRDJ-5L98","Completed","8/28/2026","12:25 AM","America/Toronto","","true","381092","ketsialr@gmail.com","Ketsia Ratzlaff","","381092","ketsialr@gmail.com","Ketsia Ratzlaff","8x Membership // London","21997","21998","667327189404","8x-membership-lo-memberships-656","","","Memberships","","","Completed","8/28/2026","CAD","1","150.00","150.00","19.50","169.50","Mastercard","E-Commerce","London","Ontario"
"G64U-U3Q7-5L98","Completed","8/28/2026","12:25 AM","America/Toronto","","true","397356","katherineklaragrace@gmail.com","Klara Grace","","397356","katherineklaragrace@gmail.com","Klara Grace","Student Monthly Membership // London","21738","21739","582370867097","student-monthly--memberships-495","","","Memberships","","","Completed","8/28/2026","CAD","1","175.00","175.00","22.75","197.75","Visa","E-Commerce","London","Ontario"
"WT5J-DM2Q-5L98","Completed","8/28/2026","1:16 AM","America/Toronto","","true","399416","erinmdowning@outlook.com","Erin Downing","","399416","erinmdowning@outlook.com","Erin Downing","Late Cancel Charge","14688","14690","036981809486","late-cancel-fee-penalty-fees-771","","","Penalty Fees","","","Completed","8/28/2026","CAD","1","15.00","15.00","1.95","16.95","Visa","E-Commerce","London","Ontario"
"73N4-FZ9A-5L98","Completed","8/28/2026","8:17 AM","America/Toronto","","false","403373","mm_gonz@hotmail.com","Michelle Gonzalez","","403373","mm_gonz@hotmail.com","Michelle Gonzalez","Summer Days Drop-In // London","26178","26179","455715388823","summer-days-drop-credits-083","","","Credits","","","Completed","8/28/2026","CAD","1","15.00","15.00","1.95","16.95","Visa","E-Commerce","London","Ontario"
"FSNC-BRWT-5L98","Completed","8/28/2026","8:45 AM","America/Toronto","","false","344889","emersonsoutham1@gmail.com","Emerson Southam","","344889","emersonsoutham1@gmail.com","Emerson Southam","One Class Card // London","20798","20799","760445337951","one-class-card-l-credits-347","","","Credits","","","Completed","8/28/2026","CAD","1","25.00","25.00","3.25","28.25","Visa","E-Commerce","London","Ontario"
"G5PC-4DA7-5L98","Completed","8/28/2026","8:51 AM","America/Toronto","","false","201623","blisscreations.kw@gmail.com","Shupi ✨ Mapuranga","","201623","blisscreations.kw@gmail.com","Shupi ✨ Mapuranga","Summer Days Drop-In // London","26178","26179","455715388823","summer-days-drop-credits-083","","","Credits","","","Completed","8/28/2026","CAD","1","15.00","15.00","1.95","16.95","Visa","E-Commerce","London","Ontario"
"6P2X-3CTH-5L98","Completed","8/28/2026","8:53 AM","America/Toronto","","false","201623","blisscreations.kw@gmail.com","Shupi ✨ Mapuranga","","201623","blisscreations.kw@gmail.com","Shupi ✨ Mapuranga","One Class Card // London","20798","20799","760445337951","one-class-card-l-credits-347","","","Credits","","","Completed","8/28/2026","CAD","1","25.00","25.00","3.25","28.25","Visa","E-Commerce","London","Ontario"
"WN8D-XG38-5L98","Completed","8/28/2026","9:02 AM","America/Toronto","","false","400239","lkeatin5@uwo.ca","leah keating","","400239","lkeatin5@uwo.ca","leah keating","One Class Card // London","20798","20799","760445337951","one-class-card-l-credits-347","","","Credits","","","Completed","8/28/2026","CAD","1","25.00","25.00","3.25","28.25","Visa","E-Commerce","London","Ontario"
"NVA8-53VN-5L98","Completed","8/28/2026","9:39 AM","America/Toronto","","false","319084","allisonkraemer@hotmail.com","Allison Kraemer","","319084","allisonkraemer@hotmail.com","Allison Kraemer","Summer Days Drop-In // London","26178","26179","455715388823","summer-days-drop-credits-083","","","Credits","","","Completed","8/28/2026","CAD","1","15.00","15.00","1.95","16.95","Visa","E-Commerce","London","Ontario"
"2S2V-U3PQ-5L98","Completed","8/28/2026","12:08 PM","America/Toronto","","false","408920","charleejbattram18@gmail.com","Molly Battram","","408920","charleejbattram18@gmail.com","Molly Battram","One Class Card // London","20798","20799","760445337951","one-class-card-l-credits-347","","","Credits","","","Completed","8/28/2026","CAD","1","25.00","25.00","3.25","28.25","Mastercard","E-Commerce","London","Ontario"
"BPDQ-KR42-5L98","Completed","8/28/2026","12:11 PM","America/Toronto","","false","411815","patriciajarosz_6@hotmail.com","Patricia Jarosz","","411815","patriciajarosz_6@hotmail.com","Patricia Jarosz","New Rider Special // London","21051","21052","288040778473","new-rider-specia-memberships-503","","","Memberships","","","Completed","8/28/2026","CAD","1","50.00","50.00","6.50","56.50","Visa","E-Commerce","London","Ontario"
"5GA6-7KAS-5L98","Completed","8/28/2026","1:29 PM","America/Toronto","","false","355392","nbasmaji@uwo.ca","Noor Basmaji","","355392","nbasmaji@uwo.ca","Noor Basmaji","Spin-It-Forward // London","20792","20793","964245982422","spin-it-forward--credits-429","","","Credits","","","Completed","8/28/2026","CAD","1","10.00","10.00","1.30","11.30","Mastercard","E-Commerce","London","Ontario"
"4CAD-QDXF-5L98","Completed","8/28/2026","3:22 PM","America/Toronto","","false","363411","rchirara@uwo.ca","rachiel chirara","","363411","rchirara@uwo.ca","rachiel chirara","Spin-It-Forward // London","20792","20793","964245982422","spin-it-forward--credits-429","","","Credits","","","Completed","8/28/2026","CAD","1","10.00","10.00","1.30","11.30","Visa","E-Commerce","London","Ontario"
"VN8U-5ZG7-5L98","Completed","8/28/2026","3:28 PM","America/Toronto","","false","411695","asmarczenko@gmail.com","Anna Marczenko","","411695","asmarczenko@gmail.com","Anna Marczenko","Summer Days Drop-In // London","26178","26179","455715388823","summer-days-drop-credits-083","","","Credits","","","Completed","8/28/2026","CAD","1","15.00","15.00","1.95","16.95","Visa","E-Commerce","London","Ontario"
"3P4B-3ZYV-5L98","Completed","8/28/2026","3:48 PM","America/Toronto","","false","385551","alradoha118@gmail.com","Doha Alrawashdeh","","385551","alradoha118@gmail.com","Doha Alrawashdeh","Spin-It-Forward // London","20792","20793","964245982422","spin-it-forward--credits-429","","","Credits","","","Completed","8/28/2026","CAD","1","10.00","10.00","1.30","11.30","Visa","E-Commerce","London","Ontario"
"46JR-RHCV-5L98","Completed","8/28/2026","5:51 PM","America/Toronto","desktop","false","368088","emma.calcutt5@gmail.com","Emma Calcutt","","347301","london@spinco.ca","SPINCO London","SPINCO Water","19657","19658","469973764933","spinco-water-water-914","","","Water","Arctic Chiller","","Completed","8/28/2026","CAD","1","2.50","2.50","0.33","2.83","Visa","In-Store","London","Ontario"
"2BMT-F9T2-5L99","Completed","8/28/2026","8:50 PM","America/Toronto","","false","354942","gracemdocherty@gmail.com","Grace Docherty","","354942","gracemdocherty@gmail.com","Grace Docherty","One Class Card // London","20798","20799","760445337951","one-class-card-l-credits-347","","","Credits","","","Completed","8/28/2026","CAD","1","25.00","25.00","3.25","28.25","Mastercard","E-Commerce","London","Ontario"
"EG5F-9WMW-5L99","Completed","8/28/2026","8:52 PM","America/Toronto","","false","354942","gracemdocherty@gmail.com","Grace Docherty","","354942","gracemdocherty@gmail.com","Grace Docherty","Summer Days Drop-In // London","26178","26179","455715388823","summer-days-drop-credits-083","","","Credits","","","Completed","8/28/2026","CAD","1","15.00","15.00","1.95","16.95","Mastercard","E-Commerce","London","Ontario"
"WQ3U-5JYT-5L99","Completed","8/28/2026","9:59 PM","America/Toronto","","false","402750","bfiegehen06@gmail.com","Bronwyn Fiegehen","","402750","bfiegehen06@gmail.com","Bronwyn Fiegehen","Summer Days Drop-In // London","26178","26179","455715388823","summer-days-drop-credits-083","","","Credits","","","Completed","8/28/2026","CAD","1","15.00","15.00","1.95","16.95","Mastercard","E-Commerce","London","Ontario"
"DHKA-UBGR-5L99","Completed","8/28/2026","11:18 PM","America/Toronto","","false","411741","skip72gardentree@gmail.com","Bussie Wood","","411741","skip72gardentree@gmail.com","Bussie Wood","One Class Card // London","20798","20799","760445337951","one-class-card-l-credits-347","","","Credits","","","Completed","8/28/2026","CAD","1","25.00","25.00","3.25","28.25","Visa","E-Commerce","London","Ontario"
"H64X-JHBG-5L99","Completed","8/29/2026","3:32 AM","America/Toronto","","false","407007","a_kopacz_77@hotmail.com","Alex Kopacz","","407007","a_kopacz_77@hotmail.com","Alex Kopacz","One Class Card // London","20798","20799","760445337951","one-class-card-l-credits-347","","","Credits","","","Completed","8/29/2026","CAD","1","25.00","25.00","3.25","28.25","Visa","E-Commerce","London","Ontario"
"TPK8-3DRV-5L99","Completed","8/29/2026","7:47 AM","America/Toronto","","false","411883","alisha.sharma@medportal.ca","Alisha Sharma","","411883","alisha.sharma@medportal.ca","Alisha Sharma","New Rider Special // London","21051","21052","288040778473","new-rider-specia-memberships-503","","","Memberships","","","Completed","8/29/2026","CAD","1","50.00","50.00","6.50","56.50","Visa","E-Commerce","London","Ontario"
"MRCQ-YMMA-5L99","Completed","8/29/2026","7:53 AM","America/Toronto","desktop","false","365077","chantel.brown@lhsc.on.ca","Chantel Desumma-Brown","","347301","london@spinco.ca","SPINCO London","SPINCO Water","19657","19658","469973764933","spinco-water-water-914","","","Water","Arctic Chiller","","Completed","8/29/2026","CAD","1","2.50","2.50","0.33","2.83","Visa","In-Store","London","Ontario"
"CRHT-XAWC-5L99","Completed","8/29/2026","8:16 AM","America/Toronto","","true","399416","erinmdowning@outlook.com","Erin Downing","","399416","erinmdowning@outlook.com","Erin Downing","Late Cancel Charge","14688","14690","036981809486","late-cancel-fee-penalty-fees-771","","","Penalty Fees","","","Completed","8/29/2026","CAD","1","15.00","15.00","1.95","16.95","Visa","E-Commerce","London","Ontario"
"H6M6-H36X-5L99","Completed","8/29/2026","8:44 AM","America/Toronto","","false","355392","nbasmaji@uwo.ca","Noor Basmaji","","355392","nbasmaji@uwo.ca","Noor Basmaji","One Class Card // London","20798","20799","760445337951","one-class-card-l-credits-347","","","Credits","","","Completed","8/29/2026","CAD","1","25.00","25.00","3.25","28.25","Mastercard","E-Commerce","London","Ontario"
"26QA-5TB4-5L99","Completed","8/29/2026","9:26 AM","America/Toronto","","false","376833","rileyvanhooydonk@gmail.com","Riley Van Hooydonk","","356671","daymtess228@gmail.com","Tessa Dayman","$500 Email Gift Card","15624","15625","628457724365","500-email-gift-cards-279","","","Email Gift Cards","","","Completed","8/29/2026","CAD","1","500.00","500.00","0.00","500.00","Visa","In-Store","London","Ontario"
"6Y86-UACY-5L99","Completed","8/29/2026","11:39 AM","America/Toronto","","false","402750","bfiegehen06@gmail.com","Bronwyn Fiegehen","","402750","bfiegehen06@gmail.com","Bronwyn Fiegehen","Summer Days Drop-In // London","26178","26179","455715388823","summer-days-drop-credits-083","","","Credits","","","Completed","8/29/2026","CAD","1","15.00","15.00","1.95","16.95","Mastercard","E-Commerce","London","Ontario"
"UXYU-2UGF-5L99","Completed","8/29/2026","1:02 PM","America/Toronto","","false","169253","siddharthmihika@gmail.com","Mihika Mihika","","169253","siddharthmihika@gmail.com","Mihika Mihika","One Class Card // London","20798","20799","760445337951","one-class-card-l-credits-347","","","Credits","","","Completed","8/29/2026","CAD","1","25.00","25.00","3.25","28.25","Visa","E-Commerce","London","Ontario"
"SGJE-P9SZ-5L99","Completed","8/29/2026","1:36 PM","America/Toronto","","false","355392","nbasmaji@uwo.ca","Noor Basmaji","","355392","nbasmaji@uwo.ca","Noor Basmaji","One Class Card // London","20798","20799","760445337951","one-class-card-l-credits-347","","","Credits","","","Completed","8/29/2026","CAD","2","50.00","50.00","6.50","56.50","Mastercard","E-Commerce","London","Ontario"
"F3GJ-2AQ5-5L9A","Completed","8/29/2026","8:02 PM","America/Toronto","","false","350261","rachel-elizabeth@hotmail.com","Rachel Mason","","350261","rachel-elizabeth@hotmail.com","Rachel Mason","One Class Card // London","20798","20799","760445337951","one-class-card-l-credits-347","","","Credits","","","Completed","8/29/2026","CAD","1","25.00","25.00","3.25","28.25","Mastercard","E-Commerce","London","Ontario"
"RUG5-JQF9-5L9A","Completed","8/29/2026","10:42 PM","America/Toronto","","false","354005","oliviasiviero24@gmail.com","Olivia Siviero","","354005","oliviasiviero24@gmail.com","Olivia Siviero","One Class Card // London","20798","20799","760445337951","one-class-card-l-credits-347","","","Credits","","","Completed","8/29/2026","CAD","2","50.00","50.00","6.50","56.50","Visa","E-Commerce","London","Ontario"
"PZUM-SRM2-5L9A","Completed","8/30/2026","12:25 AM","America/Toronto","","true","65173","shandidaniellehillgartner@hotmail.com","Shandi Hillgartner","","65173","shandidaniellehillgartner@hotmail.com","Shandi Hillgartner","8x Membership // London","21997","21998","667327189404","8x-membership-lo-memberships-656","","","Memberships","","","Completed","8/30/2026","CAD","1","150.00","150.00","19.50","169.50","Visa","E-Commerce","London","Ontario"
"C97C-PBPZ-5L9A","Completed","8/30/2026","12:25 AM","America/Toronto","","true","402006","jhussei6@uwo.ca","Judy Hussein","","402006","jhussei6@uwo.ca","Judy Hussein","Unlimited Membership // London","21995","21996","447442561003","unlimited-member-memberships-867","","","Memberships","","","Completed","8/30/2026","CAD","1","200.00","200.00","26.00","226.00","American Express","E-Commerce","London","Ontario"
"DACU-ZN7R-5L9A","Completed","8/30/2026","12:25 AM","America/Toronto","","true","350319","kevin627@gmail.com","Kevin Nanakdewa","","350319","kevin627@gmail.com","Kevin Nanakdewa","Staff Membership // London","20830","20831","898235312897","staff-membership-memberships-735","","","Memberships","","","Completed","8/30/2026","CAD","1","0.00","0.00","0.00","0.00","No Charge","E-Commerce","London","Ontario"
"VXGE-RSPB-5L9A","Completed","8/30/2026","12:25 AM","America/Toronto","","true","293406","juliascharpf22@gmail.com","Julia Scharpf","","293406","juliascharpf22@gmail.com","Julia Scharpf","Staff Membership // London","20830","20831","898235312897","staff-membership-memberships-735","","","Memberships","","","Completed","8/30/2026","CAD","1","0.00","0.00","0.00","0.00","No Charge","E-Commerce","London","Ontario"
"KCHG-CY6X-5L9A","Completed","8/30/2026","12:25 AM","America/Toronto","","true","365077","chantel.brown@lhsc.on.ca","Chantel Desumma-Brown","","365077","chantel.brown@lhsc.on.ca","Chantel Desumma-Brown","Unlimited Membership // London · BLACK FRIDAY 2025","22630","22631","712442897099","unlimited-member-memberships-584","","","Memberships","","","Completed","8/30/2026","CAD","1","180.00","180.00","23.40","203.40","Visa","E-Commerce","London","Ontario"
"9EZZ-XQ4E-5L9A","Completed","8/30/2026","7:53 AM","America/Toronto","","false","360337","jenn.buchanan@hotmail.com","Jenn Buchanan","","360337","jenn.buchanan@hotmail.com","Jenn Buchanan","One Class Card // London","20798","20799","760445337951","one-class-card-l-credits-347","","","Credits","","","Completed","8/30/2026","CAD","1","25.00","25.00","3.25","28.25","Visa","E-Commerce","London","Ontario"
"PV84-HA7F-5L9A","Completed","8/30/2026","9:55 AM","America/Toronto","desktop","false","407007","a_kopacz_77@hotmail.com","Alex Kopacz","","347301","london@spinco.ca","SPINCO London","One Class Card // London","20798","20799","760445337951","one-class-card-l-credits-347","","","Credits","","","Completed","8/30/2026","CAD","1","25.00","25.00","3.25","28.25","Visa","In-Store","London","Ontario"
"Q3FE-WG48-5L9A","Completed","8/30/2026","10:17 AM","America/Toronto","","true","399416","erinmdowning@outlook.com","Erin Downing","","399416","erinmdowning@outlook.com","Erin Downing","No Show Charge","14687","14689","489143084327","no-show-fee-penalty-fees-498","","","Penalty Fees","","","Completed","8/30/2026","CAD","1","20.00","20.00","2.60","22.60","Visa","E-Commerce","London","Ontario"
"GMZK-QSMP-5L9A","Completed","8/30/2026","10:20 AM","America/Toronto","","false","376690","julierayad@gmail.com","Julie Ayad","","376690","julierayad@gmail.com","Julie Ayad","Ten Class Card // London","20794","20795","456569691604","ten-class-card-l-credits-104","","","Credits","","","Completed","8/30/2026","CAD","1","200.00","200.00","26.00","226.00","American Express","E-Commerce","London","Ontario"
"2RUD-SWFF-5L9A","Completed","8/30/2026","10:21 AM","America/Toronto","","false","360337","jenn.buchanan@hotmail.com","Jenn Buchanan","","360337","jenn.buchanan@hotmail.com","Jenn Buchanan","One Class Card // London","20798","20799","760445337951","one-class-card-l-credits-347","","","Credits","","","Completed","8/30/2026","CAD","1","25.00","25.00","3.25","28.25","Visa","E-Commerce","London","Ontario"
"TXSK-3E5S-5L9A","Completed","8/30/2026","6:20 PM","America/Toronto","","false","399248","abbylangan12@gmail.com","Abby Langan","","399248","abbylangan12@gmail.com","Abby Langan","One Class Card // London","20798","20799","760445337951","one-class-card-l-credits-347","","","Credits","","","Completed","8/30/2026","CAD","1","25.00","25.00","3.25","28.25","Visa","E-Commerce","London","Ontario"
"J363-RP99-5L94","Refunded","8/24/2026","11:12 AM","America/Toronto","","true","319732","shanahan.keeghan@gmail.com","Keeghan Shanahan","","71878","k.rothwell@spinco.ca","Kira Rothwell","Late Cancel Charge","14688","14690","036981809486","late-cancel-fee-penalty-fees-771","","","Penalty Fees","","","Refunded","8/30/2026","CAD","-1","-15.00","-15.00","-1.95","-16.95","Visa","E-Commerce","London","Ontario"
"Z8YQ-U6P3-5L9A","Completed","8/30/2026","7:54 PM","America/Toronto","","false","408466","norahblanchette@gmail.com","Norah Blanchette","","408466","norahblanchette@gmail.com","Norah Blanchette","Summer Days Drop-In // London","26178","26179","455715388823","summer-days-drop-credits-083","","","Credits","","","Completed","8/30/2026","CAD","1","15.00","15.00","1.95","16.95","Visa","E-Commerce","London","Ontario"
"NVEA-D7N5-5L9B","Completed","8/30/2026","9:40 PM","America/Toronto","","false","368586","meghanelysia@gmail.com","Meghan Gray","","368586","meghanelysia@gmail.com","Meghan Gray","Spin-It-Forward // London","20792","20793","964245982422","spin-it-forward--credits-429","","","Credits","","","Completed","8/30/2026","CAD","1","10.00","10.00","1.30","11.30","Visa","E-Commerce","London","Ontario"
"SS6A-JHMY-5L9B","Completed","8/30/2026","11:16 PM","America/Toronto","","true","399416","erinmdowning@outlook.com","Erin Downing","","399416","erinmdowning@outlook.com","Erin Downing","Late Cancel Charge","14688","14690","036981809486","late-cancel-fee-penalty-fees-771","","","Penalty Fees","","","Completed","8/30/2026","CAD","1","15.00","15.00","1.95","16.95","Visa","E-Commerce","London","Ontario"
"YT32-KP7C-5L9B","Completed","8/31/2026","12:23 AM","America/Toronto","","true","336948","rbissett0303@gmail.com","Rachel Bissett","","336948","rbissett0303@gmail.com","Rachel Bissett","Staff Membership // London","20830","20831","898235312897","staff-membership-memberships-735","","","Memberships","","","Completed","8/31/2026","CAD","1","0.00","0.00","0.00","0.00","No Charge","E-Commerce","London","Ontario"
"YQ3M-WYSF-5L9B","Completed","8/31/2026","12:23 AM","America/Toronto","","true","319732","shanahan.keeghan@gmail.com","Keeghan Shanahan","","319732","shanahan.keeghan@gmail.com","Keeghan Shanahan","Staff Membership // London","20830","20831","898235312897","staff-membership-memberships-735","","","Memberships","","","Completed","8/31/2026","CAD","1","0.00","0.00","0.00","0.00","No Charge","E-Commerce","London","Ontario"
"UHAK-ESFP-5L9B","Completed","8/31/2026","10:36 AM","America/Toronto","","false","372125","jsmjazzy@gmail.com","Jasmine Swan","","372125","jsmjazzy@gmail.com","Jasmine Swan","Summer Days Drop-In // London","26178","26179","455715388823","summer-days-drop-credits-083","","","Credits","","","Completed","8/31/2026","CAD","1","15.00","15.00","1.95","16.95","Visa","E-Commerce","London","Ontario"
"HFJV-9WVQ-5L9B","Completed","8/31/2026","1:10 PM","America/Toronto","","false","350126","blkp42@hotmail.com","Brianna-Lynn Pye","","350126","blkp42@hotmail.com","Brianna-Lynn Pye","Five Class Card // London","20802","20803","488719457552","five-class-card--credits-078","","","Credits","","","Completed","8/31/2026","CAD","1","110.00","110.00","14.30","124.30","Visa","E-Commerce","London","Ontario"
"HFJV-9WVQ-5L9B","Completed","8/31/2026","1:10 PM","America/Toronto","","false","350126","blkp42@hotmail.com","Brianna-Lynn Pye","","350126","blkp42@hotmail.com","Brianna-Lynn Pye","One Class Card // London","20798","20799","760445337951","one-class-card-l-credits-347","","","Credits","","","Completed","8/31/2026","CAD","1","25.00","25.00","3.25","28.25","Visa","E-Commerce","London","Ontario"
"H984-F3RZ-5L9B","Completed","8/31/2026","1:12 PM","America/Toronto","","false","361349","kayla.routly@icloud.com","Kayla Routly","","361349","kayla.routly@icloud.com","Kayla Routly","4x Membership // London","21999","22000","216300284773","4x-membership-lo-memberships-280","","","Memberships","","","Completed","8/31/2026","CAD","1","80.00","80.00","10.40","90.40","Visa","E-Commerce","London","Ontario"
"TC5G-GRJF-5L9B","Completed","8/31/2026","1:19 PM","America/Toronto","","false","412113","jessica_hailey2626@hotmail.com","Jessica Jeffers","","412113","jessica_hailey2626@hotmail.com","Jessica Jeffers","One Class Card // London","20798","20799","760445337951","one-class-card-l-credits-347","","","Credits","","","Completed","8/31/2026","CAD","1","25.00","25.00","3.25","28.25","Visa","E-Commerce","London","Ontario"
"9VTU-QJW7-5L9B","Completed","8/31/2026","1:58 PM","America/Toronto","","false","85186","inaara.ahmedfazal@gmail.com","Inaara Ahmed-Fazal","","85186","inaara.ahmedfazal@gmail.com","Inaara Ahmed-Fazal","Summer Days Drop-In // London","26178","26179","455715388823","summer-days-drop-credits-083","","","Credits","","","Completed","8/31/2026","CAD","1","15.00","15.00","1.95","16.95","Visa","E-Commerce","London","Ontario"
"X7B5-GFFX-5L9B","Completed","8/31/2026","2:04 PM","America/Toronto","","false","412084","jieradodsley@gmail.com","Jiera Dodsley","","412084","jieradodsley@gmail.com","Jiera Dodsley","One Class Card // London","20798","20799","760445337951","one-class-card-l-credits-347","","","Credits","","","Completed","8/31/2026","CAD","1","25.00","25.00","3.25","28.25","Visa","E-Commerce","London","Ontario"
"3UGH-KURH-5L9B","Completed","8/31/2026","2:25 PM","America/Toronto","","false","367537","paige.dresser@lhsc.on.ca","Paige Dresser","","367537","paige.dresser@lhsc.on.ca","Paige Dresser","Spin-It-Forward // London","20792","20793","964245982422","spin-it-forward--credits-429","","","Credits","","","Completed","8/31/2026","CAD","1","10.00","10.00","1.30","11.30","Visa","E-Commerce","London","Ontario"
"JNGN-PZ5Q-5L9B","Completed","8/31/2026","2:59 PM","America/Toronto","","false","409667","leahnicolewebb@gmail.com","Leah Webb","","409667","leahnicolewebb@gmail.com","Leah Webb","Summer Days Drop-In // London","26178","26179","455715388823","summer-days-drop-credits-083","","","Credits","","","Completed","8/31/2026","CAD","1","15.00","15.00","1.95","16.95","Visa","E-Commerce","London","Ontario"
"QQJ5-7E7G-5L9B","Completed","8/31/2026","3:35 PM","America/Toronto","","false","402178","tessamack7@icloud.com","Tessa Mackinnon","","402178","tessamack7@icloud.com","Tessa Mackinnon","One Class Card // London","20798","20799","760445337951","one-class-card-l-credits-347","","","Credits","","","Completed","8/31/2026","CAD","1","25.00","25.00","3.25","28.25","Visa","E-Commerce","London","Ontario"
"ZT44-PHGU-5L9B","Completed","8/31/2026","4:03 PM","America/Toronto","","false","393077","mariannabkzz@gmail.com","Marianna Barakziye","","393077","mariannabkzz@gmail.com","Marianna Barakziye","Spin-It-Forward // London","20792","20793","964245982422","spin-it-forward--credits-429","","","Credits","","","Completed","8/31/2026","CAD","1","10.00","10.00","1.30","11.30","American Express","E-Commerce","London","Ontario"
"ENRV-RHG6-5L9B","Completed","8/31/2026","4:06 PM","America/Toronto","","false","348834","a.gingerich.shdhs@gmail.com","Abby Gingerich","","348834","a.gingerich.shdhs@gmail.com","Abby Gingerich","Summer Days Drop-In // London","26178","26179","455715388823","summer-days-drop-credits-083","","","Credits","","","Completed","8/31/2026","CAD","1","15.00","15.00","1.95","16.95","Mastercard","E-Commerce","London","Ontario"
"KRUE-BZ9S-5L9B","Completed","8/31/2026","4:15 PM","America/Toronto","","false","412140","ella.m4@icloud.com","Ella MacKenzie","","412140","ella.m4@icloud.com","Ella MacKenzie","Five Class Card // London","20802","20803","488719457552","five-class-card--credits-078","","","Credits","","","Completed","8/31/2026","CAD","1","110.00","110.00","14.30","124.30","Visa","E-Commerce","London","Ontario"
"HPQ3-F34W-5L9B","Completed","8/31/2026","4:43 PM","America/Toronto","","false","348834","a.gingerich.shdhs@gmail.com","Abby Gingerich","","348834","a.gingerich.shdhs@gmail.com","Abby Gingerich","One Class Card // London","20798","20799","760445337951","one-class-card-l-credits-347","","","Credits","","","Completed","8/31/2026","CAD","1","25.00","25.00","3.25","28.25","Mastercard","E-Commerce","London","Ontario"
"SZUF-XD23-5L9B","Completed","8/31/2026","5:51 PM","America/Toronto","","false","400614","sarahmarotta@gmail.com","Sarah Marotta","","400614","sarahmarotta@gmail.com","Sarah Marotta","Spin-It-Forward // London","20792","20793","964245982422","spin-it-forward--credits-429","","","Credits","","","Completed","8/31/2026","CAD","1","10.00","10.00","1.30","11.30","Visa","E-Commerce","London","Ontario"
"V7TE-MHUY-5L9B","Completed","8/31/2026","6:17 PM","America/Toronto","","true","391956","sabrina.6stevens.6@gmail.com","Sabrina Stevens","","391956","sabrina.6stevens.6@gmail.com","Sabrina Stevens","Late Cancel Charge","14688","14690","036981809486","late-cancel-fee-penalty-fees-771","","","Penalty Fees","","","Completed","8/31/2026","CAD","1","15.00","15.00","1.95","16.95","Visa","E-Commerce","London","Ontario"
"FF62-NH8P-5L9B","Completed","8/31/2026","6:29 PM","America/Toronto","","false","269457","mglmgl2001@hotmail.ca","Mallory Long","","269457","mglmgl2001@hotmail.ca","Mallory Long","One Class Card // London","20798","20799","760445337951","one-class-card-l-credits-347","","","Credits","","","Completed","8/31/2026","CAD","1","25.00","25.00","3.25","28.25","Mastercard","E-Commerce","London","Ontario"
"2X53-PA2Z-5L9B","Completed","8/31/2026","7:28 PM","America/Toronto","","false","346546","mar66slo@gmail.com","Marjorie Sloboda","","346546","mar66slo@gmail.com","Marjorie Sloboda","One Class Card // London","20798","20799","760445337951","one-class-card-l-credits-347","","","Credits","","","Completed","8/31/2026","CAD","1","25.00","25.00","3.25","28.25","Visa","E-Commerce","London","Ontario"
"QPPC-BKTG-5L9B","Completed","8/31/2026","7:37 PM","America/Toronto","","false","346546","mar66slo@gmail.com","Marjorie Sloboda","","346546","mar66slo@gmail.com","Marjorie Sloboda","One Class Card // London","20798","20799","760445337951","one-class-card-l-credits-347","","","Credits","","","Completed","8/31/2026","CAD","1","25.00","25.00","3.25","28.25","Visa","E-Commerce","London","Ontario"
"WDPV-JKYB-5LB9","Completed","8/31/2026","8:01 PM","America/Toronto","","false","369261","emmajewel003@gmail.com","Emma Wiggins","","369261","emmajewel003@gmail.com","Emma Wiggins","Spin-It-Forward // London","20792","20793","964245982422","spin-it-forward--credits-429","","","Credits","","","Completed","8/31/2026","CAD","1","10.00","10.00","1.30","11.30","Mastercard","E-Commerce","London","Ontario"
"77AB-26SR-5LB9","Completed","8/31/2026","9:07 PM","America/Toronto","","false","399248","abbylangan12@gmail.com","Abby Langan","","399248","abbylangan12@gmail.com","Abby Langan","One Class Card // London","20798","20799","760445337951","one-class-card-l-credits-347","","","Credits","","","Completed","8/31/2026","CAD","1","25.00","25.00","3.25","28.25","Visa","E-Commerce","London","Ontario"
"JAHD-2DX8-5LB9","Completed","8/31/2026","10:17 PM","America/Toronto","","false","373242","tesseyman8@gmail.com","Lucy Tesseyman","","373242","tesseyman8@gmail.com","Lucy Tesseyman","One Class Card // London","20798","20799","760445337951","one-class-card-l-credits-347","","","Credits","","","Completed","8/31/2026","CAD","3","75.00","75.00","9.75","84.75","Visa","E-Commerce","London","Ontario"
"W3QY-CPWE-5LB9","Completed","8/31/2026","10:18 PM","America/Toronto","","true","365077","chantel.brown@lhsc.on.ca","Chantel Desumma-Brown","","365077","chantel.brown@lhsc.on.ca","Chantel Desumma-Brown","Late Cancel Charge","14688","14690","036981809486","late-cancel-fee-penalty-fees-771","","","Penalty Fees","","","Completed","8/31/2026","CAD","1","15.00","15.00","1.95","16.95","Visa","E-Commerce","London","Ontario"
"7ZA2-F7ED-5LB9","Completed","8/31/2026","10:22 PM","America/Toronto","","false","72363","milamadon@icloud.com","Mila Madon","","72363","milamadon@icloud.com","Mila Madon","Ten Class Card // London","20794","20795","456569691604","ten-class-card-l-credits-104","","","Credits","","","Completed","8/31/2026","CAD","1","170.00","200.00","22.10","192.10","Visa","E-Commerce","London","Ontario"
"M9C9-2U4U-5LB9","Completed","8/31/2026","10:27 PM","America/Toronto","","false","383350","brycejacqueline@icloud.com","bryce gagnon","","383350","brycejacqueline@icloud.com","bryce gagnon","Ten Class Card // London","20794","20795","456569691604","ten-class-card-l-credits-104","","","Credits","","","Completed","8/31/2026","CAD","1","200.00","200.00","26.00","226.00","Visa","E-Commerce","London","Ontario"
"57BN-7JWS-5LB9","Completed","8/31/2026","10:34 PM","America/Toronto","","false","403703","hernandez.abby558@gmail.com","Abigail Hernandez","","403703","hernandez.abby558@gmail.com","Abigail Hernandez","Summer Days Drop-In // London","26178","26179","455715388823","summer-days-drop-credits-083","","","Credits","","","Completed","8/31/2026","CAD","1","15.00","15.00","1.95","16.95","Visa","E-Commerce","London","Ontario"
"PNJ9-43G3-5LB9","Completed","8/31/2026","11:12 PM","America/Toronto","","false","408614","melodie.ferlatte@gmail.com","Melodie Ferlatte","","408614","melodie.ferlatte@gmail.com","Melodie Ferlatte","Ten Class Card // London","20794","20795","456569691604","ten-class-card-l-credits-104","","","Credits","","","Completed","8/31/2026","CAD","1","200.00","200.00","26.00","226.00","Visa","E-Commerce","London","Ontario"