"Order Number","Order Status","Order Date (Local)","Order Time (Local)","Order Time Zone","Order Device","Processed by System?","Customer ID","Customer Email","Customer Name","Company Name","Broker ID","Broker Email","Broker Name","Product","Product ID","Variant ID","Product Barcode","Product SKU","Product Color","Product Size","Product Type","Vendor","Sub Category","Line Status","Transaction Date","Currency","Line Quantity","Line Subtotal","Original Price","Line Tax","Line Total","Order Payment Method(s)","Purchase Location","Fulfillment Location","Fulfillment Region"
"MEXX-NVKW-5L5P","Completed","7/1/2026","12:30 AM","America/Toronto","","true","356671","daymtess228@gmail.com","Tessa Dayman","","356671","daymtess228@gmail.com","Tessa Dayman","Staff Membership // London","20830","20831","898235312897","staff-membership-memberships-735","","","Memberships","","","Completed","7/1/2026","CAD","1","0.00","0.00","0.00","0.00","No Charge","E-Commerce","London","Ontario"
"JJ2A-3ET2-5L5P","Completed","7/1/2026","12:34 AM","America/Toronto","","false","372455","ballauren@outlook.com","Lauren Bal","","372455","ballauren@outlook.com","Lauren Bal","Spin-It-Forward // London","20792","20793","964245982422","spin-it-forward--credits-429","","","Credits","","","Completed","7/1/2026","CAD","1","10.00","10.00","1.30","11.30","Visa","E-Commerce","London","Ontario"
"WBP7-C5Y2-5L5P","Completed","7/1/2026","9:39 AM","America/Toronto","","false","359099","sarabutler003@gmail.com","Sara Butler","","359099","sarabutler003@gmail.com","Sara Butler","One Class Card // London","20798","20799","760445337951","one-class-card-l-credits-347","","","Credits","","","Completed","7/1/2026","CAD","1","25.00","25.00","3.25","28.25","Account balance, Mastercard","E-Commerce","London","Ontario"
"X89S-8VZA-5L5P","Completed","7/1/2026","9:53 AM","America/Toronto","desktop","false","340395","hhounsel@alumni.uwo.ca","Heather Hounsell","","347301","london@spinco.ca","SPINCO London","SPINCO Water","19657","19658","469973764933","spinco-water-water-914","","","Water","Arctic Chiller","","Completed","7/1/2026","CAD","1","2.50","2.50","0.33","2.83","Mastercard","In-Store","London","Ontario"
"PU4G-AN4P-5L5P","Completed","7/1/2026","9:54 AM","America/Toronto","","false","372455","ballauren@outlook.com","Lauren Bal","","372455","ballauren@outlook.com","Lauren Bal","Five Class Card // London","20802","20803","488719457552","five-class-card--credits-078","","","Credits","","","Completed","7/1/2026","CAD","1","93.50","110.00","12.16","105.66","Visa","E-Commerce","London","Ontario"
"JMSV-ESX6-5L5P","Completed","7/1/2026","11:21 AM","America/Toronto","","true","330183","terralucy04@icloud.com","Terra McCloskey","","330183","terralucy04@icloud.com","Terra McCloskey","No Show Charge","14687","14689","489143084327","no-show-fee-penalty-fees-498","","","Penalty Fees","","","Completed","7/1/2026","CAD","1","20.00","20.00","2.60","22.60","Visa","E-Commerce","London","Ontario"
"MBZC-P8A6-5L5P","Completed","7/1/2026","11:21 AM","America/Toronto","","true","298900","stephaniekursikowski@outlook.com","Stephanie Kursikowski","","298900","stephaniekursikowski@outlook.com","Stephanie Kursikowski","No Show Charge","14687","14689","489143084327","no-show-fee-penalty-fees-498","","","Penalty Fees","","","Completed","7/1/2026","CAD","1","20.00","20.00","2.60","22.60","Visa","E-Commerce","London","Ontario"
"8SAE-983H-5L5P","Completed","7/1/2026","12:09 PM","America/Toronto","","true","397643","carlygrisley@outlook.com","Carly Grisley","","397643","carlygrisley@outlook.com","Carly Grisley","Late Cancel Charge","14688","14690","036981809486","late-cancel-fee-penalty-fees-771","","","Penalty Fees","","","Completed","7/1/2026","CAD","1","15.00","15.00","1.95","16.95","Visa","E-Commerce","London","Ontario"
"8E9U-AT8X-5L5P","Completed","7/1/2026","2:46 PM","America/Toronto","","false","405121","cherryqian06@gmail.com","Cherry Qian","","405121","cherryqian06@gmail.com","Cherry Qian","New Rider Special // London","21051","21052","288040778473","new-rider-specia-memberships-503","","","Memberships","","","Completed","7/1/2026","CAD","1","50.00","50.00","6.50","56.50","American Express","E-Commerce","London","Ontario"
"XUU5-75FG-5L5P","Completed","7/1/2026","4:37 PM","America/Toronto","","false","388955","angelinawigginss@gmail.com","Angelina Wiggins","","388955","angelinawigginss@gmail.com","Angelina Wiggins","Spin-It-Forward // London","20792","20793","964245982422","spin-it-forward--credits-429","","","Credits","","","Completed","7/1/2026","CAD","1","10.00","10.00","1.30","11.30","Mastercard","E-Commerce","London","Ontario"
"YBYQ-6SQ3-5L5Q","Completed","7/2/2026","1:01 AM","America/Toronto","","true","380674","mervebozkurtt.41@gmail.com","Merve Bozkurt","","380674","mervebozkurtt.41@gmail.com","Merve Bozkurt","Unlimited Membership // London","21995","21996","447442561003","unlimited-member-memberships-867","","","Memberships","","","Completed","7/2/2026","CAD","1","200.00","200.00","26.00","226.00","Mastercard","E-Commerce","London","Ontario"
"PEQN-NPYD-5L5Q","Completed","7/2/2026","1:01 AM","America/Toronto","","true","339714","bhulley@live.ca","Breanne Hulley-Linton","","339714","bhulley@live.ca","Breanne Hulley-Linton","8x Monthly Membership // 10% OFF PRE-SALE (London)","20864","20865","581083306841","8x-monthly-membe-memberships-014","","","Memberships","","","Completed","7/2/2026","CAD","1","150.00","150.00","19.50","169.50","Visa","E-Commerce","London","Ontario"
"874C-R4T7-5L5Q","Refunded","7/2/2026","1:01 AM","America/Toronto","","true","371018","safiyah.lawendy@gmail.com","Safiyah Lawendy","","371018","safiyah.lawendy@gmail.com","Safiyah Lawendy","Unlimited Membership // London","21995","21996","447442561003","unlimited-member-memberships-867","","","Memberships","","","Completed","7/2/2026","CAD","1","200.00","200.00","26.00","226.00","Visa","E-Commerce","London","Ontario"
"722B-CGZR-5L5Q","Completed","7/2/2026","1:18 AM","America/Toronto","","true","405001","rhuthcastro@gmail.com","Daniela Oropeza","","405001","rhuthcastro@gmail.com","Daniela Oropeza","Late Cancel Charge","14688","14690","036981809486","late-cancel-fee-penalty-fees-771","","","Penalty Fees","","","Completed","7/2/2026","CAD","1","15.00","15.00","1.95","16.95","Visa","E-Commerce","London","Ontario"
"AAQD-ZZ7X-5L5Q","Completed","7/2/2026","5:20 AM","America/Toronto","","true","356671","daymtess228@gmail.com","Tessa Dayman","","356671","daymtess228@gmail.com","Tessa Dayman","Late Cancel Charge","14688","14690","036981809486","late-cancel-fee-penalty-fees-771","","","Penalty Fees","","","Completed","7/2/2026","CAD","1","15.00","15.00","1.95","16.95","Visa","E-Commerce","London","Ontario"
"JQWF-AZ7H-5L5Q","Completed","7/2/2026","5:24 AM","America/Toronto","","false","354156","sm_perez@hotmail.com","Sheila Perez","","354156","sm_perez@hotmail.com","Sheila Perez","One Class Card // London","20798","20799","760445337951","one-class-card-l-credits-347","","","Credits","","","Completed","7/2/2026","CAD","1","25.00","25.00","3.25","28.25","Visa","E-Commerce","London","Ontario"
"RB6Q-CCAN-5L5Q","Refunded","7/2/2026","6:23 AM","America/Toronto","","true","367983","jasionowskaolivia@gmail.com","Olivia Jasionowska","","367983","jasionowskaolivia@gmail.com","Olivia Jasionowska","Late Cancel Charge","14688","14690","036981809486","late-cancel-fee-penalty-fees-771","","","Penalty Fees","","","Completed","7/2/2026","CAD","1","15.00","15.00","1.95","16.95","Visa","E-Commerce","London","Ontario"
"2MX7-Z2FA-5L5Q","Completed","7/2/2026","7:17 AM","America/Toronto","","true","378742","itslatashacromwell@gmail.com","Latasha Cromwell","","378742","itslatashacromwell@gmail.com","Latasha Cromwell","No Show Charge","14687","14689","489143084327","no-show-fee-penalty-fees-498","","","Penalty Fees","","","Completed","7/2/2026","CAD","1","20.00","20.00","2.60","22.60","Visa","E-Commerce","London","Ontario"
"G9K2-Q8GC-5L5Q","Refunded","7/2/2026","7:17 AM","America/Toronto","","true","369246","fmacd039@uottawa.ca","FIONA MACDONALD","","369246","fmacd039@uottawa.ca","FIONA MACDONALD","No Show Charge","14687","14689","489143084327","no-show-fee-penalty-fees-498","","","Penalty Fees","","","Completed","7/2/2026","CAD","1","20.00","20.00","2.60","22.60","Visa","E-Commerce","London","Ontario"
"C7WX-YWVY-5L5Q","Refunded","7/2/2026","7:20 AM","America/Toronto","","true","365931","parisanator@gmail.com","Sara Claussen","","365931","parisanator@gmail.com","Sara Claussen","4x Membership // London","21999","22000","216300284773","4x-membership-lo-memberships-280","","","Memberships","","","Completed","7/2/2026","CAD","1","80.00","80.00","10.40","90.40","Visa","E-Commerce","London","Ontario"
"9W36-8DFD-5L5Q","Refunded","7/2/2026","7:35 AM","America/Toronto","","true","365931","parisanator@gmail.com","Sara Claussen","","365931","parisanator@gmail.com","Sara Claussen","4x Membership // London","21999","22000","216300284773","4x-membership-lo-memberships-280","","","Memberships","","","Completed","7/2/2026","CAD","1","80.00","80.00","10.40","90.40","Visa","E-Commerce","London","Ontario"
"ADB8-P3R4-5L5Q","Completed","7/2/2026","8:06 AM","America/Toronto","","false","270454","maggiebetker04@gmail.com","Maggie Betker","","270454","maggiebetker04@gmail.com","Maggie Betker","Five Class Card // London","20802","20803","488719457552","five-class-card--credits-078","","","Credits","","","Completed","7/2/2026","CAD","1","110.00","110.00","14.30","124.30","Visa","E-Commerce","London","Ontario"
"RZA7-QJJR-5L5Q","Refunded","7/2/2026","8:37 AM","America/Toronto","","true","365931","parisanator@gmail.com","Sara Claussen","","365931","parisanator@gmail.com","Sara Claussen","4x Membership // London","21999","22000","216300284773","4x-membership-lo-memberships-280","","","Memberships","","","Completed","7/2/2026","CAD","1","80.00","80.00","10.40","90.40","Visa","E-Commerce","London","Ontario"
"D2A2-4AVR-5L5Q","Refunded","7/2/2026","9:40 AM","America/Toronto","","true","365931","parisanator@gmail.com","Sara Claussen","","365931","parisanator@gmail.com","Sara Claussen","4x Membership // London","21999","22000","216300284773","4x-membership-lo-memberships-280","","","Memberships","","","Completed","7/2/2026","CAD","1","80.00","80.00","10.40","90.40","Visa","E-Commerce","London","Ontario"
"VR72-N7ZF-5L5Q","Completed","7/2/2026","10:42 AM","America/Toronto","","true","365931","parisanator@gmail.com","Sara Claussen","","365931","parisanator@gmail.com","Sara Claussen","4x Membership // London","21999","22000","216300284773","4x-membership-lo-memberships-280","","","Memberships","","","Completed","7/2/2026","CAD","1","80.00","80.00","10.40","90.40","Visa","E-Commerce","London","Ontario"
"UCKC-XZR4-5L5Q","Completed","7/2/2026","10:45 AM","America/Toronto","","false","402750","bfiegehen06@gmail.com","Bronwyn Fiegehen","","402750","bfiegehen06@gmail.com","Bronwyn Fiegehen","One Class Card // London","20798","20799","760445337951","one-class-card-l-credits-347","","","Credits","","","Completed","7/2/2026","CAD","1","25.00","25.00","3.25","28.25","Mastercard","E-Commerce","London","Ontario"
"874C-R4T7-5L5Q","Refunded","7/2/2026","1:01 AM","America/Toronto","","true","371018","safiyah.lawendy@gmail.com","Safiyah Lawendy","","382306","michellejcallander@gmail.com","Michelle Callandar","Unlimited Membership // London","21995","21996","447442561003","unlimited-member-memberships-867","","","Memberships","","","Refunded","7/2/2026","CAD","-1","-200.00","-200.00","-26.00","-226.00","Visa","E-Commerce","London","Ontario"
"3547-VNPN-5L5Q","Completed","7/2/2026","12:13 PM","America/Toronto","desktop","false","371018","safiyah.lawendy@gmail.com","Safiyah Lawendy","","382306","michellejcallander@gmail.com","Michelle Callandar","Student Monthly Membership // London","21738","21739","582370867097","student-monthly--memberships-495","","","Memberships","","","Completed","7/2/2026","CAD","1","175.00","175.00","22.75","197.75","Visa","In-Store","London","Ontario"
"C7WX-YWVY-5L5Q","Refunded","7/2/2026","7:20 AM","America/Toronto","","true","365931","parisanator@gmail.com","Sara Claussen","","382306","michellejcallander@gmail.com","Michelle Callandar","4x Membership // London","21999","22000","216300284773","4x-membership-lo-memberships-280","","","Memberships","","","Refunded","7/2/2026","CAD","-1","-80.00","-80.00","-10.40","-90.40","Visa","E-Commerce","London","Ontario"
"9W36-8DFD-5L5Q","Refunded","7/2/2026","7:35 AM","America/Toronto","","true","365931","parisanator@gmail.com","Sara Claussen","","382306","michellejcallander@gmail.com","Michelle Callandar","4x Membership // London","21999","22000","216300284773","4x-membership-lo-memberships-280","","","Memberships","","","Refunded","7/2/2026","CAD","-1","-80.00","-80.00","-10.40","-90.40","Visa","E-Commerce","London","Ontario"
"RZA7-QJJR-5L5Q","Refunded","7/2/2026","8:37 AM","America/Toronto","","true","365931","parisanator@gmail.com","Sara Claussen","","382306","michellejcallander@gmail.com","Michelle Callandar","4x Membership // London","21999","22000","216300284773","4x-membership-lo-memberships-280","","","Memberships","","","Refunded","7/2/2026","CAD","-1","-80.00","-80.00","-10.40","-90.40","Visa","E-Commerce","London","Ontario"
"D2A2-4AVR-5L5Q","Refunded","7/2/2026","9:40 AM","America/Toronto","","true","365931","parisanator@gmail.com","Sara Claussen","","382306","michellejcallander@gmail.com","Michelle Callandar","4x Membership // London","21999","22000","216300284773","4x-membership-lo-memberships-280","","","Memberships","","","Refunded","7/2/2026","CAD","-1","-80.00","-80.00","-10.40","-90.40","Visa","E-Commerce","London","Ontario"
"BUAN-YWBX-5L5Q","Completed","7/2/2026","1:15 PM","America/Toronto","","false","403373","mm_gonz@hotmail.com","Michelle Gonzalez","","403373","mm_gonz@hotmail.com","Michelle Gonzalez","One Class Card // London","20798","20799","760445337951","one-class-card-l-credits-347","","","Credits","","","Completed","7/2/2026","CAD","1","25.00","25.00","3.25","28.25","Visa","E-Commerce","London","Ontario"
"M4RD-Y6TD-5L5Q","Completed","7/2/2026","3:24 PM","America/Toronto","","false","363411","rchirara@uwo.ca","rachiel chirara","","363411","rchirara@uwo.ca","rachiel chirara","Spin-It-Forward // London","20792","20793","964245982422","spin-it-forward--credits-429","","","Credits","","","Completed","7/2/2026","CAD","1","10.00","10.00","1.30","11.30","Visa","E-Commerce","London","Ontario"
"XKPU-UYYD-5L5Q","Completed","7/2/2026","4:15 PM","America/Toronto","","false","403274","lin.john257@gmail.com","Lindsay Johnston","","403274","lin.john257@gmail.com","Lindsay Johnston","One Class Card // London","20798","20799","760445337951","one-class-card-l-credits-347","","","Credits","","","Completed","7/2/2026","CAD","1","25.00","25.00","3.25","28.25","Visa","E-Commerce","London","Ontario"
"N4E3-28TE-5L5Q","Completed","7/2/2026","5:08 PM","America/Toronto","","false","301035","evelynstann@gmail.com","Evelyn Stan","","301035","evelynstann@gmail.com","Evelyn Stan","One Class Card // London","20798","20799","760445337951","one-class-card-l-credits-347","","","Credits","","","Completed","7/2/2026","CAD","1","25.00","25.00","3.25","28.25","Visa","E-Commerce","London","Ontario"
"TK5P-DP3W-5L5Q","Completed","7/2/2026","5:12 PM","America/Toronto","","false","391026","janicehamilton904@gmail.com","Janice Hamilton","","391026","janicehamilton904@gmail.com","Janice Hamilton","Ten Class Card // London","20794","20795","456569691604","ten-class-card-l-credits-104","","","Credits","","","Completed","7/2/2026","CAD","1","200.00","200.00","26.00","226.00","Mastercard","E-Commerce","London","Ontario"
"7SY3-QP6P-5L5Q","Completed","7/2/2026","5:13 PM","America/Toronto","","false","363395","derek@cardy.ca","Derek Cardy","","363395","derek@cardy.ca","Derek Cardy","Spin-It-Forward // London","20792","20793","964245982422","spin-it-forward--credits-429","","","Credits","","","Completed","7/2/2026","CAD","1","10.00","10.00","1.30","11.30","Visa","E-Commerce","London","Ontario"
"6R5Y-GGSA-5L5R","Completed","7/2/2026","8:00 PM","America/Toronto","desktop","false","358618","hooraesteph@gmail.com","Stephanie Rae","","356671","daymtess228@gmail.com","Tessa Dayman","Private Ride 1 // London","21736","21737","329646399710","copy-of-private--credits-195","","","Credits","","","Completed","7/2/2026","CAD","1","675.00","750.00","87.75","762.75","Visa","In-Store","London","Ontario"
"646Z-QGP7-5L5R","Completed","7/3/2026","12:25 AM","America/Toronto","","true","381092","ketsialr@gmail.com","Ketsia Ratzlaff","","381092","ketsialr@gmail.com","Ketsia Ratzlaff","8x Membership // London","21997","21998","667327189404","8x-membership-lo-memberships-656","","","Memberships","","","Completed","7/3/2026","CAD","1","150.00","150.00","19.50","169.50","Mastercard","E-Commerce","London","Ontario"
"CPA5-ZMPH-5L5R","Completed","7/3/2026","12:25 AM","America/Toronto","","true","353984","amerkel3@uwo.ca","Allie Merkel","","353984","amerkel3@uwo.ca","Allie Merkel","4x Membership // London","21999","22000","216300284773","4x-membership-lo-memberships-280","","","Memberships","","","Completed","7/3/2026","CAD","1","68.00","80.00","8.84","76.84","Mastercard","E-Commerce","London","Ontario"
"BZZZ-TNTD-5L5R","Completed","7/3/2026","12:25 AM","America/Toronto","","true","336211","kirvine7@uwo.ca","Kathryn Irvine","","336211","kirvine7@uwo.ca","Kathryn Irvine","Unlimited Monthly Membership // London *GRANDFATHERED","20834","20835","254627090190","unlimited-classe-memberships-530","","","Memberships","","","Completed","7/3/2026","CAD","1","200.00","200.00","26.00","226.00","Mastercard","E-Commerce","London","Ontario"
"V5VU-DAXW-5L5R","Completed","7/3/2026","5:51 AM","America/Toronto","","false","398239","clairekoteles04@gmail.com","Claire Koteles","","398239","clairekoteles04@gmail.com","Claire Koteles","One Class Card // London","20798","20799","760445337951","one-class-card-l-credits-347","","","Credits","","","Completed","7/3/2026","CAD","1","25.00","25.00","3.25","28.25","Mastercard","E-Commerce","London","Ontario"
"2YGG-WJVE-5L5R","Completed","7/3/2026","6:19 AM","America/Toronto","","false","391405","genahewitt12@hotmail.com","Gena Hewitt","","391405","genahewitt12@hotmail.com","Gena Hewitt","One Class Card // London","20798","20799","760445337951","one-class-card-l-credits-347","","","Credits","","","Completed","7/3/2026","CAD","1","25.00","25.00","3.25","28.25","Visa","E-Commerce","London","Ontario"
"PJRS-MKG2-5L5R","Completed","7/3/2026","7:12 AM","America/Toronto","desktop","false","369246","fmacd039@uottawa.ca","FIONA MACDONALD","","347301","london@spinco.ca","SPINCO London","Coffee // London","23655","23656","087239269521","coffee-london-food-and-beverag-851","","","Food and Beverage","","","Completed","7/3/2026","CAD","1","1.50","1.50","0.20","1.70","Visa","In-Store","London","Ontario"
"KJXF-CGQC-5L5R","Completed","7/3/2026","7:50 AM","America/Toronto","","false","384613","maddie.kellerrrr@gmail.com","Maddie Keller","","384613","maddie.kellerrrr@gmail.com","Maddie Keller","Spin-It-Forward // London","20792","20793","964245982422","spin-it-forward--credits-429","","","Credits","","","Completed","7/3/2026","CAD","1","10.00","10.00","1.30","11.30","Mastercard","E-Commerce","London","Ontario"
"69VZ-GSU5-5L5R","Completed","7/3/2026","8:11 AM","America/Toronto","","false","405254","marlenebaan@hotmail.com","Marlene Looby","","405254","marlenebaan@hotmail.com","Marlene Looby","One Class Card // London","20798","20799","760445337951","one-class-card-l-credits-347","","","Credits","","","Completed","7/3/2026","CAD","1","25.00","25.00","3.25","28.25","American Express","E-Commerce","London","Ontario"
"RB6Q-CCAN-5L5Q","Refunded","7/2/2026","6:23 AM","America/Toronto","","true","367983","jasionowskaolivia@gmail.com","Olivia Jasionowska","","336948","rbissett0303@gmail.com","Rachel Bissett","Late Cancel Charge","14688","14690","036981809486","late-cancel-fee-penalty-fees-771","","","Penalty Fees","","","Refunded","7/3/2026","CAD","-1","-15.00","-15.00","-1.95","-16.95","Visa","E-Commerce","London","Ontario"
"ZB8W-WCWS-5L5R","Completed","7/3/2026","9:21 AM","America/Toronto","","true","372287","cienna.michelle@gmail.com","Cienna Good","","372287","cienna.michelle@gmail.com","Cienna Good","Late Cancel Charge","14688","14690","036981809486","late-cancel-fee-penalty-fees-771","","","Penalty Fees","","","Completed","7/3/2026","CAD","1","15.00","15.00","1.95","16.95","Visa","E-Commerce","London","Ontario"
"ZS5A-RZE2-5L5R","Completed","7/3/2026","12:49 PM","America/Toronto","","false","309820","ashleyjillk@gmail.com","Ashley Keller","","309820","ashleyjillk@gmail.com","Ashley Keller","Spin-It-Forward // London","20792","20793","964245982422","spin-it-forward--credits-429","","","Credits","","","Completed","7/3/2026","CAD","1","10.00","10.00","1.30","11.30","Mastercard","E-Commerce","London","Ontario"
"GZQJ-W6FN-5L5R","Completed","7/3/2026","1:03 PM","America/Toronto","","false","405268","caleighschnare@gmail.com","Caleigh Schnare","","405268","caleighschnare@gmail.com","Caleigh Schnare","One Class Card // London","20798","20799","760445337951","one-class-card-l-credits-347","","","Credits","","","Completed","7/3/2026","CAD","1","25.00","25.00","3.25","28.25","Visa","E-Commerce","London","Ontario"
"WA5Z-EZMH-5L5R","Completed","7/3/2026","1:21 PM","America/Toronto","","false","366201","m1k3yrp@gmail.com","Michael Ruiz","","366201","m1k3yrp@gmail.com","Michael Ruiz","Spin-It-Forward // London","20792","20793","964245982422","spin-it-forward--credits-429","","","Credits","","","Completed","7/3/2026","CAD","1","10.00","10.00","1.30","11.30","American Express","E-Commerce","London","Ontario"
"AK4Q-WNXJ-5L5R","Completed","7/3/2026","1:56 PM","America/Toronto","","false","362525","sandra.qawwas@gmail.com","Sandra Qawwas","","362525","sandra.qawwas@gmail.com","Sandra Qawwas","Spin-It-Forward // London","20792","20793","964245982422","spin-it-forward--credits-429","","","Credits","","","Completed","7/3/2026","CAD","2","20.00","20.00","2.60","22.60","Mastercard","E-Commerce","London","Ontario"
"RY3J-YEVS-5L5R","Completed","7/3/2026","3:59 PM","America/Toronto","unknown","false","298876","noel.wright63@gmail.com","Noel Wright","","298876","noel.wright63@gmail.com","Noel Wright","One Class Card // London","20798","20799","760445337951","one-class-card-l-credits-347","","","Credits","","","Completed","7/3/2026","CAD","1","25.00","25.00","3.25","28.25","Visa","E-Commerce","London","Ontario"
"VXPV-GZQB-5L5R","Completed","7/3/2026","4:20 PM","America/Toronto","","true","384035","laismeiras@gmail.com","Laís Marques Eiras","","384035","laismeiras@gmail.com","Laís Marques Eiras","Late Cancel Charge","14688","14690","036981809486","late-cancel-fee-penalty-fees-771","","","Penalty Fees","","","Completed","7/3/2026","CAD","1","15.00","15.00","1.95","16.95","Visa","E-Commerce","London","Ontario"
"3ASU-CNMK-5L5R","Completed","7/3/2026","4:35 PM","America/Toronto","desktop","false","340395","hhounsel@alumni.uwo.ca","Heather Hounsell","","302740","rawat.dhriti@gmail.com","Dhriti Rawat","SPINCO Water","19657","19658","469973764933","spinco-water-water-914","","","Water","Arctic Chiller","","Completed","7/3/2026","CAD","1","2.50","2.50","0.33","2.83","Mastercard","In-Store","London","Ontario"
"3NP6-A33R-5L5R","Completed","7/3/2026","5:35 PM","America/Toronto","unknown","false","194496","exmcloughlin@gmail.com","eric mcloughlin","","194496","exmcloughlin@gmail.com","eric mcloughlin","Five Class Card // London","20802","20803","488719457552","five-class-card--credits-078","","","Credits","","","Completed","7/3/2026","CAD","1","110.00","110.00","14.30","124.30","Mastercard","E-Commerce","London","Ontario"
"EZ66-7PT3-5L3Q","Refunded","6/30/2026","7:37 AM","America/Toronto","","false","365077","chantel.brown@lhsc.on.ca","Chantel Desumma-Brown","","382306","michellejcallander@gmail.com","Michelle Callandar","Five Class Card // London","20802","20803","488719457552","five-class-card--credits-078","","","Credits","","","Refunded","7/3/2026","CAD","-1","-110.00","-110.00","-14.30","-124.30","Visa","E-Commerce","London","Ontario"
"FXXB-G2RX-5L5R","Completed","7/3/2026","6:44 PM","America/Toronto","desktop","false","365077","chantel.brown@lhsc.on.ca","Chantel Desumma-Brown","","382306","michellejcallander@gmail.com","Michelle Callandar","One Class Card // London","20798","20799","760445337951","one-class-card-l-credits-347","","","Credits","","","Completed","7/3/2026","CAD","1","25.00","25.00","3.25","28.25","Visa","In-Store","London","Ontario"
"G9K2-Q8GC-5L5Q","Refunded","7/2/2026","7:17 AM","America/Toronto","","true","369246","fmacd039@uottawa.ca","FIONA MACDONALD","","382306","michellejcallander@gmail.com","Michelle Callandar","No Show Charge","14687","14689","489143084327","no-show-fee-penalty-fees-498","","","Penalty Fees","","","Refunded","7/3/2026","CAD","-1","-20.00","-20.00","-2.60","-22.60","Visa","E-Commerce","London","Ontario"
"NSJ3-D554-5L3O","Refunded","6/28/2026","6:20 PM","America/Toronto","","true","404223","trinh0715@gmail.com","Wendy Trinh","","382306","michellejcallander@gmail.com","Michelle Callandar","No Show Charge","14687","14689","489143084327","no-show-fee-penalty-fees-498","","","Penalty Fees","","","Refunded","7/3/2026","CAD","-1","-20.00","-20.00","-2.60","-22.60","Visa","E-Commerce","London","Ontario"
"RP4A-7Z3V-5L5S","Completed","7/3/2026","8:11 PM","America/Toronto","","false","403675","tamarashanab@gmail.com","Tamara Abushanab","","403675","tamarashanab@gmail.com","Tamara Abushanab","One Class Card // London","20798","20799","760445337951","one-class-card-l-credits-347","","","Credits","","","Completed","7/3/2026","CAD","1","25.00","25.00","3.25","28.25","Visa","E-Commerce","London","Ontario"
"JGXH-GEKR-5L5S","Completed","7/3/2026","8:13 PM","America/Toronto","mobile","false","405326","hanna_shel@icloud.com","Hanna Sheshelidze","","405326","hanna_shel@icloud.com","Hanna Sheshelidze","One Class Card // London","20798","20799","760445337951","one-class-card-l-credits-347","","","Credits","","","Completed","7/3/2026","CAD","1","0.00","25.00","0.00","0.00","No Charge","E-Commerce","London","Ontario"
"A8NF-Q9JB-5L5S","Completed","7/3/2026","8:17 PM","America/Toronto","","true","363395","derek@cardy.ca","Derek Cardy","","363395","derek@cardy.ca","Derek Cardy","No Show Charge","14687","14689","489143084327","no-show-fee-penalty-fees-498","","","Penalty Fees","","","Completed","7/3/2026","CAD","1","20.00","20.00","2.60","22.60","Visa","E-Commerce","London","Ontario"
"DG7Q-3GEF-5L5S","Completed","7/4/2026","12:24 AM","America/Toronto","","true","394909","laurenfarlinger@gmail.com","Lauren Farlinger","","394909","laurenfarlinger@gmail.com","Lauren Farlinger","4x Membership // London","21999","22000","216300284773","4x-membership-lo-memberships-280","","","Memberships","","","Completed","7/4/2026","CAD","1","80.00","80.00","10.40","90.40","American Express","E-Commerce","London","Ontario"
"FT7R-44ZD-5L5S","Completed","7/4/2026","12:24 AM","America/Toronto","","true","236028","lilysfrancis@gmail.com","Lily Francis","","236028","lilysfrancis@gmail.com","Lily Francis","Staff Membership // London","20830","20831","898235312897","staff-membership-memberships-735","","","Memberships","","","Completed","7/4/2026","CAD","1","0.00","0.00","0.00","0.00","No Charge","E-Commerce","London","Ontario"
"3MVJ-TJ8T-5L5S","Completed","7/4/2026","12:24 AM","America/Toronto","","true","347824","llanasooklal2@gmail.com","Llana Tatavarti","","347824","llanasooklal2@gmail.com","Llana Tatavarti","4x Monthly Membership // London *GRANDFATHERED","20838","20839","545622520223","4-classes-month--memberships-721","","","Memberships","","","Completed","7/4/2026","CAD","1","80.00","80.00","10.40","90.40","Mastercard","E-Commerce","London","Ontario"
"ZUKG-VDPQ-5L5S","Completed","7/4/2026","7:52 AM","America/Toronto","desktop","false","380929","ann_marie_parsons@hotmail.com","Ann-Marie Daharu","","347301","london@spinco.ca","SPINCO London","SPINCO Water","19657","19658","469973764933","spinco-water-water-914","","","Water","Arctic Chiller","","Completed","7/4/2026","CAD","1","2.50","2.50","0.33","2.83","American Express","In-Store","London","Ontario"
"2F7J-VJ6B-5L5S","Completed","7/4/2026","8:51 AM","America/Toronto","desktop","false","397237","melaniemoo@rogers.com","Melanie Moore","","347301","london@spinco.ca","SPINCO London","SPINCO Water","19657","19658","469973764933","spinco-water-water-914","","","Water","Arctic Chiller","","Completed","7/4/2026","CAD","1","2.50","2.50","0.33","2.83","Visa","In-Store","London","Ontario"
"8FY5-3J7Q-5L5S","Completed","7/4/2026","9:19 AM","America/Toronto","","true","367983","jasionowskaolivia@gmail.com","Olivia Jasionowska","","367983","jasionowskaolivia@gmail.com","Olivia Jasionowska","Late Cancel Charge","14688","14690","036981809486","late-cancel-fee-penalty-fees-771","","","Penalty Fees","","","Completed","7/4/2026","CAD","1","15.00","15.00","1.95","16.95","Visa","E-Commerce","London","Ontario"
"G5GK-7E4X-5L5S","Completed","7/4/2026","9:19 AM","America/Toronto","","true","372287","cienna.michelle@gmail.com","Cienna Good","","372287","cienna.michelle@gmail.com","Cienna Good","Late Cancel Charge","14688","14690","036981809486","late-cancel-fee-penalty-fees-771","","","Penalty Fees","","","Completed","7/4/2026","CAD","1","15.00","15.00","1.95","16.95","Visa","E-Commerce","London","Ontario"
"ZUX9-48J4-5L5S","Refunded","7/4/2026","11:34 AM","America/Toronto","","false","400671","erindlewis05@gmail.com","Erin Wilder","","400671","erindlewis05@gmail.com","Erin Wilder","One Class Card // London","20798","20799","760445337951","one-class-card-l-credits-347","","","Credits","","","Completed","7/4/2026","CAD","1","25.00","25.00","3.25","28.25","Visa","E-Commerce","London","Ontario"
"UWKM-VXEE-5L5S","Completed","7/4/2026","12:27 PM","America/Toronto","","false","404141","slcyau8@gmail.com","Sophie Yau","","404141","slcyau8@gmail.com","Sophie Yau","One Class Card // London","20798","20799","760445337951","one-class-card-l-credits-347","","","Credits","","","Completed","7/4/2026","CAD","2","50.00","50.00","6.50","56.50","Visa","E-Commerce","London","Ontario"
"CFS9-V36P-5L5S","Completed","7/4/2026","2:19 PM","America/Toronto","","false","405408","vermavanshaj@icloud.com","Vanshaj Verma","","405408","vermavanshaj@icloud.com","Vanshaj Verma","New Rider Special // London","21051","21052","288040778473","new-rider-specia-memberships-503","","","Memberships","","","Completed","7/4/2026","CAD","1","50.00","50.00","6.50","56.50","Visa","E-Commerce","London","Ontario"
"QD5M-9JXQ-5L5S","Completed","7/4/2026","4:24 PM","America/Toronto","","false","372691","rachelashlindmackay@gmail.com","Rachel MacKay","","372691","rachelashlindmackay@gmail.com","Rachel MacKay","One Class Card // London","20798","20799","760445337951","one-class-card-l-credits-347","","","Credits","","","Completed","7/4/2026","CAD","1","25.00","25.00","3.25","28.25","Mastercard","E-Commerce","London","Ontario"
"H2AJ-T7UQ-5L5S","Completed","7/4/2026","4:28 PM","America/Toronto","","false","373996","iwansmil@gmail.com","Iwan Smiley","","373996","iwansmil@gmail.com","Iwan Smiley","One Class Card // London","20798","20799","760445337951","one-class-card-l-credits-347","","","Credits","","","Completed","7/4/2026","CAD","1","25.00","25.00","3.25","28.25","Visa","E-Commerce","London","Ontario"
"JPDB-QPVG-5L5S","Completed","7/4/2026","5:42 PM","America/Toronto","","false","405402","j_webb@live.ca","Justin Webb","","405402","j_webb@live.ca","Justin Webb","New Rider Special // London","21051","21052","288040778473","new-rider-specia-memberships-503","","","Memberships","","","Completed","7/4/2026","CAD","1","50.00","50.00","6.50","56.50","Visa","E-Commerce","London","Ontario"
"ZUX9-48J4-5L5S","Refunded","7/4/2026","11:34 AM","America/Toronto","","false","400671","erindlewis05@gmail.com","Erin Wilder","","71878","k.rothwell@spinco.ca","Kira Rothwell","One Class Card // London","20798","20799","760445337951","one-class-card-l-credits-347","","","Credits","","","Refunded","7/4/2026","CAD","-1","-25.00","-25.00","-3.25","-28.25","Visa","E-Commerce","London","Ontario"
"TCDT-PUA7-5L5T","Completed","7/4/2026","9:07 PM","America/Toronto","","false","399936","libcaalme91@outlook.com","Libia Medina","","399936","libcaalme91@outlook.com","Libia Medina","2-Week Unlimited - London","21065","21066","384754283235","2-week-unlimited-memberships-769","","","Memberships","","","Completed","7/4/2026","CAD","1","50.00","50.00","6.50","56.50","Visa","E-Commerce","London","Ontario"
"CUNB-ZTNE-5L5T","Completed","7/4/2026","11:37 PM","America/Toronto","","false","378014","valeskadegouveia@hotmail.com","Valeska De Gouveia","","378014","valeskadegouveia@hotmail.com","Valeska De Gouveia","Spin-It-Forward // London","20792","20793","964245982422","spin-it-forward--credits-429","","","Credits","","","Completed","7/4/2026","CAD","1","10.00","10.00","1.30","11.30","Mastercard","E-Commerce","London","Ontario"
"VJQC-RXSU-5L5T","Completed","7/5/2026","12:26 AM","America/Toronto","","true","65173","shandidaniellehillgartner@hotmail.com","Shandi Hillgartner","","65173","shandidaniellehillgartner@hotmail.com","Shandi Hillgartner","8x Membership // London","21997","21998","667327189404","8x-membership-lo-memberships-656","","","Memberships","","","Completed","7/5/2026","CAD","1","150.00","150.00","19.50","169.50","Visa","E-Commerce","London","Ontario"
"MQCX-EF64-5L5T","Completed","7/5/2026","12:26 AM","America/Toronto","","true","402006","jhussei6@uwo.ca","Judy Hussein","","402006","jhussei6@uwo.ca","Judy Hussein","Unlimited Membership // London","21995","21996","447442561003","unlimited-member-memberships-867","","","Memberships","","","Completed","7/5/2026","CAD","1","200.00","200.00","26.00","226.00","American Express","E-Commerce","London","Ontario"
"NR2H-5GP8-5L5T","Completed","7/5/2026","12:26 AM","America/Toronto","","true","356436","laceyflannery13@gmail.com","Lacey Flannery","","356436","laceyflannery13@gmail.com","Lacey Flannery","8x Monthly Membership // London *GRANDFATHERED","20840","20841","811541656417","8-classes-month--memberships-167","","","Memberships","","","Completed","7/5/2026","CAD","1","150.00","150.00","19.50","169.50","Mastercard","E-Commerce","London","Ontario"
"C49U-5MY7-5L5T","Completed","7/5/2026","12:26 AM","America/Toronto","","true","352814","dehliamcdonald@gmail.com","Dehlia McDonald","","352814","dehliamcdonald@gmail.com","Dehlia McDonald","Staff Membership // London","20830","20831","898235312897","staff-membership-memberships-735","","","Memberships","","","Completed","7/5/2026","CAD","1","0.00","0.00","0.00","0.00","No Charge","E-Commerce","London","Ontario"
"2SAW-7XBJ-5L5T","Completed","7/5/2026","12:26 AM","America/Toronto","","true","365077","chantel.brown@lhsc.on.ca","Chantel Desumma-Brown","","365077","chantel.brown@lhsc.on.ca","Chantel Desumma-Brown","Unlimited Membership // London · BLACK FRIDAY 2025","22630","22631","712442897099","unlimited-member-memberships-584","","","Memberships","","","Completed","7/5/2026","CAD","1","180.00","180.00","23.40","203.40","Visa","E-Commerce","London","Ontario"
"A5XA-XGDJ-5L5T","Completed","7/5/2026","9:01 AM","America/Toronto","desktop","false","349222","julianoel143@gmail.com","Julia Noël","","71878","k.rothwell@spinco.ca","Kira Rothwell","SPINCO Water","19657","19658","469973764933","spinco-water-water-914","","","Water","Arctic Chiller","","Completed","7/5/2026","CAD","1","2.50","2.50","0.33","2.83","Visa","In-Store","London","Ontario"
"FAG8-2MQA-5L5T","Completed","7/5/2026","9:41 AM","America/Toronto","desktop","false","356671","daymtess228@gmail.com","Tessa Dayman","","347301","london@spinco.ca","SPINCO London","Coffee // London","23655","23656","087239269521","coffee-london-food-and-beverag-851","","","Food and Beverage","","","Completed","7/5/2026","CAD","1","1.50","1.50","0.20","1.70","Visa","In-Store","London","Ontario"
"R7RM-A68G-5L5T","Completed","7/5/2026","9:58 AM","America/Toronto","desktop","false","369246","fmacd039@uottawa.ca","FIONA MACDONALD","","347301","london@spinco.ca","SPINCO London","Coffee // London","23655","23656","087239269521","coffee-london-food-and-beverag-851","","","Food and Beverage","","","Completed","7/5/2026","CAD","1","1.50","1.50","0.20","1.70","Visa","In-Store","London","Ontario"
"2ZZ8-NCZY-5L5T","Completed","7/5/2026","12:21 PM","America/Toronto","","true","392050","ameenah.khan01@gmail.com","Ameenah Khan","","392050","ameenah.khan01@gmail.com","Ameenah Khan","No Show Charge","14687","14689","489143084327","no-show-fee-penalty-fees-498","","","Penalty Fees","","","Completed","7/5/2026","CAD","1","20.00","20.00","2.60","22.60","Visa","E-Commerce","London","Ontario"
"AAG4-CX7J-5L5T","Completed","7/5/2026","2:26 PM","America/Toronto","","false","405187","vivahewitt@gmail.com","Vivienne Hewitt","","405187","vivahewitt@gmail.com","Vivienne Hewitt","New Rider Special // London","21051","21052","288040778473","new-rider-specia-memberships-503","","","Memberships","","","Completed","7/5/2026","CAD","1","50.00","50.00","6.50","56.50","Visa","E-Commerce","London","Ontario"
"FX8J-SU9C-5L5T","Completed","7/5/2026","3:20 PM","America/Toronto","","true","405001","rhuthcastro@gmail.com","Daniela Oropeza","","405001","rhuthcastro@gmail.com","Daniela Oropeza","Late Cancel Charge","14688","14690","036981809486","late-cancel-fee-penalty-fees-771","","","Penalty Fees","","","Completed","7/5/2026","CAD","1","15.00","15.00","1.95","16.95","Visa","E-Commerce","London","Ontario"
"C3HP-D4KM-5L5T","Completed","7/5/2026","4:23 PM","America/Toronto","","false","370091","orianaculig@gmail.com","Oriana Culig","","370091","orianaculig@gmail.com","Oriana Culig","Spin-It-Forward // London","20792","20793","964245982422","spin-it-forward--credits-429","","","Credits","","","Completed","7/5/2026","CAD","1","10.00","10.00","1.30","11.30","Visa","E-Commerce","London","Ontario"
"3PU7-5QRE-5L5T","Completed","7/5/2026","4:23 PM","America/Toronto","","false","370101","cassidinother@icloud.com","Cass Nother","","370101","cassidinother@icloud.com","Cass Nother","Spin-It-Forward // London","20792","20793","964245982422","spin-it-forward--credits-429","","","Credits","","","Completed","7/5/2026","CAD","1","10.00","10.00","1.30","11.30","Visa","E-Commerce","London","Ontario"
"Q9FM-SSZM-5L5T","Completed","7/5/2026","4:25 PM","America/Toronto","","false","388955","angelinawigginss@gmail.com","Angelina Wiggins","","388955","angelinawigginss@gmail.com","Angelina Wiggins","Spin-It-Forward // London","20792","20793","964245982422","spin-it-forward--credits-429","","","Credits","","","Completed","7/5/2026","CAD","1","10.00","10.00","1.30","11.30","Mastercard","E-Commerce","London","Ontario"
"YESA-TWSQ-5L5U","Completed","7/5/2026","10:04 PM","America/Toronto","","false","405532","talianoon17@hotmail.com","Talia Noon","","405532","talianoon17@hotmail.com","Talia Noon","Spin-It-Forward // London","20792","20793","964245982422","spin-it-forward--credits-429","","","Credits","","","Completed","7/5/2026","CAD","1","10.00","10.00","1.30","11.30","Visa","E-Commerce","London","Ontario"
"E8N7-E9DU-5L5U","Completed","7/5/2026","10:09 PM","America/Toronto","","false","405533","miszczykabs@gmail.com","Abbey Miszczyk","","405533","miszczykabs@gmail.com","Abbey Miszczyk","Spin-It-Forward // London","20792","20793","964245982422","spin-it-forward--credits-429","","","Credits","","","Completed","7/5/2026","CAD","1","10.00","10.00","1.30","11.30","Visa","E-Commerce","London","Ontario"
"D4C6-CK35-5L5U","Completed","7/5/2026","10:19 PM","America/Toronto","","true","351338","lyndsayfitzgeorge@gmail.com","Lyndsay Fitzgeorge","","351338","lyndsayfitzgeorge@gmail.com","Lyndsay Fitzgeorge","Late Cancel Charge","14688","14690","036981809486","late-cancel-fee-penalty-fees-771","","","Penalty Fees","","","Completed","7/5/2026","CAD","1","15.00","15.00","1.95","16.95","Mastercard","E-Commerce","London","Ontario"
"SAMZ-WWVA-5L5U","Completed","7/5/2026","11:44 PM","America/Toronto","","false","403274","lin.john257@gmail.com","Lindsay Johnston","","403274","lin.john257@gmail.com","Lindsay Johnston","Five Class Card // London","20802","20803","488719457552","five-class-card--credits-078","","","Credits","","","Completed","7/5/2026","CAD","1","110.00","110.00","14.30","124.30","Visa","E-Commerce","London","Ontario"
"875Q-SNVN-5L5U","Completed","7/6/2026","12:24 AM","America/Toronto","","true","351665","madisonlaine99@hotmail.ca","maddy laine","","351665","madisonlaine99@hotmail.ca","maddy laine","4x Membership // London","21999","22000","216300284773","4x-membership-lo-memberships-280","","","Memberships","","","Completed","7/6/2026","CAD","1","80.00","80.00","10.40","90.40","Visa","E-Commerce","London","Ontario"
"TJJ9-Z6KC-5L5U","Completed","7/6/2026","12:24 AM","America/Toronto","","true","340041","nicolette.coppola@outlook.com","Nicolette Coppola","","340041","nicolette.coppola@outlook.com","Nicolette Coppola","Unlimited Membership // London","21995","21996","447442561003","unlimited-member-memberships-867","","","Memberships","","","Completed","7/6/2026","CAD","1","200.00","200.00","26.00","226.00","Visa","E-Commerce","London","Ontario"
"TKHY-H3A5-5L5U","Completed","7/6/2026","12:24 AM","America/Toronto","","true","349029","jessicaashleigh@live.ca","Jess Bray","","349029","jessicaashleigh@live.ca","Jess Bray","4x Monthly Membership // London *GRANDFATHERED","20838","20839","545622520223","4-classes-month--memberships-721","","","Memberships","","","Completed","7/6/2026","CAD","1","68.00","80.00","8.84","76.84","Visa","E-Commerce","London","Ontario"
"DWVA-PPZ5-5L5U","Completed","7/6/2026","12:24 AM","America/Toronto","","true","360337","jenn.buchanan@hotmail.com","Jenn Buchanan","","360337","jenn.buchanan@hotmail.com","Jenn Buchanan","Student Monthly Membership // London","21738","21739","582370867097","student-monthly--memberships-495","","","Memberships","","","Completed","7/6/2026","CAD","1","175.00","175.00","22.75","197.75","Visa","E-Commerce","London","Ontario"
"CM7K-ZD7W-5L5U","Completed","7/6/2026","5:19 AM","America/Toronto","","true","351106","stacey.pipicelli@gmail.com","Stacey Pipicelli","","351106","stacey.pipicelli@gmail.com","Stacey Pipicelli","Late Cancel Charge","14688","14690","036981809486","late-cancel-fee-penalty-fees-771","","","Penalty Fees","","","Completed","7/6/2026","CAD","1","15.00","15.00","1.95","16.95","Visa","E-Commerce","London","Ontario"
"FAM5-8UNQ-5L5U","Completed","7/6/2026","5:19 AM","America/Toronto","","true","402328","jimbobmarty@yahoo.ca","Marty Robertson","","402328","jimbobmarty@yahoo.ca","Marty Robertson","Late Cancel Charge","14688","14690","036981809486","late-cancel-fee-penalty-fees-771","","","Penalty Fees","","","Completed","7/6/2026","CAD","1","15.00","15.00","1.95","16.95","Visa","E-Commerce","London","Ontario"
"N2R8-ES99-5L5U","Completed","7/6/2026","7:17 AM","America/Toronto","","false","391405","genahewitt12@hotmail.com","Gena Hewitt","","391405","genahewitt12@hotmail.com","Gena Hewitt","One Class Card // London","20798","20799","760445337951","one-class-card-l-credits-347","","","Credits","","","Completed","7/6/2026","CAD","1","25.00","25.00","3.25","28.25","Visa","E-Commerce","London","Ontario"
"MQR8-4V5D-5L5U","Completed","7/6/2026","10:42 AM","America/Toronto","","false","309820","ashleyjillk@gmail.com","Ashley Keller","","309820","ashleyjillk@gmail.com","Ashley Keller","Spin-It-Forward // London","20792","20793","964245982422","spin-it-forward--credits-429","","","Credits","","","Completed","7/6/2026","CAD","1","10.00","10.00","1.30","11.30","Mastercard","E-Commerce","London","Ontario"
"H92Q-FBMD-5L5U","Completed","7/6/2026","10:49 AM","America/Toronto","","false","232454","shannon.porter_@hotmail.com","Shannon Porter","","232454","shannon.porter_@hotmail.com","Shannon Porter","Spin-It-Forward // London","20792","20793","964245982422","spin-it-forward--credits-429","","","Credits","","","Completed","7/6/2026","CAD","1","10.00","10.00","1.30","11.30","Visa","E-Commerce","London","Ontario"
"2GSH-W2H2-5L5U","Completed","7/6/2026","10:54 AM","America/Toronto","","false","349712","jbutton8@uwo.ca","Jenna B","","349712","jbutton8@uwo.ca","Jenna B","Spin-It-Forward // London","20792","20793","964245982422","spin-it-forward--credits-429","","","Credits","","","Completed","7/6/2026","CAD","1","10.00","10.00","1.30","11.30","Visa","E-Commerce","London","Ontario"
"VEDM-EGUQ-5L5U","Completed","7/6/2026","1:08 PM","America/Toronto","","false","351856","parkchristine97@gmail.com","Christine Park","","351856","parkchristine97@gmail.com","Christine Park","One Class Card // London","20798","20799","760445337951","one-class-card-l-credits-347","","","Credits","","","Completed","7/6/2026","CAD","1","25.00","25.00","3.25","28.25","Visa","E-Commerce","London","Ontario"
"SV56-AH4R-5L5U","Completed","7/6/2026","1:10 PM","America/Toronto","","false","351856","parkchristine97@gmail.com","Christine Park","","351856","parkchristine97@gmail.com","Christine Park","One Class Card // London","20798","20799","760445337951","one-class-card-l-credits-347","","","Credits","","","Completed","7/6/2026","CAD","1","25.00","25.00","3.25","28.25","Visa","E-Commerce","London","Ontario"
"SNCQ-ECME-5L5U","Completed","7/6/2026","2:55 PM","America/Toronto","","false","405636","turkmanidil@hotmail.com","Idil Turkman","","405636","turkmanidil@hotmail.com","Idil Turkman","2-Week Unlimited - London","21065","21066","384754283235","2-week-unlimited-memberships-769","","","Memberships","","","Completed","7/6/2026","CAD","1","50.00","50.00","6.50","56.50","Visa","E-Commerce","London","Ontario"
"CPVJ-HG39-5L5U","Completed","7/6/2026","2:58 PM","America/Toronto","","false","405638","hedra.samun@yahoo.com","Hedra Samun","","405638","hedra.samun@yahoo.com","Hedra Samun","New Rider Special // London","21051","21052","288040778473","new-rider-specia-memberships-503","","","Memberships","","","Completed","7/6/2026","CAD","1","50.00","50.00","6.50","56.50","Visa","E-Commerce","London","Ontario"
"5SCC-XKCE-5L5U","Completed","7/6/2026","2:59 PM","America/Toronto","","false","401994","husnitava@hotmail.com","Tava Husni","","401994","husnitava@hotmail.com","Tava Husni","One Class Card // London","20798","20799","760445337951","one-class-card-l-credits-347","","","Credits","","","Completed","7/6/2026","CAD","1","25.00","25.00","3.25","28.25","Visa","E-Commerce","London","Ontario"
"J7PS-EB5P-5L5U","Completed","7/6/2026","3:37 PM","America/Toronto","","false","389695","claudia.drewitt@icloud.com","Claudia Drewitt","","389695","claudia.drewitt@icloud.com","Claudia Drewitt","Spin-It-Forward // London","20792","20793","964245982422","spin-it-forward--credits-429","","","Credits","","","Completed","7/6/2026","CAD","1","10.00","10.00","1.30","11.30","Visa","E-Commerce","London","Ontario"
"5UVJ-DXG3-5L5U","Completed","7/6/2026","3:48 PM","America/Toronto","","false","390386","kylegroenen@gmail.com","Kyle Groenenberg","","390386","kylegroenen@gmail.com","Kyle Groenenberg","One Class Card // London","20798","20799","760445337951","one-class-card-l-credits-347","","","Credits","","","Completed","7/6/2026","CAD","1","25.00","25.00","3.25","28.25","Visa","E-Commerce","London","Ontario"
"PKAT-H8VS-5L5U","Completed","7/6/2026","7:00 PM","America/Toronto","","false","405674","maryamsigary0@gmail.com","Maryam Sigary","","405674","maryamsigary0@gmail.com","Maryam Sigary","New Rider Special // London","21051","21052","288040778473","new-rider-specia-memberships-503","","","Memberships","","","Completed","7/6/2026","CAD","1","50.00","50.00","6.50","56.50","Visa","E-Commerce","London","Ontario"
"MJBY-3YUR-5L5U","Completed","7/6/2026","7:25 PM","America/Toronto","","false","400769","mariojozic7@gmail.com","Mario Jozic","","400769","mariojozic7@gmail.com","Mario Jozic","One Class Card // London","20798","20799","760445337951","one-class-card-l-credits-347","","","Credits","","","Completed","7/6/2026","CAD","1","25.00","25.00","3.25","28.25","Mastercard","E-Commerce","London","Ontario"
"VHQK-Z2AJ-5L5U","Completed","7/6/2026","7:48 PM","America/Toronto","","false","402208","hifabumuyi12@hotmail.com","Haille Ifabumuyi","","402208","hifabumuyi12@hotmail.com","Haille Ifabumuyi","Spin-It-Forward // London","20792","20793","964245982422","spin-it-forward--credits-429","","","Credits","","","Completed","7/6/2026","CAD","1","10.00","10.00","1.30","11.30","Visa","E-Commerce","London","Ontario"
"YG3Q-X7JK-5L5V","Completed","7/6/2026","10:17 PM","America/Toronto","","true","367983","jasionowskaolivia@gmail.com","Olivia Jasionowska","","367983","jasionowskaolivia@gmail.com","Olivia Jasionowska","Late Cancel Charge","14688","14690","036981809486","late-cancel-fee-penalty-fees-771","","","Penalty Fees","","","Completed","7/6/2026","CAD","1","15.00","15.00","1.95","16.95","Account balance, Visa","E-Commerce","London","Ontario"
"SNF7-56KX-5L5V","Completed","7/6/2026","10:36 PM","America/Toronto","","false","359884","vivybear@hotmail.co.uk","Vivian Chan","","359884","vivybear@hotmail.co.uk","Vivian Chan","Spin-It-Forward // London","20792","20793","964245982422","spin-it-forward--credits-429","","","Credits","","","Completed","7/6/2026","CAD","1","10.00","10.00","1.30","11.30","Visa","E-Commerce","London","Ontario"
"ZK8D-PR89-5L5V","Completed","7/7/2026","12:25 AM","America/Toronto","","true","402208","hifabumuyi12@hotmail.com","Haille Ifabumuyi","","402208","hifabumuyi12@hotmail.com","Haille Ifabumuyi","4x Membership // London","21999","22000","216300284773","4x-membership-lo-memberships-280","","","Memberships","","","Completed","7/7/2026","CAD","1","80.00","80.00","10.40","90.40","Visa","E-Commerce","London","Ontario"
"4PGU-HNHJ-5L5V","Completed","7/7/2026","12:25 AM","America/Toronto","","true","299099","karin.kerfoot@gmail.com","Karin Kerfoot","","299099","karin.kerfoot@gmail.com","Karin Kerfoot","8x Monthly Membership // 20% OFF PRE-SALE (London)","20848","20849","592398618104","20-off-presale-8-memberships-995","","","Memberships","","","Completed","7/7/2026","CAD","1","120.00","150.00","15.60","135.60","Visa","E-Commerce","London","Ontario"
"UPN3-S898-5L5V","Completed","7/7/2026","12:25 AM","America/Toronto","","true","379263","boyadjia@uoguelph.ca","Alex Keegan","","379263","boyadjia@uoguelph.ca","Alex Keegan","4x Membership // London","21999","22000","216300284773","4x-membership-lo-memberships-280","","","Memberships","","","Completed","7/7/2026","CAD","1","80.00","80.00","10.40","90.40","Mastercard","E-Commerce","London","Ontario"
"J6NY-XU2S-5L5V","Completed","7/7/2026","7:16 AM","America/Toronto","","true","404938","youngshadae91@gmail.com","Loteafah Young","","404938","youngshadae91@gmail.com","Loteafah Young","No Show Charge","14687","14689","489143084327","no-show-fee-penalty-fees-498","","","Penalty Fees","","","Completed","7/7/2026","CAD","1","20.00","20.00","2.60","22.60","Mastercard","E-Commerce","London","Ontario"
"Z85M-X4XN-5L5V","Completed","7/7/2026","11:42 AM","America/Toronto","","false","402177","avasa.sarawan@gmail.com","Avasa Sarawan","","402177","avasa.sarawan@gmail.com","Avasa Sarawan","Spin-It-Forward // London","20792","20793","964245982422","spin-it-forward--credits-429","","","Credits","","","Completed","7/7/2026","CAD","1","10.00","10.00","1.30","11.30","Visa","E-Commerce","London","Ontario"
"UT2T-F46D-5L5V","Completed","7/7/2026","11:45 AM","America/Toronto","","false","405755","asha.manicks@outlook.com","Sharanyaa Sundaramohan","","405755","asha.manicks@outlook.com","Sharanyaa Sundaramohan","Spin-It-Forward // London","20792","20793","964245982422","spin-it-forward--credits-429","","","Credits","","","Completed","7/7/2026","CAD","1","10.00","10.00","1.30","11.30","Visa","E-Commerce","London","Ontario"
"RYWF-53UX-5L5V","Completed","7/7/2026","11:48 AM","America/Toronto","","false","405756","thahanih19@gmail.com","Thahani Hashim","","405756","thahanih19@gmail.com","Thahani Hashim","Spin-It-Forward // London","20792","20793","964245982422","spin-it-forward--credits-429","","","Credits","","","Completed","7/7/2026","CAD","1","10.00","10.00","1.30","11.30","Visa","E-Commerce","London","Ontario"
"PDX8-V6FK-5L5V","Completed","7/7/2026","11:48 AM","America/Toronto","","false","402177","avasa.sarawan@gmail.com","Avasa Sarawan","","402177","avasa.sarawan@gmail.com","Avasa Sarawan","Spin-It-Forward // London","20792","20793","964245982422","spin-it-forward--credits-429","","","Credits","","","Completed","7/7/2026","CAD","1","10.00","10.00","1.30","11.30","Visa","E-Commerce","London","Ontario"
"XR5A-N9SB-5L5V","Completed","7/7/2026","11:50 AM","America/Toronto","","false","405757","epue.iluebbey@icloud.com","Epueoghena Iluebbey","","405757","epue.iluebbey@icloud.com","Epueoghena Iluebbey","Spin-It-Forward // London","20792","20793","964245982422","spin-it-forward--credits-429","","","Credits","","","Completed","7/7/2026","CAD","1","10.00","10.00","1.30","11.30","Visa","E-Commerce","London","Ontario"
"Z453-58ZG-5L5W","Completed","7/7/2026","8:26 PM","America/Toronto","","false","346638","charliewbrake75@gmail.com","Charlie Brake","","346638","charliewbrake75@gmail.com","Charlie Brake","One Class Card // London","20798","20799","760445337951","one-class-card-l-credits-347","","","Credits","","","Completed","7/7/2026","CAD","1","25.00","25.00","3.25","28.25","Visa","E-Commerce","London","Ontario"
"MA7K-WBDJ-5L5W","Completed","7/7/2026","8:42 PM","America/Toronto","","false","232448","bronwenbpm@gmail.com","Bronwen Thomas","","232448","bronwenbpm@gmail.com","Bronwen Thomas","Spin-It-Forward // London","20792","20793","964245982422","spin-it-forward--credits-429","","","Credits","","","Completed","7/7/2026","CAD","1","10.00","10.00","1.30","11.30","Visa","E-Commerce","London","Ontario"
"YNE6-ABMJ-5L5W","Completed","7/7/2026","11:51 PM","America/Toronto","","false","405851","barrshae104@gmail.com","Shae Barrett","","405851","barrshae104@gmail.com","Shae Barrett","One Class Card // London","20798","20799","760445337951","one-class-card-l-credits-347","","","Credits","","","Completed","7/7/2026","CAD","1","25.00","25.00","3.25","28.25","Visa","E-Commerce","London","Ontario"
"KKYY-CQN2-5L5W","Completed","7/8/2026","12:25 AM","America/Toronto","","true","377824","simone.hayden2000@gmail.com","Simone Hayden","","377824","simone.hayden2000@gmail.com","Simone Hayden","4x Membership // London","21999","22000","216300284773","4x-membership-lo-memberships-280","","","Memberships","","","Completed","7/8/2026","CAD","1","80.00","80.00","10.40","90.40","Visa","E-Commerce","London","Ontario"
"G9HA-8U5K-5L5W","Completed","7/8/2026","12:25 AM","America/Toronto","","true","375814","madelyn.mccarthy@hotmail.com","Madelyn Mccarthy","","375814","madelyn.mccarthy@hotmail.com","Madelyn Mccarthy","4x Membership // London","21999","22000","216300284773","4x-membership-lo-memberships-280","","","Memberships","","","Completed","7/8/2026","CAD","1","80.00","80.00","10.40","90.40","Visa","E-Commerce","London","Ontario"
"BHPN-Z9KA-5L5W","Completed","7/8/2026","12:25 AM","America/Toronto","","true","350190","ldietz@tlscv.com","Laurie Dietz","","350190","ldietz@tlscv.com","Laurie Dietz","Unlimited Monthly Membership // London *GRANDFATHERED","20834","20835","254627090190","unlimited-classe-memberships-530","","","Memberships","","","Completed","7/8/2026","CAD","1","200.00","200.00","26.00","226.00","Visa","E-Commerce","London","Ontario"
"EHTN-82WK-5L5W","Completed","7/8/2026","12:25 AM","America/Toronto","","true","360260","jackie.wilkins@bell.net","Jackie Wilkins","","360260","jackie.wilkins@bell.net","Jackie Wilkins","Unlimited Membership // London","21995","21996","447442561003","unlimited-member-memberships-867","","","Memberships","","","Completed","7/8/2026","CAD","1","200.00","200.00","26.00","226.00","Visa","E-Commerce","London","Ontario"
"HRGQ-WXF5-5L5W","Completed","7/8/2026","1:58 AM","America/Toronto","","false","390015","jessica.a.white@icloud.com","Jessica White","","390015","jessica.a.white@icloud.com","Jessica White","Unlimited Membership // London","21995","21996","447442561003","unlimited-member-memberships-867","","","Memberships","","","Completed","7/8/2026","CAD","1","200.00","200.00","26.00","226.00","Visa","E-Commerce","London","Ontario"
"2JSJ-8T99-5L5W","Completed","7/8/2026","6:18 AM","America/Toronto","","true","369246","fmacd039@uottawa.ca","FIONA MACDONALD","","369246","fmacd039@uottawa.ca","FIONA MACDONALD","Late Cancel Charge","14688","14690","036981809486","late-cancel-fee-penalty-fees-771","","","Penalty Fees","","","Completed","7/8/2026","CAD","1","15.00","15.00","1.95","16.95","Visa","E-Commerce","London","Ontario"
"NEYT-A8PV-5L5W","Completed","7/8/2026","7:17 AM","America/Toronto","","true","363395","derek@cardy.ca","Derek Cardy","","363395","derek@cardy.ca","Derek Cardy","No Show Charge","14687","14689","489143084327","no-show-fee-penalty-fees-498","","","Penalty Fees","","","Completed","7/8/2026","CAD","1","20.00","20.00","2.60","22.60","Visa","E-Commerce","London","Ontario"
"VQK8-4SZ3-5L5W","Completed","7/8/2026","7:17 AM","America/Toronto","","true","388779","joseniov@yahoo.com","Jose Villamater","","388779","joseniov@yahoo.com","Jose Villamater","No Show Charge","14687","14689","489143084327","no-show-fee-penalty-fees-498","","","Penalty Fees","","","Completed","7/8/2026","CAD","1","20.00","20.00","2.60","22.60","Mastercard","E-Commerce","London","Ontario"
"PUKJ-ZZP5-5L5W","Completed","7/8/2026","7:17 AM","America/Toronto","","true","350670","parastu.nasirbaht9@gmail.com","Parastu Khodabandehloo","","350670","parastu.nasirbaht9@gmail.com","Parastu Khodabandehloo","No Show Charge","14687","14689","489143084327","no-show-fee-penalty-fees-498","","","Penalty Fees","","","Completed","7/8/2026","CAD","1","20.00","20.00","2.60","22.60","Mastercard","E-Commerce","London","Ontario"
"CYR6-XPM8-5L5W","Completed","7/8/2026","7:17 AM","America/Toronto","","true","378557","ryanpatrickdaluyen@gmail.com","Ryan Daluyen","","378557","ryanpatrickdaluyen@gmail.com","Ryan Daluyen","No Show Charge","14687","14689","489143084327","no-show-fee-penalty-fees-498","","","Penalty Fees","","","Completed","7/8/2026","CAD","1","20.00","20.00","2.60","22.60","Mastercard","E-Commerce","London","Ontario"
"BZ9C-9KTJ-5L5W","Completed","7/8/2026","7:33 AM","America/Toronto","","false","367114","holleley.brittany@gmail.com","Brittany Holleley","","367114","holleley.brittany@gmail.com","Brittany Holleley","Spin-It-Forward // London","20792","20793","964245982422","spin-it-forward--credits-429","","","Credits","","","Completed","7/8/2026","CAD","1","10.00","10.00","1.30","11.30","Mastercard","E-Commerce","London","Ontario"
"XZR8-VA9S-5L5W","Completed","7/8/2026","8:21 AM","America/Toronto","","false","401520","maddieclarke1338@yahoo.ca","Madison Menas","","401520","maddieclarke1338@yahoo.ca","Madison Menas","One Class Card // London","20798","20799","760445337951","one-class-card-l-credits-347","","","Credits","","","Completed","7/8/2026","CAD","1","25.00","25.00","3.25","28.25","Mastercard","E-Commerce","London","Ontario"
"SCSB-4K7Y-5L5W","Completed","7/8/2026","9:43 AM","America/Toronto","","false","397356","katherineklaragrace@gmail.com","Klara Grace","","397356","katherineklaragrace@gmail.com","Klara Grace","One Class Card // London","20798","20799","760445337951","one-class-card-l-credits-347","","","Credits","","","Completed","7/8/2026","CAD","1","25.00","25.00","3.25","28.25","Visa","E-Commerce","London","Ontario"
"U9WM-74AQ-5L5W","Completed","7/8/2026","11:25 AM","America/Toronto","","false","405873","shaun.furlong21@gmail.com","Jenna Newton","","405873","shaun.furlong21@gmail.com","Jenna Newton","2-Week Unlimited - London","21065","21066","384754283235","2-week-unlimited-memberships-769","","","Memberships","","","Completed","7/8/2026","CAD","1","50.00","50.00","6.50","56.50","Visa","E-Commerce","London","Ontario"
"EHHR-3W55-5L5W","Completed","7/8/2026","11:30 AM","America/Toronto","","false","355483","yrsultan@icloud.com","Yasmeen Sultan","","355483","yrsultan@icloud.com","Yasmeen Sultan","8x Membership // London","21997","21998","667327189404","8x-membership-lo-memberships-656","","","Memberships","","","Completed","7/8/2026","CAD","1","150.00","150.00","19.50","169.50","Mastercard","E-Commerce","London","Ontario"
"U5RK-GVMH-5L5W","Completed","7/8/2026","11:40 AM","America/Toronto","","false","401232","rima_d680@hotmail.com","Rima Chahbar","","401232","rima_d680@hotmail.com","Rima Chahbar","New Rider Special // London","21051","21052","288040778473","new-rider-specia-memberships-503","","","Memberships","","","Completed","7/8/2026","CAD","1","50.00","50.00","6.50","56.50","Mastercard","E-Commerce","London","Ontario"
"KB8G-Z5MM-5L5W","Completed","7/8/2026","12:18 PM","America/Toronto","","true","395521","yarafsharairee@gmail.com","Yara Alsharairi","","395521","yarafsharairee@gmail.com","Yara Alsharairi","Late Cancel Charge","14688","14690","036981809486","late-cancel-fee-penalty-fees-771","","","Penalty Fees","","","Completed","7/8/2026","CAD","1","15.00","15.00","1.95","16.95","Visa","E-Commerce","London","Ontario"
"WBUK-UQ3R-5L5W","Completed","7/8/2026","1:09 PM","America/Toronto","","false","354213","h_assaf92@hotmail.com","Hannan A","","354213","h_assaf92@hotmail.com","Hannan A","4x Membership // London","21999","22000","216300284773","4x-membership-lo-memberships-280","","","Memberships","","","Completed","7/8/2026","CAD","1","80.00","80.00","10.40","90.40","Visa","E-Commerce","London","Ontario"
"32D2-V3P3-5L5W","Completed","7/8/2026","1:53 PM","America/Toronto","","false","394135","elaf.th15@gmail.com","Elaf H","","394135","elaf.th15@gmail.com","Elaf H","One Class Card // London","20798","20799","760445337951","one-class-card-l-credits-347","","","Credits","","","Completed","7/8/2026","CAD","1","25.00","25.00","3.25","28.25","Visa","E-Commerce","London","Ontario"
"ZA83-RGAK-5L5W","Completed","7/8/2026","3:02 PM","America/Toronto","","false","298900","stephaniekursikowski@outlook.com","Stephanie Kursikowski","","298900","stephaniekursikowski@outlook.com","Stephanie Kursikowski","Spin-It-Forward // London","20792","20793","964245982422","spin-it-forward--credits-429","","","Credits","","","Completed","7/8/2026","CAD","2","20.00","20.00","2.60","22.60","Visa","E-Commerce","London","Ontario"
"PQYJ-7QW9-5L5W","Completed","7/8/2026","4:45 PM","America/Toronto","","false","402750","bfiegehen06@gmail.com","Bronwyn Fiegehen","","402750","bfiegehen06@gmail.com","Bronwyn Fiegehen","One Class Card // London","20798","20799","760445337951","one-class-card-l-credits-347","","","Credits","","","Completed","7/8/2026","CAD","1","25.00","25.00","3.25","28.25","Mastercard","E-Commerce","London","Ontario"
"B4DS-RBR5-5L5W","Completed","7/8/2026","5:19 PM","America/Toronto","","true","372287","cienna.michelle@gmail.com","Cienna Good","","372287","cienna.michelle@gmail.com","Cienna Good","Late Cancel Charge","14688","14690","036981809486","late-cancel-fee-penalty-fees-771","","","Penalty Fees","","","Completed","7/8/2026","CAD","1","15.00","15.00","1.95","16.95","Visa","E-Commerce","London","Ontario"
"ZQH8-6JFQ-5L5W","Completed","7/8/2026","5:48 PM","America/Toronto","","false","331537","daniellacasaretto@gmail.com","Daniella Casaretto","","331537","daniellacasaretto@gmail.com","Daniella Casaretto","Spin-It-Forward // London","20792","20793","964245982422","spin-it-forward--credits-429","","","Credits","","","Completed","7/8/2026","CAD","1","10.00","10.00","1.30","11.30","Mastercard","E-Commerce","London","Ontario"
"N9X2-CNMF-5L5W","Completed","7/8/2026","5:48 PM","America/Toronto","","false","198963","laylakazerouni@gmail.com","Layla Kazerouni","","198963","laylakazerouni@gmail.com","Layla Kazerouni","Spin-It-Forward // London","20792","20793","964245982422","spin-it-forward--credits-429","","","Credits","","","Completed","7/8/2026","CAD","1","10.00","10.00","1.30","11.30","Visa","E-Commerce","London","Ontario"
"KXKU-C8Q5-5L5W","Completed","7/8/2026","6:07 PM","America/Toronto","","false","405870","kidathms7@gmail.com","Kida Thomas","","405870","kidathms7@gmail.com","Kida Thomas","One Class Card // London","20798","20799","760445337951","one-class-card-l-credits-347","","","Credits","","","Completed","7/8/2026","CAD","1","25.00","25.00","3.25","28.25","Visa","E-Commerce","London","Ontario"
"8UEF-FS8P-5L5W","Completed","7/8/2026","6:11 PM","America/Toronto","","false","404263","claireboivin2006@gmail.com","claire boivin","","404263","claireboivin2006@gmail.com","claire boivin","New Rider Special // London","21051","21052","288040778473","new-rider-specia-memberships-503","","","Memberships","","","Completed","7/8/2026","CAD","1","50.00","50.00","6.50","56.50","Visa","E-Commerce","London","Ontario"
"2AMZ-GUMS-5L5W","Completed","7/8/2026","7:36 PM","America/Toronto","","false","388955","angelinawigginss@gmail.com","Angelina Wiggins","","388955","angelinawigginss@gmail.com","Angelina Wiggins","Spin-It-Forward // London","20792","20793","964245982422","spin-it-forward--credits-429","","","Credits","","","Completed","7/8/2026","CAD","1","10.00","10.00","1.30","11.30","Mastercard","E-Commerce","London","Ontario"
"WYFG-DWGM-5L5X","Completed","7/8/2026","10:38 PM","America/Toronto","","false","403274","lin.john257@gmail.com","Lindsay Johnston","","403274","lin.john257@gmail.com","Lindsay Johnston","One Class Card // London","20798","20799","760445337951","one-class-card-l-credits-347","","","Credits","","","Completed","7/8/2026","CAD","1","25.00","25.00","3.25","28.25","Visa","E-Commerce","London","Ontario"
"D267-3R3Q-5L5X","Completed","7/8/2026","11:06 PM","America/Toronto","","false","367388","laurenep2005@gmail.com","Lauren Pauwels","","367388","laurenep2005@gmail.com","Lauren Pauwels","Five Class Card // London","20802","20803","488719457552","five-class-card--credits-078","","","Credits","","","Completed","7/8/2026","CAD","2","220.00","220.00","28.60","248.60","Mastercard","E-Commerce","London","Ontario"
"TAR9-HB89-5L5X","Completed","7/8/2026","11:19 PM","America/Toronto","","false","367976","ihijazi@hotmail.com","Iman Hijazi","","367976","ihijazi@hotmail.com","Iman Hijazi","Spin-It-Forward // London","20792","20793","964245982422","spin-it-forward--credits-429","","","Credits","","","Completed","7/8/2026","CAD","1","10.00","10.00","1.30","11.30","Visa","E-Commerce","London","Ontario"
"VEA2-Q7TR-5L5X","Completed","7/8/2026","11:43 PM","America/Toronto","","false","400614","sarahmarotta@gmail.com","Sarah Marotta","","400614","sarahmarotta@gmail.com","Sarah Marotta","Spin-It-Forward // London","20792","20793","964245982422","spin-it-forward--credits-429","","","Credits","","","Completed","7/8/2026","CAD","1","10.00","10.00","1.30","11.30","Visa","E-Commerce","London","Ontario"
"HQEX-GFS7-5L5X","Completed","7/9/2026","12:17 AM","America/Toronto","","true","399416","erinmdowning@outlook.com","Erin Downing","","399416","erinmdowning@outlook.com","Erin Downing","Late Cancel Charge","14688","14690","036981809486","late-cancel-fee-penalty-fees-771","","","Penalty Fees","","","Completed","7/9/2026","CAD","1","15.00","15.00","1.95","16.95","Visa","E-Commerce","London","Ontario"
"M9B2-RZFQ-5L5X","Completed","7/9/2026","12:25 AM","America/Toronto","","true","336326","malloryrooney9624@gmail.com","Mallory Rooney","","336326","malloryrooney9624@gmail.com","Mallory Rooney","4x Membership // London","21999","22000","216300284773","4x-membership-lo-memberships-280","","","Memberships","","","Completed","7/9/2026","CAD","1","80.00","80.00","10.40","90.40","Visa","E-Commerce","London","Ontario"
"Y424-W32Z-5L5X","Completed","7/9/2026","12:25 AM","America/Toronto","","true","229559","keiraelse@gmail.com","Keira🌺 Else","","229559","keiraelse@gmail.com","Keira🌺 Else","Staff Membership // London","20830","20831","898235312897","staff-membership-memberships-735","","","Memberships","","","Completed","7/9/2026","CAD","1","0.00","0.00","0.00","0.00","No Charge","E-Commerce","London","Ontario"
"RN5T-HHEM-5L5X","Completed","7/9/2026","12:25 AM","America/Toronto","","true","284651","sydney@reedzone.com","Sydney Reed","","284651","sydney@reedzone.com","Sydney Reed","Staff Membership // London","20830","20831","898235312897","staff-membership-memberships-735","","","Memberships","","","Completed","7/9/2026","CAD","1","0.00","0.00","0.00","0.00","No Charge","E-Commerce","London","Ontario"
"2DZH-A9Y8-5L5X","Completed","7/9/2026","12:25 AM","America/Toronto","","true","320367","nramirez.hba2015@gmail.com","Nathalie Ramirez","","320367","nramirez.hba2015@gmail.com","Nathalie Ramirez","Staff Membership // London","20830","20831","898235312897","staff-membership-memberships-735","","","Memberships","","","Completed","7/9/2026","CAD","1","0.00","0.00","0.00","0.00","No Charge","E-Commerce","London","Ontario"
"JC9A-GCAU-5L5X","Completed","7/9/2026","12:25 AM","America/Toronto","","true","244728","micayahcoutinho@gmail.com","Micayah Coutinho","","244728","micayahcoutinho@gmail.com","Micayah Coutinho","Staff Membership // London","20830","20831","898235312897","staff-membership-memberships-735","","","Memberships","","","Completed","7/9/2026","CAD","1","0.00","0.00","0.00","0.00","No Charge","E-Commerce","London","Ontario"
"CMMC-539U-5L5X","Completed","7/9/2026","12:25 AM","America/Toronto","","true","320289","richang0617@gmail.com","Rich Ang","","320289","richang0617@gmail.com","Rich Ang","Staff Membership // London","20830","20831","898235312897","staff-membership-memberships-735","","","Memberships","","","Completed","7/9/2026","CAD","1","0.00","0.00","0.00","0.00","No Charge","E-Commerce","London","Ontario"
"YMH6-39KC-5L5X","Completed","7/9/2026","12:25 AM","America/Toronto","","true","311851","jtoonen19@gmail.com","Jordyn Toonen","","311851","jtoonen19@gmail.com","Jordyn Toonen","Staff Membership // London","20830","20831","898235312897","staff-membership-memberships-735","","","Memberships","","","Completed","7/9/2026","CAD","1","0.00","0.00","0.00","0.00","No Charge","E-Commerce","London","Ontario"
"7AUE-VQGX-5L5X","Completed","7/9/2026","12:25 AM","America/Toronto","","true","195714","madalyn.richards@hotmail.com","Madalyn Richards","","195714","madalyn.richards@hotmail.com","Madalyn Richards","Staff Membership // London","20830","20831","898235312897","staff-membership-memberships-735","","","Memberships","","","Completed","7/9/2026","CAD","1","0.00","0.00","0.00","0.00","No Charge","E-Commerce","London","Ontario"
"US26-XXH4-5L5X","Completed","7/9/2026","12:25 AM","America/Toronto","","true","346872","jessblack27@gmail.com","Jess Black","","346872","jessblack27@gmail.com","Jess Black","4x Monthly Membership // London *GRANDFATHERED","20838","20839","545622520223","4-classes-month--memberships-721","","","Memberships","","","Completed","7/9/2026","CAD","1","68.00","80.00","8.84","76.84","Visa","E-Commerce","London","Ontario"
"RU58-UMU9-5L5X","Completed","7/9/2026","12:25 AM","America/Toronto","","true","376174","edwards.elle@icloud.com","Elle Edwards","","376174","edwards.elle@icloud.com","Elle Edwards","4x Membership // London","21999","22000","216300284773","4x-membership-lo-memberships-280","","","Memberships","","","Completed","7/9/2026","CAD","1","80.00","80.00","10.40","90.40","Mastercard","E-Commerce","London","Ontario"
"Y4ZQ-824K-5L5X","Completed","7/9/2026","6:16 AM","America/Toronto","","true","363395","derek@cardy.ca","Derek Cardy","","363395","derek@cardy.ca","Derek Cardy","Late Cancel Charge","14688","14690","036981809486","late-cancel-fee-penalty-fees-771","","","Penalty Fees","","","Completed","7/9/2026","CAD","1","15.00","15.00","1.95","16.95","Visa","E-Commerce","London","Ontario"
"K2U2-PSC6-5L5X","Completed","7/9/2026","7:17 AM","America/Toronto","","true","280313","mjcallander@hotmail.com","Michelle Callander","","280313","mjcallander@hotmail.com","Michelle Callander","Late Cancel Charge","14688","14690","036981809486","late-cancel-fee-penalty-fees-771","","","Penalty Fees","","","Completed","7/9/2026","CAD","1","15.00","15.00","1.95","16.95","Visa","E-Commerce","London","Ontario"
"5H26-VGRD-5L5X","Completed","7/9/2026","7:17 AM","America/Toronto","","true","367983","jasionowskaolivia@gmail.com","Olivia Jasionowska","","367983","jasionowskaolivia@gmail.com","Olivia Jasionowska","Late Cancel Charge","14688","14690","036981809486","late-cancel-fee-penalty-fees-771","","","Penalty Fees","","","Completed","7/9/2026","CAD","1","15.00","15.00","1.95","16.95","Visa","E-Commerce","London","Ontario"
"J7WT-DCRF-5L5X","Completed","7/9/2026","7:51 AM","America/Toronto","desktop","false","363395","derek@cardy.ca","Derek Cardy","","352814","dehliamcdonald@gmail.com","Dehlia McDonald","Coffee // London","23655","23656","087239269521","coffee-london-food-and-beverag-851","","","Food and Beverage","","","Completed","7/9/2026","CAD","1","1.50","1.50","0.20","1.70","Visa","In-Store","London","Ontario"
"SAJA-V7F5-5L5X","Completed","7/9/2026","7:51 AM","America/Toronto","desktop","false","369246","fmacd039@uottawa.ca","FIONA MACDONALD","","352814","dehliamcdonald@gmail.com","Dehlia McDonald","Coffee // London","23655","23656","087239269521","coffee-london-food-and-beverag-851","","","Food and Beverage","","","Completed","7/9/2026","CAD","1","1.50","1.50","0.20","1.70","Visa","In-Store","London","Ontario"
"C5BS-45VE-5L5X","Completed","7/9/2026","11:13 AM","America/Toronto","","false","376033","riley@sigalhome.com","Riley Sigal 🦁","","376033","riley@sigalhome.com","Riley Sigal 🦁","Five Class Card // London","20802","20803","488719457552","five-class-card--credits-078","","","Credits","","","Completed","7/9/2026","CAD","1","110.00","110.00","14.30","124.30","Visa","E-Commerce","London","Ontario"
"YV9H-B78V-5L5X","Completed","7/9/2026","11:22 AM","America/Toronto","","false","383569","sydney.breddy@hotmail.com","Sydney Breddy","","383569","sydney.breddy@hotmail.com","Sydney Breddy","One Class Card // London","20798","20799","760445337951","one-class-card-l-credits-347","","","Credits","","","Completed","7/9/2026","CAD","1","25.00","25.00","3.25","28.25","Mastercard","E-Commerce","London","Ontario"
"Q6YJ-32XH-5L5X","Completed","7/9/2026","12:13 PM","America/Toronto","","false","384613","maddie.kellerrrr@gmail.com","Maddie Keller","","384613","maddie.kellerrrr@gmail.com","Maddie Keller","Spin-It-Forward // London","20792","20793","964245982422","spin-it-forward--credits-429","","","Credits","","","Completed","7/9/2026","CAD","1","10.00","10.00","1.30","11.30","Mastercard","E-Commerce","London","Ontario"
"VTQ2-56MQ-5L5X","Completed","7/9/2026","12:39 PM","America/Toronto","","false","329458","rebeccafritz123@hotmail.com","Rebecca Fritz","","329458","rebeccafritz123@hotmail.com","Rebecca Fritz","One Class Card // London","20798","20799","760445337951","one-class-card-l-credits-347","","","Credits","","","Completed","7/9/2026","CAD","1","25.00","25.00","3.25","28.25","Mastercard","E-Commerce","London","Ontario"
"362J-V2UR-5L5X","Completed","7/9/2026","2:54 PM","America/Toronto","","false","401520","maddieclarke1338@yahoo.ca","Madison Menas","","401520","maddieclarke1338@yahoo.ca","Madison Menas","One Class Card // London","20798","20799","760445337951","one-class-card-l-credits-347","","","Credits","","","Completed","7/9/2026","CAD","1","25.00","25.00","3.25","28.25","Mastercard","E-Commerce","London","Ontario"
"NKK5-K6SJ-5L5X","Completed","7/9/2026","2:54 PM","America/Toronto","","false","401520","maddieclarke1338@yahoo.ca","Madison Menas","","401520","maddieclarke1338@yahoo.ca","Madison Menas","One Class Card // London","20798","20799","760445337951","one-class-card-l-credits-347","","","Credits","","","Completed","7/9/2026","CAD","1","25.00","25.00","3.25","28.25","Mastercard","E-Commerce","London","Ontario"
"PC5Z-B8RX-5L5X","Completed","7/9/2026","3:02 PM","America/Toronto","","false","405774","ellahirlehey@gmail.com","Ella Hirlehey","","405774","ellahirlehey@gmail.com","Ella Hirlehey","New Rider Special // London","21051","21052","288040778473","new-rider-specia-memberships-503","","","Memberships","","","Completed","7/9/2026","CAD","1","50.00","50.00","6.50","56.50","Visa","E-Commerce","London","Ontario"
"4QJV-M2JX-5L5X","Completed","7/9/2026","3:09 PM","America/Toronto","","false","393144","rianmrtn08@gmail.com","Rian Martin","","393144","rianmrtn08@gmail.com","Rian Martin","New Rider Special // London","21051","21052","288040778473","new-rider-specia-memberships-503","","","Memberships","","","Completed","7/9/2026","CAD","1","50.00","50.00","6.50","56.50","Visa","E-Commerce","London","Ontario"
"TN2T-28EV-5L5X","Completed","7/9/2026","3:18 PM","America/Toronto","","false","406019","emily.he8@icloud.com","Emma Eves","","406019","emily.he8@icloud.com","Emma Eves","New Rider Special // London","21051","21052","288040778473","new-rider-specia-memberships-503","","","Memberships","","","Completed","7/9/2026","CAD","1","50.00","50.00","6.50","56.50","Visa","E-Commerce","London","Ontario"
"E49N-26R2-5L5X","Completed","7/9/2026","3:20 PM","America/Toronto","","false","406022","eroddic@uwo.ca","Eva Roddick","","406022","eroddic@uwo.ca","Eva Roddick","New Rider Special // London","21051","21052","288040778473","new-rider-specia-memberships-503","","","Memberships","","","Completed","7/9/2026","CAD","1","50.00","50.00","6.50","56.50","Mastercard","E-Commerce","London","Ontario"
"PCRM-MTEJ-5L5X","Completed","7/9/2026","3:43 PM","America/Toronto","","false","406025","kellynguyeen26@gmail.com","Kelly Nguyen","","406025","kellynguyeen26@gmail.com","Kelly Nguyen","New Rider Special // London","21051","21052","288040778473","new-rider-specia-memberships-503","","","Memberships","","","Completed","7/9/2026","CAD","1","50.00","50.00","6.50","56.50","Mastercard","E-Commerce","London","Ontario"
"DY2D-B8H8-5L5X","Completed","7/9/2026","4:17 PM","America/Toronto","","false","374206","mollybattram@gmail.com","Molly Battram","","374206","mollybattram@gmail.com","Molly Battram","One Class Card // London","20798","20799","760445337951","one-class-card-l-credits-347","","","Credits","","","Completed","7/9/2026","CAD","4","100.00","100.00","13.00","113.00","Visa","E-Commerce","London","Ontario"
"D9BF-ZZEN-5L5X","Completed","7/9/2026","6:03 PM","America/Toronto","","false","404716","elisacyoo@gmail.com","Elisa Yoo","","404716","elisacyoo@gmail.com","Elisa Yoo","Five Class Card // London","20802","20803","488719457552","five-class-card--credits-078","","","Credits","","","Completed","7/9/2026","CAD","1","110.00","110.00","14.30","124.30","Visa","E-Commerce","London","Ontario"
"MZ9W-YNHA-5L5X","Completed","7/9/2026","6:16 PM","America/Toronto","","true","401232","rima_d680@hotmail.com","Rima Chahbar","","401232","rima_d680@hotmail.com","Rima Chahbar","Late Cancel Charge","14688","14690","036981809486","late-cancel-fee-penalty-fees-771","","","Penalty Fees","","","Completed","7/9/2026","CAD","1","15.00","15.00","1.95","16.95","Mastercard","E-Commerce","London","Ontario"
"HCM9-Y2QC-5L5X","Completed","7/9/2026","6:45 PM","America/Toronto","","false","402750","bfiegehen06@gmail.com","Bronwyn Fiegehen","","402750","bfiegehen06@gmail.com","Bronwyn Fiegehen","One Class Card // London","20798","20799","760445337951","one-class-card-l-credits-347","","","Credits","","","Completed","7/9/2026","CAD","1","25.00","25.00","3.25","28.25","Mastercard","E-Commerce","London","Ontario"
"V3EQ-T3U4-5L5X","Completed","7/9/2026","6:46 PM","America/Toronto","","false","402750","bfiegehen06@gmail.com","Bronwyn Fiegehen","","402750","bfiegehen06@gmail.com","Bronwyn Fiegehen","One Class Card // London","20798","20799","760445337951","one-class-card-l-credits-347","","","Credits","","","Completed","7/9/2026","CAD","1","25.00","25.00","3.25","28.25","Mastercard","E-Commerce","London","Ontario"
"5TCR-5CHU-5L5X","Completed","7/9/2026","6:50 PM","America/Toronto","","false","363411","rchirara@uwo.ca","rachiel chirara","","363411","rchirara@uwo.ca","rachiel chirara","Spin-It-Forward // London","20792","20793","964245982422","spin-it-forward--credits-429","","","Credits","","","Completed","7/9/2026","CAD","1","10.00","10.00","1.30","11.30","Visa","E-Commerce","London","Ontario"
"3F9P-B68Z-5L5X","Completed","7/9/2026","7:17 PM","America/Toronto","","true","298900","stephaniekursikowski@outlook.com","Stephanie Kursikowski","","298900","stephaniekursikowski@outlook.com","Stephanie Kursikowski","No Show Charge","14687","14689","489143084327","no-show-fee-penalty-fees-498","","","Penalty Fees","","","Completed","7/9/2026","CAD","1","20.00","20.00","2.60","22.60","Visa","E-Commerce","London","Ontario"
"ZXYH-Q83T-5L5X","Completed","7/9/2026","7:37 PM","America/Toronto","","false","402598","rabiaafzaal2@gmail.com","Rabia Afzaal","","402598","rabiaafzaal2@gmail.com","Rabia Afzaal","One Class Card // London","20798","20799","760445337951","one-class-card-l-credits-347","","","Credits","","","Completed","7/9/2026","CAD","1","25.00","25.00","3.25","28.25","Mastercard","E-Commerce","London","Ontario"
"D8AD-EN2H-5L5Y","Completed","7/9/2026","9:03 PM","America/Toronto","","false","369574","msavehilaghi99@gmail.com","Max Savehilaghi","","369574","msavehilaghi99@gmail.com","Max Savehilaghi","One Class Card // London","20798","20799","760445337951","one-class-card-l-credits-347","","","Credits","","","Completed","7/9/2026","CAD","1","25.00","25.00","3.25","28.25","Visa","E-Commerce","London","Ontario"
"5BYB-NMHW-5L5Y","Completed","7/10/2026","12:17 AM","America/Toronto","","true","399416","erinmdowning@outlook.com","Erin Downing","","399416","erinmdowning@outlook.com","Erin Downing","Late Cancel Charge","14688","14690","036981809486","late-cancel-fee-penalty-fees-771","","","Penalty Fees","","","Completed","7/10/2026","CAD","1","15.00","15.00","1.95","16.95","Visa","E-Commerce","London","Ontario"
"A8GJ-4HB2-5L5Y","Completed","7/10/2026","12:24 AM","America/Toronto","","true","177723","brookedayle01@gmail.com","Brooke Schidowka","","177723","brookedayle01@gmail.com","Brooke Schidowka","Staff Membership // London","20830","20831","898235312897","staff-membership-memberships-735","","","Memberships","","","Completed","7/10/2026","CAD","1","0.00","0.00","0.00","0.00","No Charge","E-Commerce","London","Ontario"
"GDWK-EUEX-5L5Y","Completed","7/10/2026","12:24 AM","America/Toronto","","true","204647","biggarjack@gmail.com","Jack Biggar","","204647","biggarjack@gmail.com","Jack Biggar","Staff Membership // London","20830","20831","898235312897","staff-membership-memberships-735","","","Memberships","","","Completed","7/10/2026","CAD","1","0.00","0.00","0.00","0.00","No Charge","E-Commerce","London","Ontario"
"H4AU-UMRU-5L5Y","Completed","7/10/2026","12:24 AM","America/Toronto","","true","352815","mcdonald.kellyj@gmail.com","Kelly Vogelsang","","352815","mcdonald.kellyj@gmail.com","Kelly Vogelsang","Unlimited Membership // London · BLACK FRIDAY 2025","22630","22631","712442897099","unlimited-member-memberships-584","","","Memberships","","","Completed","7/10/2026","CAD","1","180.00","180.00","23.40","203.40","Visa","E-Commerce","London","Ontario"
"84JQ-ASYR-5L5Y","Completed","7/10/2026","12:24 AM","America/Toronto","","true","368636","billkdietz@gmail.com","Bill Dietz","","368636","billkdietz@gmail.com","Bill Dietz","Unlimited Membership // London","21995","21996","447442561003","unlimited-member-memberships-867","","","Memberships","","","Completed","7/10/2026","CAD","1","200.00","200.00","26.00","226.00","Visa","E-Commerce","London","Ontario"
"GV4Y-64GY-5L5Y","Completed","7/10/2026","7:18 AM","America/Toronto","desktop","false","369246","fmacd039@uottawa.ca","FIONA MACDONALD","","347301","london@spinco.ca","SPINCO London","Coffee // London","23655","23656","087239269521","coffee-london-food-and-beverag-851","","","Food and Beverage","","","Completed","7/10/2026","CAD","1","1.50","1.50","0.20","1.70","Visa","In-Store","London","Ontario"
"PHPH-SDUX-5L5Y","Completed","7/10/2026","7:18 AM","America/Toronto","desktop","false","311771","alexrosewatt@outlook.com","Alex Watt","","347301","london@spinco.ca","SPINCO London","Coffee // London","23655","23656","087239269521","coffee-london-food-and-beverag-851","","","Food and Beverage","","","Completed","7/10/2026","CAD","1","1.50","1.50","0.20","1.70","Visa","In-Store","London","Ontario"
"AYMT-WTA6-5L5Y","Completed","7/10/2026","7:19 AM","America/Toronto","","true","351338","lyndsayfitzgeorge@gmail.com","Lyndsay Fitzgeorge","","351338","lyndsayfitzgeorge@gmail.com","Lyndsay Fitzgeorge","No Show Charge","14687","14689","489143084327","no-show-fee-penalty-fees-498","","","Penalty Fees","","","Completed","7/10/2026","CAD","1","20.00","20.00","2.60","22.60","Mastercard","E-Commerce","London","Ontario"
"P7YV-U6CA-5L5Y","Completed","7/10/2026","7:19 AM","America/Toronto","","true","378742","itslatashacromwell@gmail.com","Latasha Cromwell","","378742","itslatashacromwell@gmail.com","Latasha Cromwell","No Show Charge","14687","14689","489143084327","no-show-fee-penalty-fees-498","","","Penalty Fees","","","Completed","7/10/2026","CAD","1","20.00","20.00","2.60","22.60","Visa","E-Commerce","London","Ontario"
"3QTX-7ZMY-5L5Y","Completed","7/10/2026","8:44 AM","America/Toronto","","false","205731","avanir31@gmail.com","Avani Rishi","","205731","avanir31@gmail.com","Avani Rishi","Spin-It-Forward // London","20792","20793","964245982422","spin-it-forward--credits-429","","","Credits","","","Completed","7/10/2026","CAD","1","10.00","10.00","1.30","11.30","Mastercard","E-Commerce","London","Ontario"
"DKJ9-BZBU-5L5Y","Completed","7/10/2026","10:37 AM","America/Toronto","","false","406055","azebian8@uwo.ca","Aya Zebian","","406055","azebian8@uwo.ca","Aya Zebian","Spin-It-Forward // London","20792","20793","964245982422","spin-it-forward--credits-429","","","Credits","","","Completed","7/10/2026","CAD","1","10.00","10.00","1.30","11.30","Mastercard","E-Commerce","London","Ontario"
"GP42-SWR9-5L5Y","Completed","7/10/2026","11:06 AM","America/Toronto","","false","406095","donpyatt@live.ca","Don Pyatt","","406095","donpyatt@live.ca","Don Pyatt","New Rider Special // London","21051","21052","288040778473","new-rider-specia-memberships-503","","","Memberships","","","Completed","7/10/2026","CAD","1","50.00","50.00","6.50","56.50","Visa","E-Commerce","London","Ontario"
"9UQB-H4Z3-5L5Y","Completed","7/10/2026","12:43 PM","America/Toronto","","true","352816","piper.mcdonaldd@gmail.com","Piper McDonald","","352816","piper.mcdonaldd@gmail.com","Piper McDonald","Unlimited Membership // London · BLACK FRIDAY 2025","22630","22631","712442897099","unlimited-member-memberships-584","","","Memberships","","","Completed","7/10/2026","CAD","1","180.00","180.00","23.40","203.40","Visa","E-Commerce","London","Ontario"
"YTUA-N7XK-5L5Y","Completed","7/10/2026","1:55 PM","America/Toronto","","false","406082","jill.gelinas@icloud.com","Jill Gelinas","","406082","jill.gelinas@icloud.com","Jill Gelinas","One Class Card // London","20798","20799","760445337951","one-class-card-l-credits-347","","","Credits","","","Completed","7/10/2026","CAD","1","25.00","25.00","3.25","28.25","Mastercard","E-Commerce","London","Ontario"
"5FVJ-JT8R-5L5Y","Completed","7/10/2026","2:26 PM","America/Toronto","","false","406122","npkokkoros@gmail.com","Nikitas Kokkoros","","406122","npkokkoros@gmail.com","Nikitas Kokkoros","New Rider Special // London","21051","21052","288040778473","new-rider-specia-memberships-503","","","Memberships","","","Completed","7/10/2026","CAD","1","50.00","50.00","6.50","56.50","Visa","E-Commerce","London","Ontario"
"GEFG-HBY6-5L5Y","Completed","7/10/2026","2:26 PM","America/Toronto","","false","404208","ambar.phillion@outlook.com","Ambar Phillion","","404208","ambar.phillion@outlook.com","Ambar Phillion","2-Week Unlimited - London","21065","21066","384754283235","2-week-unlimited-memberships-769","","","Memberships","","","Completed","7/10/2026","CAD","1","50.00","50.00","6.50","56.50","Visa","E-Commerce","London","Ontario"
"PZ3M-9QMX-5L5Y","Completed","7/10/2026","4:22 PM","America/Toronto","","false","358652","emilyweir33@gmail.com","Emily Weir","","358652","emilyweir33@gmail.com","Emily Weir","One Class Card // London","20798","20799","760445337951","one-class-card-l-credits-347","","","Credits","","","Completed","7/10/2026","CAD","1","25.00","25.00","3.25","28.25","Visa","E-Commerce","London","Ontario"
"V7RY-WZYS-5L5Y","Completed","7/10/2026","4:51 PM","America/Toronto","desktop","false","405408","vermavanshaj@icloud.com","Vanshaj Verma","","302740","rawat.dhriti@gmail.com","Dhriti Rawat","Spin-It-Forward // London","20792","20793","964245982422","spin-it-forward--credits-429","","","Credits","","","Completed","7/10/2026","CAD","1","10.00","10.00","1.30","11.30","Visa","In-Store","London","Ontario"
"YD74-SCPM-5L5Y","Completed","7/10/2026","4:52 PM","America/Toronto","","false","269923","odwills@icloud.com","Olivia Wills","","269923","odwills@icloud.com","Olivia Wills","Spin-It-Forward // London","20792","20793","964245982422","spin-it-forward--credits-429","","","Credits","","","Completed","7/10/2026","CAD","1","10.00","10.00","1.30","11.30","Visa","E-Commerce","London","Ontario"
"GYKP-GG6A-5L5Y","Completed","7/10/2026","4:54 PM","America/Toronto","","false","405851","barrshae104@gmail.com","Shae Barrett","","405851","barrshae104@gmail.com","Shae Barrett","Spin-It-Forward // London","20792","20793","964245982422","spin-it-forward--credits-429","","","Credits","","","Completed","7/10/2026","CAD","1","10.00","10.00","1.30","11.30","Visa","E-Commerce","London","Ontario"
"BAPD-TJXS-5L5Y","Completed","7/10/2026","4:59 PM","America/Toronto","","false","406138","jbarrett1717@gmail.com","Jayden Barrett","","406138","jbarrett1717@gmail.com","Jayden Barrett","Spin-It-Forward // London","20792","20793","964245982422","spin-it-forward--credits-429","","","Credits","","","Completed","7/10/2026","CAD","1","10.00","10.00","1.30","11.30","Visa","E-Commerce","London","Ontario"
"FWRD-5NKE-5L5Y","Completed","7/10/2026","5:24 PM","America/Toronto","","false","356983","stobah9@gmail.com","Selma Tobah","","356983","stobah9@gmail.com","Selma Tobah","One Class Card // London","20798","20799","760445337951","one-class-card-l-credits-347","","","Credits","","","Completed","7/10/2026","CAD","1","25.00","25.00","3.25","28.25","Visa","E-Commerce","London","Ontario"
"WVB7-7QGW-5L5Y","Completed","7/10/2026","5:38 PM","America/Toronto","","false","270454","maggiebetker04@gmail.com","Maggie Betker","","270454","maggiebetker04@gmail.com","Maggie Betker","Spin-It-Forward // London","20792","20793","964245982422","spin-it-forward--credits-429","","","Credits","","","Completed","7/10/2026","CAD","1","10.00","10.00","1.30","11.30","Visa","E-Commerce","London","Ontario"
"JWK4-MAPB-5L5Y","Completed","7/10/2026","6:57 PM","America/Toronto","desktop","false","402177","avasa.sarawan@gmail.com","Avasa Sarawan","","302740","rawat.dhriti@gmail.com","Dhriti Rawat","2-Week Unlimited - London","21065","21066","384754283235","2-week-unlimited-memberships-769","","","Memberships","","","Completed","7/10/2026","CAD","1","50.00","50.00","6.50","56.50","Visa","In-Store","London","Ontario"
"DRYJ-8FSA-5L5Y","Completed","7/10/2026","6:57 PM","America/Toronto","","false","378014","valeskadegouveia@hotmail.com","Valeska De Gouveia","","378014","valeskadegouveia@hotmail.com","Valeska De Gouveia","Spin-It-Forward // London","20792","20793","964245982422","spin-it-forward--credits-429","","","Credits","","","Completed","7/10/2026","CAD","1","10.00","10.00","1.30","11.30","Mastercard","E-Commerce","London","Ontario"
"SAUD-77U6-5L5Y","Completed","7/10/2026","6:57 PM","America/Toronto","","false","402208","hifabumuyi12@hotmail.com","Haille Ifabumuyi","","402208","hifabumuyi12@hotmail.com","Haille Ifabumuyi","Spin-It-Forward // London","20792","20793","964245982422","spin-it-forward--credits-429","","","Credits","","","Completed","7/10/2026","CAD","1","10.00","10.00","1.30","11.30","Visa","E-Commerce","London","Ontario"
"FJY8-9QJ4-5L5Y","Completed","7/10/2026","7:57 PM","America/Toronto","","false","398074","begum.komurcuoglu@gmail.com","Begum Komurcuoglu","","398074","begum.komurcuoglu@gmail.com","Begum Komurcuoglu","Ten Class Card // London","20794","20795","456569691604","ten-class-card-l-credits-104","","","Credits","","","Completed","7/10/2026","CAD","1","200.00","200.00","26.00","226.00","Visa","E-Commerce","London","Ontario"
"USK4-NJPC-5L5Z","Completed","7/10/2026","8:37 PM","America/Toronto","","false","406157","kumarvani06@gmail.com","Vani Kumar","","406157","kumarvani06@gmail.com","Vani Kumar","One Class Card // London","20798","20799","760445337951","one-class-card-l-credits-347","","","Credits","","","Completed","7/10/2026","CAD","1","25.00","25.00","3.25","28.25","Visa","E-Commerce","London","Ontario"
"UT85-AM3D-5L5Z","Completed","7/10/2026","11:19 PM","America/Toronto","","false","378014","valeskadegouveia@hotmail.com","Valeska De Gouveia","","378014","valeskadegouveia@hotmail.com","Valeska De Gouveia","Spin-It-Forward // London","20792","20793","964245982422","spin-it-forward--credits-429","","","Credits","","","Completed","7/10/2026","CAD","1","10.00","10.00","1.30","11.30","Mastercard","E-Commerce","London","Ontario"
"KKSP-KN8F-5L5Z","Completed","7/11/2026","12:25 AM","America/Toronto","","true","384035","laismeiras@gmail.com","Laís Marques Eiras","","384035","laismeiras@gmail.com","Laís Marques Eiras","8x Membership // London","21997","21998","667327189404","8x-membership-lo-memberships-656","","","Memberships","","","Completed","7/11/2026","CAD","1","150.00","150.00","19.50","169.50","Visa","E-Commerce","London","Ontario"
"82MS-EWVQ-5L5Z","Completed","7/11/2026","12:25 AM","America/Toronto","","true","402042","nicolesilaev@live.com","Nikki Silaev","","402042","nicolesilaev@live.com","Nikki Silaev","4x Membership // London Summer Sale","25653","25654","346308480296","4x-membership-bu-memberships-912","","","Memberships","","","Completed","7/11/2026","CAD","1","69.00","69.00","8.97","77.97","Mastercard","E-Commerce","London","Ontario"
"35T4-NCW2-5L5Z","Completed","7/11/2026","12:25 AM","America/Toronto","","true","394564","melo_lucia13@outlook.com","Lucia Melo","","394564","melo_lucia13@outlook.com","Lucia Melo","4x Membership // London Summer Sale","25653","25654","346308480296","4x-membership-bu-memberships-912","","","Memberships","","","Completed","7/11/2026","CAD","1","69.00","69.00","8.97","77.97","Mastercard","E-Commerce","London","Ontario"
"T7TZ-6X2F-5L5Z","Completed","7/11/2026","12:25 AM","America/Toronto","","true","376871","mahmed2025@meds.uwo.ca","Mashal Ahmed","","376871","mahmed2025@meds.uwo.ca","Mashal Ahmed","8x Membership // London Summer Sale","25657","25658","913533113208","8x-membership-bu-memberships-078","","","Memberships","","","Completed","7/11/2026","CAD","1","127.00","127.00","16.51","143.51","Visa","E-Commerce","London","Ontario"
"M5UG-CK9H-5L5Z","Completed","7/11/2026","12:25 AM","America/Toronto","","true","349985","rachel.stack@outlook.com","Rachel Stack","","349985","rachel.stack@outlook.com","Rachel Stack","Unlimited Membership // London · BLACK FRIDAY 2025","22630","22631","712442897099","unlimited-member-memberships-584","","","Memberships","","","Completed","7/11/2026","CAD","1","180.00","180.00","23.40","203.40","Visa","E-Commerce","London","Ontario"
"6QM9-E4QY-5L5Z","Completed","7/11/2026","12:25 AM","America/Toronto","","true","381623","lydia.beth.taylor@gmail.com","Lydia Taylor","","381623","lydia.beth.taylor@gmail.com","Lydia Taylor","4x Membership // London","21999","22000","216300284773","4x-membership-lo-memberships-280","","","Memberships","","","Completed","7/11/2026","CAD","1","80.00","80.00","10.40","90.40","Visa","E-Commerce","London","Ontario"
"84VG-ZVGX-5L5Z","Completed","7/11/2026","7:55 AM","America/Toronto","desktop","false","348357","sarah_steciuk@hotmail.com","Sarah Steciuk","","347301","london@spinco.ca","SPINCO London","SPINCO Water","19657","19658","469973764933","spinco-water-water-914","","","Water","Arctic Chiller","","Completed","7/11/2026","CAD","1","2.50","2.50","0.33","2.83","Visa","In-Store","London","Ontario"
"D8U3-BS37-5L5Z","Completed","7/11/2026","8:10 AM","America/Toronto","","false","406181","wnlomas@rogers.com","N Lo","","406181","wnlomas@rogers.com","N Lo","Five Class Card // London Email Gift Card","20804","20805","996842652895","five-class-card--email-credit-gif-310","","","Email Credit Gift Cards","","","Completed","7/11/2026","CAD","1","110.00","110.00","14.30","124.30","Visa","E-Commerce","London","Ontario"
"GWBF-9VCU-5L5Z","Completed","7/11/2026","8:17 AM","America/Toronto","","true","363395","derek@cardy.ca","Derek Cardy","","363395","derek@cardy.ca","Derek Cardy","Late Cancel Charge","14688","14690","036981809486","late-cancel-fee-penalty-fees-771","","","Penalty Fees","","","Completed","7/11/2026","CAD","1","15.00","15.00","1.95","16.95","Visa","E-Commerce","London","Ontario"
"BHM4-5FN8-5L5Z","Completed","7/11/2026","8:17 AM","America/Toronto","","true","399416","erinmdowning@outlook.com","Erin Downing","","399416","erinmdowning@outlook.com","Erin Downing","Late Cancel Charge","14688","14690","036981809486","late-cancel-fee-penalty-fees-771","","","Penalty Fees","","","Completed","7/11/2026","CAD","1","15.00","15.00","1.95","16.95","Visa","E-Commerce","London","Ontario"
"QRZ2-RHTE-5L5Z","Completed","7/11/2026","9:17 AM","America/Toronto","","true","363395","derek@cardy.ca","Derek Cardy","","363395","derek@cardy.ca","Derek Cardy","Late Cancel Charge","14688","14690","036981809486","late-cancel-fee-penalty-fees-771","","","Penalty Fees","","","Completed","7/11/2026","CAD","1","15.00","15.00","1.95","16.95","Visa","E-Commerce","London","Ontario"
"X7V6-VNQW-5L5Z","Completed","7/11/2026","11:18 AM","America/Toronto","","true","405408","vermavanshaj@icloud.com","Vanshaj Verma","","405408","vermavanshaj@icloud.com","Vanshaj Verma","No Show Charge","14687","14689","489143084327","no-show-fee-penalty-fees-498","","","Penalty Fees","","","Completed","7/11/2026","CAD","1","20.00","20.00","2.60","22.60","Visa","E-Commerce","London","Ontario"
"EFAE-YH6B-5L5Z","Completed","7/11/2026","11:32 AM","America/Toronto","","false","394135","elaf.th15@gmail.com","Elaf H","","394135","elaf.th15@gmail.com","Elaf H","One Class Card // London","20798","20799","760445337951","one-class-card-l-credits-347","","","Credits","","","Completed","7/11/2026","CAD","1","25.00","25.00","3.25","28.25","Visa","E-Commerce","London","Ontario"
"QTSH-AKSK-5L5Z","Completed","7/11/2026","12:30 PM","America/Toronto","","false","399916","saradarling37@gmail.com","Sara Darling","","399916","saradarling37@gmail.com","Sara Darling","4x Membership // London","21999","22000","216300284773","4x-membership-lo-memberships-280","","","Memberships","","","Completed","7/11/2026","CAD","1","80.00","80.00","10.40","90.40","Visa","E-Commerce","London","Ontario"
"CZT9-ZW37-5L5Z","Completed","7/11/2026","1:08 PM","America/Toronto","","false","401994","husnitava@hotmail.com","Tava Husni","","401994","husnitava@hotmail.com","Tava Husni","One Class Card // London","20798","20799","760445337951","one-class-card-l-credits-347","","","Credits","","","Completed","7/11/2026","CAD","1","25.00","25.00","3.25","28.25","Visa","E-Commerce","London","Ontario"
"74PT-V7UK-5L5Z","Completed","7/11/2026","1:16 PM","America/Toronto","","false","406222","lindsay_harkins@hotmail.com","Lindsay Davis","","406222","lindsay_harkins@hotmail.com","Lindsay Davis","New Rider Special // London","21051","21052","288040778473","new-rider-specia-memberships-503","","","Memberships","","","Completed","7/11/2026","CAD","1","50.00","50.00","6.50","56.50","Visa","E-Commerce","London","Ontario"
"PEH7-GM7E-5L5Z","Completed","7/11/2026","6:28 PM","America/Toronto","mobile","false","406249","kendraharrington8@gmail.com","Kendra Harrington","","406249","kendraharrington8@gmail.com","Kendra Harrington","One Class Card // London","20798","20799","760445337951","one-class-card-l-credits-347","","","Credits","","","Completed","7/11/2026","CAD","1","0.00","25.00","0.00","0.00","No Charge","E-Commerce","London","Ontario"
"KMVQ-DP9D-5L5Z","Completed","7/11/2026","6:35 PM","America/Toronto","","false","388955","angelinawigginss@gmail.com","Angelina Wiggins","","388955","angelinawigginss@gmail.com","Angelina Wiggins","One Class Card // London","20798","20799","760445337951","one-class-card-l-credits-347","","","Credits","","","Completed","7/11/2026","CAD","1","25.00","25.00","3.25","28.25","Mastercard","E-Commerce","London","Ontario"
"PY2V-Z9ED-5L5Z","Completed","7/11/2026","7:38 PM","America/Toronto","","false","385551","alradoha118@gmail.com","Doha Alrawashdeh","","385551","alradoha118@gmail.com","Doha Alrawashdeh","Spin-It-Forward // London","20792","20793","964245982422","spin-it-forward--credits-429","","","Credits","","","Completed","7/11/2026","CAD","1","10.00","10.00","1.30","11.30","Visa","E-Commerce","London","Ontario"
"J5AF-QPMW-5L60","Completed","7/11/2026","9:34 PM","America/Toronto","mobile","false","403942","chantalmignault@outlook.com","Chantal Mignault","","403942","chantalmignault@outlook.com","Chantal Mignault","One Class Card // London","20798","20799","760445337951","one-class-card-l-credits-347","","","Credits","","","Completed","7/11/2026","CAD","1","0.00","25.00","0.00","0.00","No Charge","E-Commerce","London","Ontario"
"VJ74-HTDT-5L60","Completed","7/11/2026","10:03 PM","America/Toronto","","false","405121","cherryqian06@gmail.com","Cherry Qian","","405121","cherryqian06@gmail.com","Cherry Qian","Ten Class Card // London","20794","20795","456569691604","ten-class-card-l-credits-104","","","Credits","","","Completed","7/11/2026","CAD","1","200.00","200.00","26.00","226.00","American Express","E-Commerce","London","Ontario"
"5FNP-QBNK-5L60","Completed","7/11/2026","10:24 PM","America/Toronto","","false","381821","estelakatchen@icloud.com","Estela Katchen","","381821","estelakatchen@icloud.com","Estela Katchen","Spin-It-Forward // London","20792","20793","964245982422","spin-it-forward--credits-429","","","Credits","","","Completed","7/11/2026","CAD","1","10.00","10.00","1.30","11.30","Mastercard","E-Commerce","London","Ontario"
"6V9S-XYS5-5L60","Completed","7/12/2026","12:25 AM","America/Toronto","","true","353689","solajadami@gmail.com","Dami Solaja","","353689","solajadami@gmail.com","Dami Solaja","4x Membership // London Summer Sale","25653","25654","346308480296","4x-membership-bu-memberships-912","","","Memberships","","","Completed","7/12/2026","CAD","1","69.00","69.00","8.97","77.97","Visa","E-Commerce","London","Ontario"
"F28G-WAQK-5L60","Completed","7/12/2026","12:26 AM","America/Toronto","","true","336313","jenna-stafford@hotmail.com","Jenna Stafford","","336313","jenna-stafford@hotmail.com","Jenna Stafford","4x Monthly Membership // 20% OFF PRE-SALE (London)","20850","20851","523121174072","20-off-presale-4-memberships-998","","","Memberships","","","Completed","7/12/2026","CAD","1","80.00","80.00","10.40","90.40","Visa","E-Commerce","London","Ontario"
"V6FE-VQ5M-5L60","Completed","7/12/2026","12:26 AM","America/Toronto","","true","336336","binkainsley@gmail.com","Ainsley Bink","","336336","binkainsley@gmail.com","Ainsley Bink","4x Monthly Membership // 20% OFF PRE-SALE (London)","20850","20851","523121174072","20-off-presale-4-memberships-998","","","Memberships","","","Completed","7/12/2026","CAD","1","80.00","80.00","10.40","90.40","Visa","E-Commerce","London","Ontario"
"D94Z-KADE-5L60","Completed","7/12/2026","12:26 AM","America/Toronto","","true","320592","s.rothwell@spinco.ca","Stephen Rothwell","","320592","s.rothwell@spinco.ca","Stephen Rothwell","Staff Membership // London","20830","20831","898235312897","staff-membership-memberships-735","","","Memberships","","","Completed","7/12/2026","CAD","1","0.00","0.00","0.00","0.00","No Charge","E-Commerce","London","Ontario"
"7Z8Z-SSU2-5L60","Completed","7/12/2026","12:26 AM","America/Toronto","","true","71878","k.rothwell@spinco.ca","Kira Rothwell","","71878","k.rothwell@spinco.ca","Kira Rothwell","Staff Membership // London","20830","20831","898235312897","staff-membership-memberships-735","","","Memberships","","","Completed","7/12/2026","CAD","1","0.00","0.00","0.00","0.00","No Charge","E-Commerce","London","Ontario"
"THX6-65EM-5L60","Completed","7/12/2026","12:26 AM","America/Toronto","","true","351148","oliviadavies8117@gmail.com","Olivia Davies","","351148","oliviadavies8117@gmail.com","Olivia Davies","8x Membership // London","21997","21998","667327189404","8x-membership-lo-memberships-656","","","Memberships","","","Completed","7/12/2026","CAD","1","150.00","150.00","19.50","169.50","Visa","E-Commerce","London","Ontario"
"6PMU-PJSF-5L60","Completed","7/12/2026","12:26 AM","America/Toronto","","true","352111","amanda_tedford@hotmail.com","Amanda Tedford","","352111","amanda_tedford@hotmail.com","Amanda Tedford","Unlimited Membership // London · BLACK FRIDAY 2025","22630","22631","712442897099","unlimited-member-memberships-584","","","Memberships","","","Completed","7/12/2026","CAD","1","180.00","180.00","23.40","203.40","Visa","E-Commerce","London","Ontario"
"VHCE-KBF7-5L60","Completed","7/12/2026","12:26 AM","America/Toronto","","true","375814","madelyn.mccarthy@hotmail.com","Madelyn Mccarthy","","375814","madelyn.mccarthy@hotmail.com","Madelyn Mccarthy","4x Membership // London","21999","22000","216300284773","4x-membership-lo-memberships-280","","","Memberships","","","Completed","7/12/2026","CAD","1","80.00","80.00","10.40","90.40","Visa","E-Commerce","London","Ontario"
"QNV6-KNED-5L60","Completed","7/12/2026","2:01 AM","America/Toronto","","false","403274","lin.john257@gmail.com","Lindsay Johnston","","403274","lin.john257@gmail.com","Lindsay Johnston","One Class Card // London","20798","20799","760445337951","one-class-card-l-credits-347","","","Credits","","","Completed","7/12/2026","CAD","1","25.00","25.00","3.25","28.25","Visa","E-Commerce","London","Ontario"
"XKMU-BDVG-5L60","Completed","7/12/2026","9:17 AM","America/Toronto","","true","363395","derek@cardy.ca","Derek Cardy","","363395","derek@cardy.ca","Derek Cardy","Late Cancel Charge","14688","14690","036981809486","late-cancel-fee-penalty-fees-771","","","Penalty Fees","","","Completed","7/12/2026","CAD","1","15.00","15.00","1.95","16.95","Visa","E-Commerce","London","Ontario"
"X43D-9Y9H-5L60","Completed","7/12/2026","9:34 AM","America/Toronto","","false","397456","juliebarkho@gmail.com","Julie Barkho","","397456","juliebarkho@gmail.com","Julie Barkho","Ten Class Card // London","20794","20795","456569691604","ten-class-card-l-credits-104","","","Credits","","","Completed","7/12/2026","CAD","1","200.00","200.00","26.00","226.00","Visa","E-Commerce","London","Ontario"
"4X8W-PBDY-5L60","Completed","7/12/2026","10:18 AM","America/Toronto","","true","363395","derek@cardy.ca","Derek Cardy","","363395","derek@cardy.ca","Derek Cardy","Late Cancel Charge","14688","14690","036981809486","late-cancel-fee-penalty-fees-771","","","Penalty Fees","","","Completed","7/12/2026","CAD","1","15.00","15.00","1.95","16.95","Visa","E-Commerce","London","Ontario"
"KCJW-W5Y7-5L60","Completed","7/12/2026","11:18 AM","America/Toronto","","true","399936","libcaalme91@outlook.com","Libia Medina","","399936","libcaalme91@outlook.com","Libia Medina","No Show Charge","14687","14689","489143084327","no-show-fee-penalty-fees-498","","","Penalty Fees","","","Completed","7/12/2026","CAD","1","20.00","20.00","2.60","22.60","Visa","E-Commerce","London","Ontario"
"TVH8-NVYV-5L60","Completed","7/12/2026","11:44 AM","America/Toronto","","false","402486","ty11pasta@hotmail.com","Tyler Pasta","","402486","ty11pasta@hotmail.com","Tyler Pasta","One Class Card // London","20798","20799","760445337951","one-class-card-l-credits-347","","","Credits","","","Completed","7/12/2026","CAD","1","25.00","25.00","3.25","28.25","Visa","E-Commerce","London","Ontario"
"FNFK-FQ7M-5L60","Completed","7/12/2026","4:17 PM","America/Toronto","","true","404270","tinaobhi@hotmail.com","Tina Obahi","","404270","tinaobhi@hotmail.com","Tina Obahi","Late Cancel Charge","14688","14690","036981809486","late-cancel-fee-penalty-fees-771","","","Penalty Fees","","","Completed","7/12/2026","CAD","1","15.00","15.00","1.95","16.95","American Express","E-Commerce","London","Ontario"
"5M9P-AKTU-5L60","Completed","7/12/2026","4:51 PM","America/Toronto","desktop","false","383137","azgardau@uwo.ca","Alina Zgardau","","71878","k.rothwell@spinco.ca","Kira Rothwell","SPINCO Water","19657","19658","469973764933","spinco-water-water-914","","","Water","Arctic Chiller","","Completed","7/12/2026","CAD","1","2.50","2.50","0.33","2.83","Visa","In-Store","London","Ontario"
"V6T7-UGAU-5L60","Completed","7/12/2026","6:31 PM","America/Toronto","","false","370091","orianaculig@gmail.com","Oriana Culig","","370091","orianaculig@gmail.com","Oriana Culig","Spin-It-Forward // London","20792","20793","964245982422","spin-it-forward--credits-429","","","Credits","","","Completed","7/12/2026","CAD","1","10.00","10.00","1.30","11.30","Visa","E-Commerce","London","Ontario"
"C8R3-YZMJ-5L60","Completed","7/12/2026","6:33 PM","America/Toronto","","false","388955","angelinawigginss@gmail.com","Angelina Wiggins","","388955","angelinawigginss@gmail.com","Angelina Wiggins","Spin-It-Forward // London","20792","20793","964245982422","spin-it-forward--credits-429","","","Credits","","","Completed","7/12/2026","CAD","1","10.00","10.00","1.30","11.30","Mastercard","E-Commerce","London","Ontario"
"RBGK-UEYN-5L60","Completed","7/12/2026","7:24 PM","America/Toronto","","false","406331","ahofkirc@uwo.ca","Alex Hofkirchner","","406331","ahofkirc@uwo.ca","Alex Hofkirchner","New Rider Special // London","21051","21052","288040778473","new-rider-specia-memberships-503","","","Memberships","","","Completed","7/12/2026","CAD","1","50.00","50.00","6.50","56.50","Visa","E-Commerce","London","Ontario"
"AMSY-QNQ6-5L61","Completed","7/12/2026","8:11 PM","America/Toronto","","false","397624","lauraloppez@hotmail.ca","Laura Lopez","","397624","lauraloppez@hotmail.ca","Laura Lopez","Spin-It-Forward // London","20792","20793","964245982422","spin-it-forward--credits-429","","","Credits","","","Completed","7/12/2026","CAD","1","10.00","10.00","1.30","11.30","Visa","E-Commerce","London","Ontario"
"7MDW-5FNG-5L61","Completed","7/12/2026","10:01 PM","America/Toronto","","false","346491","janamcdermid@gmail.com","Jana McDermid","","346491","janamcdermid@gmail.com","Jana McDermid","One Class Card // London","20798","20799","760445337951","one-class-card-l-credits-347","","","Credits","","","Completed","7/12/2026","CAD","1","25.00","25.00","3.25","28.25","Visa","E-Commerce","London","Ontario"
"B29E-GTZJ-5L61","Completed","7/12/2026","10:17 PM","America/Toronto","","true","351338","lyndsayfitzgeorge@gmail.com","Lyndsay Fitzgeorge","","351338","lyndsayfitzgeorge@gmail.com","Lyndsay Fitzgeorge","Late Cancel Charge","14688","14690","036981809486","late-cancel-fee-penalty-fees-771","","","Penalty Fees","","","Completed","7/12/2026","CAD","1","15.00","15.00","1.95","16.95","Mastercard","E-Commerce","London","Ontario"
"ZU27-K5NW-5L61","Completed","7/12/2026","10:23 PM","America/Toronto","desktop","false","368532","bowden1818@gmail.com","Paul Bowden","","71878","k.rothwell@spinco.ca","Kira Rothwell","Unlimited Membership // London","21995","21996","447442561003","unlimited-member-memberships-867","","","Memberships","","","Completed","7/12/2026","CAD","1","100.00","200.00","13.00","113.00","Visa","In-Store","London","Ontario"
"W9Z5-9CUE-5L61","Completed","7/12/2026","11:03 PM","America/Toronto","","false","352087","rachelnjacob@outlook.com","Rachel Jacob","","352087","rachelnjacob@outlook.com","Rachel Jacob","One Class Card // London","20798","20799","760445337951","one-class-card-l-credits-347","","","Credits","","","Completed","7/12/2026","CAD","2","50.00","50.00","6.50","56.50","Mastercard","E-Commerce","London","Ontario"
"HSZF-HSTP-5L61","Completed","7/12/2026","11:03 PM","America/Toronto","","false","381102","rowanbrunet@gmail.com","Rowan Brunet","","381102","rowanbrunet@gmail.com","Rowan Brunet","One Class Card // London","20798","20799","760445337951","one-class-card-l-credits-347","","","Credits","","","Completed","7/12/2026","CAD","1","25.00","25.00","3.25","28.25","Mastercard","E-Commerce","London","Ontario"
"UXAV-FU5K-5L61","Completed","7/13/2026","12:24 AM","America/Toronto","","true","336211","kirvine7@uwo.ca","Kathryn Irvine","","336211","kirvine7@uwo.ca","Kathryn Irvine","Unlimited Monthly Membership // 20% OFF PRE-SALE (London)","20844","20845","908731664009","20-off-presale-u-memberships-639","","","Memberships","","","Completed","7/13/2026","CAD","1","200.00","200.00","26.00","226.00","Mastercard","E-Commerce","London","Ontario"
"8SWQ-X7DN-5L61","Completed","7/13/2026","12:24 AM","America/Toronto","","true","381015","graygrassconsulting@gmail.com","BRITT WEBB","","381015","graygrassconsulting@gmail.com","BRITT WEBB","Unlimited Membership // London","21995","21996","447442561003","unlimited-member-memberships-867","","","Memberships","","","Completed","7/13/2026","CAD","1","200.00","200.00","26.00","226.00","Mastercard","E-Commerce","London","Ontario"
"PEMY-DF23-5L61","Completed","7/13/2026","12:24 AM","America/Toronto","","true","378014","valeskadegouveia@hotmail.com","Valeska De Gouveia","","378014","valeskadegouveia@hotmail.com","Valeska De Gouveia","4x Membership // London","21999","22000","216300284773","4x-membership-lo-memberships-280","","","Memberships","","","Completed","7/13/2026","CAD","1","80.00","80.00","10.40","90.40","Mastercard","E-Commerce","London","Ontario"
"88JG-KHVJ-5L61","Completed","7/13/2026","6:17 AM","America/Toronto","","true","363395","derek@cardy.ca","Derek Cardy","","363395","derek@cardy.ca","Derek Cardy","Late Cancel Charge","14688","14690","036981809486","late-cancel-fee-penalty-fees-771","","","Penalty Fees","","","Completed","7/13/2026","CAD","1","15.00","15.00","1.95","16.95","Visa","E-Commerce","London","Ontario"
"RM8S-SBRW-5L61","Completed","7/13/2026","7:18 AM","America/Toronto","","true","378742","itslatashacromwell@gmail.com","Latasha Cromwell","","378742","itslatashacromwell@gmail.com","Latasha Cromwell","No Show Charge","14687","14689","489143084327","no-show-fee-penalty-fees-498","","","Penalty Fees","","","Completed","7/13/2026","CAD","1","20.00","20.00","2.60","22.60","Visa","E-Commerce","London","Ontario"
"7TZ5-YE8F-5L61","Completed","7/13/2026","12:18 PM","America/Toronto","","true","352111","amanda_tedford@hotmail.com","Amanda Tedford","","352111","amanda_tedford@hotmail.com","Amanda Tedford","Late Cancel Charge","14688","14690","036981809486","late-cancel-fee-penalty-fees-771","","","Penalty Fees","","","Completed","7/13/2026","CAD","1","15.00","15.00","1.95","16.95","Visa","E-Commerce","London","Ontario"
"TPHV-WFCN-5L61","Completed","7/13/2026","1:18 PM","America/Toronto","","false","358850","murrayolivia6@gmail.com","Olivia Murray","","358850","murrayolivia6@gmail.com","Olivia Murray","One Class Card // London","20798","20799","760445337951","one-class-card-l-credits-347","","","Credits","","","Completed","7/13/2026","CAD","1","25.00","25.00","3.25","28.25","Mastercard","E-Commerce","London","Ontario"
"2J5F-78RU-5L61","Completed","7/13/2026","1:26 PM","America/Toronto","","false","329458","rebeccafritz123@hotmail.com","Rebecca Fritz","","329458","rebeccafritz123@hotmail.com","Rebecca Fritz","One Class Card // London","20798","20799","760445337951","one-class-card-l-credits-347","","","Credits","","","Completed","7/13/2026","CAD","1","25.00","25.00","3.25","28.25","Mastercard","E-Commerce","London","Ontario"
"GKRC-HUGK-5L61","Completed","7/13/2026","1:44 PM","America/Toronto","","false","347315","mhinnegan5@gmail.com","Macie Hinnegan","","347315","mhinnegan5@gmail.com","Macie Hinnegan","Five Class Card // London","20802","20803","488719457552","five-class-card--credits-078","","","Credits","","","Completed","7/13/2026","CAD","1","110.00","110.00","14.30","124.30","American Express","E-Commerce","London","Ontario"
"WA74-RYAN-5L61","Completed","7/13/2026","2:26 PM","America/Toronto","","false","402598","rabiaafzaal2@gmail.com","Rabia Afzaal","","402598","rabiaafzaal2@gmail.com","Rabia Afzaal","One Class Card // London","20798","20799","760445337951","one-class-card-l-credits-347","","","Credits","","","Completed","7/13/2026","CAD","1","25.00","25.00","3.25","28.25","Mastercard","E-Commerce","London","Ontario"
"DEYW-BTNA-5L61","Completed","7/13/2026","2:46 PM","America/Toronto","","false","406422","nahidafadel@gmail.com","Nahida Fadel","","406422","nahidafadel@gmail.com","Nahida Fadel","One Class Card // London","20798","20799","760445337951","one-class-card-l-credits-347","","","Credits","","","Completed","7/13/2026","CAD","1","25.00","25.00","3.25","28.25","Visa","E-Commerce","London","Ontario"
"RFE2-8GRX-5L61","Completed","7/13/2026","4:04 PM","America/Toronto","","false","298900","stephaniekursikowski@outlook.com","Stephanie Kursikowski","","298900","stephaniekursikowski@outlook.com","Stephanie Kursikowski","One Class Card // London","20798","20799","760445337951","one-class-card-l-credits-347","","","Credits","","","Completed","7/13/2026","CAD","1","25.00","25.00","3.25","28.25","Visa","E-Commerce","London","Ontario"
"TYWG-GUZQ-5L61","Completed","7/13/2026","4:50 PM","America/Toronto","","false","346719","sarahcatania@icloud.com","Sarah Catania","","346719","sarahcatania@icloud.com","Sarah Catania","One Class Card // London","20798","20799","760445337951","one-class-card-l-credits-347","","","Credits","","","Completed","7/13/2026","CAD","1","25.00","25.00","3.25","28.25","Visa","E-Commerce","London","Ontario"
"4NAN-TYVD-5L61","Completed","7/13/2026","4:59 PM","America/Toronto","","true","389444","angela-green123@outlook.com","Angela Green","","389444","angela-green123@outlook.com","Angela Green","Unlimited Membership // London","21995","21996","447442561003","unlimited-member-memberships-867","","","Memberships","","","Completed","7/13/2026","CAD","1","200.00","200.00","26.00","226.00","American Express","E-Commerce","London","Ontario"
"Q682-Z7SS-5L61","Completed","7/13/2026","5:04 PM","America/Toronto","","false","401348","brookekobe10@gmail.com","Brooke Kobe","","401348","brookekobe10@gmail.com","Brooke Kobe","Summer Days Drop-In // London","26178","26179","455715388823","summer-days-drop-credits-083","","","Credits","","","Completed","7/13/2026","CAD","1","15.00","15.00","1.95","16.95","Visa","E-Commerce","London","Ontario"
"2H4X-7S9K-5L61","Completed","7/13/2026","5:29 PM","America/Toronto","","false","400614","sarahmarotta@gmail.com","Sarah Marotta","","400614","sarahmarotta@gmail.com","Sarah Marotta","Summer Days Drop-In // London","26178","26179","455715388823","summer-days-drop-credits-083","","","Credits","","","Completed","7/13/2026","CAD","1","15.00","15.00","1.95","16.95","Visa","E-Commerce","London","Ontario"
"H82N-XZSC-5L61","Completed","7/13/2026","5:38 PM","America/Toronto","","false","406449","mariamnadeeem@gmail.com","Mariam Mahmoud","","406449","mariamnadeeem@gmail.com","Mariam Mahmoud","Five Class Card // London Email Gift Card","20804","20805","996842652895","five-class-card--email-credit-gif-310","","","Email Credit Gift Cards","","","Completed","7/13/2026","CAD","1","110.00","110.00","14.30","124.30","Visa","E-Commerce","London","Ontario"
"BHJU-PTAB-5L61","Completed","7/13/2026","5:53 PM","America/Toronto","","false","370101","cassidinother@icloud.com","Cass Nother","","370101","cassidinother@icloud.com","Cass Nother","Summer Days Drop-In // London","26178","26179","455715388823","summer-days-drop-credits-083","","","Credits","","","Completed","7/13/2026","CAD","1","15.00","15.00","1.95","16.95","Visa","E-Commerce","London","Ontario"
"58G4-MSCX-5L61","Completed","7/13/2026","5:56 PM","America/Toronto","","false","406454","ericademartinis@gmail.com","Erica Demartinis","","406454","ericademartinis@gmail.com","Erica Demartinis","Summer Days Drop-In // London","26178","26179","455715388823","summer-days-drop-credits-083","","","Credits","","","Completed","7/13/2026","CAD","1","15.00","15.00","1.95","16.95","Visa","E-Commerce","London","Ontario"
"A2X3-WDB2-5L61","Completed","7/13/2026","6:07 PM","America/Toronto","","false","349880","abbaskachmar1@gmail.com","abbas kachmar","","349880","abbaskachmar1@gmail.com","abbas kachmar","Summer Days Drop-In // London","26178","26179","455715388823","summer-days-drop-credits-083","","","Credits","","","Completed","7/13/2026","CAD","1","15.00","15.00","1.95","16.95","Visa","E-Commerce","London","Ontario"
"M7U4-MN6A-5L61","Completed","7/13/2026","6:08 PM","America/Toronto","","false","404549","gracenouwens@yahoo.com","Grace Nouwens","","404549","gracenouwens@yahoo.com","Grace Nouwens","Spin-It-Forward // London","20792","20793","964245982422","spin-it-forward--credits-429","","","Credits","","","Completed","7/13/2026","CAD","1","10.00","10.00","1.30","11.30","Visa","E-Commerce","London","Ontario"
"PHNK-48P7-5L61","Completed","7/13/2026","6:09 PM","America/Toronto","","false","405532","talianoon17@hotmail.com","Talia Noon","","405532","talianoon17@hotmail.com","Talia Noon","Summer Days Drop-In // London","26178","26179","455715388823","summer-days-drop-credits-083","","","Credits","","","Completed","7/13/2026","CAD","1","15.00","15.00","1.95","16.95","Visa","E-Commerce","London","Ontario"
"DCWG-YSTD-5L61","Completed","7/13/2026","6:26 PM","America/Toronto","","false","391623","sthomson@tlscv.com","Stephanie Thomson","","391623","sthomson@tlscv.com","Stephanie Thomson","Ten Class Card // London","20794","20795","456569691604","ten-class-card-l-credits-104","","","Credits","","","Completed","7/13/2026","CAD","1","200.00","200.00","26.00","226.00","Visa","E-Commerce","London","Ontario"
"JQ4Z-N3M4-5L61","Completed","7/13/2026","6:28 PM","America/Toronto","desktop","false","248354","aarron.weinstein@gmail.com","Aarron Weinstein","","347195","lviner@hotmail.com","Laura Viner","SPINCO Water","19657","19658","469973764933","spinco-water-water-914","","","Water","Arctic Chiller","","Completed","7/13/2026","CAD","1","2.50","2.50","0.33","2.83","Visa","In-Store","London","Ontario"
"5E2D-XG6S-5L61","Completed","7/13/2026","6:44 PM","America/Toronto","","false","299099","karin.kerfoot@gmail.com","Karin Kerfoot","","299099","karin.kerfoot@gmail.com","Karin Kerfoot","Summer Days Drop-In // London","26178","26179","455715388823","summer-days-drop-credits-083","","","Credits","","","Completed","7/13/2026","CAD","1","15.00","15.00","1.95","16.95","Visa","E-Commerce","London","Ontario"
"NUUA-KBFX-5L61","Completed","7/13/2026","7:22 PM","America/Toronto","","false","356005","sultayah111@gmail.com","Ayah Sultan","","356005","sultayah111@gmail.com","Ayah Sultan","Five Class Card // London","20802","20803","488719457552","five-class-card--credits-078","","","Credits","","","Completed","7/13/2026","CAD","1","110.00","110.00","14.30","124.30","Mastercard","E-Commerce","London","Ontario"
"J2SA-25KH-5L61","Completed","7/13/2026","7:31 PM","America/Toronto","","true","367983","jasionowskaolivia@gmail.com","Olivia Jasionowska","","367983","jasionowskaolivia@gmail.com","Olivia Jasionowska","Late Cancel Charge","14688","14690","036981809486","late-cancel-fee-penalty-fees-771","","","Penalty Fees","","","Completed","7/13/2026","CAD","1","15.00","15.00","1.95","16.95","Visa","E-Commerce","London","Ontario"
"VQWS-SU6A-5L61","Completed","7/13/2026","7:34 PM","America/Toronto","","false","231685","clavioav543@gmail.com","Avery Clavio","","231685","clavioav543@gmail.com","Avery Clavio","Spin-It-Forward // London","20792","20793","964245982422","spin-it-forward--credits-429","","","Credits","","","Completed","7/13/2026","CAD","2","20.00","20.00","2.60","22.60","Visa","E-Commerce","London","Ontario"
"GVMZ-FDU8-5L61","Completed","7/13/2026","7:37 PM","America/Toronto","","true","367983","jasionowskaolivia@gmail.com","Olivia Jasionowska","","367983","jasionowskaolivia@gmail.com","Olivia Jasionowska","Student Monthly Membership // London","21738","21739","582370867097","student-monthly--memberships-495","","","Memberships","","","Completed","7/13/2026","CAD","1","175.00","175.00","22.75","197.75","Visa","E-Commerce","London","Ontario"
"JVDR-3NDX-5L62","Completed","7/13/2026","8:27 PM","America/Toronto","","false","391026","janicehamilton904@gmail.com","Janice Hamilton","","391026","janicehamilton904@gmail.com","Janice Hamilton","Ten Class Card // London","20794","20795","456569691604","ten-class-card-l-credits-104","","","Credits","","","Completed","7/13/2026","CAD","1","200.00","200.00","26.00","226.00","Mastercard","E-Commerce","London","Ontario"
"ZD47-4RXX-5L62","Completed","7/13/2026","8:46 PM","America/Toronto","","false","365137","adaouk@gmail.com","Angie Daouk","","365137","adaouk@gmail.com","Angie Daouk","One Class Card // London","20798","20799","760445337951","one-class-card-l-credits-347","","","Credits","","","Completed","7/13/2026","CAD","1","21.25","25.00","2.76","24.01","Visa","E-Commerce","London","Ontario"
"BU2J-8HYT-5L62","Completed","7/13/2026","8:49 PM","America/Toronto","","false","401429","layandaher@icloud.com","Layan Daher","","401429","layandaher@icloud.com","Layan Daher","One Class Card // London","20798","20799","760445337951","one-class-card-l-credits-347","","","Credits","","","Completed","7/13/2026","CAD","1","21.25","25.00","2.76","24.01","Visa","E-Commerce","London","Ontario"
"YQTR-YWDB-5L62","Completed","7/13/2026","9:03 PM","America/Toronto","","false","401273","mariam@pmol.ca","Mariam Merhi","","401273","mariam@pmol.ca","Mariam Merhi","4x Membership // London","21999","22000","216300284773","4x-membership-lo-memberships-280","","","Memberships","","","Completed","7/13/2026","CAD","2","160.00","160.00","20.80","180.80","Visa","E-Commerce","London","Ontario"
"3Y8X-JXY6-5L62","Completed","7/13/2026","9:55 PM","America/Toronto","","false","378608","jmary0638@gmail.com","Angel Joseph","","378608","jmary0638@gmail.com","Angel Joseph","One Class Card // London","20798","20799","760445337951","one-class-card-l-credits-347","","","Credits","","","Completed","7/13/2026","CAD","1","25.00","25.00","3.25","28.25","Visa","E-Commerce","London","Ontario"
"XPPF-Z5N6-5L62","Completed","7/13/2026","11:43 PM","America/Toronto","","false","389695","claudia.drewitt@icloud.com","Claudia Drewitt","","389695","claudia.drewitt@icloud.com","Claudia Drewitt","Spin-It-Forward // London","20792","20793","964245982422","spin-it-forward--credits-429","","","Credits","","","Completed","7/13/2026","CAD","1","10.00","10.00","1.30","11.30","Visa","E-Commerce","London","Ontario"
"2KDM-3K4H-5L62","Completed","7/14/2026","12:24 AM","America/Toronto","","true","391535","lam.sandy91@gmail.com","Sandy Lam","","391535","lam.sandy91@gmail.com","Sandy Lam","4x Membership // London Summer Sale","25653","25654","346308480296","4x-membership-bu-memberships-912","","","Memberships","","","Completed","7/14/2026","CAD","1","69.00","69.00","8.97","77.97","Visa","E-Commerce","London","Ontario"
"QT33-KHAV-5L62","Completed","7/14/2026","12:24 AM","America/Toronto","","true","358251","lynnlaithwaite@gmail.com","Lynn Stewart","","358251","lynnlaithwaite@gmail.com","Lynn Stewart","4x Monthly Membership // London *GRANDFATHERED","20838","20839","545622520223","4-classes-month--memberships-721","","","Memberships","","","Completed","7/14/2026","CAD","1","80.00","80.00","10.40","90.40","Visa","E-Commerce","London","Ontario"
"NCJ3-Y4FD-5L62","Completed","7/14/2026","12:24 AM","America/Toronto","","true","340395","hhounsel@alumni.uwo.ca","Heather Hounsell","","340395","hhounsel@alumni.uwo.ca","Heather Hounsell","8x Monthly Membership // 15% OFF PRE-SALE (London)","20854","20855","093399687271","15-off-presale-8-memberships-350","","","Memberships","","","Completed","7/14/2026","CAD","1","150.00","150.00","19.50","169.50","Mastercard","E-Commerce","London","Ontario"
"2K2X-6QA5-5L62","Completed","7/14/2026","12:24 AM","America/Toronto","","true","346925","brooke.goodchild@hotmail.com","Rachel Goodchild","","346925","brooke.goodchild@hotmail.com","Rachel Goodchild","4x Membership // Barrie · 10% PRE-SALE","20866","20867","780524050667","4x-monthly-membe-memberships-755","","","Memberships","","","Completed","7/14/2026","CAD","1","80.00","80.00","10.40","90.40","Mastercard","E-Commerce","London","Ontario"
"Q5MU-QUWX-5L62","Completed","7/14/2026","12:24 AM","America/Toronto","","true","346751","rybrownrigg@hotmail.com","Rylee Brownrigg","","346751","rybrownrigg@hotmail.com","Rylee Brownrigg","4x Membership // Barrie · 10% PRE-SALE","20866","20867","780524050667","4x-monthly-membe-memberships-755","","","Memberships","","","Completed","7/14/2026","CAD","1","0.00","0.00","0.00","0.00","No Charge","E-Commerce","London","Ontario"
"MK2M-H2MK-5L62","Completed","7/14/2026","12:24 AM","America/Toronto","","true","343368","kelseyvandewetering@gmail.com","Kelsey Vandewetering","","343368","kelseyvandewetering@gmail.com","Kelsey Vandewetering","Staff Membership // London","20830","20831","898235312897","staff-membership-memberships-735","","","Memberships","","","Completed","7/14/2026","CAD","1","0.00","0.00","0.00","0.00","No Charge","E-Commerce","London","Ontario"
"FES3-9YQ6-5L62","Completed","7/14/2026","12:24 AM","America/Toronto","","true","347195","lviner@hotmail.com","Laura Viner","","347195","lviner@hotmail.com","Laura Viner","Staff Membership // London","20830","20831","898235312897","staff-membership-memberships-735","","","Memberships","","","Completed","7/14/2026","CAD","1","0.00","0.00","0.00","0.00","No Charge","E-Commerce","London","Ontario"
"6S5P-YY6V-5L62","Completed","7/14/2026","12:24 AM","America/Toronto","","true","369246","fmacd039@uottawa.ca","FIONA MACDONALD","","369246","fmacd039@uottawa.ca","FIONA MACDONALD","Unlimited Membership // London","21995","21996","447442561003","unlimited-member-memberships-867","","","Memberships","","","Completed","7/14/2026","CAD","1","200.00","200.00","26.00","226.00","Visa","E-Commerce","London","Ontario"
"FKHZ-KPNY-5L62","Completed","7/14/2026","5:11 AM","America/Toronto","","false","394135","elaf.th15@gmail.com","Elaf H","","394135","elaf.th15@gmail.com","Elaf H","One Class Card // London","20798","20799","760445337951","one-class-card-l-credits-347","","","Credits","","","Completed","7/14/2026","CAD","1","25.00","25.00","3.25","28.25","Visa","E-Commerce","London","Ontario"
"YYYN-GHZ5-5L62","Completed","7/14/2026","5:58 AM","America/Toronto","desktop","false","381011","trang.pham@sjhospicelondon.com","Trang Pham","","347195","lviner@hotmail.com","Laura Viner","SPINCO Water","19657","19658","469973764933","spinco-water-water-914","","","Water","Arctic Chiller","","Completed","7/14/2026","CAD","1","2.50","2.50","0.33","2.83","Visa","In-Store","London","Ontario"
"N2HX-A6W3-5L62","Completed","7/14/2026","6:56 AM","America/Toronto","desktop","false","383058","hhoffman0821@gmail.com","Hayley Hoffman","","347301","london@spinco.ca","SPINCO London","SPINCO Water","19657","19658","469973764933","spinco-water-water-914","","","Water","Arctic Chiller","","Completed","7/14/2026","CAD","1","2.50","2.50","0.33","2.83","Visa","In-Store","London","Ontario"
"EVHF-VQNJ-5L62","Completed","7/14/2026","6:56 AM","America/Toronto","desktop","false","383058","hhoffman0821@gmail.com","Hayley Hoffman","","347301","london@spinco.ca","SPINCO London","SPINCO Water","19657","19658","469973764933","spinco-water-water-914","","","Water","Arctic Chiller","","Completed","7/14/2026","CAD","1","2.50","2.50","0.33","2.83","Visa","In-Store","London","Ontario"
"FR7D-MMN7-5L62","Completed","7/14/2026","6:57 AM","America/Toronto","desktop","false","397356","katherineklaragrace@gmail.com","Klara Grace","","347195","lviner@hotmail.com","Laura Viner","Summer Days Drop-In // London","26178","26179","455715388823","summer-days-drop-credits-083","","","Credits","","","Completed","7/14/2026","CAD","1","15.00","15.00","1.95","16.95","Visa","In-Store","London","Ontario"
"58CD-JSRR-5L62","Completed","7/14/2026","8:01 AM","America/Toronto","","false","368626","marianasalazar_973@hotmail.com","Mariana Salazar Vargas","","368626","marianasalazar_973@hotmail.com","Mariana Salazar Vargas","Spin-It-Forward // London","20792","20793","964245982422","spin-it-forward--credits-429","","","Credits","","","Completed","7/14/2026","CAD","1","10.00","10.00","1.30","11.30","Mastercard","E-Commerce","London","Ontario"
"BJEB-RND8-5L62","Completed","7/14/2026","8:09 AM","America/Toronto","desktop","false","343368","kelseyvandewetering@gmail.com","Kelsey Vandewetering","","347195","lviner@hotmail.com","Laura Viner","Coffee // London","23655","23656","087239269521","coffee-london-food-and-beverag-851","","","Food and Beverage","","","Completed","7/14/2026","CAD","1","1.50","1.50","0.20","1.70","Visa","In-Store","London","Ontario"
"6CMN-HBYB-5L62","Completed","7/14/2026","8:51 AM","America/Toronto","","false","404170","felicitym003@gmail.com","Felicity Mei","","404170","felicitym003@gmail.com","Felicity Mei","One Class Card // London","20798","20799","760445337951","one-class-card-l-credits-347","","","Credits","","","Completed","7/14/2026","CAD","1","25.00","25.00","3.25","28.25","Visa","E-Commerce","London","Ontario"
"NVA8-2XX6-5L62","Completed","7/14/2026","11:07 AM","America/Toronto","","false","402996","lwatkiss@ivey.ca","Lee Watkiss","","402996","lwatkiss@ivey.ca","Lee Watkiss","New Rider Special // London","21051","21052","288040778473","new-rider-specia-memberships-503","","","Memberships","","","Completed","7/14/2026","CAD","1","50.00","50.00","6.50","56.50","Visa","E-Commerce","London","Ontario"
"9NNV-AR7M-5L62","Completed","7/14/2026","11:34 AM","America/Toronto","","false","405254","marlenebaan@hotmail.com","Marlene Looby","","405254","marlenebaan@hotmail.com","Marlene Looby","Five Class Card // London","20802","20803","488719457552","five-class-card--credits-078","","","Credits","","","Completed","7/14/2026","CAD","1","110.00","110.00","14.30","124.30","American Express","E-Commerce","London","Ontario"
"4QKD-565K-5L62","Completed","7/14/2026","11:39 AM","America/Toronto","","false","402714","leannabiehn@gmail.com","Leanna Biehn","","402714","leannabiehn@gmail.com","Leanna Biehn","Five Class Card // London","20802","20803","488719457552","five-class-card--credits-078","","","Credits","","","Completed","7/14/2026","CAD","1","110.00","110.00","14.30","124.30","Visa","E-Commerce","London","Ontario"
"A5DT-VYYM-5L62","Completed","7/14/2026","11:44 AM","America/Toronto","","false","402750","bfiegehen06@gmail.com","Bronwyn Fiegehen","","402750","bfiegehen06@gmail.com","Bronwyn Fiegehen","One Class Card // London","20798","20799","760445337951","one-class-card-l-credits-347","","","Credits","","","Completed","7/14/2026","CAD","1","25.00","25.00","3.25","28.25","Mastercard","E-Commerce","London","Ontario"
"MZ5V-FZQH-5L62","Completed","7/14/2026","12:29 PM","America/Toronto","","false","350261","rachel-elizabeth@hotmail.com","Rachel Mason","","350261","rachel-elizabeth@hotmail.com","Rachel Mason","One Class Card // London","20798","20799","760445337951","one-class-card-l-credits-347","","","Credits","","","Completed","7/14/2026","CAD","1","25.00","25.00","3.25","28.25","Mastercard","E-Commerce","London","Ontario"
"BGSF-3C8G-5L62","Completed","7/14/2026","1:03 PM","America/Toronto","","false","406576","imanz_04@hotmail.com","Iman Zebian","","406576","imanz_04@hotmail.com","Iman Zebian","Spin-It-Forward // London","20792","20793","964245982422","spin-it-forward--credits-429","","","Credits","","","Completed","7/14/2026","CAD","1","10.00","10.00","1.30","11.30","Mastercard","E-Commerce","London","Ontario"
"QHBJ-BRAF-5L62","Completed","7/14/2026","2:46 PM","America/Toronto","","false","367976","ihijazi@hotmail.com","Iman Hijazi","","367976","ihijazi@hotmail.com","Iman Hijazi","Summer Days Drop-In // London","26178","26179","455715388823","summer-days-drop-credits-083","","","Credits","","","Completed","7/14/2026","CAD","1","15.00","15.00","1.95","16.95","Visa","E-Commerce","London","Ontario"
"4T5Q-QGAP-5L62","Completed","7/14/2026","3:56 PM","America/Toronto","","false","384930","fskrzype@uwo.ca","Fabiola Skrzypek","","384930","fskrzype@uwo.ca","Fabiola Skrzypek","Summer Days Drop-In // London","26178","26179","455715388823","summer-days-drop-credits-083","","","Credits","","","Completed","7/14/2026","CAD","1","15.00","15.00","1.95","16.95","Visa","E-Commerce","London","Ontario"
"47KX-5JWT-5L62","Completed","7/14/2026","4:38 PM","America/Toronto","","false","406599","alexkoprowski28@gmail.com","Alexandra Koprowski","","406599","alexkoprowski28@gmail.com","Alexandra Koprowski","Spin-It-Forward // London","20792","20793","964245982422","spin-it-forward--credits-429","","","Credits","","","Completed","7/14/2026","CAD","1","10.00","10.00","1.30","11.30","Mastercard","E-Commerce","London","Ontario"
"235Z-5KUP-5L62","Completed","7/14/2026","5:29 PM","America/Toronto","desktop","false","367140","kamaxwell13@gmail.com","Kylie Maxwell","","347195","lviner@hotmail.com","Laura Viner","Energy Bra","20662","20672","504702613418","lululemon-energy-clothing-420","White","6","Clothing","Lululemon","","Completed","7/14/2026","CAD","1","54.00","54.00","7.02","61.02","Visa","In-Store","London","Ontario"
"7HYG-X67W-5L62","Completed","7/14/2026","5:58 PM","America/Toronto","","false","346453","sarah.norley1@gmail.com","Sarah Vivian","","346453","sarah.norley1@gmail.com","Sarah Vivian","Summer Days Drop-In // London","26178","26179","455715388823","summer-days-drop-credits-083","","","Credits","","","Completed","7/14/2026","CAD","4","60.00","60.00","7.80","67.80","Mastercard","E-Commerce","London","Ontario"
"K7PF-8CUT-5L62","Completed","7/14/2026","6:31 PM","America/Toronto","","false","356437","chelsmith33@gmail.com","Chelsea Smith","","356437","chelsmith33@gmail.com","Chelsea Smith","Spin-It-Forward // London","20792","20793","964245982422","spin-it-forward--credits-429","","","Credits","","","Completed","7/14/2026","CAD","1","10.00","10.00","1.30","11.30","Mastercard","E-Commerce","London","Ontario"
"RWPR-J8UV-5L62","Completed","7/14/2026","6:34 PM","America/Toronto","","false","356437","chelsmith33@gmail.com","Chelsea Smith","","356437","chelsmith33@gmail.com","Chelsea Smith","One Class Card // London","20798","20799","760445337951","one-class-card-l-credits-347","","","Credits","","","Completed","7/14/2026","CAD","1","25.00","25.00","3.25","28.25","Mastercard","E-Commerce","London","Ontario"
"F95Q-VXGY-5L62","Completed","7/14/2026","7:01 PM","America/Toronto","","false","397356","katherineklaragrace@gmail.com","Klara Grace","","397356","katherineklaragrace@gmail.com","Klara Grace","One Class Card // London","20798","20799","760445337951","one-class-card-l-credits-347","","","Credits","","","Completed","7/14/2026","CAD","1","25.00","25.00","3.25","28.25","Visa","E-Commerce","London","Ontario"
"X8SN-HFXU-5L63","Completed","7/14/2026","8:44 PM","America/Toronto","","false","388955","angelinawigginss@gmail.com","Angelina Wiggins","","388955","angelinawigginss@gmail.com","Angelina Wiggins","Summer Days Drop-In // London","26178","26179","455715388823","summer-days-drop-credits-083","","","Credits","","","Completed","7/14/2026","CAD","1","15.00","15.00","1.95","16.95","Mastercard","E-Commerce","London","Ontario"
"97X9-26AN-5L63","Completed","7/14/2026","10:33 PM","America/Toronto","","false","406640","lilahwyscaver@hotmail.com","Lilah Wyscaver","","406640","lilahwyscaver@hotmail.com","Lilah Wyscaver","Summer Days Drop-In // London","26178","26179","455715388823","summer-days-drop-credits-083","","","Credits","","","Completed","7/14/2026","CAD","2","30.00","30.00","3.90","33.90","Visa","E-Commerce","London","Ontario"
"DU22-PR6H-5L63","Completed","7/14/2026","11:32 PM","America/Toronto","","false","405870","kidathms7@gmail.com","Kida Thomas","","405870","kidathms7@gmail.com","Kida Thomas","Summer Days Drop-In // London","26178","26179","455715388823","summer-days-drop-credits-083","","","Credits","","","Completed","7/14/2026","CAD","2","30.00","30.00","3.90","33.90","Visa","E-Commerce","London","Ontario"
"2XDB-QS56-5L63","Completed","7/15/2026","12:26 AM","America/Toronto","","true","354079","jessica.campbell@rogers.com","Jessica Campbell","","354079","jessica.campbell@rogers.com","Jessica Campbell","Unlimited Monthly Membership // London *GRANDFATHERED","20834","20835","254627090190","unlimited-classe-memberships-530","","","Memberships","","","Completed","7/15/2026","CAD","1","200.00","200.00","26.00","226.00","Visa","E-Commerce","London","Ontario"
"3MHF-MR73-5L63","Completed","7/15/2026","12:26 AM","America/Toronto","","true","361749","alissamitchell@rogers.com","Alissa Mitchell","","361749","alissamitchell@rogers.com","Alissa Mitchell","Unlimited Monthly Membership // London *GRANDFATHERED","20834","20835","254627090190","unlimited-classe-memberships-530","","","Memberships","","","Completed","7/15/2026","CAD","1","200.00","200.00","26.00","226.00","Visa","E-Commerce","London","Ontario"
"EK57-G7F5-5L63","Completed","7/15/2026","12:26 AM","America/Toronto","","true","355393","kayansultan21@gmail.com","Kayan Sultan","","355393","kayansultan21@gmail.com","Kayan Sultan","Student Monthly Membership // London","21738","21739","582370867097","student-monthly--memberships-495","","","Memberships","","","Completed","7/15/2026","CAD","1","175.00","175.00","22.75","197.75","Mastercard","E-Commerce","London","Ontario"
"J7SG-T82U-5L63","Completed","7/15/2026","12:26 AM","America/Toronto","","true","363304","rawannse@gmail.com","Rawan E","","363304","rawannse@gmail.com","Rawan E","8x Membership // London · BLACK FRIDAY 2025","22632","22633","364334411422","8x-membership-lo-memberships-289","","","Memberships","","","Completed","7/15/2026","CAD","1","140.00","140.00","18.20","158.20","Visa","E-Commerce","London","Ontario"
"SFYJ-E85B-5L63","Completed","7/15/2026","3:29 AM","America/Toronto","","false","353783","mayacallender08@gmail.com","Maya Callender","","353783","mayacallender08@gmail.com","Maya Callender","Summer Days Drop-In // London","26178","26179","455715388823","summer-days-drop-credits-083","","","Credits","","","Completed","7/15/2026","CAD","1","15.00","15.00","1.95","16.95","Mastercard","E-Commerce","London","Ontario"
"NASH-7SY7-5L63","Completed","7/15/2026","3:34 AM","America/Toronto","","false","353783","mayacallender08@gmail.com","Maya Callender","","353783","mayacallender08@gmail.com","Maya Callender","One Class Card // London","20798","20799","760445337951","one-class-card-l-credits-347","","","Credits","","","Completed","7/15/2026","CAD","1","25.00","25.00","3.25","28.25","Mastercard","E-Commerce","London","Ontario"
"ZPAH-4RWN-5L63","Completed","7/15/2026","4:15 AM","America/Toronto","","true","382344","sophiaking87@gmail.com","Sophia King","","382344","sophiaking87@gmail.com","Sophia King","4x Membership // London Summer Sale","25653","25654","346308480296","4x-membership-bu-memberships-912","","","Memberships","","","Completed","7/15/2026","CAD","1","69.00","69.00","8.97","77.97","Visa","E-Commerce","London","Ontario"
"BRYB-S5T7-5L5Y","Completed","7/10/2026","6:55 AM","America/Toronto","","true","380929","ann_marie_parsons@hotmail.com","Ann-Marie Daharu","","380929","ann_marie_parsons@hotmail.com","Ann-Marie Daharu","Summer Unlimited Teacher Membership // London","21448","21449","891469905718","summer-unlimited-memberships-093","","","Memberships","","","Completed","7/15/2026","CAD","1","300.00","300.00","39.00","339.00","American Express","E-Commerce","London","Ontario"
"2W7E-4XPW-5L63","Completed","7/15/2026","6:20 AM","America/Toronto","","true","363395","derek@cardy.ca","Derek Cardy","","363395","derek@cardy.ca","Derek Cardy","No Show Charge","14687","14689","489143084327","no-show-fee-penalty-fees-498","","","Penalty Fees","","","Completed","7/15/2026","CAD","1","20.00","20.00","2.60","22.60","Visa","E-Commerce","London","Ontario"
"AZ6U-FMWZ-5L63","Completed","7/15/2026","6:20 AM","America/Toronto","","true","378742","itslatashacromwell@gmail.com","Latasha Cromwell","","378742","itslatashacromwell@gmail.com","Latasha Cromwell","No Show Charge","14687","14689","489143084327","no-show-fee-penalty-fees-498","","","Penalty Fees","","","Completed","7/15/2026","CAD","1","20.00","20.00","2.60","22.60","Visa","E-Commerce","London","Ontario"
"ZTN9-BQ2X-5L63","Completed","7/15/2026","8:07 AM","America/Toronto","","false","287201","lawskiersten@gmail.com","Kiersten Laws","","287201","lawskiersten@gmail.com","Kiersten Laws","Summer Days Drop-In // London","26178","26179","455715388823","summer-days-drop-credits-083","","","Credits","","","Completed","7/15/2026","CAD","2","30.00","30.00","3.90","33.90","Mastercard","E-Commerce","London","Ontario"
"9CNJ-YCXM-5L63","Refunded","7/15/2026","9:22 AM","America/Toronto","","true","404970","hyacinthpino@gmail.com","Hyacinth Casquejo","","404970","hyacinthpino@gmail.com","Hyacinth Casquejo","Late Cancel Charge","14688","14690","036981809486","late-cancel-fee-penalty-fees-771","","","Penalty Fees","","","Completed","7/15/2026","CAD","1","15.00","15.00","1.95","16.95","Visa","E-Commerce","London","Ontario"
"MJHT-EJ8G-5L63","Completed","7/15/2026","11:14 AM","America/Toronto","","false","405755","asha.manicks@outlook.com","Sharanyaa Sundaramohan","","405755","asha.manicks@outlook.com","Sharanyaa Sundaramohan","One Class Card // London","20798","20799","760445337951","one-class-card-l-credits-347","","","Credits","","","Completed","7/15/2026","CAD","1","25.00","25.00","3.25","28.25","Visa","E-Commerce","London","Ontario"
"745C-VK3J-5L63","Completed","7/15/2026","11:44 AM","America/Toronto","","false","402750","bfiegehen06@gmail.com","Bronwyn Fiegehen","","402750","bfiegehen06@gmail.com","Bronwyn Fiegehen","One Class Card // London","20798","20799","760445337951","one-class-card-l-credits-347","","","Credits","","","Completed","7/15/2026","CAD","1","25.00","25.00","3.25","28.25","Mastercard","E-Commerce","London","Ontario"
"X7EQ-JSS4-5L63","Completed","7/15/2026","11:47 AM","America/Toronto","","false","403361","nicoleguiho@gmail.com","Nicole Guiho","","403361","nicoleguiho@gmail.com","Nicole Guiho","8x Membership // London","21997","21998","667327189404","8x-membership-lo-memberships-656","","","Memberships","","","Completed","7/15/2026","CAD","1","150.00","150.00","19.50","169.50","Mastercard","E-Commerce","London","Ontario"
"9CNJ-YCXM-5L63","Refunded","7/15/2026","9:22 AM","America/Toronto","","true","404970","hyacinthpino@gmail.com","Hyacinth Casquejo","","336948","rbissett0303@gmail.com","Rachel Bissett","Late Cancel Charge","14688","14690","036981809486","late-cancel-fee-penalty-fees-771","","","Penalty Fees","","","Refunded","7/15/2026","CAD","-1","-15.00","-15.00","-1.95","-16.95","Visa","E-Commerce","London","Ontario"
"QVS4-QFEU-5L63","Completed","7/15/2026","1:18 PM","America/Toronto","","true","402177","avasa.sarawan@gmail.com","Avasa Sarawan","","402177","avasa.sarawan@gmail.com","Avasa Sarawan","Late Cancel Charge","14688","14690","036981809486","late-cancel-fee-penalty-fees-771","","","Penalty Fees","","","Completed","7/15/2026","CAD","1","15.00","15.00","1.95","16.95","Visa","E-Commerce","London","Ontario"
"M7T2-JVQN-5L63","Completed","7/15/2026","1:29 PM","America/Toronto","","false","406695","kailee.davis@eastlink.ca","Kailee Davis","","406695","kailee.davis@eastlink.ca","Kailee Davis","New Rider Special // London","21051","21052","288040778473","new-rider-specia-memberships-503","","","Memberships","","","Completed","7/15/2026","CAD","1","50.00","50.00","6.50","56.50","Visa","E-Commerce","London","Ontario"
"RESN-KKNS-5L63","Completed","7/15/2026","2:37 PM","America/Toronto","","false","398239","clairekoteles04@gmail.com","Claire Koteles","","398239","clairekoteles04@gmail.com","Claire Koteles","One Class Card // London","20798","20799","760445337951","one-class-card-l-credits-347","","","Credits","","","Completed","7/15/2026","CAD","1","25.00","25.00","3.25","28.25","Mastercard","E-Commerce","London","Ontario"
"EXY4-MNNN-5L63","Completed","7/15/2026","2:50 PM","America/Toronto","","false","395045","jessicabycraft@icloud.com","Jessica Bycraft","","395045","jessicabycraft@icloud.com","Jessica Bycraft","Ten Class Card // London","20794","20795","456569691604","ten-class-card-l-credits-104","","","Credits","","","Completed","7/15/2026","CAD","1","200.00","200.00","26.00","226.00","Visa","E-Commerce","London","Ontario"
"7PD5-49FC-5L63","Completed","7/15/2026","4:22 PM","America/Toronto","","false","370101","cassidinother@icloud.com","Cass Nother","","370101","cassidinother@icloud.com","Cass Nother","Five Class Card // London","20802","20803","488719457552","five-class-card--credits-078","","","Credits","","","Completed","7/15/2026","CAD","1","110.00","110.00","14.30","124.30","Visa","E-Commerce","London","Ontario"
"7HBP-Q2T9-5L63","Completed","7/15/2026","5:33 PM","America/Toronto","","false","402178","tessamack7@icloud.com","Tessa Mackinnon","","402178","tessamack7@icloud.com","Tessa Mackinnon","Five Class Card // London","20802","20803","488719457552","five-class-card--credits-078","","","Credits","","","Completed","7/15/2026","CAD","1","110.00","110.00","14.30","124.30","Visa","E-Commerce","London","Ontario"
"7YU4-8MD6-5L63","Completed","7/15/2026","5:43 PM","America/Toronto","","false","273615","marieee.le@gmail.com","Marie Le","","273615","marieee.le@gmail.com","Marie Le","Spin-It-Forward // London","20792","20793","964245982422","spin-it-forward--credits-429","","","Credits","","","Completed","7/15/2026","CAD","1","10.00","10.00","1.30","11.30","Mastercard","E-Commerce","London","Ontario"
"9XAB-2MCR-5L63","Completed","7/15/2026","6:07 PM","America/Toronto","","false","379478","l.megs15@gmail.com","Megi Lika","","379478","l.megs15@gmail.com","Megi Lika","One Class Card // London","20798","20799","760445337951","one-class-card-l-credits-347","","","Credits","","","Completed","7/15/2026","CAD","1","25.00","25.00","3.25","28.25","Visa","E-Commerce","London","Ontario"
"BEBP-49N2-5L63","Completed","7/15/2026","6:43 PM","America/Toronto","","false","384613","maddie.kellerrrr@gmail.com","Maddie Keller","","384613","maddie.kellerrrr@gmail.com","Maddie Keller","Spin-It-Forward // London","20792","20793","964245982422","spin-it-forward--credits-429","","","Credits","","","Completed","7/15/2026","CAD","1","10.00","10.00","1.30","11.30","Mastercard","E-Commerce","London","Ontario"
"TK99-T9EH-5L64","Completed","7/15/2026","8:46 PM","America/Toronto","","false","377106","gaya3mallya@gmail.com","Gaya Mallya","","377106","gaya3mallya@gmail.com","Gaya Mallya","Summer Days Drop-In // London","26178","26179","455715388823","summer-days-drop-credits-083","","","Credits","","","Completed","7/15/2026","CAD","2","30.00","30.00","3.90","33.90","Mastercard","E-Commerce","London","Ontario"
"ZT2A-4QRN-5L64","Completed","7/15/2026","9:34 PM","America/Toronto","","false","370956","emilyd987@hotmail.com","Emily Di Nino","","370956","emilyd987@hotmail.com","Emily Di Nino","Summer Days Drop-In // London","26178","26179","455715388823","summer-days-drop-credits-083","","","Credits","","","Completed","7/15/2026","CAD","1","15.00","15.00","1.95","16.95","Mastercard","E-Commerce","London","Ontario"
"KZ46-MCQV-5L64","Completed","7/15/2026","10:34 PM","America/Toronto","","false","404789","iza.bella.g04@gmail.com","Izabella Gonzalez","","404789","iza.bella.g04@gmail.com","Izabella Gonzalez","New Rider Special // London","21051","21052","288040778473","new-rider-specia-memberships-503","","","Memberships","","","Completed","7/15/2026","CAD","1","50.00","50.00","6.50","56.50","Visa","E-Commerce","London","Ontario"
"FWND-8N47-5L64","Completed","7/15/2026","11:05 PM","America/Toronto","","false","394135","elaf.th15@gmail.com","Elaf H","","394135","elaf.th15@gmail.com","Elaf H","Unlimited Membership // London","21995","21996","447442561003","unlimited-member-memberships-867","","","Memberships","","","Completed","7/15/2026","CAD","1","200.00","200.00","26.00","226.00","Visa","E-Commerce","London","Ontario"
"B6GP-A4U2-5L64","Completed","7/16/2026","6:18 AM","America/Toronto","","true","363395","derek@cardy.ca","Derek Cardy","","363395","derek@cardy.ca","Derek Cardy","No Show Charge","14687","14689","489143084327","no-show-fee-penalty-fees-498","","","Penalty Fees","","","Completed","7/16/2026","CAD","1","20.00","20.00","2.60","22.60","Visa","E-Commerce","London","Ontario"
"AYPM-AXFF-5L64","Completed","7/16/2026","6:18 AM","America/Toronto","","true","336211","kirvine7@uwo.ca","Kathryn Irvine","","336211","kirvine7@uwo.ca","Kathryn Irvine","No Show Charge","14687","14689","489143084327","no-show-fee-penalty-fees-498","","","Penalty Fees","","","Completed","7/16/2026","CAD","1","20.00","20.00","2.60","22.60","Mastercard","E-Commerce","London","Ontario"
"QM4V-2S7J-5L64","Completed","7/16/2026","8:04 AM","America/Toronto","desktop","false","298876","noel.wright63@gmail.com","Noel Wright","","352814","dehliamcdonald@gmail.com","Dehlia McDonald","Coffee // London","23655","23656","087239269521","coffee-london-food-and-beverag-851","","","Food and Beverage","","","Completed","7/16/2026","CAD","2","3.00","3.00","0.39","3.39","Visa","In-Store","London","Ontario"
"YE6J-QXWP-5L64","Completed","7/16/2026","8:09 AM","America/Toronto","desktop","false","311851","jtoonen19@gmail.com","Jordyn Toonen","","352814","dehliamcdonald@gmail.com","Dehlia McDonald","Coffee // London","23655","23656","087239269521","coffee-london-food-and-beverag-851","","","Food and Beverage","","","Completed","7/16/2026","CAD","1","1.50","1.50","0.20","1.70","Visa","In-Store","London","Ontario"
"BH6H-Y6BQ-5L64","Completed","7/16/2026","8:25 AM","America/Toronto","","false","299099","karin.kerfoot@gmail.com","Karin Kerfoot","","299099","karin.kerfoot@gmail.com","Karin Kerfoot","Summer Days Drop-In // London","26178","26179","455715388823","summer-days-drop-credits-083","","","Credits","","","Completed","7/16/2026","CAD","1","15.00","15.00","1.95","16.95","Visa","E-Commerce","London","Ontario"
"7ZBD-PUBN-5L64","Completed","7/16/2026","11:07 AM","America/Toronto","","false","404938","youngshadae91@gmail.com","Loteafah Young","","404938","youngshadae91@gmail.com","Loteafah Young","One Class Card // London","20798","20799","760445337951","one-class-card-l-credits-347","","","Credits","","","Completed","7/16/2026","CAD","1","25.00","25.00","3.25","28.25","Mastercard","E-Commerce","London","Ontario"
"ZSAQ-VATM-5L64","Completed","7/16/2026","2:10 PM","America/Toronto","","false","354156","sm_perez@hotmail.com","Sheila Perez","","354156","sm_perez@hotmail.com","Sheila Perez","One Class Card // London","20798","20799","760445337951","one-class-card-l-credits-347","","","Credits","","","Completed","7/16/2026","CAD","1","25.00","25.00","3.25","28.25","Visa","E-Commerce","London","Ontario"
"K9TB-EDCD-5L64","Completed","7/16/2026","2:18 PM","America/Toronto","","false","277020","alyssapiche7@gmail.com","Alyssa Piche","","277020","alyssapiche7@gmail.com","Alyssa Piche","One Class Card // London","20798","20799","760445337951","one-class-card-l-credits-347","","","Credits","","","Completed","7/16/2026","CAD","1","25.00","25.00","3.25","28.25","Visa","E-Commerce","London","Ontario"
"HDPY-4AG5-5L64","Completed","7/16/2026","2:19 PM","America/Toronto","","false","257063","piche_mel@yahoo.ca","Melanie Piche","","257063","piche_mel@yahoo.ca","Melanie Piche","One Class Card // London","20798","20799","760445337951","one-class-card-l-credits-347","","","Credits","","","Completed","7/16/2026","CAD","1","25.00","25.00","3.25","28.25","Visa","E-Commerce","London","Ontario"
"FDPU-P6EU-5L64","Completed","7/16/2026","3:40 PM","America/Toronto","","false","346921","allie_mcbride1@hotmail.com","Allie McBride","","346921","allie_mcbride1@hotmail.com","Allie McBride","Summer Days Drop-In // London","26178","26179","455715388823","summer-days-drop-credits-083","","","Credits","","","Completed","7/16/2026","CAD","1","15.00","15.00","1.95","16.95","Visa","E-Commerce","London","Ontario"
"83YM-34GN-5L64","Completed","7/16/2026","4:18 PM","America/Toronto","","true","381015","graygrassconsulting@gmail.com","BRITT WEBB","","381015","graygrassconsulting@gmail.com","BRITT WEBB","Late Cancel Charge","14688","14690","036981809486","late-cancel-fee-penalty-fees-771","","","Penalty Fees","","","Completed","7/16/2026","CAD","1","15.00","15.00","1.95","16.95","Mastercard","E-Commerce","London","Ontario"
"G4RT-MRZD-5L64","Completed","7/16/2026","7:26 PM","America/Toronto","","false","388764","wigginsjuliana@gmail.com","Juliana Wiggins","","388764","wigginsjuliana@gmail.com","Juliana Wiggins","Spin-It-Forward // London","20792","20793","964245982422","spin-it-forward--credits-429","","","Credits","","","Completed","7/16/2026","CAD","1","10.00","10.00","1.30","11.30","Visa","E-Commerce","London","Ontario"
"3XCF-5DWZ-5L64","Completed","7/16/2026","7:28 PM","America/Toronto","","false","388764","wigginsjuliana@gmail.com","Juliana Wiggins","","388764","wigginsjuliana@gmail.com","Juliana Wiggins","Summer Days Drop-In // London","26178","26179","455715388823","summer-days-drop-credits-083","","","Credits","","","Completed","7/16/2026","CAD","1","15.00","15.00","1.95","16.95","Visa","E-Commerce","London","Ontario"
"24Z3-DAG5-5L65","Completed","7/16/2026","8:18 PM","America/Toronto","","false","401348","brookekobe10@gmail.com","Brooke Kobe","","401348","brookekobe10@gmail.com","Brooke Kobe","One Class Card // London","20798","20799","760445337951","one-class-card-l-credits-347","","","Credits","","","Completed","7/16/2026","CAD","1","25.00","25.00","3.25","28.25","Visa","E-Commerce","London","Ontario"
"B85Q-S3DP-5L65","Completed","7/16/2026","8:19 PM","America/Toronto","","false","182470","gracekobe08@gmail.com","Grace Kobe","","182470","gracekobe08@gmail.com","Grace Kobe","One Class Card // London","20798","20799","760445337951","one-class-card-l-credits-347","","","Credits","","","Completed","7/16/2026","CAD","1","25.00","25.00","3.25","28.25","Visa","E-Commerce","London","Ontario"
"TN48-9Q7C-5L65","Completed","7/16/2026","9:22 PM","America/Toronto","","false","406862","jessicamacpherson1994@outlook.com","Jessica MacPherson","","406862","jessicamacpherson1994@outlook.com","Jessica MacPherson","Spin-It-Forward // London","20792","20793","964245982422","spin-it-forward--credits-429","","","Credits","","","Completed","7/16/2026","CAD","1","10.00","10.00","1.30","11.30","Visa","E-Commerce","London","Ontario"
"U6EU-G2YH-5L65","Completed","7/16/2026","9:23 PM","America/Toronto","","false","406860","nicole_y_c@hotmail.com","Nicole Croteau","","406860","nicole_y_c@hotmail.com","Nicole Croteau","Spin-It-Forward // London","20792","20793","964245982422","spin-it-forward--credits-429","","","Credits","","","Completed","7/16/2026","CAD","1","10.00","10.00","1.30","11.30","Visa","E-Commerce","London","Ontario"
"ST3G-SV2K-5L65","Completed","7/16/2026","9:24 PM","America/Toronto","","false","348044","paonmich@gmail.com","Michelle Paonessa","","348044","paonmich@gmail.com","Michelle Paonessa","Spin-It-Forward // London","20792","20793","964245982422","spin-it-forward--credits-429","","","Credits","","","Completed","7/16/2026","CAD","1","10.00","10.00","1.30","11.30","Mastercard","E-Commerce","London","Ontario"
"XAF3-P65F-5L65","Completed","7/16/2026","9:34 PM","America/Toronto","","false","406867","celia.debono@gmail.com","Celia De Bono","","406867","celia.debono@gmail.com","Celia De Bono","Spin-It-Forward // London","20792","20793","964245982422","spin-it-forward--credits-429","","","Credits","","","Completed","7/16/2026","CAD","1","10.00","10.00","1.30","11.30","Visa","E-Commerce","London","Ontario"
"SZXC-Z4WY-5L65","Completed","7/16/2026","11:04 PM","America/Toronto","","false","401994","husnitava@hotmail.com","Tava Husni","","401994","husnitava@hotmail.com","Tava Husni","Summer Days Drop-In // London","26178","26179","455715388823","summer-days-drop-credits-083","","","Credits","","","Completed","7/16/2026","CAD","1","15.00","15.00","1.95","16.95","Visa","E-Commerce","London","Ontario"
"Y8TF-UATT-5L65","Completed","7/16/2026","11:39 PM","America/Toronto","","false","405636","turkmanidil@hotmail.com","Idil Turkman","","405636","turkmanidil@hotmail.com","Idil Turkman","Summer Days Drop-In // London","26178","26179","455715388823","summer-days-drop-credits-083","","","Credits","","","Completed","7/16/2026","CAD","1","15.00","15.00","1.95","16.95","Visa","E-Commerce","London","Ontario"
"Z83M-PXYU-5L5Y","Completed","7/10/2026","2:53 PM","America/Toronto","","true","321409","juliaalfi@hotmail.com","Julia Alfieri","","321409","juliaalfi@hotmail.com","Julia Alfieri","4x Membership // London","21999","22000","216300284773","4x-membership-lo-memberships-280","","","Memberships","","","Completed","7/17/2026","CAD","1","80.00","80.00","10.40","90.40","Mastercard","E-Commerce","London","Ontario"
"2WDT-ZTVX-5L65","Completed","7/17/2026","12:24 AM","America/Toronto","","true","348502","dmlinare@uwo.ca","Daniella Mlinarevic","","348502","dmlinare@uwo.ca","Daniella Mlinarevic","Unlimited Membership // London","21995","21996","447442561003","unlimited-member-memberships-867","","","Memberships","","","Completed","7/17/2026","CAD","1","200.00","200.00","26.00","226.00","Mastercard","E-Commerce","London","Ontario"
"8UB6-QTBG-5L65","Completed","7/17/2026","12:24 AM","America/Toronto","","true","302740","rawat.dhriti@gmail.com","Dhriti Rawat","","302740","rawat.dhriti@gmail.com","Dhriti Rawat","Staff Membership // London","20830","20831","898235312897","staff-membership-memberships-735","","","Memberships","","","Completed","7/17/2026","CAD","1","0.00","0.00","0.00","0.00","No Charge","E-Commerce","London","Ontario"
"DBVG-85VP-5L65","Completed","7/17/2026","12:24 AM","America/Toronto","","true","356216","katherinetenhaaf@gmail.com","Katie ten Haaf","","356216","katherinetenhaaf@gmail.com","Katie ten Haaf","Unlimited Membership // London · BLACK FRIDAY 2025","22630","22631","712442897099","unlimited-member-memberships-584","","","Memberships","","","Completed","7/17/2026","CAD","1","180.00","180.00","23.40","203.40","Visa","E-Commerce","London","Ontario"
"U7AP-3X6H-5L65","Completed","7/17/2026","12:24 AM","America/Toronto","","true","379633","kspitze@uwo.ca","Keira Spitzer","","379633","kspitze@uwo.ca","Keira Spitzer","Student Monthly Membership // London","21738","21739","582370867097","student-monthly--memberships-495","","","Memberships","","","Completed","7/17/2026","CAD","1","175.00","175.00","22.75","197.75","Mastercard","E-Commerce","London","Ontario"
"8FR3-CE8S-5L65","Completed","7/17/2026","6:52 AM","America/Toronto","desktop","false","311771","alexrosewatt@outlook.com","Alex Watt","","346927","narellehesler@gmail.com","Narelle Hesler","Coffee // London","23655","23656","087239269521","coffee-london-food-and-beverag-851","","","Food and Beverage","","","Completed","7/17/2026","CAD","1","1.50","1.50","0.20","1.70","Visa","In-Store","London","Ontario"
"JQ88-6ZJ7-5L65","Completed","7/17/2026","6:54 AM","America/Toronto","desktop","false","363395","derek@cardy.ca","Derek Cardy","","346927","narellehesler@gmail.com","Narelle Hesler","Coffee // London","23655","23656","087239269521","coffee-london-food-and-beverag-851","","","Food and Beverage","","","Completed","7/17/2026","CAD","1","1.50","1.50","0.20","1.70","Visa","In-Store","London","Ontario"
"AGSM-5SKW-5L65","Completed","7/17/2026","10:57 AM","America/Toronto","mobile","false","334433","avaw2002@gmail.com","Ava Watkins","","334433","avaw2002@gmail.com","Ava Watkins","Spin-It-Forward // London","20792","20793","964245982422","spin-it-forward--credits-429","","","Credits","","","Completed","7/17/2026","CAD","1","10.00","10.00","1.30","11.30","Visa","E-Commerce","London","Ontario"
"SMJ4-53ZB-5L65","Completed","7/17/2026","10:58 AM","America/Toronto","","false","331537","daniellacasaretto@gmail.com","Daniella Casaretto","","331537","daniellacasaretto@gmail.com","Daniella Casaretto","Spin-It-Forward // London","20792","20793","964245982422","spin-it-forward--credits-429","","","Credits","","","Completed","7/17/2026","CAD","1","10.00","10.00","1.30","11.30","Mastercard","E-Commerce","London","Ontario"
"K8RG-YVJD-5L65","Completed","7/17/2026","11:09 AM","America/Toronto","","false","388764","wigginsjuliana@gmail.com","Juliana Wiggins","","388764","wigginsjuliana@gmail.com","Juliana Wiggins","One Class Card // London","20798","20799","760445337951","one-class-card-l-credits-347","","","Credits","","","Completed","7/17/2026","CAD","1","25.00","25.00","3.25","28.25","Visa","E-Commerce","London","Ontario"
"CTCW-ABSB-5L65","Completed","7/17/2026","11:14 AM","America/Toronto","","false","401664","gabymcnaughton@outlook.com","Gaby McNaughton","","401664","gabymcnaughton@outlook.com","Gaby McNaughton","Summer Days Drop-In // London","26178","26179","455715388823","summer-days-drop-credits-083","","","Credits","","","Completed","7/17/2026","CAD","1","15.00","15.00","1.95","16.95","Visa","E-Commerce","London","Ontario"
"5Q95-G7AG-5L65","Completed","7/17/2026","11:35 AM","America/Toronto","","false","400216","mugunmarion@gmail.com","Marion Mugun","","400216","mugunmarion@gmail.com","Marion Mugun","Spin-It-Forward // London","20792","20793","964245982422","spin-it-forward--credits-429","","","Credits","","","Completed","7/17/2026","CAD","1","10.00","10.00","1.30","11.30","Visa","E-Commerce","London","Ontario"
"455N-YS23-5L65","Completed","7/17/2026","11:36 AM","America/Toronto","","false","319661","emilyboyko@gmail.com","Emily Boyko","","319661","emilyboyko@gmail.com","Emily Boyko","Spin-It-Forward // London","20792","20793","964245982422","spin-it-forward--credits-429","","","Credits","","","Completed","7/17/2026","CAD","1","10.00","10.00","1.30","11.30","Visa","E-Commerce","London","Ontario"
"TASW-Z63G-5L65","Completed","7/17/2026","12:15 PM","America/Toronto","","false","404789","iza.bella.g04@gmail.com","Izabella Gonzalez","","404789","iza.bella.g04@gmail.com","Izabella Gonzalez","One Class Card // London","20798","20799","760445337951","one-class-card-l-credits-347","","","Credits","","","Completed","7/17/2026","CAD","1","25.00","25.00","3.25","28.25","Visa","E-Commerce","London","Ontario"
"GGNJ-DDA4-5L65","Completed","7/17/2026","12:50 PM","America/Toronto","","false","406933","ashley.micuda@hotmail.com","Ashley Micuda","","406933","ashley.micuda@hotmail.com","Ashley Micuda","Spin-It-Forward // London","20792","20793","964245982422","spin-it-forward--credits-429","","","Credits","","","Completed","7/17/2026","CAD","1","10.00","10.00","1.30","11.30","Visa","E-Commerce","London","Ontario"
"4CU3-JFEC-5L65","Completed","7/17/2026","12:55 PM","America/Toronto","","false","388955","angelinawigginss@gmail.com","Angelina Wiggins","","388955","angelinawigginss@gmail.com","Angelina Wiggins","Spin-It-Forward // London","20792","20793","964245982422","spin-it-forward--credits-429","","","Credits","","","Completed","7/17/2026","CAD","1","10.00","10.00","1.30","11.30","Mastercard","E-Commerce","London","Ontario"
"SCSY-ZE7T-5L65","Completed","7/17/2026","12:56 PM","America/Toronto","","false","403361","nicoleguiho@gmail.com","Nicole Guiho","","403361","nicoleguiho@gmail.com","Nicole Guiho","Spin-It-Forward // London","20792","20793","964245982422","spin-it-forward--credits-429","","","Credits","","","Completed","7/17/2026","CAD","1","10.00","10.00","1.30","11.30","Mastercard","E-Commerce","London","Ontario"
"9PTU-F3WU-5L65","Completed","7/17/2026","2:11 PM","America/Toronto","","false","405991","ahlammohamed04@gmail.com","Ahlam Mohamed","","405991","ahlammohamed04@gmail.com","Ahlam Mohamed","2-Week Unlimited - London","21065","21066","384754283235","2-week-unlimited-memberships-769","","","Memberships","","","Completed","7/17/2026","CAD","1","50.00","50.00","6.50","56.50","American Express","E-Commerce","London","Ontario"
"8YKP-3RRC-5L65","Completed","7/17/2026","2:52 PM","America/Toronto","","false","363411","rchirara@uwo.ca","rachiel chirara","","363411","rchirara@uwo.ca","rachiel chirara","Spin-It-Forward // London","20792","20793","964245982422","spin-it-forward--credits-429","","","Credits","","","Completed","7/17/2026","CAD","1","10.00","10.00","1.30","11.30","Visa","E-Commerce","London","Ontario"
"NJ25-N89G-5L65","Completed","7/17/2026","5:35 PM","America/Toronto","","false","140137","penny.pexman@gmail.com","Penny Pexman","","140137","penny.pexman@gmail.com","Penny Pexman","Ten Class Card // London","20794","20795","456569691604","ten-class-card-l-credits-104","","","Credits","","","Completed","7/17/2026","CAD","1","200.00","200.00","26.00","226.00","Visa","E-Commerce","London","Ontario"
"75GJ-M78R-5L65","Completed","7/17/2026","5:45 PM","America/Toronto","","false","263579","lauraschatz10@gmail.com","Laura Schatz","","263579","lauraschatz10@gmail.com","Laura Schatz","Spin-It-Forward // London","20792","20793","964245982422","spin-it-forward--credits-429","","","Credits","","","Completed","7/17/2026","CAD","1","10.00","10.00","1.30","11.30","Mastercard","E-Commerce","London","Ontario"
"5YPH-9EPB-5L65","Completed","7/17/2026","5:52 PM","America/Toronto","desktop","false","363411","rchirara@uwo.ca","rachiel chirara","","302740","rawat.dhriti@gmail.com","Dhriti Rawat","SPINCO Water","19657","19658","469973764933","spinco-water-water-914","","","Water","Arctic Chiller","","Completed","7/17/2026","CAD","1","2.50","2.50","0.33","2.83","Visa","In-Store","London","Ontario"
"5Z3K-PRED-5L65","Completed","7/17/2026","5:56 PM","America/Toronto","","false","404987","bkbren16@gmail.com","Brendan Keenleyside","","302740","rawat.dhriti@gmail.com","Dhriti Rawat","Metal Vent Tech Short-Sleeve Shirt","20012","20015","936594514846","metal-vent-tech--clothing-926","Graphite Grey/Black","M","Clothing","Lululemon","","Completed","7/17/2026","CAD","1","78.00","78.00","10.14","88.14","Visa","In-Store","London","Ontario"
"5Z3K-PRED-5L65","Completed","7/17/2026","5:56 PM","America/Toronto","","false","404987","bkbren16@gmail.com","Brendan Keenleyside","","302740","rawat.dhriti@gmail.com","Dhriti Rawat","Scuba Oversized Half-Zip Hoodie","19088","19089","877916297715","lululemon-scuba--clothing-093","Heathered Core Ultra Light Grey","XS/S","Clothing","Lululemon","","Completed","7/17/2026","CAD","1","118.00","118.00","15.34","133.34","Visa","In-Store","London","Ontario"
"62P5-WDK6-5L65","Completed","7/17/2026","6:57 PM","America/Toronto","","false","402208","hifabumuyi12@hotmail.com","Haille Ifabumuyi","","402208","hifabumuyi12@hotmail.com","Haille Ifabumuyi","Spin-It-Forward // London","20792","20793","964245982422","spin-it-forward--credits-429","","","Credits","","","Completed","7/17/2026","CAD","1","10.00","10.00","1.30","11.30","Visa","E-Commerce","London","Ontario"
"7JS2-KSPJ-5L66","Completed","7/17/2026","8:04 PM","America/Toronto","","false","355688","ovdiaz@yahoo.com","Vladimir Diaz","","355688","ovdiaz@yahoo.com","Vladimir Diaz","4x Membership // London","21999","22000","216300284773","4x-membership-lo-memberships-280","","","Memberships","","","Completed","7/17/2026","CAD","1","80.00","80.00","10.40","90.40","Mastercard","E-Commerce","London","Ontario"
"6VKA-VYRT-5L66","Completed","7/17/2026","9:12 PM","America/Toronto","","false","407007","a_kopacz_77@hotmail.com","Alex Kopacz","","407007","a_kopacz_77@hotmail.com","Alex Kopacz","New Rider Special // London","21051","21052","288040778473","new-rider-specia-memberships-503","","","Memberships","","","Completed","7/17/2026","CAD","1","50.00","50.00","6.50","56.50","Visa","E-Commerce","London","Ontario"
"5X8E-PUKY-5L66","Refunded","7/17/2026","10:08 PM","America/Toronto","","false","407010","reean_190@hotmail.com","Reann Osman","","407010","reean_190@hotmail.com","Reann Osman","Summer Days Drop-In // London","26178","26179","455715388823","summer-days-drop-credits-083","","","Credits","","","Completed","7/17/2026","CAD","1","15.00","15.00","1.95","16.95","Visa","E-Commerce","London","Ontario"
"ABF4-YPQB-5L66","Completed","7/17/2026","10:49 PM","America/Toronto","","false","404549","gracenouwens@yahoo.com","Grace Nouwens","","404549","gracenouwens@yahoo.com","Grace Nouwens","One Class Card // London","20798","20799","760445337951","one-class-card-l-credits-347","","","Credits","","","Completed","7/17/2026","CAD","1","25.00","25.00","3.25","28.25","Visa","E-Commerce","London","Ontario"
"YDYR-PAFX-5L66","Completed","7/17/2026","10:52 PM","America/Toronto","","false","405532","talianoon17@hotmail.com","Talia Noon","","405532","talianoon17@hotmail.com","Talia Noon","Summer Days Drop-In // London","26178","26179","455715388823","summer-days-drop-credits-083","","","Credits","","","Completed","7/17/2026","CAD","1","15.00","15.00","1.95","16.95","Visa","E-Commerce","London","Ontario"
"7D3Q-6JRU-5L66","Completed","7/17/2026","10:57 PM","America/Toronto","","false","407010","reean_190@hotmail.com","Reann Osman","","407010","reean_190@hotmail.com","Reann Osman","One Class Card // London","20798","20799","760445337951","one-class-card-l-credits-347","","","Credits","","","Completed","7/17/2026","CAD","1","25.00","25.00","3.25","28.25","Visa","E-Commerce","London","Ontario"
"ZT37-MFY6-5L66","Completed","7/18/2026","12:24 AM","America/Toronto","","true","362377","meme18o@icloud.com","emily ormseth","","362377","meme18o@icloud.com","emily ormseth","Student Monthly Membership // London","21738","21739","582370867097","student-monthly--memberships-495","","","Memberships","","","Completed","7/18/2026","CAD","1","175.00","175.00","22.75","197.75","Visa","E-Commerce","London","Ontario"
"EFNX-V7Z7-5L66","Refunded","7/18/2026","12:24 AM","America/Toronto","","true","370426","hshorting@gmail.com","Haley Shorting","","370426","hshorting@gmail.com","Haley Shorting","4x Membership // London Summer Sale","25653","25654","346308480296","4x-membership-bu-memberships-912","","","Memberships","","","Completed","7/18/2026","CAD","1","69.00","69.00","8.97","77.97","Visa","E-Commerce","London","Ontario"
"TFAD-CSV8-5L66","Completed","7/18/2026","12:24 AM","America/Toronto","","true","336757","caitlin@kassies.ca","Caitlin Kassies","","336757","caitlin@kassies.ca","Caitlin Kassies","4x Monthly Membership // 20% OFF PRE-SALE (London)","20850","20851","523121174072","20-off-presale-4-memberships-998","","","Memberships","","","Completed","7/18/2026","CAD","1","80.00","80.00","10.40","90.40","Mastercard","E-Commerce","London","Ontario"
"CEMC-AVAA-5L66","Completed","7/18/2026","12:24 AM","America/Toronto","","true","348678","hurstmarissa9@gmail.com","Marissa Hurst","","348678","hurstmarissa9@gmail.com","Marissa Hurst","Unlimited Membership // London · BLACK FRIDAY 2025","22630","22631","712442897099","unlimited-member-memberships-584","","","Memberships","","","Completed","7/18/2026","CAD","1","180.00","180.00","23.40","203.40","Visa","E-Commerce","London","Ontario"
"4RB7-9JFR-5L66","Completed","7/18/2026","12:24 AM","America/Toronto","","true","280313","mjcallander@hotmail.com","Michelle Callander","","280313","mjcallander@hotmail.com","Michelle Callander","Staff Membership // London","20830","20831","898235312897","staff-membership-memberships-735","","","Memberships","","","Completed","7/18/2026","CAD","1","0.00","0.00","0.00","0.00","No Charge","E-Commerce","London","Ontario"
"C5UR-QZSA-5L66","Completed","7/18/2026","1:17 AM","America/Toronto","","true","311771","alexrosewatt@outlook.com","Alex Watt","","311771","alexrosewatt@outlook.com","Alex Watt","Late Cancel Charge","14688","14690","036981809486","late-cancel-fee-penalty-fees-771","","","Penalty Fees","","","Completed","7/18/2026","CAD","1","15.00","15.00","1.95","16.95","Visa","E-Commerce","London","Ontario"
"ERJJ-3RQZ-5L66","Completed","7/18/2026","7:17 AM","America/Toronto","","true","351106","stacey.pipicelli@gmail.com","Stacey Pipicelli","","351106","stacey.pipicelli@gmail.com","Stacey Pipicelli","Late Cancel Charge","14688","14690","036981809486","late-cancel-fee-penalty-fees-771","","","Penalty Fees","","","Completed","7/18/2026","CAD","1","15.00","15.00","1.95","16.95","Account balance","E-Commerce","London","Ontario"
"DQFZ-YP78-5L66","Completed","7/18/2026","8:21 AM","America/Toronto","","true","351338","lyndsayfitzgeorge@gmail.com","Lyndsay Fitzgeorge","","351338","lyndsayfitzgeorge@gmail.com","Lyndsay Fitzgeorge","Late Cancel Charge","14688","14690","036981809486","late-cancel-fee-penalty-fees-771","","","Penalty Fees","","","Completed","7/18/2026","CAD","1","15.00","15.00","1.95","16.95","Mastercard","E-Commerce","London","Ontario"
"MB5P-GAQC-5L66","Completed","7/18/2026","8:58 AM","America/Toronto","","false","405638","hedra.samun@yahoo.com","Hedra Samun","","405638","hedra.samun@yahoo.com","Hedra Samun","Summer Days Drop-In // London","26178","26179","455715388823","summer-days-drop-credits-083","","","Credits","","","Completed","7/18/2026","CAD","1","15.00","15.00","1.95","16.95","Visa","E-Commerce","London","Ontario"
"QGX3-VCPH-5L66","Completed","7/18/2026","9:19 AM","America/Toronto","","true","405408","vermavanshaj@icloud.com","Vanshaj Verma","","405408","vermavanshaj@icloud.com","Vanshaj Verma","Late Cancel Charge","14688","14690","036981809486","late-cancel-fee-penalty-fees-771","","","Penalty Fees","","","Completed","7/18/2026","CAD","1","15.00","15.00","1.95","16.95","Visa","E-Commerce","London","Ontario"
"5X8E-PUKY-5L66","Refunded","7/17/2026","10:08 PM","America/Toronto","","false","407010","reean_190@hotmail.com","Reann Osman","","71878","k.rothwell@spinco.ca","Kira Rothwell","Summer Days Drop-In // London","26178","26179","455715388823","summer-days-drop-credits-083","","","Credits","","","Refunded","7/18/2026","CAD","-1","-15.00","-15.00","-1.95","-16.95","Visa","E-Commerce","London","Ontario"
"CFN3-97EA-5L66","Completed","7/18/2026","11:43 AM","America/Toronto","","false","407054","brendanjd01@gmail.com","Brendan Desmarais","","407054","brendanjd01@gmail.com","Brendan Desmarais","Summer Days Drop-In // London","26178","26179","455715388823","summer-days-drop-credits-083","","","Credits","","","Completed","7/18/2026","CAD","1","15.00","15.00","1.95","16.95","Visa","E-Commerce","London","Ontario"
"9EJ7-2JQY-5L66","Completed","7/18/2026","12:50 PM","America/Toronto","","false","407063","gelvina784@gmail.com","Gerald Elvina","","407063","gelvina784@gmail.com","Gerald Elvina","Summer Days Drop-In // London","26178","26179","455715388823","summer-days-drop-credits-083","","","Credits","","","Completed","7/18/2026","CAD","1","15.00","15.00","1.95","16.95","Visa","E-Commerce","London","Ontario"
"VHWT-Y6CB-5L66","Completed","7/18/2026","1:13 PM","America/Toronto","","false","407066","luisaarango21@hotmail.com","Luisa Arango","","407066","luisaarango21@hotmail.com","Luisa Arango","New Rider Special // London","21051","21052","288040778473","new-rider-specia-memberships-503","","","Memberships","","","Completed","7/18/2026","CAD","1","50.00","50.00","6.50","56.50","Visa","E-Commerce","London","Ontario"
"Z22W-8YSG-5L66","Completed","7/18/2026","1:45 PM","America/Toronto","","false","406095","donpyatt@live.ca","Don Pyatt","","406095","donpyatt@live.ca","Don Pyatt","4x Membership // London","21999","22000","216300284773","4x-membership-lo-memberships-280","","","Memberships","","","Completed","7/18/2026","CAD","1","80.00","80.00","10.40","90.40","Visa","E-Commerce","London","Ontario"
"722M-UWVS-5L66","Completed","7/18/2026","2:26 PM","America/Toronto","","false","354213","h_assaf92@hotmail.com","Hannan A","","354213","h_assaf92@hotmail.com","Hannan A","Summer Days Drop-In // London","26178","26179","455715388823","summer-days-drop-credits-083","","","Credits","","","Completed","7/18/2026","CAD","1","15.00","15.00","1.95","16.95","Visa","E-Commerce","London","Ontario"
"UEAC-7T8R-5L66","Completed","7/18/2026","4:35 PM","America/Toronto","desktop","false","405402","j_webb@live.ca","Justin Webb","","71878","k.rothwell@spinco.ca","Kira Rothwell","Unlimited Membership // London","21995","21996","447442561003","unlimited-member-memberships-867","","","Memberships","","","Completed","7/18/2026","CAD","1","160.00","200.00","20.80","180.80","Visa","In-Store","London","Ontario"
"GXX9-ZBP5-5L66","Refunded","7/18/2026","4:37 PM","America/Toronto","","false","405402","j_webb@live.ca","Justin Webb","","405402","j_webb@live.ca","Justin Webb","8x Membership // London","21997","21998","667327189404","8x-membership-lo-memberships-656","","","Memberships","","","Completed","7/18/2026","CAD","1","150.00","150.00","19.50","169.50","Visa","E-Commerce","London","Ontario"
"GXX9-ZBP5-5L66","Refunded","7/18/2026","4:37 PM","America/Toronto","","false","405402","j_webb@live.ca","Justin Webb","","71878","k.rothwell@spinco.ca","Kira Rothwell","8x Membership // London","21997","21998","667327189404","8x-membership-lo-memberships-656","","","Memberships","","","Refunded","7/18/2026","CAD","-1","-150.00","-150.00","-19.50","-169.50","Visa","E-Commerce","London","Ontario"
"9BTF-59WW-5L66","Completed","7/18/2026","5:10 PM","America/Toronto","","false","331537","daniellacasaretto@gmail.com","Daniella Casaretto","","331537","daniellacasaretto@gmail.com","Daniella Casaretto","Summer Days Drop-In // London","26178","26179","455715388823","summer-days-drop-credits-083","","","Credits","","","Completed","7/18/2026","CAD","1","15.00","15.00","1.95","16.95","Mastercard","E-Commerce","London","Ontario"
"BJZD-TUGG-5L66","Completed","7/18/2026","7:23 PM","America/Toronto","","false","407050","rachel.m.brant@hotmail.com","Rachel Brant","","407050","rachel.m.brant@hotmail.com","Rachel Brant","New Rider Special // London","21051","21052","288040778473","new-rider-specia-memberships-503","","","Memberships","","","Completed","7/18/2026","CAD","1","50.00","50.00","6.50","56.50","Visa","E-Commerce","London","Ontario"
"9P9J-G5C3-5L66","Completed","7/18/2026","7:45 PM","America/Toronto","unknown","false","401012","malik_morrison@hotmail.com","Malik Morrison","","401012","malik_morrison@hotmail.com","Malik Morrison","One Class Card // London","20798","20799","760445337951","one-class-card-l-credits-347","","","Credits","","","Completed","7/18/2026","CAD","1","25.00","25.00","3.25","28.25","Visa","E-Commerce","London","Ontario"
"WDZ4-HC2A-5L67","Completed","7/18/2026","9:14 PM","America/Toronto","mobile","false","217121","razavizandbahaar@yahoo.ca","Bahaar Razavizand","","217121","razavizandbahaar@yahoo.ca","Bahaar Razavizand","Five Class Card // London","20802","20803","488719457552","five-class-card--credits-078","","","Credits","","","Completed","7/18/2026","CAD","1","110.00","110.00","14.30","124.30","American Express","E-Commerce","London","Ontario"
"V8N3-CZ3F-5L67","Completed","7/18/2026","9:37 PM","America/Toronto","","false","406983","charleykissau@icloud.com","Charley Kissau","","406983","charleykissau@icloud.com","Charley Kissau","One Class Card // London","20798","20799","760445337951","one-class-card-l-credits-347","","","Credits","","","Completed","7/18/2026","CAD","1","25.00","25.00","3.25","28.25","Visa","E-Commerce","London","Ontario"
"6M7V-8YBH-5L67","Completed","7/18/2026","9:38 PM","America/Toronto","","false","406983","charleykissau@icloud.com","Charley Kissau","","406983","charleykissau@icloud.com","Charley Kissau","One Class Card // London","20798","20799","760445337951","one-class-card-l-credits-347","","","Credits","","","Completed","7/18/2026","CAD","1","25.00","25.00","3.25","28.25","Visa","E-Commerce","London","Ontario"
"BRVT-S6X6-5L67","Completed","7/18/2026","10:46 PM","America/Toronto","","false","407118","ashleyrosepower@gmail.com","Ashley Power","","407118","ashleyrosepower@gmail.com","Ashley Power","New Rider Special // London","21051","21052","288040778473","new-rider-specia-memberships-503","","","Memberships","","","Completed","7/18/2026","CAD","1","50.00","50.00","6.50","56.50","Visa","E-Commerce","London","Ontario"
"EFKG-5XWR-5L67","Completed","7/18/2026","10:46 PM","America/Toronto","","false","407117","emilyannpower@gmail.com","Emily Power","","407117","emilyannpower@gmail.com","Emily Power","New Rider Special // London","21051","21052","288040778473","new-rider-specia-memberships-503","","","Memberships","","","Completed","7/18/2026","CAD","1","50.00","50.00","6.50","56.50","Visa","E-Commerce","London","Ontario"
"6EUF-T78X-5L67","Completed","7/19/2026","12:25 AM","America/Toronto","","true","298876","noel.wright63@gmail.com","Noel Wright","","298876","noel.wright63@gmail.com","Noel Wright","8x Membership // London","21997","21998","667327189404","8x-membership-lo-memberships-656","","","Memberships","","","Completed","7/19/2026","CAD","1","150.00","150.00","19.50","169.50","Visa","E-Commerce","London","Ontario"
"HURR-UFJA-5L67","Completed","7/19/2026","12:25 AM","America/Toronto","","true","372287","cienna.michelle@gmail.com","Cienna Good","","372287","cienna.michelle@gmail.com","Cienna Good","Unlimited Membership // London","21995","21996","447442561003","unlimited-member-memberships-867","","","Memberships","","","Completed","7/19/2026","CAD","1","200.00","200.00","26.00","226.00","Visa","E-Commerce","London","Ontario"
"FQEE-CWF6-5L67","Completed","7/19/2026","12:25 AM","America/Toronto","","true","402328","jimbobmarty@yahoo.ca","Marty Robertson","","402328","jimbobmarty@yahoo.ca","Marty Robertson","Unlimited Membership // London","21995","21996","447442561003","unlimited-member-memberships-867","","","Memberships","","","Completed","7/19/2026","CAD","1","200.00","200.00","26.00","226.00","Visa","E-Commerce","London","Ontario"
"GMFJ-9CVV-5L67","Completed","7/19/2026","12:25 AM","America/Toronto","","true","351856","parkchristine97@gmail.com","Christine Park","","351856","parkchristine97@gmail.com","Christine Park","4x Monthly Membership // London *GRANDFATHERED","20838","20839","545622520223","4-classes-month--memberships-721","","","Memberships","","","Completed","7/19/2026","CAD","1","80.00","80.00","10.40","90.40","Visa","E-Commerce","London","Ontario"
"75VD-7HAY-5L67","Completed","7/19/2026","12:25 AM","America/Toronto","","true","358551","tatiepant@yahoo.ca","Tricia Lennon","","358551","tatiepant@yahoo.ca","Tricia Lennon","4x Monthly Membership // London *GRANDFATHERED","20838","20839","545622520223","4-classes-month--memberships-721","","","Memberships","","","Completed","7/19/2026","CAD","1","80.00","80.00","10.40","90.40","Visa","E-Commerce","London","Ontario"
"XPPA-KYMP-5L67","Completed","7/19/2026","12:25 AM","America/Toronto","","true","352243","npitchell@hotmail.com","Natalie Pitchell","","352243","npitchell@hotmail.com","Natalie Pitchell","Unlimited Membership // London · BLACK FRIDAY 2025","22630","22631","712442897099","unlimited-member-memberships-584","","","Memberships","","","Completed","7/19/2026","CAD","1","180.00","180.00","23.40","203.40","Visa","E-Commerce","London","Ontario"
"RNCE-7JTY-5L67","Completed","7/19/2026","12:25 AM","America/Toronto","","true","366627","carissamercedes@hotmail.com","Carissa Crysler","","366627","carissamercedes@hotmail.com","Carissa Crysler","8x Membership // London · BLACK FRIDAY 2025","22632","22633","364334411422","8x-membership-lo-memberships-289","","","Memberships","","","Completed","7/19/2026","CAD","1","140.00","140.00","18.20","158.20","Visa","E-Commerce","London","Ontario"
"7RG7-EV5V-5L67","Completed","7/19/2026","12:25 AM","America/Toronto","","true","347430","justine.dequartel@outlook.com","Justine DeQuartel","","347430","justine.dequartel@outlook.com","Justine DeQuartel","4x Membership // London","21999","22000","216300284773","4x-membership-lo-memberships-280","","","Memberships","","","Completed","7/19/2026","CAD","1","80.00","80.00","10.40","90.40","Visa","E-Commerce","London","Ontario"
"N24P-DU2G-5L67","Completed","7/19/2026","8:18 AM","America/Toronto","","true","406222","lindsay_harkins@hotmail.com","Lindsay Davis","","406222","lindsay_harkins@hotmail.com","Lindsay Davis","Late Cancel Charge","14688","14690","036981809486","late-cancel-fee-penalty-fees-771","","","Penalty Fees","","","Completed","7/19/2026","CAD","1","15.00","15.00","1.95","16.95","Visa","E-Commerce","London","Ontario"
"5A6J-RYTB-5L67","Completed","7/19/2026","8:51 AM","America/Toronto","desktop","false","298876","noel.wright63@gmail.com","Noel Wright","","346927","narellehesler@gmail.com","Narelle Hesler","SPINCO London Crewneck","24949","24950","966088003820","spinco-london-cr-clothing-144","Blue","","Clothing","","","Completed","7/19/2026","CAD","1","49.99","49.99","6.50","56.49","Visa","In-Store","London","Ontario"
"FU5K-NMTB-5L67","Completed","7/19/2026","9:19 AM","America/Toronto","","true","406095","donpyatt@live.ca","Don Pyatt","","406095","donpyatt@live.ca","Don Pyatt","Late Cancel Charge","14688","14690","036981809486","late-cancel-fee-penalty-fees-771","","","Penalty Fees","","","Completed","7/19/2026","CAD","1","15.00","15.00","1.95","16.95","Visa","E-Commerce","London","Ontario"
"6R37-5WT4-5L67","Completed","7/19/2026","9:23 AM","America/Toronto","","false","336213","tmorell16@me.com","Taylor Morell","","336213","tmorell16@me.com","Taylor Morell","Summer Days Drop-In // London","26178","26179","455715388823","summer-days-drop-credits-083","","","Credits","","","Completed","7/19/2026","CAD","1","15.00","15.00","1.95","16.95","Visa","E-Commerce","London","Ontario"
"3PMV-VRC6-5L67","Completed","7/19/2026","9:47 AM","America/Toronto","","false","407147","emilymelgie@gmail.com","Emily Elgie","","407147","emilymelgie@gmail.com","Emily Elgie","Ten Class Card // London","20794","20795","456569691604","ten-class-card-l-credits-104","","","Credits","","","Completed","7/19/2026","CAD","1","200.00","200.00","26.00","226.00","Visa","E-Commerce","London","Ontario"
"8S88-7N4E-5L67","Completed","7/19/2026","10:43 AM","America/Toronto","","false","407154","emma.dobinson888@yahoo.ca","Emma Dobinson","","407154","emma.dobinson888@yahoo.ca","Emma Dobinson","New Rider Special // London","21051","21052","288040778473","new-rider-specia-memberships-503","","","Memberships","","","Completed","7/19/2026","CAD","1","50.00","50.00","6.50","56.50","Mastercard","E-Commerce","London","Ontario"
"MZ5Z-FHRU-5L67","Completed","7/19/2026","11:19 AM","America/Toronto","","false","372834","nicolekeeriszanto@gmail.com","Nicole Keeri-Szanto","","372834","nicolekeeriszanto@gmail.com","Nicole Keeri-Szanto","One Class Card // London","20798","20799","760445337951","one-class-card-l-credits-347","","","Credits","","","Completed","7/19/2026","CAD","2","50.00","50.00","6.50","56.50","Visa","E-Commerce","London","Ontario"
"HJH7-CKWB-5L67","Completed","7/19/2026","12:00 PM","America/Toronto","","false","407168","em.hall@hotmail.com","Emily Hall","","407168","em.hall@hotmail.com","Emily Hall","New Rider Special // London","21051","21052","288040778473","new-rider-specia-memberships-503","","","Memberships","","","Completed","7/19/2026","CAD","1","50.00","50.00","6.50","56.50","Visa","E-Commerce","London","Ontario"
"KVKG-XCKK-5L67","Completed","7/19/2026","12:07 PM","America/Toronto","","false","407168","em.hall@hotmail.com","Emily Hall","","407168","em.hall@hotmail.com","Emily Hall","Summer Days Drop-In // London","26178","26179","455715388823","summer-days-drop-credits-083","","","Credits","","","Completed","7/19/2026","CAD","1","15.00","15.00","1.95","16.95","Visa","E-Commerce","London","Ontario"
"QM3T-63WY-5L67","Completed","7/19/2026","12:11 PM","America/Toronto","","false","407170","alyssa.2002ivany@gmail.com","Alyssa Ivany","","407170","alyssa.2002ivany@gmail.com","Alyssa Ivany","Summer Days Drop-In // London","26178","26179","455715388823","summer-days-drop-credits-083","","","Credits","","","Completed","7/19/2026","CAD","1","15.00","15.00","1.95","16.95","Visa","E-Commerce","London","Ontario"
"BATB-Y9CZ-5L67","Completed","7/19/2026","12:34 PM","America/Toronto","","false","405326","hanna_shel@icloud.com","Hanna Sheshelidze","","405326","hanna_shel@icloud.com","Hanna Sheshelidze","Summer Days Drop-In // London","26178","26179","455715388823","summer-days-drop-credits-083","","","Credits","","","Completed","7/19/2026","CAD","1","15.00","15.00","1.95","16.95","Visa","E-Commerce","London","Ontario"
"XEWS-QA99-5L67","Completed","7/19/2026","12:37 PM","America/Toronto","","false","405326","hanna_shel@icloud.com","Hanna Sheshelidze","","405326","hanna_shel@icloud.com","Hanna Sheshelidze","One Class Card // London","20798","20799","760445337951","one-class-card-l-credits-347","","","Credits","","","Completed","7/19/2026","CAD","1","25.00","25.00","3.25","28.25","Visa","E-Commerce","London","Ontario"
"G2UE-MPFN-5L67","Completed","7/19/2026","2:21 PM","America/Toronto","","false","364131","vu.huyent@gmail.com","Huyen Vu","","364131","vu.huyent@gmail.com","Huyen Vu","Spin-It-Forward // London","20792","20793","964245982422","spin-it-forward--credits-429","","","Credits","","","Completed","7/19/2026","CAD","1","10.00","10.00","1.30","11.30","Visa","E-Commerce","London","Ontario"
"ZJAC-GBPU-5L67","Completed","7/19/2026","3:18 PM","America/Toronto","","true","405674","maryamsigary0@gmail.com","Maryam Sigary","","405674","maryamsigary0@gmail.com","Maryam Sigary","Late Cancel Charge","14688","14690","036981809486","late-cancel-fee-penalty-fees-771","","","Penalty Fees","","","Completed","7/19/2026","CAD","1","15.00","15.00","1.95","16.95","Visa","E-Commerce","London","Ontario"
"646K-NEUS-5L67","Completed","7/19/2026","5:06 PM","America/Toronto","","false","402361","ashleykgallien@gmail.com","Ashley Gallien","","402361","ashleykgallien@gmail.com","Ashley Gallien","Summer Days Drop-In // London","26178","26179","455715388823","summer-days-drop-credits-083","","","Credits","","","Completed","7/19/2026","CAD","1","15.00","15.00","1.95","16.95","Mastercard","E-Commerce","London","Ontario"
"CS8S-VRU5-5L67","Completed","7/19/2026","5:19 PM","America/Toronto","","true","405187","vivahewitt@gmail.com","Vivienne Hewitt","","405187","vivahewitt@gmail.com","Vivienne Hewitt","No Show Charge","14687","14689","489143084327","no-show-fee-penalty-fees-498","","","Penalty Fees","","","Completed","7/19/2026","CAD","1","20.00","20.00","2.60","22.60","Visa","E-Commerce","London","Ontario"
"7XTA-AXBP-5L68","Completed","7/19/2026","10:23 PM","America/Toronto","","false","407230","daniveneruzzo@hotmail.com","Danielle Veneruzzo","","407230","daniveneruzzo@hotmail.com","Danielle Veneruzzo","One Class Card // London","20798","20799","760445337951","one-class-card-l-credits-347","","","Credits","","","Completed","7/19/2026","CAD","1","25.00","25.00","3.25","28.25","Visa","E-Commerce","London","Ontario"
"SUF4-JE3S-5L68","Completed","7/19/2026","10:23 PM","America/Toronto","","false","396488","margotherbert1@gmail.com","Margot Herbert","","396488","margotherbert1@gmail.com","Margot Herbert","One Class Card // London","20798","20799","760445337951","one-class-card-l-credits-347","","","Credits","","","Completed","7/19/2026","CAD","1","25.00","25.00","3.25","28.25","Visa","E-Commerce","London","Ontario"
"9SEF-E4TY-5L68","Completed","7/19/2026","10:36 PM","America/Toronto","","false","404938","youngshadae91@gmail.com","Loteafah Young","","404938","youngshadae91@gmail.com","Loteafah Young","One Class Card // London","20798","20799","760445337951","one-class-card-l-credits-347","","","Credits","","","Completed","7/19/2026","CAD","1","25.00","25.00","3.25","28.25","Mastercard","E-Commerce","London","Ontario"
"AE34-ANXA-5L68","Completed","7/20/2026","12:25 AM","America/Toronto","","true","379914","camilajc08@gmail.com","Cami Jerez","","379914","camilajc08@gmail.com","Cami Jerez","4x Membership // London Summer Sale","25653","25654","346308480296","4x-membership-bu-memberships-912","","","Memberships","","","Completed","7/20/2026","CAD","1","69.00","69.00","8.97","77.97","Mastercard","E-Commerce","London","Ontario"
"HDR7-UXGE-5L68","Completed","7/20/2026","12:26 AM","America/Toronto","","true","346927","narellehesler@gmail.com","Narelle Hesler","","346927","narellehesler@gmail.com","Narelle Hesler","Staff Membership // London","20830","20831","898235312897","staff-membership-memberships-735","","","Memberships","","","Completed","7/20/2026","CAD","1","0.00","0.00","0.00","0.00","No Charge","E-Commerce","London","Ontario"
"P72X-HS5W-5L68","Completed","7/20/2026","12:26 AM","America/Toronto","","true","366452","fjonuz@icloud.com","Fatima Jonuzi","","366452","fjonuz@icloud.com","Fatima Jonuzi","Unlimited Membership // London · BLACK FRIDAY 2025","22630","22631","712442897099","unlimited-member-memberships-584","","","Memberships","","","Completed","7/20/2026","CAD","1","180.00","180.00","23.40","203.40","Visa","E-Commerce","London","Ontario"
"ZQSK-W3CE-5L68","Completed","7/20/2026","12:26 AM","America/Toronto","","true","383058","hhoffman0821@gmail.com","Hayley Hoffman","","383058","hhoffman0821@gmail.com","Hayley Hoffman","4x Membership // London","21999","22000","216300284773","4x-membership-lo-memberships-280","","","Memberships","","","Completed","7/20/2026","CAD","1","80.00","80.00","10.40","90.40","Visa","E-Commerce","London","Ontario"
"DMCZ-NZDK-5L68","Completed","7/20/2026","2:16 AM","America/Toronto","","false","407238","kessiahrobertson@gmail.com","Kessiah Robertson","","407238","kessiahrobertson@gmail.com","Kessiah Robertson","Summer Days Drop-In // London","26178","26179","455715388823","summer-days-drop-credits-083","","","Credits","","","Completed","7/20/2026","CAD","1","15.00","15.00","1.95","16.95","Mastercard","E-Commerce","London","Ontario"
"8EXF-TU5Y-5L68","Completed","7/20/2026","6:19 AM","America/Toronto","","true","378742","itslatashacromwell@gmail.com","Latasha Cromwell","","378742","itslatashacromwell@gmail.com","Latasha Cromwell","Late Cancel Charge","14688","14690","036981809486","late-cancel-fee-penalty-fees-771","","","Penalty Fees","","","Completed","7/20/2026","CAD","1","15.00","15.00","1.95","16.95","Visa","E-Commerce","London","Ontario"
"6VC6-6W57-5L68","Completed","7/20/2026","6:20 AM","America/Toronto","","true","389444","angela-green123@outlook.com","Angela Green","","389444","angela-green123@outlook.com","Angela Green","No Show Charge","14687","14689","489143084327","no-show-fee-penalty-fees-498","","","Penalty Fees","","","Completed","7/20/2026","CAD","1","20.00","20.00","2.60","22.60","American Express","E-Commerce","London","Ontario"
"NKWD-5GRP-5L68","Completed","7/20/2026","6:20 AM","America/Toronto","","true","407007","a_kopacz_77@hotmail.com","Alex Kopacz","","407007","a_kopacz_77@hotmail.com","Alex Kopacz","No Show Charge","14687","14689","489143084327","no-show-fee-penalty-fees-498","","","Penalty Fees","","","Completed","7/20/2026","CAD","1","20.00","20.00","2.60","22.60","Visa","E-Commerce","London","Ontario"
"BQFF-EM65-5L68","Completed","7/20/2026","6:20 AM","America/Toronto","","true","363395","derek@cardy.ca","Derek Cardy","","363395","derek@cardy.ca","Derek Cardy","No Show Charge","14687","14689","489143084327","no-show-fee-penalty-fees-498","","","Penalty Fees","","","Completed","7/20/2026","CAD","1","20.00","20.00","2.60","22.60","Visa","E-Commerce","London","Ontario"
"9JD5-7QG6-5L68","Completed","7/20/2026","7:34 AM","America/Toronto","","false","382344","sophiaking87@gmail.com","Sophia King","","382344","sophiaking87@gmail.com","Sophia King","Summer Days Drop-In // London","26178","26179","455715388823","summer-days-drop-credits-083","","","Credits","","","Completed","7/20/2026","CAD","1","15.00","15.00","1.95","16.95","Visa","E-Commerce","London","Ontario"
"UUXY-QS5S-5L68","Completed","7/20/2026","7:59 AM","America/Toronto","","false","365121","j.pecanac@hotmail.com","Jelena Pecanac","","365121","j.pecanac@hotmail.com","Jelena Pecanac","Spin-It-Forward // London","20792","20793","964245982422","spin-it-forward--credits-429","","","Credits","","","Completed","7/20/2026","CAD","3","30.00","30.00","3.90","33.90","Mastercard","E-Commerce","London","Ontario"
"J8AG-G7PB-5L68","Completed","7/20/2026","8:59 AM","America/Toronto","","false","397356","katherineklaragrace@gmail.com","Klara Grace","","397356","katherineklaragrace@gmail.com","Klara Grace","Summer Days Drop-In // London","26178","26179","455715388823","summer-days-drop-credits-083","","","Credits","","","Completed","7/20/2026","CAD","1","15.00","15.00","1.95","16.95","Visa","E-Commerce","London","Ontario"
"87B3-MNP5-5L68","Completed","7/20/2026","9:18 AM","America/Toronto","","false","407242","peytonsieling@icloud.com","Peyton Sieling","","407242","peytonsieling@icloud.com","Peyton Sieling","One Class Card // London","20798","20799","760445337951","one-class-card-l-credits-347","","","Credits","","","Completed","7/20/2026","CAD","1","25.00","25.00","3.25","28.25","Mastercard","E-Commerce","London","Ontario"
"WUBM-E8U6-5L68","Completed","7/20/2026","12:09 PM","America/Toronto","","false","404976","gaymariebriones0311@gmail.com","Gay Marie Briones","","404976","gaymariebriones0311@gmail.com","Gay Marie Briones","Spin-It-Forward // London","20792","20793","964245982422","spin-it-forward--credits-429","","","Credits","","","Completed","7/20/2026","CAD","1","10.00","10.00","1.30","11.30","Visa","E-Commerce","London","Ontario"
"3P5C-NX74-5L68","Completed","7/20/2026","12:55 PM","America/Toronto","","false","404975","broselloza@gmail.com","Brienna Roselloza","","404975","broselloza@gmail.com","Brienna Roselloza","Spin-It-Forward // London","20792","20793","964245982422","spin-it-forward--credits-429","","","Credits","","","Completed","7/20/2026","CAD","1","10.00","10.00","1.30","11.30","Visa","E-Commerce","London","Ontario"
"77UF-X2PP-5L68","Completed","7/20/2026","12:57 PM","America/Toronto","","false","299099","karin.kerfoot@gmail.com","Karin Kerfoot","","299099","karin.kerfoot@gmail.com","Karin Kerfoot","Summer Days Drop-In // London","26178","26179","455715388823","summer-days-drop-credits-083","","","Credits","","","Completed","7/20/2026","CAD","1","15.00","15.00","1.95","16.95","Visa","E-Commerce","London","Ontario"
"VX3H-DCBZ-5L68","Completed","7/20/2026","1:02 PM","America/Toronto","","false","370091","orianaculig@gmail.com","Oriana Culig","","370091","orianaculig@gmail.com","Oriana Culig","Summer Days Drop-In // London","26178","26179","455715388823","summer-days-drop-credits-083","","","Credits","","","Completed","7/20/2026","CAD","1","15.00","15.00","1.95","16.95","Visa","E-Commerce","London","Ontario"
"E5E8-6GFZ-5L68","Completed","7/20/2026","1:31 PM","America/Toronto","","false","402750","bfiegehen06@gmail.com","Bronwyn Fiegehen","","402750","bfiegehen06@gmail.com","Bronwyn Fiegehen","One Class Card // London","20798","20799","760445337951","one-class-card-l-credits-347","","","Credits","","","Completed","7/20/2026","CAD","1","25.00","25.00","3.25","28.25","Mastercard","E-Commerce","London","Ontario"
"5Z4Y-F7TJ-5L68","Completed","7/20/2026","1:42 PM","America/Toronto","","false","401348","brookekobe10@gmail.com","Brooke Kobe","","401348","brookekobe10@gmail.com","Brooke Kobe","Summer Days Drop-In // London","26178","26179","455715388823","summer-days-drop-credits-083","","","Credits","","","Completed","7/20/2026","CAD","2","30.00","30.00","3.90","33.90","Visa","E-Commerce","London","Ontario"
"8PXT-KHKS-5L68","Completed","7/20/2026","2:16 PM","America/Toronto","","false","393077","mariannabkzz@gmail.com","Marianna Barakziye","","393077","mariannabkzz@gmail.com","Marianna Barakziye","Spin-It-Forward // London","20792","20793","964245982422","spin-it-forward--credits-429","","","Credits","","","Completed","7/20/2026","CAD","1","10.00","10.00","1.30","11.30","American Express","E-Commerce","London","Ontario"
"XB4Z-DAYQ-5L68","Completed","7/20/2026","5:19 PM","America/Toronto","","true","397643","carlygrisley@outlook.com","Carly Grisley","","397643","carlygrisley@outlook.com","Carly Grisley","Late Cancel Charge","14688","14690","036981809486","late-cancel-fee-penalty-fees-771","","","Penalty Fees","","","Completed","7/20/2026","CAD","1","15.00","15.00","1.95","16.95","Visa","E-Commerce","London","Ontario"
"HRTK-E3XK-5L68","Completed","7/20/2026","5:19 PM","America/Toronto","","true","406019","emily.he8@icloud.com","Emma Eves","","406019","emily.he8@icloud.com","Emma Eves","Late Cancel Charge","14688","14690","036981809486","late-cancel-fee-penalty-fees-771","","","Penalty Fees","","","Completed","7/20/2026","CAD","1","15.00","15.00","1.95","16.95","Visa","E-Commerce","London","Ontario"
"YWUT-YUDD-5L68","Completed","7/20/2026","7:24 PM","America/Toronto","","false","406983","charleykissau@icloud.com","Charley Kissau","","406983","charleykissau@icloud.com","Charley Kissau","Summer Days Drop-In // London","26178","26179","455715388823","summer-days-drop-credits-083","","","Credits","","","Completed","7/20/2026","CAD","4","60.00","60.00","7.80","67.80","Visa","E-Commerce","London","Ontario"
"7S93-QBNG-5L69","Completed","7/20/2026","8:13 PM","America/Toronto","","false","397356","katherineklaragrace@gmail.com","Klara Grace","","397356","katherineklaragrace@gmail.com","Klara Grace","One Class Card // London","20798","20799","760445337951","one-class-card-l-credits-347","","","Credits","","","Completed","7/20/2026","CAD","1","25.00","25.00","3.25","28.25","Visa","E-Commerce","London","Ontario"
"EFNX-V7Z7-5L66","Refunded","7/18/2026","12:24 AM","America/Toronto","","true","370426","hshorting@gmail.com","Haley Shorting","","336948","rbissett0303@gmail.com","Rachel Bissett","4x Membership // London Summer Sale","25653","25654","346308480296","4x-membership-bu-memberships-912","","","Memberships","","","Refunded","7/20/2026","CAD","-1","-69.00","-69.00","-8.97","-77.97","Visa","E-Commerce","London","Ontario"
"B26A-DDE5-5L69","Completed","7/20/2026","9:35 PM","America/Toronto","","false","377106","gaya3mallya@gmail.com","Gaya Mallya","","377106","gaya3mallya@gmail.com","Gaya Mallya","Summer Days Drop-In // London","26178","26179","455715388823","summer-days-drop-credits-083","","","Credits","","","Completed","7/20/2026","CAD","2","30.00","30.00","3.90","33.90","Mastercard","E-Commerce","London","Ontario"
"DK2E-AN9B-5L69","Completed","7/20/2026","10:59 PM","America/Toronto","","false","407400","carla.s.aziz@gmail.com","Carla Aziz","","407400","carla.s.aziz@gmail.com","Carla Aziz","2-Week Unlimited - London","21065","21066","384754283235","2-week-unlimited-memberships-769","","","Memberships","","","Completed","7/20/2026","CAD","1","50.00","50.00","6.50","56.50","American Express","E-Commerce","London","Ontario"
"GUKG-QZ9U-5L69","Completed","7/20/2026","11:18 PM","America/Toronto","","false","407402","oliviabattram@icloud.com","Olivia Battram","","407402","oliviabattram@icloud.com","Olivia Battram","New Rider Special // London","21051","21052","288040778473","new-rider-specia-memberships-503","","","Memberships","","","Completed","7/20/2026","CAD","1","50.00","50.00","6.50","56.50","Visa","E-Commerce","London","Ontario"
"P7AR-UUMA-5L69","Completed","7/20/2026","11:21 PM","America/Toronto","","false","407403","melindabattram@gmail.com","Molly Battram","","407403","melindabattram@gmail.com","Molly Battram","New Rider Special // London","21051","21052","288040778473","new-rider-specia-memberships-503","","","Memberships","","","Completed","7/20/2026","CAD","1","50.00","50.00","6.50","56.50","Visa","E-Commerce","London","Ontario"
"KPQ2-JGMP-5L69","Completed","7/21/2026","12:18 AM","America/Toronto","","true","404263","claireboivin2006@gmail.com","claire boivin","","404263","claireboivin2006@gmail.com","claire boivin","Late Cancel Charge","14688","14690","036981809486","late-cancel-fee-penalty-fees-771","","","Penalty Fees","","","Completed","7/21/2026","CAD","1","15.00","15.00","1.95","16.95","Visa","E-Commerce","London","Ontario"
"DGAX-T937-5L69","Completed","7/21/2026","12:23 AM","America/Toronto","","true","349672","aafletcha@outlook.com","Amanda Fletcher","","349672","aafletcha@outlook.com","Amanda Fletcher","4x Monthly Membership // London *GRANDFATHERED","20838","20839","545622520223","4-classes-month--memberships-721","","","Memberships","","","Completed","7/21/2026","CAD","1","80.00","80.00","10.40","90.40","Visa","E-Commerce","London","Ontario"
"CSYE-W3M4-5L69","Completed","7/21/2026","5:17 AM","America/Toronto","","true","311851","jtoonen19@gmail.com","Jordyn Toonen","","311851","jtoonen19@gmail.com","Jordyn Toonen","Late Cancel Charge","14688","14690","036981809486","late-cancel-fee-penalty-fees-771","","","Penalty Fees","","","Completed","7/21/2026","CAD","1","15.00","15.00","1.95","16.95","Visa","E-Commerce","London","Ontario"
"DMQU-J3Z5-5L69","Completed","7/21/2026","5:57 AM","America/Toronto","desktop","false","349222","julianoel143@gmail.com","Julia Noël","","343368","kelseyvandewetering@gmail.com","Kelsey Vandewetering","Summer Days Drop-In // London","26178","26179","455715388823","summer-days-drop-credits-083","","","Credits","","","Completed","7/21/2026","CAD","1","15.00","15.00","1.95","16.95","Visa","In-Store","London","Ontario"
"KU24-2BJ9-5L69","Completed","7/21/2026","6:12 AM","America/Toronto","","false","178569","makrevskimegan@gmail.com","Megan Makrevski","","178569","makrevskimegan@gmail.com","Megan Makrevski","Summer Days Drop-In // London","26178","26179","455715388823","summer-days-drop-credits-083","","","Credits","","","Completed","7/21/2026","CAD","1","15.00","15.00","1.95","16.95","American Express","E-Commerce","London","Ontario"
"32W5-J9QG-5L69","Completed","7/21/2026","6:17 AM","America/Toronto","","true","378742","itslatashacromwell@gmail.com","Latasha Cromwell","","378742","itslatashacromwell@gmail.com","Latasha Cromwell","Late Cancel Charge","14688","14690","036981809486","late-cancel-fee-penalty-fees-771","","","Penalty Fees","","","Completed","7/21/2026","CAD","1","15.00","15.00","1.95","16.95","Visa","E-Commerce","London","Ontario"
"MRQP-44P7-5L69","Completed","7/21/2026","6:17 AM","America/Toronto","","true","406019","emily.he8@icloud.com","Emma Eves","","406019","emily.he8@icloud.com","Emma Eves","Late Cancel Charge","14688","14690","036981809486","late-cancel-fee-penalty-fees-771","","","Penalty Fees","","","Completed","7/21/2026","CAD","1","15.00","15.00","1.95","16.95","Visa","E-Commerce","London","Ontario"
"QSYP-DH8Z-5L69","Completed","7/21/2026","7:16 AM","America/Toronto","","false","404716","elisacyoo@gmail.com","Elisa Yoo","","404716","elisacyoo@gmail.com","Elisa Yoo","Ten Class Card // London","20794","20795","456569691604","ten-class-card-l-credits-104","","","Credits","","","Completed","7/21/2026","CAD","1","200.00","200.00","26.00","226.00","Visa","E-Commerce","London","Ontario"
"V7HR-U25P-5L69","Completed","7/21/2026","7:17 AM","America/Toronto","","true","363395","derek@cardy.ca","Derek Cardy","","363395","derek@cardy.ca","Derek Cardy","No Show Charge","14687","14689","489143084327","no-show-fee-penalty-fees-498","","","Penalty Fees","","","Completed","7/21/2026","CAD","1","20.00","20.00","2.60","22.60","Visa","E-Commerce","London","Ontario"
"RPJ9-5QDE-5L69","Completed","7/21/2026","9:30 AM","America/Toronto","","false","405638","hedra.samun@yahoo.com","Hedra Samun","","405638","hedra.samun@yahoo.com","Hedra Samun","Summer Days Drop-In // London","26178","26179","455715388823","summer-days-drop-credits-083","","","Credits","","","Completed","7/21/2026","CAD","1","15.00","15.00","1.95","16.95","Visa","E-Commerce","London","Ontario"
"6YGP-89T5-5L69","Completed","7/21/2026","9:37 AM","America/Toronto","","false","407063","gelvina784@gmail.com","Gerald Elvina","","407063","gelvina784@gmail.com","Gerald Elvina","Summer Days Drop-In // London","26178","26179","455715388823","summer-days-drop-credits-083","","","Credits","","","Completed","7/21/2026","CAD","1","15.00","15.00","1.95","16.95","Visa","E-Commerce","London","Ontario"
"EVM2-X6E7-5L69","Completed","7/21/2026","10:18 AM","America/Toronto","","false","387951","tayfilion@outlook.com","Tea Kett","","387951","tayfilion@outlook.com","Tea Kett","One Class Card // London","20798","20799","760445337951","one-class-card-l-credits-347","","","Credits","","","Completed","7/21/2026","CAD","2","50.00","50.00","6.50","56.50","Mastercard","E-Commerce","London","Ontario"
"XF8A-U9WA-5L69","Completed","7/21/2026","10:48 AM","America/Toronto","","false","407435","jaylynnsheeller@hotmail.com","Jaylynn Sheeller","","407435","jaylynnsheeller@hotmail.com","Jaylynn Sheeller","Summer Days Drop-In // London","26178","26179","455715388823","summer-days-drop-credits-083","","","Credits","","","Completed","7/21/2026","CAD","1","15.00","15.00","1.95","16.95","Mastercard","E-Commerce","London","Ontario"
"SXA6-FSK4-5L69","Completed","7/21/2026","11:31 AM","America/Toronto","","false","407443","prmidxo@gmail.com","Parmida M","","407443","prmidxo@gmail.com","Parmida M","2-Week Unlimited - London","21065","21066","384754283235","2-week-unlimited-memberships-769","","","Memberships","","","Completed","7/21/2026","CAD","1","50.00","50.00","6.50","56.50","Visa","E-Commerce","London","Ontario"
"T824-8TGK-5L69","Completed","7/21/2026","12:03 PM","America/Toronto","","false","337863","swebsterr@icloud.com","Sarah Webster","","337863","swebsterr@icloud.com","Sarah Webster","Five Class Card // London","20802","20803","488719457552","five-class-card--credits-078","","","Credits","","","Completed","7/21/2026","CAD","1","93.50","110.00","12.16","105.66","Visa","E-Commerce","London","Ontario"
"Y4HQ-MFMA-5L69","Completed","7/21/2026","12:21 PM","America/Toronto","","false","400070","nicoleamaral-xx@hotmail.com","Nicole Amaral","","400070","nicoleamaral-xx@hotmail.com","Nicole Amaral","Summer Days Drop-In // London","26178","26179","455715388823","summer-days-drop-credits-083","","","Credits","","","Completed","7/21/2026","CAD","1","15.00","15.00","1.95","16.95","Visa","E-Commerce","London","Ontario"
"WGZ8-7THW-5L69","Completed","7/21/2026","2:01 PM","America/Toronto","","false","389695","claudia.drewitt@icloud.com","Claudia Drewitt","","389695","claudia.drewitt@icloud.com","Claudia Drewitt","Summer Days Drop-In // London","26178","26179","455715388823","summer-days-drop-credits-083","","","Credits","","","Completed","7/21/2026","CAD","1","15.00","15.00","1.95","16.95","Visa","E-Commerce","London","Ontario"
"EPNU-8XU7-5L69","Completed","7/21/2026","2:05 PM","America/Toronto","mobile","false","407472","zainabnqv05@icloud.com","Zainab Naqvi","","407472","zainabnqv05@icloud.com","Zainab Naqvi","One Class Card // London","20798","20799","760445337951","one-class-card-l-credits-347","","","Credits","","","Completed","7/21/2026","CAD","1","0.00","25.00","0.00","0.00","No Charge","E-Commerce","London","Ontario"
"BXP5-UFEP-5L69","Completed","7/21/2026","2:23 PM","America/Toronto","mobile","false","347195","lviner@hotmail.com","Laura Viner","","347195","lviner@hotmail.com","Laura Viner","One Class Card // London","20798","20799","760445337951","one-class-card-l-credits-347","","","Credits","","","Completed","7/21/2026","CAD","1","0.00","25.00","0.00","0.00","No Charge","E-Commerce","London","Ontario"
"5QZ3-CZYP-5L69","Completed","7/21/2026","2:24 PM","America/Toronto","mobile","false","400972","isadillp@hotmail.com","Isadora Passos","","400972","isadillp@hotmail.com","Isadora Passos","One Class Card // London","20798","20799","760445337951","one-class-card-l-credits-347","","","Credits","","","Completed","7/21/2026","CAD","1","0.00","25.00","0.00","0.00","No Charge","E-Commerce","London","Ontario"
"P5W9-57XT-5L69","Completed","7/21/2026","3:30 PM","America/Toronto","","false","370091","orianaculig@gmail.com","Oriana Culig","","370091","orianaculig@gmail.com","Oriana Culig","Summer Days Drop-In // London","26178","26179","455715388823","summer-days-drop-credits-083","","","Credits","","","Completed","7/21/2026","CAD","1","15.00","15.00","1.95","16.95","Visa","E-Commerce","London","Ontario"
"MCD8-Q3ZP-5L69","Completed","7/21/2026","3:31 PM","America/Toronto","","false","388955","angelinawigginss@gmail.com","Angelina Wiggins","","388955","angelinawigginss@gmail.com","Angelina Wiggins","Summer Days Drop-In // London","26178","26179","455715388823","summer-days-drop-credits-083","","","Credits","","","Completed","7/21/2026","CAD","1","15.00","15.00","1.95","16.95","Mastercard","E-Commerce","London","Ontario"
"2BND-62PZ-5L69","Completed","7/21/2026","3:35 PM","America/Toronto","","false","370101","cassidinother@icloud.com","Cass Nother","","370101","cassidinother@icloud.com","Cass Nother","Summer Days Drop-In // London","26178","26179","455715388823","summer-days-drop-credits-083","","","Credits","","","Completed","7/21/2026","CAD","1","15.00","15.00","1.95","16.95","Visa","E-Commerce","London","Ontario"
"7Q4M-C8UJ-5L69","Completed","7/21/2026","6:27 PM","America/Toronto","","false","378014","valeskadegouveia@hotmail.com","Valeska De Gouveia","","378014","valeskadegouveia@hotmail.com","Valeska De Gouveia","Spin-It-Forward // London","20792","20793","964245982422","spin-it-forward--credits-429","","","Credits","","","Completed","7/21/2026","CAD","1","10.00","10.00","1.30","11.30","Mastercard","E-Commerce","London","Ontario"
"RW2J-GAFC-5L69","Completed","7/21/2026","6:27 PM","America/Toronto","","false","402208","hifabumuyi12@hotmail.com","Haille Ifabumuyi","","402208","hifabumuyi12@hotmail.com","Haille Ifabumuyi","Spin-It-Forward // London","20792","20793","964245982422","spin-it-forward--credits-429","","","Credits","","","Completed","7/21/2026","CAD","1","10.00","10.00","1.30","11.30","Visa","E-Commerce","London","Ontario"
"J4CG-DXAR-5L69","Completed","7/21/2026","6:28 PM","America/Toronto","","false","402208","hifabumuyi12@hotmail.com","Haille Ifabumuyi","","402208","hifabumuyi12@hotmail.com","Haille Ifabumuyi","Spin-It-Forward // London","20792","20793","964245982422","spin-it-forward--credits-429","","","Credits","","","Completed","7/21/2026","CAD","1","10.00","10.00","1.30","11.30","Visa","E-Commerce","London","Ontario"
"26H7-2XC7-5L69","Completed","7/21/2026","7:59 PM","America/Toronto","","false","390015","jessica.a.white@icloud.com","Jessica White","","390015","jessica.a.white@icloud.com","Jessica White","Ten Class Card // London","20794","20795","456569691604","ten-class-card-l-credits-104","","","Credits","","","Completed","7/21/2026","CAD","1","200.00","200.00","26.00","226.00","Visa","E-Commerce","London","Ontario"
"TYFA-B2U8-5L6A","Completed","7/21/2026","8:27 PM","America/Toronto","","true","399416","erinmdowning@outlook.com","Erin Downing","","399416","erinmdowning@outlook.com","Erin Downing","Unlimited Membership // London Summer Sale","25655","25656","961992957372","unlimited-member-memberships-020","","","Memberships","","","Completed","7/21/2026","CAD","1","169.00","169.00","21.97","190.97","Mastercard","E-Commerce","London","Ontario"
"GUW8-CPAU-5L6A","Completed","7/21/2026","9:14 PM","America/Toronto","","false","402177","avasa.sarawan@gmail.com","Avasa Sarawan","","402177","avasa.sarawan@gmail.com","Avasa Sarawan","One Class Card // London","20798","20799","760445337951","one-class-card-l-credits-347","","","Credits","","","Completed","7/21/2026","CAD","1","25.00","25.00","3.25","28.25","Visa","E-Commerce","London","Ontario"
"Y56N-5WMV-5L6A","Completed","7/21/2026","9:14 PM","America/Toronto","","false","380484","jordynkuenzig@gmail.com","Jordyn Kuenzig","","380484","jordynkuenzig@gmail.com","Jordyn Kuenzig","One Class Card // London","20798","20799","760445337951","one-class-card-l-credits-347","","","Credits","","","Completed","7/21/2026","CAD","1","25.00","25.00","3.25","28.25","Visa","E-Commerce","London","Ontario"
"K64E-RZRS-5L6A","Completed","7/21/2026","11:18 PM","America/Toronto","","true","402177","avasa.sarawan@gmail.com","Avasa Sarawan","","402177","avasa.sarawan@gmail.com","Avasa Sarawan","Late Cancel Charge","14688","14690","036981809486","late-cancel-fee-penalty-fees-771","","","Penalty Fees","","","Completed","7/21/2026","CAD","1","15.00","15.00","1.95","16.95","Visa","E-Commerce","London","Ontario"
"PWKF-Q25Z-5L6A","Completed","7/22/2026","12:25 AM","America/Toronto","","true","381011","trang.pham@sjhospicelondon.com","Trang Pham","","381011","trang.pham@sjhospicelondon.com","Trang Pham","Unlimited Membership // London","21995","21996","447442561003","unlimited-member-memberships-867","","","Memberships","","","Completed","7/22/2026","CAD","1","200.00","200.00","26.00","226.00","Visa","E-Commerce","London","Ontario"
"YXHN-8WQ3-5L6A","Completed","7/22/2026","12:25 AM","America/Toronto","","true","351404","libertad.melendez1@gmail.com","Libertad Melendez","","351404","libertad.melendez1@gmail.com","Libertad Melendez","Student Monthly Membership // London","21738","21739","582370867097","student-monthly--memberships-495","","","Memberships","","","Completed","7/22/2026","CAD","1","175.00","175.00","22.75","197.75","Visa","E-Commerce","London","Ontario"
"SVSB-3JUY-5L6A","Completed","7/22/2026","12:25 AM","America/Toronto","","true","397237","melaniemoo@rogers.com","Melanie Moore","","397237","melaniemoo@rogers.com","Melanie Moore","Unlimited Membership // London Summer Sale","25655","25656","961992957372","unlimited-member-memberships-020","","","Memberships","","","Completed","7/22/2026","CAD","1","169.00","169.00","21.97","190.97","Visa","E-Commerce","London","Ontario"
"A8H2-4U9D-5L6A","Completed","7/22/2026","12:25 AM","America/Toronto","","true","358618","hooraesteph@gmail.com","Stephanie Rae","","358618","hooraesteph@gmail.com","Stephanie Rae","Unlimited Membership // London","21995","21996","447442561003","unlimited-member-memberships-867","","","Memberships","","","Completed","7/22/2026","CAD","1","200.00","200.00","26.00","226.00","Visa","E-Commerce","London","Ontario"
"VKCX-4WX8-5L6A","Completed","7/22/2026","12:25 AM","America/Toronto","","true","342216","kacie_allana@hotmail.com","Kacie Fraser","","342216","kacie_allana@hotmail.com","Kacie Fraser","4x Membership // Barrie · 10% PRE-SALE","20866","20867","780524050667","4x-monthly-membe-memberships-755","","","Memberships","","","Completed","7/22/2026","CAD","1","0.00","0.00","0.00","0.00","No Charge","E-Commerce","London","Ontario"
"A2CY-U7ZE-5L6A","Completed","7/22/2026","12:25 AM","America/Toronto","","true","354124","mnmeddoui@gmail.com","Mariam Meddoui","","354124","mnmeddoui@gmail.com","Mariam Meddoui","Staff Membership // London","20830","20831","898235312897","staff-membership-memberships-735","","","Memberships","","","Completed","7/22/2026","CAD","1","0.00","0.00","0.00","0.00","No Charge","E-Commerce","London","Ontario"
"AG5B-23WQ-5L6A","Completed","7/22/2026","7:47 AM","America/Toronto","","false","391535","lam.sandy91@gmail.com","Sandy Lam","","391535","lam.sandy91@gmail.com","Sandy Lam","Summer Days Drop-In // London","26178","26179","455715388823","summer-days-drop-credits-083","","","Credits","","","Completed","7/22/2026","CAD","1","15.00","15.00","1.95","16.95","Visa","E-Commerce","London","Ontario"
"Y4U8-XJQJ-5L6A","Completed","7/22/2026","8:04 AM","America/Toronto","","false","346889","cswalker1@gmail.com","Casey Walkee","","346889","cswalker1@gmail.com","Casey Walkee","Summer Days Drop-In // London","26178","26179","455715388823","summer-days-drop-credits-083","","","Credits","","","Completed","7/22/2026","CAD","1","15.00","15.00","1.95","16.95","Visa","E-Commerce","London","Ontario"
"TPAV-N35U-5L6A","Completed","7/22/2026","8:49 AM","America/Toronto","","false","398229","m_santolupo@icloud.com","Mirella Santolupo","","398229","m_santolupo@icloud.com","Mirella Santolupo","Five Class Card // London","20802","20803","488719457552","five-class-card--credits-078","","","Credits","","","Completed","7/22/2026","CAD","1","110.00","110.00","14.30","124.30","Visa","E-Commerce","London","Ontario"
"F4M6-35WW-5L6A","Completed","7/22/2026","10:56 AM","America/Toronto","","false","211121","alexis-snell@hotmail.com","Alexis Snell 🦋","","211121","alexis-snell@hotmail.com","Alexis Snell 🦋","One Class Card // London","20798","20799","760445337951","one-class-card-l-credits-347","","","Credits","","","Completed","7/22/2026","CAD","1","25.00","25.00","3.25","28.25","Visa","E-Commerce","London","Ontario"
"4YRY-GUGV-5L6A","Completed","7/22/2026","11:44 AM","America/Toronto","","false","394079","lauren.j.t10@gmail.com","Lauren Tennant","","394079","lauren.j.t10@gmail.com","Lauren Tennant","One Class Card // London","20798","20799","760445337951","one-class-card-l-credits-347","","","Credits","","","Completed","7/22/2026","CAD","1","25.00","25.00","3.25","28.25","Visa","E-Commerce","London","Ontario"
"9J22-HDMN-5L6A","Completed","7/22/2026","11:59 AM","America/Toronto","","false","291127","mackenziee24@hotmail.com","Mackenzie Sailer","","291127","mackenziee24@hotmail.com","Mackenzie Sailer","One Class Card // London","20798","20799","760445337951","one-class-card-l-credits-347","","","Credits","","","Completed","7/22/2026","CAD","2","50.00","50.00","6.50","56.50","Visa","E-Commerce","London","Ontario"
"GRTP-DTNU-5L6A","Completed","7/22/2026","12:30 PM","America/Toronto","","false","347063","leahdawson@live.com","Leah Dawson","","347063","leahdawson@live.com","Leah Dawson","One Class Card // London","20798","20799","760445337951","one-class-card-l-credits-347","","","Credits","","","Completed","7/22/2026","CAD","1","25.00","25.00","3.25","28.25","Visa","E-Commerce","London","Ontario"
"9QXS-3G2C-5L6A","Completed","7/22/2026","3:14 PM","America/Toronto","","false","407168","em.hall@hotmail.com","Emily Hall","","407168","em.hall@hotmail.com","Emily Hall","One Class Card // London","20798","20799","760445337951","one-class-card-l-credits-347","","","Credits","","","Completed","7/22/2026","CAD","1","25.00","25.00","3.25","28.25","Visa","E-Commerce","London","Ontario"
"99TT-N329-5L6A","Completed","7/22/2026","4:14 PM","America/Toronto","","false","373137","curtifortune@gmail.com","Curtis Fortune","","373137","curtifortune@gmail.com","Curtis Fortune","One Class Card // London","20798","20799","760445337951","one-class-card-l-credits-347","","","Credits","","","Completed","7/22/2026","CAD","1","25.00","25.00","3.25","28.25","Visa","E-Commerce","London","Ontario"
"GJMQ-DGWT-5L6A","Completed","7/22/2026","4:16 PM","America/Toronto","","false","336243","sarah.e.ryckman@gmail.com","Sarah Ryckman","","336243","sarah.e.ryckman@gmail.com","Sarah Ryckman","Summer Days Drop-In // London","26178","26179","455715388823","summer-days-drop-credits-083","","","Credits","","","Completed","7/22/2026","CAD","1","15.00","15.00","1.95","16.95","Visa","E-Commerce","London","Ontario"
"FAB8-JAUV-5L6A","Completed","7/22/2026","6:22 PM","America/Toronto","","false","407611","livschiedel@gmail.com","Olivia Schiedel","","407611","livschiedel@gmail.com","Olivia Schiedel","Summer Days Drop-In // London","26178","26179","455715388823","summer-days-drop-credits-083","","","Credits","","","Completed","7/22/2026","CAD","1","15.00","15.00","1.95","16.95","Visa","E-Commerce","London","Ontario"
"J94S-GMKT-5L6A","Completed","7/22/2026","6:30 PM","America/Toronto","","false","384035","laismeiras@gmail.com","Laís Marques Eiras","","384035","laismeiras@gmail.com","Laís Marques Eiras","Spin-It-Forward // London","20792","20793","964245982422","spin-it-forward--credits-429","","","Credits","","","Completed","7/22/2026","CAD","1","10.00","10.00","1.30","11.30","Visa","E-Commerce","London","Ontario"
"EKJE-ZSSQ-5L6A","Completed","7/22/2026","7:10 PM","America/Toronto","","false","407624","avapompilii@icloud.com","Ava Pompilii","","407624","avapompilii@icloud.com","Ava Pompilii","Summer Days Drop-In // London","26178","26179","455715388823","summer-days-drop-credits-083","","","Credits","","","Completed","7/22/2026","CAD","1","15.00","15.00","1.95","16.95","Visa","E-Commerce","London","Ontario"
"KDKT-QY5Z-5L6A","Completed","7/22/2026","7:17 PM","America/Toronto","","true","407007","a_kopacz_77@hotmail.com","Alex Kopacz","","407007","a_kopacz_77@hotmail.com","Alex Kopacz","No Show Charge","14687","14689","489143084327","no-show-fee-penalty-fees-498","","","Penalty Fees","","","Completed","7/22/2026","CAD","1","20.00","20.00","2.60","22.60","Visa","E-Commerce","London","Ontario"
"49G5-G7GT-5L6B","Completed","7/22/2026","9:01 PM","America/Toronto","","false","353778","jenny.zhang@lhsc.on.ca","Jenny Zhang","","353778","jenny.zhang@lhsc.on.ca","Jenny Zhang","One Class Card // London","20798","20799","760445337951","one-class-card-l-credits-347","","","Credits","","","Completed","7/22/2026","CAD","1","25.00","25.00","3.25","28.25","Visa","E-Commerce","London","Ontario"
"DQYK-JZKX-5L6B","Completed","7/22/2026","9:04 PM","America/Toronto","","false","372834","nicolekeeriszanto@gmail.com","Nicole Keeri-Szanto","","372834","nicolekeeriszanto@gmail.com","Nicole Keeri-Szanto","Five Class Card // London","20802","20803","488719457552","five-class-card--credits-078","","","Credits","","","Completed","7/22/2026","CAD","1","110.00","110.00","14.30","124.30","Visa","E-Commerce","London","Ontario"
"7GYK-JUQU-5L6B","Completed","7/22/2026","9:40 PM","America/Toronto","","false","405756","thahanih19@gmail.com","Thahani Hashim","","405756","thahanih19@gmail.com","Thahani Hashim","4x Membership // London","21999","22000","216300284773","4x-membership-lo-memberships-280","","","Memberships","","","Completed","7/22/2026","CAD","1","80.00","80.00","10.40","90.40","Visa","E-Commerce","London","Ontario"
"VJSA-GU5V-5L6B","Completed","7/22/2026","11:16 PM","America/Toronto","","true","380354","kenndall-ba@hotmail.com","Kenndall Skowronski","","380354","kenndall-ba@hotmail.com","Kenndall Skowronski","Late Cancel Charge","14688","14690","036981809486","late-cancel-fee-penalty-fees-771","","","Penalty Fees","","","Completed","7/22/2026","CAD","1","15.00","15.00","1.95","16.95","Visa","E-Commerce","London","Ontario"
"AMAS-R27U-5L6B","Completed","7/23/2026","12:20 AM","America/Toronto","","false","400614","sarahmarotta@gmail.com","Sarah Marotta","","400614","sarahmarotta@gmail.com","Sarah Marotta","Spin-It-Forward // London","20792","20793","964245982422","spin-it-forward--credits-429","","","Credits","","","Completed","7/23/2026","CAD","1","10.00","10.00","1.30","11.30","Visa","E-Commerce","London","Ontario"
"GGDX-JME9-5L6B","Completed","7/23/2026","12:23 AM","America/Toronto","","true","381345","yektamahdi57@gmail.com","Yekta Mahdi","","381345","yektamahdi57@gmail.com","Yekta Mahdi","8x Membership // London","21997","21998","667327189404","8x-membership-lo-memberships-656","","","Memberships","","","Completed","7/23/2026","CAD","1","127.50","150.00","16.58","144.08","Visa","E-Commerce","London","Ontario"
"6E7C-H9CX-5L6B","Completed","7/23/2026","12:23 AM","America/Toronto","","true","398502","tiarbell05@gmail.com","Tia Bell","","398502","tiarbell05@gmail.com","Tia Bell","4x Membership // London Summer Sale","25653","25654","346308480296","4x-membership-bu-memberships-912","","","Memberships","","","Completed","7/23/2026","CAD","1","69.00","69.00","8.97","77.97","Visa","E-Commerce","London","Ontario"
"FFBU-4HRU-5L6B","Completed","7/23/2026","12:23 AM","America/Toronto","","true","311771","alexrosewatt@outlook.com","Alex Watt","","311771","alexrosewatt@outlook.com","Alex Watt","Unlimited Monthly Membership // London *GRANDFATHERED","20834","20835","254627090190","unlimited-classe-memberships-530","","","Memberships","","","Completed","7/23/2026","CAD","1","200.00","200.00","26.00","226.00","Visa","E-Commerce","London","Ontario"
"3TTW-HJF4-5L6B","Completed","7/23/2026","5:17 AM","America/Toronto","","true","351106","stacey.pipicelli@gmail.com","Stacey Pipicelli","","351106","stacey.pipicelli@gmail.com","Stacey Pipicelli","Late Cancel Charge","14688","14690","036981809486","late-cancel-fee-penalty-fees-771","","","Penalty Fees","","","Completed","7/23/2026","CAD","1","15.00","15.00","1.95","16.95","Account balance, Visa","E-Commerce","London","Ontario"
"RPG7-WA3Q-5L6B","Completed","7/23/2026","6:21 AM","America/Toronto","","true","407117","emilyannpower@gmail.com","Emily Power","","407117","emilyannpower@gmail.com","Emily Power","Late Cancel Charge","14688","14690","036981809486","late-cancel-fee-penalty-fees-771","","","Penalty Fees","","","Completed","7/23/2026","CAD","1","15.00","15.00","1.95","16.95","Visa","E-Commerce","London","Ontario"
"7685-6U5K-5L6B","Completed","7/23/2026","6:21 AM","America/Toronto","","true","407118","ashleyrosepower@gmail.com","Ashley Power","","407118","ashleyrosepower@gmail.com","Ashley Power","Late Cancel Charge","14688","14690","036981809486","late-cancel-fee-penalty-fees-771","","","Penalty Fees","","","Completed","7/23/2026","CAD","1","15.00","15.00","1.95","16.95","Visa","E-Commerce","London","Ontario"
"Q6QM-XR2E-5L6B","Refunded","7/23/2026","7:17 AM","America/Toronto","","true","407443","prmidxo@gmail.com","Parmida M","","407443","prmidxo@gmail.com","Parmida M","No Show Charge","14687","14689","489143084327","no-show-fee-penalty-fees-498","","","Penalty Fees","","","Completed","7/23/2026","CAD","1","20.00","20.00","2.60","22.60","Visa","E-Commerce","London","Ontario"
"6CUT-TCVG-5L6B","Completed","7/23/2026","7:17 AM","America/Toronto","","true","407066","luisaarango21@hotmail.com","Luisa Arango","","407066","luisaarango21@hotmail.com","Luisa Arango","No Show Charge","14687","14689","489143084327","no-show-fee-penalty-fees-498","","","Penalty Fees","","","Completed","7/23/2026","CAD","1","20.00","20.00","2.60","22.60","Visa","E-Commerce","London","Ontario"
"HT6W-7FPN-5L6B","Completed","7/23/2026","8:17 AM","America/Toronto","","true","407066","luisaarango21@hotmail.com","Luisa Arango","","407066","luisaarango21@hotmail.com","Luisa Arango","No Show Charge","14687","14689","489143084327","no-show-fee-penalty-fees-498","","","Penalty Fees","","","Completed","7/23/2026","CAD","1","20.00","20.00","2.60","22.60","Visa","E-Commerce","London","Ontario"
"GRAF-WQ6U-5L6B","Completed","7/23/2026","8:17 AM","America/Toronto","","true","407443","prmidxo@gmail.com","Parmida M","","407443","prmidxo@gmail.com","Parmida M","No Show Charge","14687","14689","489143084327","no-show-fee-penalty-fees-498","","","Penalty Fees","","","Completed","7/23/2026","CAD","1","20.00","20.00","2.60","22.60","Visa","E-Commerce","London","Ontario"
"QWW8-B9NQ-5L6B","Completed","7/23/2026","9:07 AM","America/Toronto","","false","402361","ashleykgallien@gmail.com","Ashley Gallien","","402361","ashleykgallien@gmail.com","Ashley Gallien","Summer Days Drop-In // London","26178","26179","455715388823","summer-days-drop-credits-083","","","Credits","","","Completed","7/23/2026","CAD","1","15.00","15.00","1.95","16.95","Mastercard","E-Commerce","London","Ontario"
"EK8M-GBSA-5L6B","Completed","7/23/2026","9:14 AM","America/Toronto","","false","407689","kallott@uwo.ca","Katrina Allott","","407689","kallott@uwo.ca","Katrina Allott","New Rider Special // London","21051","21052","288040778473","new-rider-specia-memberships-503","","","Memberships","","","Completed","7/23/2026","CAD","1","50.00","50.00","6.50","56.50","Visa","E-Commerce","London","Ontario"
"RAAW-MDTC-5L6B","Completed","7/23/2026","11:03 AM","America/Toronto","","false","363733","m.marchiori@hotmail.ca","Michelle Marchiori","","363733","m.marchiori@hotmail.ca","Michelle Marchiori","Summer Days Drop-In // London","26178","26179","455715388823","summer-days-drop-credits-083","","","Credits","","","Completed","7/23/2026","CAD","1","15.00","15.00","1.95","16.95","Visa","E-Commerce","London","Ontario"
"M7V8-YHR2-5L6B","Completed","7/23/2026","11:18 AM","America/Toronto","","false","364131","vu.huyent@gmail.com","Huyen Vu","","364131","vu.huyent@gmail.com","Huyen Vu","Spin-It-Forward // London","20792","20793","964245982422","spin-it-forward--credits-429","","","Credits","","","Completed","7/23/2026","CAD","1","10.00","10.00","1.30","11.30","Visa","E-Commerce","London","Ontario"
"FDPG-MT8T-5L6B","Completed","7/23/2026","11:39 AM","America/Toronto","","false","384035","laismeiras@gmail.com","Laís Marques Eiras","","384035","laismeiras@gmail.com","Laís Marques Eiras","One Class Card // London","20798","20799","760445337951","one-class-card-l-credits-347","","","Credits","","","Completed","7/23/2026","CAD","1","25.00","25.00","3.25","28.25","Visa","E-Commerce","London","Ontario"
"YBMX-UFZA-5L6B","Completed","7/23/2026","1:50 PM","America/Toronto","","false","407515","biancaberg25@outlook.com","Bianca Berger","","407515","biancaberg25@outlook.com","Bianca Berger","One Class Card // London","20798","20799","760445337951","one-class-card-l-credits-347","","","Credits","","","Completed","7/23/2026","CAD","1","25.00","25.00","3.25","28.25","Visa","E-Commerce","London","Ontario"
"HZAY-HHBF-5L6B","Completed","7/23/2026","2:03 PM","America/Toronto","","false","69072","t.doma@spinco.ca","Tricia Doma","","69072","t.doma@spinco.ca","Tricia Doma","One Class Card // London","20798","20799","760445337951","one-class-card-l-credits-347","","","Credits","","","Completed","7/23/2026","CAD","1","25.00","25.00","3.25","28.25","Visa","In-Store","London","Ontario"
"NVFR-KMRG-5L6B","Completed","7/23/2026","2:33 PM","America/Toronto","","false","406496","riyanambiars33@gmail.com","Riya Nambiar","","406496","riyanambiars33@gmail.com","Riya Nambiar","Summer Days Drop-In // London","26178","26179","455715388823","summer-days-drop-credits-083","","","Credits","","","Completed","7/23/2026","CAD","1","15.00","15.00","1.95","16.95","Visa","E-Commerce","London","Ontario"
"DCJM-V8BS-5L6B","Completed","7/23/2026","4:26 PM","America/Toronto","","false","368626","marianasalazar_973@hotmail.com","Mariana Salazar Vargas","","368626","marianasalazar_973@hotmail.com","Mariana Salazar Vargas","Spin-It-Forward // London","20792","20793","964245982422","spin-it-forward--credits-429","","","Credits","","","Completed","7/23/2026","CAD","1","10.00","10.00","1.30","11.30","Mastercard","E-Commerce","London","Ontario"
"XZTQ-JECK-5L6B","Completed","7/23/2026","6:12 PM","America/Toronto","","false","384613","maddie.kellerrrr@gmail.com","Maddie Keller","","384613","maddie.kellerrrr@gmail.com","Maddie Keller","Spin-It-Forward // London","20792","20793","964245982422","spin-it-forward--credits-429","","","Credits","","","Completed","7/23/2026","CAD","1","10.00","10.00","1.30","11.30","Mastercard","E-Commerce","London","Ontario"
"NE27-67NU-5L6B","Completed","7/23/2026","6:38 PM","America/Toronto","","false","388764","wigginsjuliana@gmail.com","Juliana Wiggins","","388764","wigginsjuliana@gmail.com","Juliana Wiggins","Spin-It-Forward // London","20792","20793","964245982422","spin-it-forward--credits-429","","","Credits","","","Completed","7/23/2026","CAD","1","10.00","10.00","1.30","11.30","Visa","E-Commerce","London","Ontario"
"U5M7-VF79-5L6B","Completed","7/23/2026","6:38 PM","America/Toronto","","false","389089","caterinawiggins@gmail.com","Caterina Wiggins","","389089","caterinawiggins@gmail.com","Caterina Wiggins","Spin-It-Forward // London","20792","20793","964245982422","spin-it-forward--credits-429","","","Credits","","","Completed","7/23/2026","CAD","1","10.00","10.00","1.30","11.30","Visa","E-Commerce","London","Ontario"
"Q6QM-XR2E-5L6B","Refunded","7/23/2026","7:17 AM","America/Toronto","","true","407443","prmidxo@gmail.com","Parmida M","","382306","michellejcallander@gmail.com","Michelle Callandar","No Show Charge","14687","14689","489143084327","no-show-fee-penalty-fees-498","","","Penalty Fees","","","Refunded","7/23/2026","CAD","-1","-20.00","-20.00","-2.60","-22.60","Visa","E-Commerce","London","Ontario"
"A9ST-4GNS-5L6C","Completed","7/23/2026","8:14 PM","America/Toronto","","false","309820","ashleyjillk@gmail.com","Ashley Keller","","309820","ashleyjillk@gmail.com","Ashley Keller","Spin-It-Forward // London","20792","20793","964245982422","spin-it-forward--credits-429","","","Credits","","","Completed","7/23/2026","CAD","1","10.00","10.00","1.30","11.30","Mastercard","E-Commerce","London","Ontario"
"D9F6-CJAU-5L6C","Completed","7/23/2026","8:37 PM","America/Toronto","","false","407777","sarahparay@gmail.com","Sarah Paray","","407777","sarahparay@gmail.com","Sarah Paray","New Rider Special // London","21051","21052","288040778473","new-rider-specia-memberships-503","","","Memberships","","","Completed","7/23/2026","CAD","1","50.00","50.00","6.50","56.50","Visa","E-Commerce","London","Ontario"
"9NSQ-CK59-5L6C","Completed","7/23/2026","11:17 PM","America/Toronto","","true","407402","oliviabattram@icloud.com","Olivia Battram","","407402","oliviabattram@icloud.com","Olivia Battram","Late Cancel Charge","14688","14690","036981809486","late-cancel-fee-penalty-fees-771","","","Penalty Fees","","","Completed","7/23/2026","CAD","1","15.00","15.00","1.95","16.95","Visa","E-Commerce","London","Ontario"
"R3Y8-2CFF-5L6C","Completed","7/23/2026","11:17 PM","America/Toronto","","true","407403","melindabattram@gmail.com","Molly Battram","","407403","melindabattram@gmail.com","Molly Battram","Late Cancel Charge","14688","14690","036981809486","late-cancel-fee-penalty-fees-771","","","Penalty Fees","","","Completed","7/23/2026","CAD","1","15.00","15.00","1.95","16.95","Visa","E-Commerce","London","Ontario"
"DECG-Y6WB-5L6C","Completed","7/23/2026","11:56 PM","America/Toronto","","false","331537","daniellacasaretto@gmail.com","Daniella Casaretto","","331537","daniellacasaretto@gmail.com","Daniella Casaretto","Spin-It-Forward // London","20792","20793","964245982422","spin-it-forward--credits-429","","","Credits","","","Completed","7/23/2026","CAD","1","10.00","10.00","1.30","11.30","Mastercard","E-Commerce","London","Ontario"
"UGE6-234E-5L6C","Completed","7/24/2026","12:24 AM","America/Toronto","","true","363395","derek@cardy.ca","Derek Cardy","","363395","derek@cardy.ca","Derek Cardy","Unlimited Membership // London","21995","21996","447442561003","unlimited-member-memberships-867","","","Memberships","","","Completed","7/24/2026","CAD","1","200.00","200.00","26.00","226.00","Visa","E-Commerce","London","Ontario"
"XFQS-2VMY-5L6C","Completed","7/24/2026","12:24 AM","America/Toronto","","true","397643","carlygrisley@outlook.com","Carly Grisley","","397643","carlygrisley@outlook.com","Carly Grisley","Unlimited Membership // London Summer Sale","25655","25656","961992957372","unlimited-member-memberships-020","","","Memberships","","","Completed","7/24/2026","CAD","1","169.00","169.00","21.97","190.97","Visa","E-Commerce","London","Ontario"
"FQV6-TWX7-5L6C","Completed","7/24/2026","12:24 AM","America/Toronto","","true","214210","aileenzhang1022@gmail.com","Aileen Zhang","","214210","aileenzhang1022@gmail.com","Aileen Zhang","Staff Membership // London","20830","20831","898235312897","staff-membership-memberships-735","","","Memberships","","","Completed","7/24/2026","CAD","1","0.00","0.00","0.00","0.00","No Charge","E-Commerce","London","Ontario"
"34RF-PRWA-5L6C","Completed","7/24/2026","12:25 AM","America/Toronto","","false","406019","emily.he8@icloud.com","Emma Eves","","406019","emily.he8@icloud.com","Emma Eves","Unlimited Membership // London","21995","21996","447442561003","unlimited-member-memberships-867","","","Memberships","","","Completed","7/24/2026","CAD","1","200.00","200.00","26.00","226.00","Visa","E-Commerce","London","Ontario"
"NB9D-XKGV-5L6C","Completed","7/24/2026","6:18 AM","America/Toronto","","true","351338","lyndsayfitzgeorge@gmail.com","Lyndsay Fitzgeorge","","351338","lyndsayfitzgeorge@gmail.com","Lyndsay Fitzgeorge","Late Cancel Charge","14688","14690","036981809486","late-cancel-fee-penalty-fees-771","","","Penalty Fees","","","Completed","7/24/2026","CAD","1","15.00","15.00","1.95","16.95","Mastercard","E-Commerce","London","Ontario"
"S426-G9FS-5L6C","Completed","7/24/2026","6:18 AM","America/Toronto","","true","406222","lindsay_harkins@hotmail.com","Lindsay Davis","","406222","lindsay_harkins@hotmail.com","Lindsay Davis","No Show Charge","14687","14689","489143084327","no-show-fee-penalty-fees-498","","","Penalty Fees","","","Completed","7/24/2026","CAD","1","20.00","20.00","2.60","22.60","Visa","E-Commerce","London","Ontario"
"YG2F-N7BM-5L6C","Completed","7/24/2026","6:18 AM","America/Toronto","","true","407007","a_kopacz_77@hotmail.com","Alex Kopacz","","407007","a_kopacz_77@hotmail.com","Alex Kopacz","No Show Charge","14687","14689","489143084327","no-show-fee-penalty-fees-498","","","Penalty Fees","","","Completed","7/24/2026","CAD","1","20.00","20.00","2.60","22.60","Visa","E-Commerce","London","Ontario"
"5FRG-9TXT-5L6C","Completed","7/24/2026","8:17 AM","America/Toronto","","true","399416","erinmdowning@outlook.com","Erin Downing","","399416","erinmdowning@outlook.com","Erin Downing","No Show Charge","14687","14689","489143084327","no-show-fee-penalty-fees-498","","","Penalty Fees","","","Completed","7/24/2026","CAD","1","20.00","20.00","2.60","22.60","Mastercard","E-Commerce","London","Ontario"
"SRBC-AV7S-5L6C","Completed","7/24/2026","8:31 AM","America/Toronto","","false","307678","nicole_peters@live.ca","Nicole Peters","","307678","nicole_peters@live.ca","Nicole Peters","Spin-It-Forward // London","20792","20793","964245982422","spin-it-forward--credits-429","","","Credits","","","Completed","7/24/2026","CAD","1","10.00","10.00","1.30","11.30","Visa","E-Commerce","London","Ontario"
"XAEC-BYQZ-5L6C","Completed","7/24/2026","11:43 AM","America/Toronto","","false","363411","rchirara@uwo.ca","rachiel chirara","","363411","rchirara@uwo.ca","rachiel chirara","Spin-It-Forward // London","20792","20793","964245982422","spin-it-forward--credits-429","","","Credits","","","Completed","7/24/2026","CAD","1","10.00","10.00","1.30","11.30","Visa","E-Commerce","London","Ontario"
"SRR6-AYX2-5L6C","Completed","7/24/2026","12:40 PM","America/Toronto","","false","407624","avapompilii@icloud.com","Ava Pompilii","","407624","avapompilii@icloud.com","Ava Pompilii","Summer Days Drop-In // London","26178","26179","455715388823","summer-days-drop-credits-083","","","Credits","","","Completed","7/24/2026","CAD","1","15.00","15.00","1.95","16.95","Visa","E-Commerce","London","Ontario"
"VU9Z-8VVU-5L6C","Completed","7/24/2026","12:42 PM","America/Toronto","","false","407435","jaylynnsheeller@hotmail.com","Jaylynn Sheeller","","407435","jaylynnsheeller@hotmail.com","Jaylynn Sheeller","Summer Days Drop-In // London","26178","26179","455715388823","summer-days-drop-credits-083","","","Credits","","","Completed","7/24/2026","CAD","1","15.00","15.00","1.95","16.95","Mastercard","E-Commerce","London","Ontario"
"PV42-UMWV-5L6C","Completed","7/24/2026","12:46 PM","America/Toronto","","false","364264","emersen.timmerman@gmail.com","Emersen Timmerman","","364264","emersen.timmerman@gmail.com","Emersen Timmerman","One Class Card // London","20798","20799","760445337951","one-class-card-l-credits-347","","","Credits","","","Completed","7/24/2026","CAD","1","25.00","25.00","3.25","28.25","Visa","E-Commerce","London","Ontario"
"8RJU-5SCY-5L6C","Completed","7/24/2026","3:02 PM","America/Toronto","","false","405408","vermavanshaj@icloud.com","Vanshaj Verma","","405408","vermavanshaj@icloud.com","Vanshaj Verma","Unlimited Membership // London","21995","21996","447442561003","unlimited-member-memberships-867","","","Memberships","","","Completed","7/24/2026","CAD","1","200.00","200.00","26.00","226.00","Visa","E-Commerce","London","Ontario"
"XBB4-HAGF-5L6C","Completed","7/24/2026","5:02 PM","America/Toronto","","false","403022","anna.taurins@gmail.com","Anna Taurins","","403022","anna.taurins@gmail.com","Anna Taurins","One Class Card // London","20798","20799","760445337951","one-class-card-l-credits-347","","","Credits","","","Completed","7/24/2026","CAD","1","25.00","25.00","3.25","28.25","Mastercard","E-Commerce","London","Ontario"
"P92T-FPZ5-5L6C","Completed","7/24/2026","5:23 PM","America/Toronto","","false","397665","aseelsa005@gmail.com","Aseel Saadaldin","","397665","aseelsa005@gmail.com","Aseel Saadaldin","Spin-It-Forward // London","20792","20793","964245982422","spin-it-forward--credits-429","","","Credits","","","Completed","7/24/2026","CAD","1","10.00","10.00","1.30","11.30","Visa","E-Commerce","London","Ontario"
"C67Q-J2RM-5L6C","Completed","7/24/2026","5:49 PM","America/Toronto","","false","394135","elaf.th15@gmail.com","Elaf H","","394135","elaf.th15@gmail.com","Elaf H","Spin-It-Forward // London","20792","20793","964245982422","spin-it-forward--credits-429","","","Credits","","","Completed","7/24/2026","CAD","1","10.00","10.00","1.30","11.30","Visa","E-Commerce","London","Ontario"
"QGBY-PXSU-5L6C","Completed","7/24/2026","5:57 PM","America/Toronto","desktop","false","369574","msavehilaghi99@gmail.com","Max Savehilaghi","","302740","rawat.dhriti@gmail.com","Dhriti Rawat","Spin-It-Forward // London","20792","20793","964245982422","spin-it-forward--credits-429","","","Credits","","","Completed","7/24/2026","CAD","1","10.00","10.00","1.30","11.30","Visa","In-Store","London","Ontario"
"JKTM-4JX7-5L6C","Completed","7/24/2026","5:59 PM","America/Toronto","","false","407868","tarynbeehler@gmail.com","Taryn Beehler","","407868","tarynbeehler@gmail.com","Taryn Beehler","New Rider Special // London","21051","21052","288040778473","new-rider-specia-memberships-503","","","Memberships","","","Completed","7/24/2026","CAD","1","50.00","50.00","6.50","56.50","Visa","E-Commerce","London","Ontario"
"C5K3-T22R-5L6C","Completed","7/24/2026","6:16 PM","America/Toronto","","true","394135","elaf.th15@gmail.com","Elaf H","","394135","elaf.th15@gmail.com","Elaf H","No Show Charge","14687","14689","489143084327","no-show-fee-penalty-fees-498","","","Penalty Fees","","","Completed","7/24/2026","CAD","1","20.00","20.00","2.60","22.60","Visa","E-Commerce","London","Ontario"
"BY6R-Q92G-5L6C","Completed","7/24/2026","6:30 PM","America/Toronto","","false","407435","jaylynnsheeller@hotmail.com","Jaylynn Sheeller","","407435","jaylynnsheeller@hotmail.com","Jaylynn Sheeller","Summer Days Drop-In // London","26178","26179","455715388823","summer-days-drop-credits-083","","","Credits","","","Completed","7/24/2026","CAD","1","15.00","15.00","1.95","16.95","Mastercard","E-Commerce","London","Ontario"
"QR4H-87AE-5L6C","Completed","7/24/2026","7:16 PM","America/Toronto","","false","320781","kayleighsheeller@live.ca","Kayleigh Sheeller","","320781","kayleighsheeller@live.ca","Kayleigh Sheeller","Summer Days Drop-In // London","26178","26179","455715388823","summer-days-drop-credits-083","","","Credits","","","Completed","7/24/2026","CAD","1","15.00","15.00","1.95","16.95","Mastercard","E-Commerce","London","Ontario"
"2PK8-JJCU-5L6D","Completed","7/25/2026","12:23 AM","America/Toronto","","true","269457","mglmgl2001@hotmail.ca","Mallory Long","","269457","mglmgl2001@hotmail.ca","Mallory Long","Student Monthly Membership // London","21738","21739","582370867097","student-monthly--memberships-495","","","Memberships","","","Completed","7/25/2026","CAD","1","175.00","175.00","22.75","197.75","Mastercard","E-Commerce","London","Ontario"
"NJ89-ARME-5L6D","Completed","7/25/2026","12:24 AM","America/Toronto","","true","346925","brooke.goodchild@hotmail.com","Rachel Goodchild","","346925","brooke.goodchild@hotmail.com","Rachel Goodchild","4x Membership // London Summer Sale","25653","25654","346308480296","4x-membership-bu-memberships-912","","","Memberships","","","Completed","7/25/2026","CAD","1","69.00","69.00","8.97","77.97","Mastercard","E-Commerce","London","Ontario"
"MC8S-MJ5S-5L6D","Completed","7/25/2026","12:24 AM","America/Toronto","","true","400047","bareera.aleem@gmail.com","Barrera Aleem","","400047","bareera.aleem@gmail.com","Barrera Aleem","8x Membership // London Summer Sale","25657","25658","913533113208","8x-membership-bu-memberships-078","","","Memberships","","","Completed","7/25/2026","CAD","1","127.00","127.00","16.51","143.51","American Express","E-Commerce","London","Ontario"
"M75T-7A5W-5L6D","Completed","7/25/2026","12:24 AM","America/Toronto","","true","330183","terralucy04@icloud.com","Terra McCloskey","","330183","terralucy04@icloud.com","Terra McCloskey","Unlimited Membership // London Summer Sale","25655","25656","961992957372","unlimited-member-memberships-020","","","Memberships","","","Completed","7/25/2026","CAD","1","169.00","169.00","21.97","190.97","Visa","E-Commerce","London","Ontario"
"Z7VG-PG57-5L6D","Completed","7/25/2026","12:24 AM","America/Toronto","","true","351338","lyndsayfitzgeorge@gmail.com","Lyndsay Fitzgeorge","","351338","lyndsayfitzgeorge@gmail.com","Lyndsay Fitzgeorge","Unlimited Membership // London · BLACK FRIDAY 2025","22630","22631","712442897099","unlimited-member-memberships-584","","","Memberships","","","Completed","7/25/2026","CAD","1","180.00","180.00","23.40","203.40","Mastercard","E-Commerce","London","Ontario"
"UM8U-DQ7U-5L6D","Completed","7/25/2026","12:24 AM","America/Toronto","","true","229670","elliedeegan@gmail.com","Ellie Deegan","","229670","elliedeegan@gmail.com","Ellie Deegan","4x Membership // London","21999","22000","216300284773","4x-membership-lo-memberships-280","","","Memberships","","","Completed","7/25/2026","CAD","1","80.00","80.00","10.40","90.40","Mastercard","E-Commerce","London","Ontario"
"CD3B-FWW3-5L6D","Completed","7/25/2026","12:57 AM","America/Toronto","","false","403274","lin.john257@gmail.com","Lindsay Johnston","","403274","lin.john257@gmail.com","Lindsay Johnston","Five Class Card // London","20802","20803","488719457552","five-class-card--credits-078","","","Credits","","","Completed","7/25/2026","CAD","1","110.00","110.00","14.30","124.30","Visa","E-Commerce","London","Ontario"
"XZZ3-CDNY-5L6D","Completed","7/25/2026","7:55 AM","America/Toronto","","false","291127","mackenziee24@hotmail.com","Mackenzie Sailer","","347301","london@spinco.ca","SPINCO London","One Class Card // London","20798","20799","760445337951","one-class-card-l-credits-347","","","Credits","","","Completed","7/25/2026","CAD","1","25.00","25.00","3.25","28.25","Visa","In-Store","London","Ontario"
"3UQJ-JTTC-5L6D","Completed","7/25/2026","11:18 AM","America/Toronto","","true","392050","ameenah.khan01@gmail.com","Ameenah Khan","","392050","ameenah.khan01@gmail.com","Ameenah Khan","No Show Charge","14687","14689","489143084327","no-show-fee-penalty-fees-498","","","Penalty Fees","","","Completed","7/25/2026","CAD","1","20.00","20.00","2.60","22.60","Visa","E-Commerce","London","Ontario"
"YQ5G-ZSKA-5L6D","Completed","7/25/2026","11:29 AM","America/Toronto","","false","407915","dianam00246@gmail.com","Diana Mansour","","407915","dianam00246@gmail.com","Diana Mansour","New Rider Special // London","21051","21052","288040778473","new-rider-specia-memberships-503","","","Memberships","","","Completed","7/25/2026","CAD","1","50.00","50.00","6.50","56.50","Mastercard","E-Commerce","London","Ontario"
"YVYC-YFM7-5L6D","Completed","7/25/2026","1:00 PM","America/Toronto","","false","346597","sidneytrinh02@gmail.com","Sidney Trinh","","346597","sidneytrinh02@gmail.com","Sidney Trinh","Five Class Card // London","20802","20803","488719457552","five-class-card--credits-078","","","Credits","","","Completed","7/25/2026","CAD","1","110.00","110.00","14.30","124.30","Mastercard","E-Commerce","London","Ontario"
"86D7-CBJ8-5L6D","Completed","7/25/2026","1:46 PM","America/Toronto","","false","366253","r.countryman@outlook.com","Rachael Countryman","","366253","r.countryman@outlook.com","Rachael Countryman","One Class Card // London","20798","20799","760445337951","one-class-card-l-credits-347","","","Credits","","","Completed","7/25/2026","CAD","1","25.00","25.00","3.25","28.25","Mastercard","E-Commerce","London","Ontario"
"ZQVY-XBCA-5L6D","Completed","7/25/2026","2:30 PM","America/Toronto","","false","365121","j.pecanac@hotmail.com","Jelena Pecanac","","365121","j.pecanac@hotmail.com","Jelena Pecanac","Ten Class Card // London","20794","20795","456569691604","ten-class-card-l-credits-104","","","Credits","","","Completed","7/25/2026","CAD","1","200.00","200.00","26.00","226.00","Mastercard","E-Commerce","London","Ontario"
"AQHS-47K5-5L6D","Completed","7/25/2026","2:35 PM","America/Toronto","","false","397624","lauraloppez@hotmail.ca","Laura Lopez","","397624","lauraloppez@hotmail.ca","Laura Lopez","Summer Days Drop-In // London","26178","26179","455715388823","summer-days-drop-credits-083","","","Credits","","","Completed","7/25/2026","CAD","1","15.00","15.00","1.95","16.95","Visa","E-Commerce","London","Ontario"
"77Q9-87CD-5L6D","Completed","7/25/2026","2:38 PM","America/Toronto","","false","397624","lauraloppez@hotmail.ca","Laura Lopez","","397624","lauraloppez@hotmail.ca","Laura Lopez","One Class Card // London","20798","20799","760445337951","one-class-card-l-credits-347","","","Credits","","","Completed","7/25/2026","CAD","1","25.00","25.00","3.25","28.25","Visa","E-Commerce","London","Ontario"
"QKGW-M6MX-5L6D","Completed","7/25/2026","3:30 PM","America/Toronto","","false","403022","anna.taurins@gmail.com","Anna Taurins","","403022","anna.taurins@gmail.com","Anna Taurins","Spin-It-Forward // London","20792","20793","964245982422","spin-it-forward--credits-429","","","Credits","","","Completed","7/25/2026","CAD","1","10.00","10.00","1.30","11.30","Mastercard","E-Commerce","London","Ontario"
"BN5A-7JFP-5L6D","Completed","7/25/2026","3:40 PM","America/Toronto","","false","401096","jennalynvandenheuvel@gmail.com","Jenna Vandenheuvel","","401096","jennalynvandenheuvel@gmail.com","Jenna Vandenheuvel","Spin-It-Forward // London","20792","20793","964245982422","spin-it-forward--credits-429","","","Credits","","","Completed","7/25/2026","CAD","1","10.00","10.00","1.30","11.30","Mastercard","E-Commerce","London","Ontario"
"56TF-TFB6-5L6D","Completed","7/25/2026","3:59 PM","America/Toronto","","false","405532","talianoon17@hotmail.com","Talia Noon","","405532","talianoon17@hotmail.com","Talia Noon","Spin-It-Forward // London","20792","20793","964245982422","spin-it-forward--credits-429","","","Credits","","","Completed","7/25/2026","CAD","1","10.00","10.00","1.30","11.30","Visa","E-Commerce","London","Ontario"
"CY2T-DYTS-5L6D","Completed","7/25/2026","4:01 PM","America/Toronto","","false","392092","jessgunton11@gmail.com","Jessica Gunton","","392092","jessgunton11@gmail.com","Jessica Gunton","Spin-It-Forward // London","20792","20793","964245982422","spin-it-forward--credits-429","","","Credits","","","Completed","7/25/2026","CAD","1","10.00","10.00","1.30","11.30","Visa","E-Commerce","London","Ontario"
"ND2R-Q9VS-5L6D","Completed","7/25/2026","6:23 PM","America/Toronto","","false","404789","iza.bella.g04@gmail.com","Izabella Gonzalez","","404789","iza.bella.g04@gmail.com","Izabella Gonzalez","One Class Card // London","20798","20799","760445337951","one-class-card-l-credits-347","","","Credits","","","Completed","7/25/2026","CAD","1","25.00","25.00","3.25","28.25","Visa","E-Commerce","London","Ontario"
"QYXP-568U-5L6D","Completed","7/25/2026","7:43 PM","America/Toronto","","false","407118","ashleyrosepower@gmail.com","Ashley Power","","407118","ashleyrosepower@gmail.com","Ashley Power","One Class Card // London","20798","20799","760445337951","one-class-card-l-credits-347","","","Credits","","","Completed","7/25/2026","CAD","1","25.00","25.00","3.25","28.25","Visa","E-Commerce","London","Ontario"
"DRU2-4F47-5L6D","Completed","7/25/2026","7:43 PM","America/Toronto","","false","407117","emilyannpower@gmail.com","Emily Power","","407117","emilyannpower@gmail.com","Emily Power","One Class Card // London","20798","20799","760445337951","one-class-card-l-credits-347","","","Credits","","","Completed","7/25/2026","CAD","1","25.00","25.00","3.25","28.25","Visa","E-Commerce","London","Ontario"
"AH24-6HWT-5L6E","Completed","7/25/2026","9:05 PM","America/Toronto","","false","354156","sm_perez@hotmail.com","Sheila Perez","","354156","sm_perez@hotmail.com","Sheila Perez","Spin-It-Forward // London","20792","20793","964245982422","spin-it-forward--credits-429","","","Credits","","","Completed","7/25/2026","CAD","1","10.00","10.00","1.30","11.30","Visa","E-Commerce","London","Ontario"
"S8YZ-KCMF-5L6E","Completed","7/25/2026","10:48 PM","America/Toronto","","false","390386","kylegroenen@gmail.com","Kyle Groenenberg","","390386","kylegroenen@gmail.com","Kyle Groenenberg","One Class Card // London","20798","20799","760445337951","one-class-card-l-credits-347","","","Credits","","","Completed","7/25/2026","CAD","1","25.00","25.00","3.25","28.25","Visa","E-Commerce","London","Ontario"
"RMAM-4PPZ-5L6E","Completed","7/25/2026","10:50 PM","America/Toronto","","false","390386","kylegroenen@gmail.com","Kyle Groenenberg","","390386","kylegroenen@gmail.com","Kyle Groenenberg","One Class Card // London","20798","20799","760445337951","one-class-card-l-credits-347","","","Credits","","","Completed","7/25/2026","CAD","1","25.00","25.00","3.25","28.25","Visa","E-Commerce","London","Ontario"
"F7SC-AN7U-5L6E","Completed","7/26/2026","12:23 AM","America/Toronto","","true","398886","sam.spylo18@gmail.com","sam spylo","","398886","sam.spylo18@gmail.com","sam spylo","Unlimited Membership // London Summer Sale","25655","25656","961992957372","unlimited-member-memberships-020","","","Memberships","","","Completed","7/26/2026","CAD","1","169.00","169.00","21.97","190.97","Mastercard","E-Commerce","London","Ontario"
"HWG7-WA58-5L6E","Completed","7/26/2026","3:17 AM","America/Toronto","","true","378742","itslatashacromwell@gmail.com","Latasha Cromwell","","378742","itslatashacromwell@gmail.com","Latasha Cromwell","Late Cancel Charge","14688","14690","036981809486","late-cancel-fee-penalty-fees-771","","","Penalty Fees","","","Completed","7/26/2026","CAD","1","15.00","15.00","1.95","16.95","Visa","E-Commerce","London","Ontario"
"73B4-S8GM-5L6E","Completed","7/26/2026","10:00 AM","America/Toronto","desktop","false","397356","katherineklaragrace@gmail.com","Klara Grace","","343368","kelseyvandewetering@gmail.com","Kelsey Vandewetering","Student Monthly Membership // London","21738","21739","582370867097","student-monthly--memberships-495","","","Memberships","","","Completed","7/26/2026","CAD","1","175.00","175.00","22.75","197.75","Visa","In-Store","London","Ontario"
"3UEV-KQYV-5L6E","Completed","7/26/2026","10:19 AM","America/Toronto","","true","390982","christinenbere@hotmail.com","Christine Bere","","390982","christinenbere@hotmail.com","Christine Bere","Late Cancel Charge","14688","14690","036981809486","late-cancel-fee-penalty-fees-771","","","Penalty Fees","","","Completed","7/26/2026","CAD","1","15.00","15.00","1.95","16.95","Mastercard","E-Commerce","London","Ontario"
"X6AP-PDQG-5L6E","Completed","7/26/2026","10:57 AM","America/Toronto","desktop","false","352111","amanda_tedford@hotmail.com","Amanda Tedford","","71878","k.rothwell@spinco.ca","Kira Rothwell","SPINCO Water","19657","19658","469973764933","spinco-water-water-914","","","Water","Arctic Chiller","","Completed","7/26/2026","CAD","1","2.50","2.50","0.33","2.83","Visa","In-Store","London","Ontario"
"3GNT-BV2Y-5L6E","Completed","7/26/2026","11:07 AM","America/Toronto","","false","79359","alyce@creative-avenues.ca","Alyce Drenth","","79359","alyce@creative-avenues.ca","Alyce Drenth","One Class Card // London","20798","20799","760445337951","one-class-card-l-credits-347","","","Credits","","","Completed","7/26/2026","CAD","1","25.00","25.00","3.25","28.25","Visa","E-Commerce","London","Ontario"
"Q2TH-DJE9-5L6E","Completed","7/26/2026","4:12 PM","America/Toronto","","false","402042","nicolesilaev@live.com","Nikki Silaev","","402042","nicolesilaev@live.com","Nikki Silaev","One Class Card // London","20798","20799","760445337951","one-class-card-l-credits-347","","","Credits","","","Completed","7/26/2026","CAD","1","25.00","25.00","3.25","28.25","Mastercard","E-Commerce","London","Ontario"
"5CPM-P43E-5L6E","Completed","7/26/2026","4:17 PM","America/Toronto","","true","397643","carlygrisley@outlook.com","Carly Grisley","","397643","carlygrisley@outlook.com","Carly Grisley","Late Cancel Charge","14688","14690","036981809486","late-cancel-fee-penalty-fees-771","","","Penalty Fees","","","Completed","7/26/2026","CAD","1","15.00","15.00","1.95","16.95","Visa","E-Commerce","London","Ontario"
"JMYS-55TT-5L6F","Completed","7/26/2026","8:44 PM","America/Toronto","","false","388955","angelinawigginss@gmail.com","Angelina Wiggins","","388955","angelinawigginss@gmail.com","Angelina Wiggins","Summer Days Drop-In // London","26178","26179","455715388823","summer-days-drop-credits-083","","","Credits","","","Completed","7/26/2026","CAD","1","15.00","15.00","1.95","16.95","Mastercard","E-Commerce","London","Ontario"
"GTP7-H6ZQ-5L6F","Completed","7/26/2026","8:44 PM","America/Toronto","","false","370091","orianaculig@gmail.com","Oriana Culig","","370091","orianaculig@gmail.com","Oriana Culig","Summer Days Drop-In // London","26178","26179","455715388823","summer-days-drop-credits-083","","","Credits","","","Completed","7/26/2026","CAD","1","15.00","15.00","1.95","16.95","Visa","E-Commerce","London","Ontario"
"ZSJ3-29G5-5L6F","Completed","7/26/2026","8:46 PM","America/Toronto","","false","388955","angelinawigginss@gmail.com","Angelina Wiggins","","388955","angelinawigginss@gmail.com","Angelina Wiggins","Summer Days Drop-In // London","26178","26179","455715388823","summer-days-drop-credits-083","","","Credits","","","Completed","7/26/2026","CAD","1","15.00","15.00","1.95","16.95","Mastercard","E-Commerce","London","Ontario"
"VQQK-RY7G-5L6F","Completed","7/26/2026","9:29 PM","America/Toronto","","false","401520","maddieclarke1338@yahoo.ca","Madison Menas","","401520","maddieclarke1338@yahoo.ca","Madison Menas","One Class Card // London","20798","20799","760445337951","one-class-card-l-credits-347","","","Credits","","","Completed","7/26/2026","CAD","1","25.00","25.00","3.25","28.25","Mastercard","E-Commerce","London","Ontario"
"8ABU-38TC-5L6F","Completed","7/27/2026","12:23 AM","America/Toronto","","true","348357","sarah_steciuk@hotmail.com","Sarah Steciuk","","348357","sarah_steciuk@hotmail.com","Sarah Steciuk","Unlimited Membership // London Summer Sale","25655","25656","961992957372","unlimited-member-memberships-020","","","Memberships","","","Completed","7/27/2026","CAD","1","169.00","169.00","21.97","190.97","Visa","E-Commerce","London","Ontario"
"SZ5F-2EBD-5L6F","Completed","7/27/2026","12:23 AM","America/Toronto","","true","395521","yarafsharairee@gmail.com","Yara Alsharairi","","395521","yarafsharairee@gmail.com","Yara Alsharairi","Unlimited Membership // London Summer Sale","25655","25656","961992957372","unlimited-member-memberships-020","","","Memberships","","","Completed","7/27/2026","CAD","1","169.00","169.00","21.97","190.97","Visa","E-Commerce","London","Ontario"
"B7DW-G3XP-5L6F","Completed","7/27/2026","12:23 AM","America/Toronto","","true","391956","sabrina.6stevens.6@gmail.com","Sabrina Stevens","","391956","sabrina.6stevens.6@gmail.com","Sabrina Stevens","Unlimited Membership // London Summer Sale","25655","25656","961992957372","unlimited-member-memberships-020","","","Memberships","","","Completed","7/27/2026","CAD","1","169.00","169.00","21.97","190.97","Visa","E-Commerce","London","Ontario"
"726F-FP3K-5L6F","Completed","7/27/2026","12:24 AM","America/Toronto","","true","320592","s.rothwell@spinco.ca","Stephen Rothwell","","320592","s.rothwell@spinco.ca","Stephen Rothwell","Staff Membership // London","20830","20831","898235312897","staff-membership-memberships-735","","","Memberships","","","Completed","7/27/2026","CAD","1","0.00","0.00","0.00","0.00","No Charge","E-Commerce","London","Ontario"
"CJ4R-47ZB-5L6F","Completed","7/27/2026","9:09 AM","America/Toronto","","false","405871","newton.jenna11@gmail.com","jenna newton","","405871","newton.jenna11@gmail.com","jenna newton","Summer Sale 2026 // London: Buy 10, Get 2","25569","25570","740055503739","summer-sale-2026-credits-112","","","Credits","","","Completed","7/27/2026","CAD","1","200.00","200.00","26.00","226.00","Visa","E-Commerce","London","Ontario"
"NY8K-A76G-5L6F","Completed","7/27/2026","9:14 AM","America/Toronto","","false","379914","camilajc08@gmail.com","Cami Jerez","","379914","camilajc08@gmail.com","Cami Jerez","Summer Sale 2026 // London: Buy 5, Get 1","25575","25576","822399337239","summer-sale-2026-credits-320","","","Credits","","","Completed","7/27/2026","CAD","1","110.00","110.00","14.30","124.30","Mastercard","E-Commerce","London","Ontario"
"YRRP-72MA-5L6F","Completed","7/27/2026","9:28 AM","America/Toronto","","false","398229","m_santolupo@icloud.com","Mirella Santolupo","","398229","m_santolupo@icloud.com","Mirella Santolupo","Summer Sale 2026 // London: Buy 5, Get 1","25575","25576","822399337239","summer-sale-2026-credits-320","","","Credits","","","Completed","7/27/2026","CAD","1","110.00","110.00","14.30","124.30","Mastercard","E-Commerce","London","Ontario"
"VV6X-SB9C-5L6F","Completed","7/27/2026","9:38 AM","America/Toronto","","false","402714","leannabiehn@gmail.com","Leanna Biehn","","402714","leannabiehn@gmail.com","Leanna Biehn","Summer Sale 2026 // London: Buy 10, Get 2","25569","25570","740055503739","summer-sale-2026-credits-112","","","Credits","","","Completed","7/27/2026","CAD","1","200.00","200.00","26.00","226.00","Visa","E-Commerce","London","Ontario"
"W52D-7FAC-5L6F","Completed","7/27/2026","10:04 AM","America/Toronto","mobile","false","408098","madison.nicholas312@outlook.com","Madison Nicholas","","408098","madison.nicholas312@outlook.com","Madison Nicholas","One Class Card // London","20798","20799","760445337951","one-class-card-l-credits-347","","","Credits","","","Completed","7/27/2026","CAD","1","0.00","25.00","0.00","0.00","No Charge","E-Commerce","London","Ontario"
"SBJ4-AKRY-5L6F","Completed","7/27/2026","10:07 AM","America/Toronto","","false","398924","rraalm3@gmail.com","Roua Alm","","398924","rraalm3@gmail.com","Roua Alm","Unlimited Membership // London","21995","21996","447442561003","unlimited-member-memberships-867","","","Memberships","","","Completed","7/27/2026","CAD","1","200.00","200.00","26.00","226.00","Visa","E-Commerce","London","Ontario"
"DZ6A-T4KG-5L6F","Completed","7/27/2026","10:20 AM","America/Toronto","","false","401520","maddieclarke1338@yahoo.ca","Madison Menas","","401520","maddieclarke1338@yahoo.ca","Madison Menas","Summer Sale 2026 // London: Buy 10, Get 2","25569","25570","740055503739","summer-sale-2026-credits-112","","","Credits","","","Completed","7/27/2026","CAD","1","200.00","200.00","26.00","226.00","Mastercard","E-Commerce","London","Ontario"
"8CEE-SQP7-5L6F","Completed","7/27/2026","11:07 AM","America/Toronto","","false","377106","gaya3mallya@gmail.com","Gaya Mallya","","377106","gaya3mallya@gmail.com","Gaya Mallya","Summer Days Drop-In // London","26178","26179","455715388823","summer-days-drop-credits-083","","","Credits","","","Completed","7/27/2026","CAD","2","30.00","30.00","3.90","33.90","Mastercard","E-Commerce","London","Ontario"
"MCBX-ZMXH-5L6F","Completed","7/27/2026","12:28 PM","America/Toronto","","false","405636","turkmanidil@hotmail.com","Idil Turkman","","405636","turkmanidil@hotmail.com","Idil Turkman","Summer Days Drop-In // London","26178","26179","455715388823","summer-days-drop-credits-083","","","Credits","","","Completed","7/27/2026","CAD","1","15.00","15.00","1.95","16.95","Visa","E-Commerce","London","Ontario"
"9D8A-E5NY-5L6F","Completed","7/27/2026","12:29 PM","America/Toronto","","false","341460","emguzzo11@outlook.com","Emily Guzzo","","341460","emguzzo11@outlook.com","Emily Guzzo","Summer Sale 2026 // London: Buy 5, Get 1","25575","25576","822399337239","summer-sale-2026-credits-320","","","Credits","","","Completed","7/27/2026","CAD","1","110.00","110.00","14.30","124.30","American Express","E-Commerce","London","Ontario"
"NCH3-U3Z7-5L6F","Completed","7/27/2026","12:33 PM","America/Toronto","","false","299099","karin.kerfoot@gmail.com","Karin Kerfoot","","299099","karin.kerfoot@gmail.com","Karin Kerfoot","Summer Days Drop-In // London","26178","26179","455715388823","summer-days-drop-credits-083","","","Credits","","","Completed","7/27/2026","CAD","2","30.00","30.00","3.90","33.90","Visa","E-Commerce","London","Ontario"
"R95R-S7JW-5L6F","Completed","7/27/2026","12:38 PM","America/Toronto","","false","408123","miss.lise@gmail.com","Lisa Yaelin Seong","","408123","miss.lise@gmail.com","Lisa Yaelin Seong","New Rider Special // London","21051","21052","288040778473","new-rider-specia-memberships-503","","","Memberships","","","Completed","7/27/2026","CAD","1","50.00","50.00","6.50","56.50","Visa","E-Commerce","London","Ontario"
"BCMG-ZKNP-5L6F","Completed","7/27/2026","1:17 PM","America/Toronto","","false","408128","seanmilroy@hotmail.com","Sean Milroy","","408128","seanmilroy@hotmail.com","Sean Milroy","One Class Card // London","20798","20799","760445337951","one-class-card-l-credits-347","","","Credits","","","Completed","7/27/2026","CAD","1","25.00","25.00","3.25","28.25","Visa","E-Commerce","London","Ontario"
"25EV-UYXA-5L6F","Completed","7/27/2026","1:24 PM","America/Toronto","","false","386103","meganlindsayy4@gmail.com","Megan Lindsay","","386103","meganlindsayy4@gmail.com","Megan Lindsay","One Class Card // London","20798","20799","760445337951","one-class-card-l-credits-347","","","Credits","","","Completed","7/27/2026","CAD","1","25.00","25.00","3.25","28.25","Mastercard","E-Commerce","London","Ontario"
"WY4U-7WHN-5L6F","Completed","7/27/2026","2:19 PM","America/Toronto","","false","397074","sbowden3@msn.com","Sheena Bowden","","397074","sbowden3@msn.com","Sheena Bowden","2-Week Unlimited - London","21065","21066","384754283235","2-week-unlimited-memberships-769","","","Memberships","","","Completed","7/27/2026","CAD","1","50.00","50.00","6.50","56.50","Visa","E-Commerce","London","Ontario"
"C8YW-8TS6-5L6F","Completed","7/27/2026","2:52 PM","America/Toronto","","false","389695","claudia.drewitt@icloud.com","Claudia Drewitt","","389695","claudia.drewitt@icloud.com","Claudia Drewitt","Spin-It-Forward // London","20792","20793","964245982422","spin-it-forward--credits-429","","","Credits","","","Completed","7/27/2026","CAD","1","10.00","10.00","1.30","11.30","Visa","E-Commerce","London","Ontario"
"VGHH-YC2G-5L6F","Completed","7/27/2026","3:18 PM","America/Toronto","","true","352816","piper.mcdonaldd@gmail.com","Piper McDonald","","352816","piper.mcdonaldd@gmail.com","Piper McDonald","Late Cancel Charge","14688","14690","036981809486","late-cancel-fee-penalty-fees-771","","","Penalty Fees","","","Completed","7/27/2026","CAD","1","15.00","15.00","1.95","16.95","Visa","E-Commerce","London","Ontario"
"G2DW-DT6D-5L6F","Completed","7/27/2026","3:23 PM","America/Toronto","","false","402361","ashleykgallien@gmail.com","Ashley Gallien","","402361","ashleykgallien@gmail.com","Ashley Gallien","Summer Sale 2026 // London: Buy 5, Get 1","25575","25576","822399337239","summer-sale-2026-credits-320","","","Credits","","","Completed","7/27/2026","CAD","1","110.00","110.00","14.30","124.30","Mastercard","E-Commerce","London","Ontario"
"ZXXX-S6AH-5L6F","Completed","7/27/2026","3:26 PM","America/Toronto","","false","408153","gcheema.mba2027@ivey.ca","Gurleen Cheema","","408153","gcheema.mba2027@ivey.ca","Gurleen Cheema","New Rider Special // London","21051","21052","288040778473","new-rider-specia-memberships-503","","","Memberships","","","Completed","7/27/2026","CAD","1","50.00","50.00","6.50","56.50","Visa","E-Commerce","London","Ontario"
"R2KG-Z7G9-5L6F","Completed","7/27/2026","3:36 PM","America/Toronto","","false","404549","gracenouwens@yahoo.com","Grace Nouwens","","404549","gracenouwens@yahoo.com","Grace Nouwens","One Class Card // London","20798","20799","760445337951","one-class-card-l-credits-347","","","Credits","","","Completed","7/27/2026","CAD","1","25.00","25.00","3.25","28.25","Visa","E-Commerce","London","Ontario"
"TXFW-49VZ-5L6F","Completed","7/27/2026","4:08 PM","America/Toronto","","false","404549","gracenouwens@yahoo.com","Grace Nouwens","","404549","gracenouwens@yahoo.com","Grace Nouwens","Spin-It-Forward // London","20792","20793","964245982422","spin-it-forward--credits-429","","","Credits","","","Completed","7/27/2026","CAD","1","10.00","10.00","1.30","11.30","Visa","E-Commerce","London","Ontario"
"PS9X-3845-5L6F","Completed","7/27/2026","6:14 PM","America/Toronto","","false","379323","jenemke@gmail.com","Jen Emke","","379323","jenemke@gmail.com","Jen Emke","One Class Card // London","20798","20799","760445337951","one-class-card-l-credits-347","","","Credits","","","Completed","7/27/2026","CAD","1","25.00","25.00","3.25","28.25","Mastercard","E-Commerce","London","Ontario"
"Y87Q-7H3E-5L6F","Completed","7/27/2026","6:46 PM","America/Toronto","","false","391026","janicehamilton904@gmail.com","Janice Hamilton","","391026","janicehamilton904@gmail.com","Janice Hamilton","Spin-It-Forward // London","20792","20793","964245982422","spin-it-forward--credits-429","","","Credits","","","Completed","7/27/2026","CAD","1","10.00","10.00","1.30","11.30","Mastercard","E-Commerce","London","Ontario"
"E3GV-HKSE-5L6F","Completed","7/27/2026","7:11 PM","America/Toronto","","true","397102","otem6199@gmail.com","Ella Ma","","397102","otem6199@gmail.com","Ella Ma","8x Membership // London Summer Sale","25657","25658","913533113208","8x-membership-bu-memberships-078","","","Memberships","","","Completed","7/27/2026","CAD","1","127.00","127.00","16.51","143.51","Visa","E-Commerce","London","Ontario"
"RKQJ-2685-5L6F","Completed","7/27/2026","7:33 PM","America/Toronto","","false","269923","odwills@icloud.com","Olivia Wills","","269923","odwills@icloud.com","Olivia Wills","Spin-It-Forward // London","20792","20793","964245982422","spin-it-forward--credits-429","","","Credits","","","Completed","7/27/2026","CAD","1","10.00","10.00","1.30","11.30","Visa","E-Commerce","London","Ontario"
"YE5V-4MG3-5L6F","Completed","7/27/2026","7:35 PM","America/Toronto","","false","270454","maggiebetker04@gmail.com","Maggie Betker","","270454","maggiebetker04@gmail.com","Maggie Betker","Spin-It-Forward // London","20792","20793","964245982422","spin-it-forward--credits-429","","","Credits","","","Completed","7/27/2026","CAD","1","10.00","10.00","1.30","11.30","Visa","E-Commerce","London","Ontario"
"E2EU-3CRX-5L6F","Completed","7/27/2026","7:37 PM","America/Toronto","","false","406599","alexkoprowski28@gmail.com","Alexandra Koprowski","","406599","alexkoprowski28@gmail.com","Alexandra Koprowski","Spin-It-Forward // London","20792","20793","964245982422","spin-it-forward--credits-429","","","Credits","","","Completed","7/27/2026","CAD","1","10.00","10.00","1.30","11.30","Mastercard","E-Commerce","London","Ontario"
"FE92-4Y9B-5L6F","Completed","7/27/2026","7:51 PM","America/Toronto","","false","405851","barrshae104@gmail.com","Shae Barrett","","405851","barrshae104@gmail.com","Shae Barrett","Spin-It-Forward // London","20792","20793","964245982422","spin-it-forward--credits-429","","","Credits","","","Completed","7/27/2026","CAD","1","10.00","10.00","1.30","11.30","Visa","E-Commerce","London","Ontario"
"N4QB-JR46-5L6G","Completed","7/27/2026","9:49 PM","America/Toronto","","false","408204","estee.fodor@gmail.com","Estee Fodor","","408204","estee.fodor@gmail.com","Estee Fodor","Summer Days Drop-In // London","26178","26179","455715388823","summer-days-drop-credits-083","","","Credits","","","Completed","7/27/2026","CAD","1","15.00","15.00","1.95","16.95","Visa","E-Commerce","London","Ontario"
"PD5R-YWQA-5L6G","Completed","7/27/2026","10:22 PM","America/Toronto","","false","349842","abbeyha02@gmail.com","Abbey Halliday","","349842","abbeyha02@gmail.com","Abbey Halliday","Summer Sale 2026 // London: Buy 10, Get 2","25569","25570","740055503739","summer-sale-2026-credits-112","","","Credits","","","Completed","7/27/2026","CAD","1","200.00","200.00","26.00","226.00","Visa","E-Commerce","London","Ontario"
"BN94-V69B-5L6G","Completed","7/27/2026","10:41 PM","America/Toronto","","false","359422","annadietz1@icloud.com","Anna Dietz","","359422","annadietz1@icloud.com","Anna Dietz","Summer Sale 2026 // London: Buy 10, Get 2","25569","25570","740055503739","summer-sale-2026-credits-112","","","Credits","","","Completed","7/27/2026","CAD","1","200.00","200.00","26.00","226.00","Visa","E-Commerce","London","Ontario"
"JEYE-R7BJ-5L6G","Completed","7/28/2026","12:15 AM","America/Toronto","","false","204453","stephaniecosstick@gmail.com","Stephanie Cosstick","","204453","stephaniecosstick@gmail.com","Stephanie Cosstick","Summer Days Drop-In // London","26178","26179","455715388823","summer-days-drop-credits-083","","","Credits","","","Completed","7/28/2026","CAD","1","15.00","15.00","1.95","16.95","Visa","E-Commerce","London","Ontario"
"9KPD-YDMG-5L6G","Completed","7/28/2026","12:36 AM","America/Toronto","","true","374806","liv.o@rogers.com","Olivia Orsini","","374806","liv.o@rogers.com","Olivia Orsini","4x Membership // London","21999","22000","216300284773","4x-membership-lo-memberships-280","","","Memberships","","","Completed","7/28/2026","CAD","1","80.00","80.00","10.40","90.40","Visa","E-Commerce","London","Ontario"
"HQ25-VHSE-5L6G","Completed","7/28/2026","12:36 AM","America/Toronto","","true","386928","joannepazdzierz@hotmail.com","Joanne Crandall","","386928","joannepazdzierz@hotmail.com","Joanne Crandall","Unlimited Membership // London","21995","21996","447442561003","unlimited-member-memberships-867","","","Memberships","","","Completed","7/28/2026","CAD","1","200.00","200.00","26.00","226.00","Visa","E-Commerce","London","Ontario"
"KGVG-HJ68-5L6G","Completed","7/28/2026","12:36 AM","America/Toronto","","true","371904","c.scarrow51@gmail.com","Claire Scarrow","","371904","c.scarrow51@gmail.com","Claire Scarrow","Unlimited Membership // London","21995","21996","447442561003","unlimited-member-memberships-867","","","Memberships","","","Completed","7/28/2026","CAD","1","200.00","200.00","26.00","226.00","Visa","E-Commerce","London","Ontario"
"43S2-PY3U-5L6G","Completed","7/28/2026","12:36 AM","America/Toronto","","true","380354","kenndall-ba@hotmail.com","Kenndall Skowronski","","380354","kenndall-ba@hotmail.com","Kenndall Skowronski","8x Membership // London Summer Sale","25657","25658","913533113208","8x-membership-bu-memberships-078","","","Memberships","","","Completed","7/28/2026","CAD","1","127.00","127.00","16.51","143.51","Visa","E-Commerce","London","Ontario"
"S9DA-9KDF-5L6G","Completed","7/28/2026","12:36 AM","America/Toronto","","true","358471","brooklynblt18@gmail.com","Brooklyn McLeod","","358471","brooklynblt18@gmail.com","Brooklyn McLeod","8x Membership // London Summer Sale","25657","25658","913533113208","8x-membership-bu-memberships-078","","","Memberships","","","Completed","7/28/2026","CAD","1","127.00","127.00","16.51","143.51","Visa","E-Commerce","London","Ontario"
"7V7R-C8A8-5L6G","Completed","7/28/2026","12:36 AM","America/Toronto","","true","357126","eman_assaf1@hotmail.com","Eman A","","357126","eman_assaf1@hotmail.com","Eman A","Unlimited Membership // London Summer Sale","25655","25656","961992957372","unlimited-member-memberships-020","","","Memberships","","","Completed","7/28/2026","CAD","1","169.00","169.00","21.97","190.97","Mastercard","E-Commerce","London","Ontario"
"MSQE-U2AZ-5L6G","Completed","7/28/2026","12:36 AM","America/Toronto","","true","336307","kendramacdougall488@hotmail.com","Kendra MacDougall","","336307","kendramacdougall488@hotmail.com","Kendra MacDougall","8x Membership // London Summer Sale","25657","25658","913533113208","8x-membership-bu-memberships-078","","","Memberships","","","Completed","7/28/2026","CAD","1","127.00","127.00","16.51","143.51","Mastercard","E-Commerce","London","Ontario"
"U37M-MWCB-5L6G","Completed","7/28/2026","12:36 AM","America/Toronto","","true","367140","kamaxwell13@gmail.com","Kylie Maxwell","","367140","kamaxwell13@gmail.com","Kylie Maxwell","8x Membership // London Summer Sale","25657","25658","913533113208","8x-membership-bu-memberships-078","","","Memberships","","","Completed","7/28/2026","CAD","1","127.00","127.00","16.51","143.51","Visa","E-Commerce","London","Ontario"
"ZWNH-P4UZ-5L6G","Completed","7/28/2026","12:36 AM","America/Toronto","","true","376617","alicia.nirta@gmail.com","Alicia Nirta","","376617","alicia.nirta@gmail.com","Alicia Nirta","8x Membership // London Summer Sale","25657","25658","913533113208","8x-membership-bu-memberships-078","","","Memberships","","","Completed","7/28/2026","CAD","1","127.00","127.00","16.51","143.51","Visa","E-Commerce","London","Ontario"
"MWZM-DCU6-5L6G","Completed","7/28/2026","12:36 AM","America/Toronto","","true","392050","ameenah.khan01@gmail.com","Ameenah Khan","","392050","ameenah.khan01@gmail.com","Ameenah Khan","Student Monthly Membership // London","21738","21739","582370867097","student-monthly--memberships-495","","","Memberships","","","Completed","7/28/2026","CAD","1","175.00","175.00","22.75","197.75","Visa","E-Commerce","London","Ontario"
"JZQR-2B9F-5L6G","Completed","7/28/2026","12:36 AM","America/Toronto","","true","378742","itslatashacromwell@gmail.com","Latasha Cromwell","","378742","itslatashacromwell@gmail.com","Latasha Cromwell","Unlimited Membership // London Summer Sale","25655","25656","961992957372","unlimited-member-memberships-020","","","Memberships","","","Completed","7/28/2026","CAD","1","169.00","169.00","21.97","190.97","Visa","E-Commerce","London","Ontario"
"Y8Q3-8RET-5L6G","Completed","7/28/2026","12:37 AM","America/Toronto","","true","351106","stacey.pipicelli@gmail.com","Stacey Pipicelli","","351106","stacey.pipicelli@gmail.com","Stacey Pipicelli","Unlimited Membership // London · BLACK FRIDAY 2025","22630","22631","712442897099","unlimited-member-memberships-584","","","Memberships","","","Completed","7/28/2026","CAD","1","180.00","180.00","23.40","203.40","Visa","E-Commerce","London","Ontario"
"55ZW-FECC-5L6G","Completed","7/28/2026","7:02 AM","America/Toronto","desktop","false","311771","alexrosewatt@outlook.com","Alex Watt","","71878","k.rothwell@spinco.ca","Kira Rothwell","SPINCO London Crewneck","24949","24950","966088003820","spinco-london-cr-clothing-144","Blue","","Clothing","","","Completed","7/28/2026","CAD","1","42.49","49.99","5.52","48.01","Visa","In-Store","London","Ontario"
"J4C3-3YPQ-5L6G","Completed","7/28/2026","8:01 AM","America/Toronto","desktop","false","320367","nramirez.hba2015@gmail.com","Nathalie Ramirez","","343368","kelseyvandewetering@gmail.com","Kelsey Vandewetering","Coffee // London","23655","23656","087239269521","coffee-london-food-and-beverag-851","","","Food and Beverage","","","Completed","7/28/2026","CAD","3","4.50","4.50","0.59","5.09","Visa","In-Store","London","Ontario"
"57DS-HCZ9-5L6G","Completed","7/28/2026","9:22 AM","America/Toronto","","false","378014","valeskadegouveia@hotmail.com","Valeska De Gouveia","","378014","valeskadegouveia@hotmail.com","Valeska De Gouveia","Spin-It-Forward // London","20792","20793","964245982422","spin-it-forward--credits-429","","","Credits","","","Completed","7/28/2026","CAD","1","10.00","10.00","1.30","11.30","Mastercard","E-Commerce","London","Ontario"
"UE8M-DCQR-5L6G","Completed","7/28/2026","9:27 AM","America/Toronto","","false","407624","avapompilii@icloud.com","Ava Pompilii","","407624","avapompilii@icloud.com","Ava Pompilii","Unlimited Membership // London","21995","21996","447442561003","unlimited-member-memberships-867","","","Memberships","","","Completed","7/28/2026","CAD","1","200.00","200.00","26.00","226.00","Mastercard","E-Commerce","London","Ontario"
"URRC-XEQ2-5L6G","Completed","7/28/2026","10:17 AM","America/Toronto","","false","408282","sarra_lazar@hotmail.com","Sarra Lazar","","408282","sarra_lazar@hotmail.com","Sarra Lazar","Summer Days Drop-In // London","26178","26179","455715388823","summer-days-drop-credits-083","","","Credits","","","Completed","7/28/2026","CAD","1","15.00","15.00","1.95","16.95","Visa","E-Commerce","London","Ontario"
"9D9J-BXMA-5L6G","Completed","7/28/2026","10:29 AM","America/Toronto","","false","408281","yelda.moresha@gmail.com","Moresha Yelda","","408281","yelda.moresha@gmail.com","Moresha Yelda","Summer Days Drop-In // London","26178","26179","455715388823","summer-days-drop-credits-083","","","Credits","","","Completed","7/28/2026","CAD","1","15.00","15.00","1.95","16.95","Visa","E-Commerce","London","Ontario"
"XU28-9D9Y-5L6G","Completed","7/28/2026","11:28 AM","America/Toronto","","false","362067","hshnitzer@gmail.com","Hila Shnitzer","","362067","hshnitzer@gmail.com","Hila Shnitzer","Summer Sale 2026 // London: Buy 5, Get 1","25575","25576","822399337239","summer-sale-2026-credits-320","","","Credits","","","Completed","7/28/2026","CAD","1","110.00","110.00","14.30","124.30","American Express","E-Commerce","London","Ontario"
"VTU4-WE3U-5L6G","Completed","7/28/2026","5:18 PM","America/Toronto","","true","381015","graygrassconsulting@gmail.com","BRITT WEBB","","381015","graygrassconsulting@gmail.com","BRITT WEBB","Late Cancel Charge","14688","14690","036981809486","late-cancel-fee-penalty-fees-771","","","Penalty Fees","","","Completed","7/28/2026","CAD","1","15.00","15.00","1.95","16.95","Mastercard","E-Commerce","London","Ontario"
"YVZS-ZF6C-5L6G","Completed","7/28/2026","5:25 PM","America/Toronto","desktop","false","214210","aileenzhang1022@gmail.com","Aileen Zhang","","347301","london@spinco.ca","SPINCO London","SPINCO Water","19657","19658","469973764933","spinco-water-water-914","","","Water","Arctic Chiller","","Completed","7/28/2026","CAD","1","2.50","2.50","0.33","2.83","American Express","In-Store","London","Ontario"
"C2JX-9PKD-5L6G","Completed","7/28/2026","5:41 PM","America/Toronto","desktop","false","347195","lviner@hotmail.com","Laura Viner","","347195","lviner@hotmail.com","Laura Viner","PURIST Water Bottle","15602","20112","517944611550","purist-water-bot-accessories-504","//SPINCO WORK, SWEAT, ACHIEVE","","Accessories","PURIST","","Completed","7/28/2026","CAD","1","16.00","16.00","2.08","18.08","Mastercard","In-Store","London","Ontario"
"C2JX-9PKD-5L6G","Completed","7/28/2026","5:41 PM","America/Toronto","desktop","false","347195","lviner@hotmail.com","Laura Viner","","347195","lviner@hotmail.com","Laura Viner","Coffee // London","23655","23656","087239269521","coffee-london-food-and-beverag-851","","","Food and Beverage","","","Completed","7/28/2026","CAD","1","1.50","1.50","0.20","1.70","Mastercard","In-Store","London","Ontario"
"ADNB-S87T-5L6G","Completed","7/28/2026","6:14 PM","America/Toronto","","false","364946","cainheather@hotmail.com","Heather McMillan","","364946","cainheather@hotmail.com","Heather McMillan","Summer Days Drop-In // London","26178","26179","455715388823","summer-days-drop-credits-083","","","Credits","","","Completed","7/28/2026","CAD","1","15.00","15.00","1.95","16.95","Mastercard","E-Commerce","London","Ontario"
"9EBY-3RUW-5L6G","Completed","7/28/2026","7:05 PM","America/Toronto","","false","404270","tinaobhi@hotmail.com","Tina Obahi","","404270","tinaobhi@hotmail.com","Tina Obahi","Spin-It-Forward // London","20792","20793","964245982422","spin-it-forward--credits-429","","","Credits","","","Completed","7/28/2026","CAD","1","10.00","10.00","1.30","11.30","American Express","E-Commerce","London","Ontario"
"79N4-B7CN-5L6H","Completed","7/28/2026","8:00 PM","America/Toronto","","false","292184","paige_saucier@hotmail.ca","Paige Saucier","","292184","paige_saucier@hotmail.ca","Paige Saucier","One Class Card // London","20798","20799","760445337951","one-class-card-l-credits-347","","","Credits","","","Completed","7/28/2026","CAD","1","25.00","25.00","3.25","28.25","Visa","E-Commerce","London","Ontario"
"G33M-44VF-5L6H","Completed","7/28/2026","9:19 PM","America/Toronto","","false","349222","julianoel143@gmail.com","Julia Noël","","349222","julianoel143@gmail.com","Julia Noël","One Class Card // London","20798","20799","760445337951","one-class-card-l-credits-347","","","Credits","","","Completed","7/28/2026","CAD","1","25.00","25.00","3.25","28.25","Visa","E-Commerce","London","Ontario"
"FNT9-HYRH-5L6H","Completed","7/28/2026","9:34 PM","America/Toronto","","false","364264","emersen.timmerman@gmail.com","Emersen Timmerman","","364264","emersen.timmerman@gmail.com","Emersen Timmerman","Summer Days Drop-In // London","26178","26179","455715388823","summer-days-drop-credits-083","","","Credits","","","Completed","7/28/2026","CAD","1","15.00","15.00","1.95","16.95","Visa","E-Commerce","London","Ontario"
"3A26-99XQ-5L6H","Completed","7/28/2026","9:37 PM","America/Toronto","","false","364264","emersen.timmerman@gmail.com","Emersen Timmerman","","364264","emersen.timmerman@gmail.com","Emersen Timmerman","One Class Card // London","20798","20799","760445337951","one-class-card-l-credits-347","","","Credits","","","Completed","7/28/2026","CAD","1","25.00","25.00","3.25","28.25","Visa","E-Commerce","London","Ontario"
"UCSW-3E8V-5L6H","Completed","7/28/2026","10:01 PM","America/Toronto","","false","348797","costoich7@gmail.com","Connor Ostoich","","348797","costoich7@gmail.com","Connor Ostoich","Summer Sale 2026 // London: Buy 10, Get 2","25569","25570","740055503739","summer-sale-2026-credits-112","","","Credits","","","Completed","7/28/2026","CAD","1","200.00","200.00","26.00","226.00","Visa","E-Commerce","London","Ontario"
"XTF2-7229-5L6H","Completed","7/28/2026","10:51 PM","America/Toronto","","false","408402","maegjames94@gmail.com","Maeghan James","","408402","maegjames94@gmail.com","Maeghan James","One Class Card // London","20798","20799","760445337951","one-class-card-l-credits-347","","","Credits","","","Completed","7/28/2026","CAD","1","25.00","25.00","3.25","28.25","Visa","E-Commerce","London","Ontario"
"K3D5-DDT7-5L6H","Completed","7/28/2026","10:55 PM","America/Toronto","","false","408403","kourtazzo@gmail.com","Kourtney Azzopardi","","408403","kourtazzo@gmail.com","Kourtney Azzopardi","One Class Card // London","20798","20799","760445337951","one-class-card-l-credits-347","","","Credits","","","Completed","7/28/2026","CAD","1","25.00","25.00","3.25","28.25","Visa","E-Commerce","London","Ontario"
"VXG8-BG43-5L6H","Completed","7/28/2026","11:04 PM","America/Toronto","","false","364273","gillpie@icloud.com","Meredith Gillespie","","364273","gillpie@icloud.com","Meredith Gillespie","Summer Days Drop-In // London","26178","26179","455715388823","summer-days-drop-credits-083","","","Credits","","","Completed","7/28/2026","CAD","2","30.00","30.00","3.90","33.90","Visa","E-Commerce","London","Ontario"
"99QR-Q2Y9-5L6H","Completed","7/28/2026","11:06 PM","America/Toronto","","false","364273","gillpie@icloud.com","Meredith Gillespie","","364273","gillpie@icloud.com","Meredith Gillespie","One Class Card // London","20798","20799","760445337951","one-class-card-l-credits-347","","","Credits","","","Completed","7/28/2026","CAD","1","25.00","25.00","3.25","28.25","Visa","E-Commerce","London","Ontario"
"YU3S-9ECM-5L6H","Completed","7/29/2026","8:49 AM","America/Toronto","","false","400769","mariojozic7@gmail.com","Mario Jozic","","400769","mariojozic7@gmail.com","Mario Jozic","One Class Card // London","20798","20799","760445337951","one-class-card-l-credits-347","","","Credits","","","Completed","7/29/2026","CAD","1","25.00","25.00","3.25","28.25","Mastercard","E-Commerce","London","Ontario"
"69AP-238Q-5L6H","Completed","7/29/2026","9:17 AM","America/Toronto","","false","408428","chelseakouzouna@hotmail.com","Chelsea Kouzouna","","408428","chelseakouzouna@hotmail.com","Chelsea Kouzouna","Summer Days Drop-In // London","26178","26179","455715388823","summer-days-drop-credits-083","","","Credits","","","Completed","7/29/2026","CAD","1","15.00","15.00","1.95","16.95","Mastercard","E-Commerce","London","Ontario"
"5922-RH3U-5L6H","Completed","7/29/2026","10:49 AM","America/Toronto","","false","402750","bfiegehen06@gmail.com","Bronwyn Fiegehen","","402750","bfiegehen06@gmail.com","Bronwyn Fiegehen","Summer Days Drop-In // London","26178","26179","455715388823","summer-days-drop-credits-083","","","Credits","","","Completed","7/29/2026","CAD","1","15.00","15.00","1.95","16.95","Mastercard","E-Commerce","London","Ontario"
"QFHU-UBQC-5L6H","Completed","7/29/2026","12:54 PM","America/Toronto","","false","382430","brynnfraser8@gmail.com","Brynn Fraser","","382430","brynnfraser8@gmail.com","Brynn Fraser","Summer Days Drop-In // London","26178","26179","455715388823","summer-days-drop-credits-083","","","Credits","","","Completed","7/29/2026","CAD","1","15.00","15.00","1.95","16.95","Visa","E-Commerce","London","Ontario"
"6BVS-VBE5-5L6H","Completed","7/29/2026","12:55 PM","America/Toronto","","false","382430","brynnfraser8@gmail.com","Brynn Fraser","","382430","brynnfraser8@gmail.com","Brynn Fraser","Summer Days Drop-In // London","26178","26179","455715388823","summer-days-drop-credits-083","","","Credits","","","Completed","7/29/2026","CAD","1","15.00","15.00","1.95","16.95","Visa","E-Commerce","London","Ontario"
"MYSZ-AUB4-5L6H","Completed","7/29/2026","1:28 PM","America/Toronto","","false","405198","marissalwatson7@gmail.com","Marissa Watson","","405198","marissalwatson7@gmail.com","Marissa Watson","New Rider Special // London","21051","21052","288040778473","new-rider-specia-memberships-503","","","Memberships","","","Completed","7/29/2026","CAD","1","50.00","50.00","6.50","56.50","Mastercard","E-Commerce","London","Ontario"
"MYSZ-AUB4-5L6H","Completed","7/29/2026","1:28 PM","America/Toronto","","false","405198","marissalwatson7@gmail.com","Marissa Watson","","405198","marissalwatson7@gmail.com","Marissa Watson","Spin-It-Forward // London","20792","20793","964245982422","spin-it-forward--credits-429","","","Credits","","","Completed","7/29/2026","CAD","1","10.00","10.00","1.30","11.30","Mastercard","E-Commerce","London","Ontario"
"QMJU-WU94-5L6H","Completed","7/29/2026","2:02 PM","America/Toronto","","false","192534","nicoleabulmer@gmail.com","Nicole Bulmer","","192534","nicoleabulmer@gmail.com","Nicole Bulmer","Summer Days Drop-In // London","26178","26179","455715388823","summer-days-drop-credits-083","","","Credits","","","Completed","7/29/2026","CAD","1","15.00","15.00","1.95","16.95","Visa","E-Commerce","London","Ontario"
"ZCTZ-J6WE-5L6H","Completed","7/29/2026","2:06 PM","America/Toronto","","false","192534","nicoleabulmer@gmail.com","Nicole Bulmer","","192534","nicoleabulmer@gmail.com","Nicole Bulmer","Summer Sale 2026 // London: Buy 5, Get 1","25575","25576","822399337239","summer-sale-2026-credits-320","","","Credits","","","Completed","7/29/2026","CAD","1","110.00","110.00","14.30","124.30","Visa","E-Commerce","London","Ontario"
"DSG7-6CQK-5L6H","Completed","7/29/2026","2:08 PM","America/Toronto","","false","408452","mbrainbow7@gmail.com","Molly Butlin","","408452","mbrainbow7@gmail.com","Molly Butlin","New Rider Special // London","21051","21052","288040778473","new-rider-specia-memberships-503","","","Memberships","","","Completed","7/29/2026","CAD","1","50.00","50.00","6.50","56.50","Visa","E-Commerce","London","Ontario"
"WC29-K6C6-5L6H","Completed","7/29/2026","3:04 PM","America/Toronto","","false","367976","ihijazi@hotmail.com","Iman Hijazi","","367976","ihijazi@hotmail.com","Iman Hijazi","Spin-It-Forward // London","20792","20793","964245982422","spin-it-forward--credits-429","","","Credits","","","Completed","7/29/2026","CAD","1","10.00","10.00","1.30","11.30","Visa","E-Commerce","London","Ontario"
"P6VK-RNWE-5L6H","Completed","7/29/2026","4:25 PM","America/Toronto","","false","407435","jaylynnsheeller@hotmail.com","Jaylynn Sheeller","","407435","jaylynnsheeller@hotmail.com","Jaylynn Sheeller","Unlimited Membership // London","21995","21996","447442561003","unlimited-member-memberships-867","","","Memberships","","","Completed","7/29/2026","CAD","1","200.00","200.00","26.00","226.00","Mastercard","E-Commerce","London","Ontario"
"4Y3C-J2MH-5L6H","Completed","7/29/2026","4:30 PM","America/Toronto","","false","320781","kayleighsheeller@live.ca","Kayleigh Sheeller","","320781","kayleighsheeller@live.ca","Kayleigh Sheeller","Summer Days Drop-In // London","26178","26179","455715388823","summer-days-drop-credits-083","","","Credits","","","Completed","7/29/2026","CAD","1","15.00","15.00","1.95","16.95","Mastercard","E-Commerce","London","Ontario"
"6ZR8-4687-5L6H","Completed","7/29/2026","4:31 PM","America/Toronto","","false","408460","katedenkers10@gmail.com","Kate Denkers","","408460","katedenkers10@gmail.com","Kate Denkers","Summer Days Drop-In // London","26178","26179","455715388823","summer-days-drop-credits-083","","","Credits","","","Completed","7/29/2026","CAD","1","15.00","15.00","1.95","16.95","Mastercard","E-Commerce","London","Ontario"
"UNDV-D3US-5L6H","Completed","7/29/2026","4:39 PM","America/Toronto","","false","320781","kayleighsheeller@live.ca","Kayleigh Sheeller","","320781","kayleighsheeller@live.ca","Kayleigh Sheeller","Summer Days Drop-In // London","26178","26179","455715388823","summer-days-drop-credits-083","","","Credits","","","Completed","7/29/2026","CAD","1","15.00","15.00","1.95","16.95","Mastercard","E-Commerce","London","Ontario"
"G2AU-QNQJ-5L6H","Completed","7/29/2026","4:44 PM","America/Toronto","","false","408462","averyjadkins@gmail.com","Avery Adkins","","408462","averyjadkins@gmail.com","Avery Adkins","One Class Card // London","20798","20799","760445337951","one-class-card-l-credits-347","","","Credits","","","Completed","7/29/2026","CAD","1","25.00","25.00","3.25","28.25","Visa","E-Commerce","London","Ontario"
"BC5P-3ZJ8-5L6H","Completed","7/29/2026","5:04 PM","America/Toronto","","false","408466","norahblanchette@gmail.com","Norah Blanchette","","408466","norahblanchette@gmail.com","Norah Blanchette","Summer Days Drop-In // London","26178","26179","455715388823","summer-days-drop-credits-083","","","Credits","","","Completed","7/29/2026","CAD","1","15.00","15.00","1.95","16.95","Visa","E-Commerce","London","Ontario"
"XU4Z-2RJD-5L6H","Completed","7/29/2026","5:28 PM","America/Toronto","","false","337078","meg.howe97@gmail.com","Megan Howe","","337078","meg.howe97@gmail.com","Megan Howe","Summer Sale 2026 // London: Buy 5, Get 1","25575","25576","822399337239","summer-sale-2026-credits-320","","","Credits","","","Completed","7/29/2026","CAD","1","110.00","110.00","14.30","124.30","Visa","E-Commerce","London","Ontario"
"AVD8-H67M-5L6H","Completed","7/29/2026","6:17 PM","America/Toronto","","true","330183","terralucy04@icloud.com","Terra McCloskey","","330183","terralucy04@icloud.com","Terra McCloskey","Late Cancel Charge","14688","14690","036981809486","late-cancel-fee-penalty-fees-771","","","Penalty Fees","","","Completed","7/29/2026","CAD","1","15.00","15.00","1.95","16.95","Visa","E-Commerce","London","Ontario"
"2QAT-BRCF-5L6H","Completed","7/29/2026","6:33 PM","America/Toronto","","false","401429","layandaher@icloud.com","Layan Daher","","401429","layandaher@icloud.com","Layan Daher","One Class Card // London","20798","20799","760445337951","one-class-card-l-credits-347","","","Credits","","","Completed","7/29/2026","CAD","1","25.00","25.00","3.25","28.25","Visa","E-Commerce","London","Ontario"
"EDGB-RGVN-5L6I","Completed","7/29/2026","8:09 PM","America/Toronto","","false","346678","katryna.uren@outlook.com","Katryna Uren","","346678","katryna.uren@outlook.com","Katryna Uren","Summer Sale 2026 // London: Buy 5, Get 1","25575","25576","822399337239","summer-sale-2026-credits-320","","","Credits","","","Completed","7/29/2026","CAD","1","110.00","110.00","14.30","124.30","Visa","E-Commerce","London","Ontario"
"9C5C-BTYH-5L6I","Completed","7/29/2026","9:05 PM","America/Toronto","mobile","false","405356","keirag@rogers.com","Keira Gallagher","","405356","keirag@rogers.com","Keira Gallagher","One Class Card // London","20798","20799","760445337951","one-class-card-l-credits-347","","","Credits","","","Completed","7/29/2026","CAD","1","0.00","25.00","0.00","0.00","No Charge","E-Commerce","London","Ontario"
"BNWC-CJ8P-5L6I","Completed","7/29/2026","9:08 PM","America/Toronto","mobile","false","405176","hesssama493@gmail.com","Sam Hess","","405176","hesssama493@gmail.com","Sam Hess","One Class Card // London","20798","20799","760445337951","one-class-card-l-credits-347","","","Credits","","","Completed","7/29/2026","CAD","1","0.00","25.00","0.00","0.00","No Charge","E-Commerce","London","Ontario"
"FSXR-YTUZ-5L6I","Completed","7/29/2026","10:01 PM","America/Toronto","","false","370956","emilyd987@hotmail.com","Emily Di Nino","","370956","emilyd987@hotmail.com","Emily Di Nino","Summer Days Drop-In // London","26178","26179","455715388823","summer-days-drop-credits-083","","","Credits","","","Completed","7/29/2026","CAD","1","15.00","15.00","1.95","16.95","Mastercard","E-Commerce","London","Ontario"
"QYPZ-5Y38-5L6I","Completed","7/30/2026","12:24 AM","America/Toronto","","true","380674","mervebozkurtt.41@gmail.com","Merve Bozkurt","","380674","mervebozkurtt.41@gmail.com","Merve Bozkurt","Unlimited Membership // London","21995","21996","447442561003","unlimited-member-memberships-867","","","Memberships","","","Completed","7/30/2026","CAD","1","200.00","200.00","26.00","226.00","Mastercard","E-Commerce","London","Ontario"
"WP3M-9KZY-5L6I","Completed","7/30/2026","12:24 AM","America/Toronto","","true","293406","juliascharpf22@gmail.com","Julia Scharpf","","293406","juliascharpf22@gmail.com","Julia Scharpf","Staff Membership // London","20830","20831","898235312897","staff-membership-memberships-735","","","Memberships","","","Completed","7/30/2026","CAD","1","0.00","0.00","0.00","0.00","No Charge","E-Commerce","London","Ontario"
"QX8V-JVRE-5L6I","Completed","7/30/2026","12:24 AM","America/Toronto","","true","350319","kevin627@gmail.com","Kevin Nanakdewa","","350319","kevin627@gmail.com","Kevin Nanakdewa","Staff Membership // London","20830","20831","898235312897","staff-membership-memberships-735","","","Memberships","","","Completed","7/30/2026","CAD","1","0.00","0.00","0.00","0.00","No Charge","E-Commerce","London","Ontario"
"VSST-JRYY-5L6I","Completed","7/30/2026","12:24 AM","America/Toronto","","true","198001","jadynclark@gmail.com","Jadyn Clark","","198001","jadynclark@gmail.com","Jadyn Clark","Staff Membership // London","20830","20831","898235312897","staff-membership-memberships-735","","","Memberships","","","Completed","7/30/2026","CAD","1","0.00","0.00","0.00","0.00","No Charge","E-Commerce","London","Ontario"
"BU5Y-P3RJ-5L6I","Completed","7/30/2026","5:58 AM","America/Toronto","desktop","false","320367","nramirez.hba2015@gmail.com","Nathalie Ramirez","","347301","london@spinco.ca","SPINCO London","SPINCO Water","19657","19658","469973764933","spinco-water-water-914","","","Water","Arctic Chiller","","Completed","7/30/2026","CAD","1","2.50","2.50","0.33","2.83","Visa","In-Store","London","Ontario"
"C3T3-CGN9-5L6I","Completed","7/30/2026","6:16 AM","America/Toronto","","true","378742","itslatashacromwell@gmail.com","Latasha Cromwell","","378742","itslatashacromwell@gmail.com","Latasha Cromwell","Late Cancel Charge","14688","14690","036981809486","late-cancel-fee-penalty-fees-771","","","Penalty Fees","","","Completed","7/30/2026","CAD","1","15.00","15.00","1.95","16.95","Visa","E-Commerce","London","Ontario"
"2M77-GM8S-5L6I","Completed","7/30/2026","7:16 AM","America/Toronto","","true","363395","derek@cardy.ca","Derek Cardy","","363395","derek@cardy.ca","Derek Cardy","No Show Charge","14687","14689","489143084327","no-show-fee-penalty-fees-498","","","Penalty Fees","","","Completed","7/30/2026","CAD","1","20.00","20.00","2.60","22.60","Visa","E-Commerce","London","Ontario"
"QCS7-9P7E-5L6I","Completed","7/30/2026","7:16 AM","America/Toronto","","true","408452","mbrainbow7@gmail.com","Molly Butlin","","408452","mbrainbow7@gmail.com","Molly Butlin","No Show Charge","14687","14689","489143084327","no-show-fee-penalty-fees-498","","","Penalty Fees","","","Completed","7/30/2026","CAD","1","20.00","20.00","2.60","22.60","Visa","E-Commerce","London","Ontario"
"2ARS-EX4C-5L6I","Completed","7/30/2026","7:53 AM","America/Toronto","","false","346889","cswalker1@gmail.com","Casey Walkee","","346889","cswalker1@gmail.com","Casey Walkee","Summer Days Drop-In // London","26178","26179","455715388823","summer-days-drop-credits-083","","","Credits","","","Completed","7/30/2026","CAD","1","15.00","15.00","1.95","16.95","Visa","E-Commerce","London","Ontario"
"ZJE7-A6VS-5L6I","Completed","7/30/2026","8:38 AM","America/Toronto","","false","379868","chelsea.mcquiggan@hotmail.ca","Chelsea McQuiggan","","379868","chelsea.mcquiggan@hotmail.ca","Chelsea McQuiggan","One Class Card // London","20798","20799","760445337951","one-class-card-l-credits-347","","","Credits","","","Completed","7/30/2026","CAD","1","25.00","25.00","3.25","28.25","Mastercard","E-Commerce","London","Ontario"
"KQDG-SGGD-5L6I","Completed","7/30/2026","10:15 AM","America/Toronto","","false","319661","emilyboyko@gmail.com","Emily Boyko","","319661","emilyboyko@gmail.com","Emily Boyko","Spin-It-Forward // London","20792","20793","964245982422","spin-it-forward--credits-429","","","Credits","","","Completed","7/30/2026","CAD","1","10.00","10.00","1.30","11.30","Visa","E-Commerce","London","Ontario"
"NPQD-4HHY-5L6I","Completed","7/30/2026","10:53 AM","America/Toronto","","false","367388","laurenep2005@gmail.com","Lauren Pauwels","","367388","laurenep2005@gmail.com","Lauren Pauwels","Summer Sale 2026 // London: Buy 5, Get 1","25575","25576","822399337239","summer-sale-2026-credits-320","","","Credits","","","Completed","7/30/2026","CAD","1","110.00","110.00","14.30","124.30","Mastercard","E-Commerce","London","Ontario"
"P52B-WGQJ-5L6I","Completed","7/30/2026","12:51 PM","America/Toronto","","false","340041","nicolette.coppola@outlook.com","Nicolette Coppola","","340041","nicolette.coppola@outlook.com","Nicolette Coppola","Summer Sale 2026 // London: Buy 5, Get 1","25575","25576","822399337239","summer-sale-2026-credits-320","","","Credits","","","Completed","7/30/2026","CAD","1","110.00","110.00","14.30","124.30","Visa","E-Commerce","London","Ontario"
"Z7DN-MPV6-5L6I","Completed","7/30/2026","1:18 PM","America/Toronto","","false","382344","sophiaking87@gmail.com","Sophia King","","382344","sophiaking87@gmail.com","Sophia King","One Class Card // London","20798","20799","760445337951","one-class-card-l-credits-347","","","Credits","","","Completed","7/30/2026","CAD","1","25.00","25.00","3.25","28.25","Visa","E-Commerce","London","Ontario"
"2XWH-PNDT-5L6I","Completed","7/30/2026","2:26 PM","America/Toronto","","false","402750","bfiegehen06@gmail.com","Bronwyn Fiegehen","","402750","bfiegehen06@gmail.com","Bronwyn Fiegehen","Summer Days Drop-In // London","26178","26179","455715388823","summer-days-drop-credits-083","","","Credits","","","Completed","7/30/2026","CAD","1","15.00","15.00","1.95","16.95","Mastercard","E-Commerce","London","Ontario"
"ZVM8-HJ5G-5L6I","Completed","7/30/2026","4:08 PM","America/Toronto","","false","385644","familyguest411@icloud.com","Lily Crandall","","385644","familyguest411@icloud.com","Lily Crandall","One Class Card // London","20798","20799","760445337951","one-class-card-l-credits-347","","","Credits","","","Completed","7/30/2026","CAD","1","25.00","25.00","3.25","28.25","Visa","E-Commerce","London","Ontario"
"H9HR-DDFU-5L6I","Completed","7/30/2026","5:21 PM","America/Toronto","desktop","false","340395","hhounsel@alumni.uwo.ca","Heather Hounsell","","347301","london@spinco.ca","SPINCO London","SPINCO Water","19657","19658","469973764933","spinco-water-water-914","","","Water","Arctic Chiller","","Completed","7/30/2026","CAD","1","2.50","2.50","0.33","2.83","Mastercard","In-Store","London","Ontario"
"G4XE-48GV-5L6I","Completed","7/30/2026","6:11 PM","America/Toronto","","false","404528","mday27@uwo.ca","Maddy Day","","404528","mday27@uwo.ca","Maddy Day","Summer Sale 2026 // London: Buy 5, Get 1","25575","25576","822399337239","summer-sale-2026-credits-320","","","Credits","","","Completed","7/30/2026","CAD","1","110.00","110.00","14.30","124.30","Visa","E-Commerce","London","Ontario"
"6VM8-KPG8-5L6I","Completed","7/30/2026","7:54 PM","America/Toronto","","false","355483","yrsultan@icloud.com","Yasmeen Sultan","","355483","yrsultan@icloud.com","Yasmeen Sultan","Summer Sale 2026 // London: Buy 10, Get 2","25569","25570","740055503739","summer-sale-2026-credits-112","","","Credits","","","Completed","7/30/2026","CAD","1","200.00","200.00","26.00","226.00","Mastercard","E-Commerce","London","Ontario"
"692N-22A5-5L6I","Completed","7/30/2026","7:59 PM","America/Toronto","","false","379478","l.megs15@gmail.com","Megi Lika","","379478","l.megs15@gmail.com","Megi Lika","Spin-It-Forward // London","20792","20793","964245982422","spin-it-forward--credits-429","","","Credits","","","Completed","7/30/2026","CAD","1","10.00","10.00","1.30","11.30","Visa","E-Commerce","London","Ontario"
"JBA4-FA7E-5L6J","Completed","7/30/2026","8:03 PM","America/Toronto","","false","408585","msuthe42@gmail.com","Madison Sutherland","","408585","msuthe42@gmail.com","Madison Sutherland","Spin-It-Forward // London","20792","20793","964245982422","spin-it-forward--credits-429","","","Credits","","","Completed","7/30/2026","CAD","1","10.00","10.00","1.30","11.30","Visa","E-Commerce","London","Ontario"
"QTBF-WAJ9-5L6J","Refunded","7/30/2026","8:16 PM","America/Toronto","","true","394135","elaf.th15@gmail.com","Elaf H","","394135","elaf.th15@gmail.com","Elaf H","No Show Charge","14687","14689","489143084327","no-show-fee-penalty-fees-498","","","Penalty Fees","","","Completed","7/30/2026","CAD","1","20.00","20.00","2.60","22.60","Visa","E-Commerce","London","Ontario"
"7NFV-ZJHW-5L6J","Refunded","7/30/2026","8:16 PM","America/Toronto","","true","405991","ahlammohamed04@gmail.com","Ahlam Mohamed","","405991","ahlammohamed04@gmail.com","Ahlam Mohamed","No Show Charge","14687","14689","489143084327","no-show-fee-penalty-fees-498","","","Penalty Fees","","","Completed","7/30/2026","CAD","1","20.00","20.00","2.60","22.60","American Express","E-Commerce","London","Ontario"
"4VZ6-CHHH-5L6J","Completed","7/30/2026","8:36 PM","America/Toronto","","false","401801","s.highgate@hotmail.com","Samantha Highgate","","401801","s.highgate@hotmail.com","Samantha Highgate","Summer Sale 2026 // London: Buy 5, Get 1","25575","25576","822399337239","summer-sale-2026-credits-320","","","Credits","","","Completed","7/30/2026","CAD","1","110.00","110.00","14.30","124.30","Visa","E-Commerce","London","Ontario"
"HBH5-6T2S-5L6J","Completed","7/30/2026","8:44 PM","America/Toronto","","false","401456","lmw7543@gmail.com","Lisa Weir","","401456","lmw7543@gmail.com","Lisa Weir","Summer Sale 2026 // London: Buy 5, Get 1","25575","25576","822399337239","summer-sale-2026-credits-320","","","Credits","","","Completed","7/30/2026","CAD","1","110.00","110.00","14.30","124.30","Mastercard","E-Commerce","London","Ontario"
"8E7E-92CH-5L6J","Completed","7/30/2026","9:00 PM","America/Toronto","","false","408590","marissa21johnson@gmail.com","Marissa Johnson","","408590","marissa21johnson@gmail.com","Marissa Johnson","Summer Days Drop-In // London","26178","26179","455715388823","summer-days-drop-credits-083","","","Credits","","","Completed","7/30/2026","CAD","1","15.00","15.00","1.95","16.95","Visa","E-Commerce","London","Ontario"
"6M9N-9PN8-5L6J","Completed","7/31/2026","12:23 AM","America/Toronto","","true","381092","ketsialr@gmail.com","Ketsia Ratzlaff","","381092","ketsialr@gmail.com","Ketsia Ratzlaff","8x Membership // London","21997","21998","667327189404","8x-membership-lo-memberships-656","","","Memberships","","","Completed","7/31/2026","CAD","1","150.00","150.00","19.50","169.50","Mastercard","E-Commerce","London","Ontario"
"9YN2-BDXU-5L6J","Completed","7/31/2026","12:23 AM","America/Toronto","","true","319732","shanahan.keeghan@gmail.com","Keeghan Shanahan","","319732","shanahan.keeghan@gmail.com","Keeghan Shanahan","Staff Membership // London","20830","20831","898235312897","staff-membership-memberships-735","","","Memberships","","","Completed","7/31/2026","CAD","1","0.00","0.00","0.00","0.00","No Charge","E-Commerce","London","Ontario"
"577P-83BE-5L6J","Completed","7/31/2026","12:23 AM","America/Toronto","","true","336948","rbissett0303@gmail.com","Rachel Bissett","","336948","rbissett0303@gmail.com","Rachel Bissett","Staff Membership // London","20830","20831","898235312897","staff-membership-memberships-735","","","Memberships","","","Completed","7/31/2026","CAD","1","0.00","0.00","0.00","0.00","No Charge","E-Commerce","London","Ontario"
"E4KT-UB8W-5L6J","Completed","7/31/2026","12:39 AM","America/Toronto","","false","96234","carolinepk20@gmail.com","Caroline Park","","96234","carolinepk20@gmail.com","Caroline Park","Summer Sale 2026 // London: Buy 5, Get 1","25575","25576","822399337239","summer-sale-2026-credits-320","","","Credits","","","Completed","7/31/2026","CAD","1","110.00","110.00","14.30","124.30","Visa","E-Commerce","London","Ontario"
"AT5R-RY7D-5L6J","Completed","7/31/2026","6:17 AM","America/Toronto","","true","363395","derek@cardy.ca","Derek Cardy","","363395","derek@cardy.ca","Derek Cardy","Late Cancel Charge","14688","14690","036981809486","late-cancel-fee-penalty-fees-771","","","Penalty Fees","","","Completed","7/31/2026","CAD","1","15.00","15.00","1.95","16.95","Visa","E-Commerce","London","Ontario"
"DF6V-UMVU-5L6J","Completed","7/31/2026","6:17 AM","America/Toronto","","true","371904","c.scarrow51@gmail.com","Claire Scarrow","","371904","c.scarrow51@gmail.com","Claire Scarrow","No Show Charge","14687","14689","489143084327","no-show-fee-penalty-fees-498","","","Penalty Fees","","","Completed","7/31/2026","CAD","1","20.00","20.00","2.60","22.60","Visa","E-Commerce","London","Ontario"
"S8UT-E6YE-5L6J","Completed","7/31/2026","6:17 AM","America/Toronto","","true","407066","luisaarango21@hotmail.com","Luisa Arango","","407066","luisaarango21@hotmail.com","Luisa Arango","No Show Charge","14687","14689","489143084327","no-show-fee-penalty-fees-498","","","Penalty Fees","","","Completed","7/31/2026","CAD","1","20.00","20.00","2.60","22.60","Visa","E-Commerce","London","Ontario"
"DEHT-7DV9-5L6J","Completed","7/31/2026","6:43 AM","America/Toronto","","false","376690","julierayad@gmail.com","Julie Ayad","","376690","julierayad@gmail.com","Julie Ayad","Summer Sale 2026 // London: Buy 10, Get 2","25569","25570","740055503739","summer-sale-2026-credits-112","","","Credits","","","Completed","7/31/2026","CAD","1","200.00","200.00","26.00","226.00","American Express","E-Commerce","London","Ontario"
"C5YH-G5NH-5L6J","Completed","7/31/2026","11:34 AM","America/Toronto","","false","408637","ms.christinachu@gmail.com","Christina Chu","","408637","ms.christinachu@gmail.com","Christina Chu","One Class Card // London","20798","20799","760445337951","one-class-card-l-credits-347","","","Credits","","","Completed","7/31/2026","CAD","1","25.00","25.00","3.25","28.25","Visa","E-Commerce","London","Ontario"
"BYQX-QD86-5L6J","Completed","7/31/2026","11:35 AM","America/Toronto","","false","408637","ms.christinachu@gmail.com","Christina Chu","","408637","ms.christinachu@gmail.com","Christina Chu","One Class Card // London","20798","20799","760445337951","one-class-card-l-credits-347","","","Credits","","","Completed","7/31/2026","CAD","1","25.00","25.00","3.25","28.25","Visa","E-Commerce","London","Ontario"
"3Z9E-7GD7-5L6J","Completed","7/31/2026","11:50 AM","America/Toronto","","false","399248","abbylangan12@gmail.com","Abby Langan","","399248","abbylangan12@gmail.com","Abby Langan","One Class Card // London","20798","20799","760445337951","one-class-card-l-credits-347","","","Credits","","","Completed","7/31/2026","CAD","1","25.00","25.00","3.25","28.25","Visa","E-Commerce","London","Ontario"
"6GWT-5TAY-5L6J","Completed","7/31/2026","12:17 PM","America/Toronto","","true","407154","emma.dobinson888@yahoo.ca","Emma Dobinson","","407154","emma.dobinson888@yahoo.ca","Emma Dobinson","Late Cancel Charge","14688","14690","036981809486","late-cancel-fee-penalty-fees-771","","","Penalty Fees","","","Completed","7/31/2026","CAD","1","15.00","15.00","1.95","16.95","Mastercard","E-Commerce","London","Ontario"
"GJ8S-PXXY-5L6J","Completed","7/31/2026","1:26 PM","America/Toronto","","false","406055","azebian8@uwo.ca","Aya Zebian","","406055","azebian8@uwo.ca","Aya Zebian","Spin-It-Forward // London","20792","20793","964245982422","spin-it-forward--credits-429","","","Credits","","","Completed","7/31/2026","CAD","1","10.00","10.00","1.30","11.30","Mastercard","E-Commerce","London","Ontario"
"H2BK-BB2F-5L6J","Completed","7/31/2026","1:30 PM","America/Toronto","","false","406576","imanz_04@hotmail.com","Iman Zebian","","406576","imanz_04@hotmail.com","Iman Zebian","Spin-It-Forward // London","20792","20793","964245982422","spin-it-forward--credits-429","","","Credits","","","Completed","7/31/2026","CAD","1","10.00","10.00","1.30","11.30","Mastercard","E-Commerce","London","Ontario"
"DFVF-NYG4-5L6J","Completed","7/31/2026","1:31 PM","America/Toronto","","false","408655","ayeshazebian@gmail.com","Ayesha Zebian","","408655","ayeshazebian@gmail.com","Ayesha Zebian","Spin-It-Forward // London","20792","20793","964245982422","spin-it-forward--credits-429","","","Credits","","","Completed","7/31/2026","CAD","1","10.00","10.00","1.30","11.30","Visa","E-Commerce","London","Ontario"
"EGXT-X7H8-5L6J","Completed","7/31/2026","2:05 PM","America/Toronto","","false","355391","ayaarrar@gmail.com","Aya Arrar","","355391","ayaarrar@gmail.com","Aya Arrar","Summer Days Drop-In // London","26178","26179","455715388823","summer-days-drop-credits-083","","","Credits","","","Completed","7/31/2026","CAD","5","75.00","75.00","9.75","84.75","Account balance, Visa","E-Commerce","London","Ontario"
"3ZF2-NK5N-5L6J","Completed","7/31/2026","3:07 PM","America/Toronto","mobile","false","408660","cassk98@hotmail.com","Cassandra Korten","","408660","cassk98@hotmail.com","Cassandra Korten","One Class Card // London","20798","20799","760445337951","one-class-card-l-credits-347","","","Credits","","","Completed","7/31/2026","CAD","1","0.00","25.00","0.00","0.00","No Charge","E-Commerce","London","Ontario"
"SRWJ-3G29-5L6J","Completed","7/31/2026","4:32 PM","America/Toronto","","false","398513","heba_h1026@hotmail.com","Heba Hamou","","398513","heba_h1026@hotmail.com","Heba Hamou","One Class Card // London","20798","20799","760445337951","one-class-card-l-credits-347","","","Credits","","","Completed","7/31/2026","CAD","1","25.00","25.00","3.25","28.25","Visa","E-Commerce","London","Ontario"
"667N-6AP9-5L6J","Completed","7/31/2026","4:57 PM","America/Toronto","","false","408678","lindsey.renwick@hotmail.ca","Lindsey Renwick","","408678","lindsey.renwick@hotmail.ca","Lindsey Renwick","One Class Card // London","20798","20799","760445337951","one-class-card-l-credits-347","","","Credits","","","Completed","7/31/2026","CAD","1","25.00","25.00","3.25","28.25","Mastercard","E-Commerce","London","Ontario"
"6Q9H-CJ7J-5L6J","Completed","7/31/2026","5:06 PM","America/Toronto","","false","336213","tmorell16@me.com","Taylor Morell","","336213","tmorell16@me.com","Taylor Morell","Summer Sale 2026 // London: Buy 5, Get 1","25575","25576","822399337239","summer-sale-2026-credits-320","","","Credits","","","Completed","7/31/2026","CAD","1","110.00","110.00","14.30","124.30","Visa","E-Commerce","London","Ontario"
"V4ZS-WX5E-5L6J","Completed","7/31/2026","5:10 PM","America/Toronto","","false","363411","rchirara@uwo.ca","rachiel chirara","","363411","rchirara@uwo.ca","rachiel chirara","Spin-It-Forward // London","20792","20793","964245982422","spin-it-forward--credits-429","","","Credits","","","Completed","7/31/2026","CAD","1","10.00","10.00","1.30","11.30","Visa","E-Commerce","London","Ontario"
"P7ST-PVTX-5L6J","Completed","7/31/2026","5:40 PM","America/Toronto","","false","405121","cherryqian06@gmail.com","Cherry Qian","","405121","cherryqian06@gmail.com","Cherry Qian","Summer Sale 2026 // London: Buy 5, Get 1","25575","25576","822399337239","summer-sale-2026-credits-320","","","Credits","","","Completed","7/31/2026","CAD","1","110.00","110.00","14.30","124.30","American Express","E-Commerce","London","Ontario"
"QTBF-WAJ9-5L6J","Refunded","7/30/2026","8:16 PM","America/Toronto","","true","394135","elaf.th15@gmail.com","Elaf H","","382306","michellejcallander@gmail.com","Michelle Callandar","No Show Charge","14687","14689","489143084327","no-show-fee-penalty-fees-498","","","Penalty Fees","","","Refunded","7/31/2026","CAD","-1","-20.00","-20.00","-2.60","-22.60","Visa","E-Commerce","London","Ontario"
"7NFV-ZJHW-5L6J","Refunded","7/30/2026","8:16 PM","America/Toronto","","true","405991","ahlammohamed04@gmail.com","Ahlam Mohamed","","382306","michellejcallander@gmail.com","Michelle Callandar","No Show Charge","14687","14689","489143084327","no-show-fee-penalty-fees-498","","","Penalty Fees","","","Refunded","7/31/2026","CAD","-1","-20.00","-20.00","-2.60","-22.60","American Express","E-Commerce","London","Ontario"
"WE4Q-M43U-5L8H","Completed","7/31/2026","8:23 PM","America/Toronto","","false","399248","abbylangan12@gmail.com","Abby Langan","","399248","abbylangan12@gmail.com","Abby Langan","One Class Card // London","20798","20799","760445337951","one-class-card-l-credits-347","","","Credits","","","Completed","7/31/2026","CAD","1","25.00","25.00","3.25","28.25","Visa","E-Commerce","London","Ontario"
"HBP6-JPKK-5L8H","Completed","7/31/2026","8:55 PM","America/Toronto","","false","381782","javeriahassan@windowslive.com","Javeria Hasan","","381782","javeriahassan@windowslive.com","Javeria Hasan","Summer Sale 2026 // London: Buy 10, Get 2","25569","25570","740055503739","summer-sale-2026-credits-112","","","Credits","","","Completed","7/31/2026","CAD","1","200.00","200.00","26.00","226.00","Visa","E-Commerce","London","Ontario"
"9U9B-V83F-5L8H","Completed","7/31/2026","9:39 PM","America/Toronto","","false","408704","mcmere18@outlook.com","Meredith McIntyre","","408704","mcmere18@outlook.com","Meredith McIntyre","Summer Days Drop-In // London","26178","26179","455715388823","summer-days-drop-credits-083","","","Credits","","","Completed","7/31/2026","CAD","1","15.00","15.00","1.95","16.95","Mastercard","E-Commerce","London","Ontario"
"BU23-EN45-5L8H","Completed","7/31/2026","9:41 PM","America/Toronto","","false","358985","mackjm14@outlook.com","Mackenzie Marr","","358985","mackjm14@outlook.com","Mackenzie Marr","Summer Days Drop-In // London","26178","26179","455715388823","summer-days-drop-credits-083","","","Credits","","","Completed","7/31/2026","CAD","1","15.00","15.00","1.95","16.95","Visa","E-Commerce","London","Ontario"
"JVY4-X45X-5L8H","Completed","7/31/2026","10:20 PM","America/Toronto","","false","336217","roxanne.persaud@yahoo.com","Roxanne Persaud","","336217","roxanne.persaud@yahoo.com","Roxanne Persaud","Summer Sale 2026 // London: Buy 10, Get 2","25569","25570","740055503739","summer-sale-2026-credits-112","","","Credits","","","Completed","7/31/2026","CAD","1","200.00","200.00","26.00","226.00","Mastercard","E-Commerce","London","Ontario"
"KVYF-V9NM-5L8H","Completed","7/31/2026","10:34 PM","America/Toronto","","false","401994","husnitava@hotmail.com","Tava Husni","","401994","husnitava@hotmail.com","Tava Husni","Summer Days Drop-In // London","26178","26179","455715388823","summer-days-drop-credits-083","","","Credits","","","Completed","7/31/2026","CAD","1","15.00","15.00","1.95","16.95","Visa","E-Commerce","London","Ontario"