"Order Number","Order Status","Order Date (Local)","Order Time (Local)","Order Time Zone","Order Device","Processed by System?","Customer ID","Customer Email","Customer Name","Company Name","Broker ID","Broker Email","Broker Name","Product","Product ID","Variant ID","Product Barcode","Product SKU","Product Color","Product Size","Product Type","Vendor","Sub Category","Line Status","Transaction Date","Currency","Line Quantity","Line Subtotal","Original Price","Line Tax","Line Total","Order Payment Method(s)","Purchase Location","Fulfillment Location","Fulfillment Region"
"CNNA-BUEN-5L05","Completed","5/1/2026","12:30 AM","America/Toronto","","true","363395","derek@cardy.ca","Derek Cardy","","363395","derek@cardy.ca","Derek Cardy","Unlimited Membership // London","21995","21996","447442561003","unlimited-member-memberships-867","","","Memberships","","","Completed","5/1/2026","CAD","1","200.00","200.00","26.00","226.00","Visa","E-Commerce","London","Ontario"
"4QWS-B74Y-5L05","Completed","5/1/2026","12:30 AM","America/Toronto","","true","336307","kendramacdougall488@hotmail.com","Kendra MacDougall","","336307","kendramacdougall488@hotmail.com","Kendra MacDougall","8x Monthly Membership // 20% OFF PRE-SALE (London)","20848","20849","592398618104","20-off-presale-8-memberships-995","","","Memberships","","","Completed","5/1/2026","CAD","1","120.00","150.00","15.60","135.60","Mastercard","E-Commerce","London","Ontario"
"3NFD-R6J4-5L05","Completed","5/1/2026","12:30 AM","America/Toronto","","true","356671","daymtess228@gmail.com","Tessa Dayman","","356671","daymtess228@gmail.com","Tessa Dayman","Staff Membership // London","20830","20831","898235312897","staff-membership-memberships-735","","","Memberships","","","Completed","5/1/2026","CAD","1","0.00","0.00","0.00","0.00","No Charge","E-Commerce","London","Ontario"
"U9E2-5BFV-5L05","Completed","5/1/2026","12:44 AM","America/Toronto","","false","356199","fatimaseddieg@gmail.com","Fatima Seddieg","","356199","fatimaseddieg@gmail.com","Fatima Seddieg","Spin-It-Forward // London","20792","20793","964245982422","spin-it-forward--credits-429","","","Credits","","","Completed","5/1/2026","CAD","1","10.00","10.00","1.30","11.30","Visa","E-Commerce","London","Ontario"
"G599-SGQR-5L05","Completed","5/1/2026","12:45 AM","America/Toronto","","false","365087","dania.khan668@gmail.com","dania parvez","","365087","dania.khan668@gmail.com","dania parvez","Spin-It-Forward // London","20792","20793","964245982422","spin-it-forward--credits-429","","","Credits","","","Completed","5/1/2026","CAD","1","10.00","10.00","1.30","11.30","Visa","E-Commerce","London","Ontario"
"7BYN-YPK7-5L05","Completed","5/1/2026","5:17 AM","America/Toronto","","true","363395","derek@cardy.ca","Derek Cardy","","363395","derek@cardy.ca","Derek Cardy","Late Cancel Charge","14688","14690","036981809486","late-cancel-fee-penalty-fees-771","","","Penalty Fees","","","Completed","5/1/2026","CAD","1","15.00","15.00","1.95","16.95","Visa","E-Commerce","London","Ontario"
"FVDZ-A9JJ-5L05","Completed","5/1/2026","6:16 AM","America/Toronto","","true","356216","katherinetenhaaf@gmail.com","Katie ten Haaf","","356216","katherinetenhaaf@gmail.com","Katie ten Haaf","Late Cancel Charge","14688","14690","036981809486","late-cancel-fee-penalty-fees-771","","","Penalty Fees","","","Completed","5/1/2026","CAD","1","15.00","15.00","1.95","16.95","Visa","E-Commerce","London","Ontario"
"8Z2Q-N3FR-5L05","Completed","5/1/2026","6:53 AM","America/Toronto","desktop","false","380674","mervebozkurtt.41@gmail.com","Merve Bozkurt","","347301","london@spinco.ca","SPINCO London","Coffee // London","23655","23656","087239269521","coffee-london-food-and-beverag-851","","","Food and Beverage","","","Completed","5/1/2026","CAD","1","1.50","1.50","0.20","1.70","Mastercard","In-Store","London","Ontario"
"7PP6-7YTY-5L05","Completed","5/1/2026","6:54 AM","America/Toronto","desktop","false","369246","fmacd039@uottawa.ca","FIONA MACDONALD","","347301","london@spinco.ca","SPINCO London","Coffee // London","23655","23656","087239269521","coffee-london-food-and-beverag-851","","","Food and Beverage","","","Completed","5/1/2026","CAD","1","1.50","1.50","0.20","1.70","Visa","In-Store","London","Ontario"
"BBME-DB4G-5L05","Completed","5/1/2026","6:55 AM","America/Toronto","desktop","false","311771","alexrosewatt@outlook.com","Alex Watt","","347301","london@spinco.ca","SPINCO London","Coffee // London","23655","23656","087239269521","coffee-london-food-and-beverag-851","","","Food and Beverage","","","Completed","5/1/2026","CAD","1","1.50","1.50","0.20","1.70","Visa","In-Store","London","Ontario"
"DNR6-8CA6-5L05","Completed","5/1/2026","7:21 AM","America/Toronto","","false","367516","chloelau96@live.ca","Chloe Lau","","367516","chloelau96@live.ca","Chloe Lau","Birthday Drop-In // London","24943","24944","863413999341","birthday-drop-in-credits-432","","","Credits","","","Completed","5/1/2026","CAD","1","15.00","15.00","1.95","16.95","Visa","E-Commerce","London","Ontario"
"2SB6-D3X2-5L05","Completed","5/1/2026","7:22 AM","America/Toronto","","false","367516","chloelau96@live.ca","Chloe Lau","","367516","chloelau96@live.ca","Chloe Lau","Pastel Petals Flower Bar // London","24999","25000","926211254334","build-your-own-b-custom-193","","","Custom","","","Completed","5/1/2026","CAD","2","33.00","33.00","4.29","37.29","Visa","E-Commerce","London","Ontario"
"NHM4-7CWE-5L05","Completed","5/1/2026","4:12 PM","America/Toronto","","false","388544","rbreitsprecher06@gmail.com","riley breitsprecher","","388544","rbreitsprecher06@gmail.com","riley breitsprecher","One Class Card // London","20798","20799","760445337951","one-class-card-l-credits-347","","","Credits","","","Completed","5/1/2026","CAD","1","25.00","25.00","3.25","28.25","Visa","E-Commerce","London","Ontario"
"E3SH-YC9X-5L05","Completed","5/1/2026","4:13 PM","America/Toronto","","false","324980","ielyzaveta.fedyna@gmail.com","Lisa Fedyna","","324980","ielyzaveta.fedyna@gmail.com","Lisa Fedyna","One Class Card // London","20798","20799","760445337951","one-class-card-l-credits-347","","","Credits","","","Completed","5/1/2026","CAD","1","25.00","25.00","3.25","28.25","Visa","E-Commerce","London","Ontario"
"Y2WY-B8M5-5L05","Completed","5/1/2026","4:15 PM","America/Toronto","","true","388764","wigginsjuliana@gmail.com","Juliana Wiggins","","388764","wigginsjuliana@gmail.com","Juliana Wiggins","Late Cancel Charge","14688","14690","036981809486","late-cancel-fee-penalty-fees-771","","","Penalty Fees","","","Completed","5/1/2026","CAD","1","15.00","15.00","1.95","16.95","Visa","E-Commerce","London","Ontario"
"H5KR-JAX5-5L05","Completed","5/1/2026","4:45 PM","America/Toronto","desktop","false","340395","hhounsel@alumni.uwo.ca","Heather Hounsell","","347301","london@spinco.ca","SPINCO London","SPINCO Water","19657","19658","469973764933","spinco-water-water-914","","","Water","Arctic Chiller","","Completed","5/1/2026","CAD","1","2.50","2.50","0.33","2.83","Mastercard","In-Store","London","Ontario"
"KD3F-FX5T-5L05","Completed","5/1/2026","5:37 PM","America/Toronto","mobile","false","346927","narellehesler@gmail.com","Narelle Hesler","","346927","narellehesler@gmail.com","Narelle Hesler","Spin-It-Forward // London","20792","20793","964245982422","spin-it-forward--credits-429","","","Credits","","","Completed","5/1/2026","CAD","1","10.00","10.00","1.30","11.30","Mastercard","E-Commerce","London","Ontario"
"E6QW-YK3C-5L05","Completed","5/1/2026","5:46 PM","America/Toronto","desktop","false","373107","angeliquewhy@gmail.com","Angelique Yetming","","347301","london@spinco.ca","SPINCO London","Spin-It-Forward // London","20792","20793","964245982422","spin-it-forward--credits-429","","","Credits","","","Completed","5/1/2026","CAD","1","10.00","10.00","1.30","11.30","American Express","In-Store","London","Ontario"
"PHJ3-DC7B-5L05","Completed","5/1/2026","7:18 PM","America/Toronto","","false","370956","emilyd987@hotmail.com","Emily Di Nino","","370956","emilyd987@hotmail.com","Emily Di Nino","Ten Class Card // London","20794","20795","456569691604","ten-class-card-l-credits-104","","","Credits","","","Completed","5/1/2026","CAD","1","200.00","200.00","26.00","226.00","Mastercard","E-Commerce","London","Ontario"
"V9G6-TG9V-5L05","Completed","5/1/2026","7:21 PM","America/Toronto","","false","370956","emilyd987@hotmail.com","Emily Di Nino","","370956","emilyd987@hotmail.com","Emily Di Nino","Birthday Drop-In // London","24943","24944","863413999341","birthday-drop-in-credits-432","","","Credits","","","Completed","5/1/2026","CAD","1","15.00","15.00","1.95","16.95","Mastercard","E-Commerce","London","Ontario"
"7HQN-93FU-5L06","Completed","5/1/2026","8:37 PM","America/Toronto","","false","367417","em3stirling@outlook.com","Emily Stirling","","367417","em3stirling@outlook.com","Emily Stirling","One Class Card // London","20798","20799","760445337951","one-class-card-l-credits-347","","","Credits","","","Completed","5/1/2026","CAD","1","25.00","25.00","3.25","28.25","Visa","E-Commerce","London","Ontario"
"XTAY-GD28-5L06","Completed","5/1/2026","10:01 PM","America/Toronto","","false","369187","alexmorrison785@gmail.com","Alex Morrison","","369187","alexmorrison785@gmail.com","Alex Morrison","One Class Card // London","20798","20799","760445337951","one-class-card-l-credits-347","","","Credits","","","Completed","5/1/2026","CAD","1","25.00","25.00","3.25","28.25","Visa","E-Commerce","London","Ontario"
"ZAXF-JY3Z-5L06","Completed","5/1/2026","10:03 PM","America/Toronto","","false","369187","alexmorrison785@gmail.com","Alex Morrison","","369187","alexmorrison785@gmail.com","Alex Morrison","Birthday Drop-In // London","24943","24944","863413999341","birthday-drop-in-credits-432","","","Credits","","","Completed","5/1/2026","CAD","1","15.00","15.00","1.95","16.95","Visa","E-Commerce","London","Ontario"
"RGAF-4WPS-5L06","Completed","5/2/2026","12:26 AM","America/Toronto","","true","388653","rebecca_goettling@hotmail.com","Rebecca Hamilton","","388653","rebecca_goettling@hotmail.com","Rebecca Hamilton","Unlimited Membership // London","21995","21996","447442561003","unlimited-member-memberships-867","","","Memberships","","","Completed","5/2/2026","CAD","1","200.00","200.00","26.00","226.00","Mastercard","E-Commerce","London","Ontario"
"RJEU-A64W-5L06","Completed","5/2/2026","12:27 AM","America/Toronto","","true","339714","bhulley@live.ca","Breanne Hulley-Linton","","339714","bhulley@live.ca","Breanne Hulley-Linton","8x Monthly Membership // 10% OFF PRE-SALE (London)","20864","20865","581083306841","8x-monthly-membe-memberships-014","","","Memberships","","","Completed","5/2/2026","CAD","1","135.00","150.00","17.55","152.55","Visa","E-Commerce","London","Ontario"
"SFCN-WAMP-5L06","Completed","5/2/2026","12:27 AM","America/Toronto","","true","336216","hanna.s.ke2000@gmail.com","Hanna Ke","","336216","hanna.s.ke2000@gmail.com","Hanna Ke","8x Monthly Membership // 20% OFF PRE-SALE (London)","20848","20849","592398618104","20-off-presale-8-memberships-995","","","Memberships","","","Completed","5/2/2026","CAD","1","120.00","150.00","15.60","135.60","Visa","E-Commerce","London","Ontario"
"VWQG-GGUT-5L06","Completed","5/2/2026","12:27 AM","America/Toronto","","true","351338","lyndsayfitzgeorge@gmail.com","Lyndsay Fitzgeorge","","351338","lyndsayfitzgeorge@gmail.com","Lyndsay Fitzgeorge","Unlimited Membership // London · BLACK FRIDAY 2025","22630","22631","712442897099","unlimited-member-memberships-584","","","Memberships","","","Completed","5/2/2026","CAD","1","180.00","180.00","23.40","203.40","Mastercard","E-Commerce","London","Ontario"
"9JVR-YJ62-5L06","Completed","5/2/2026","12:27 AM","America/Toronto","","true","229670","elliedeegan@gmail.com","Ellie Deegan","","229670","elliedeegan@gmail.com","Ellie Deegan","4x Membership // London","21999","22000","216300284773","4x-membership-lo-memberships-280","","","Memberships","","","Completed","5/2/2026","CAD","1","80.00","80.00","10.40","90.40","Mastercard","E-Commerce","London","Ontario"
"GGSM-XRXP-5L06","Completed","5/2/2026","7:52 AM","America/Toronto","","false","354213","h_assaf92@hotmail.com","Hannan A","","354213","h_assaf92@hotmail.com","Hannan A","4x Membership // London","21999","22000","216300284773","4x-membership-lo-memberships-280","","","Memberships","","","Completed","5/2/2026","CAD","1","80.00","80.00","10.40","90.40","Visa","E-Commerce","London","Ontario"
"AH4V-ESS8-5L06","Completed","5/2/2026","8:17 AM","America/Toronto","","true","391163","lianam09@hotmail.com","Liana Melo","","391163","lianam09@hotmail.com","Liana Melo","No Show Charge","14687","14689","489143084327","no-show-fee-penalty-fees-498","","","Penalty Fees","","","Completed","5/2/2026","CAD","1","20.00","20.00","2.60","22.60","Mastercard","E-Commerce","London","Ontario"
"MDYN-QE9E-5L06","Completed","5/2/2026","8:17 AM","America/Toronto","","true","363395","derek@cardy.ca","Derek Cardy","","363395","derek@cardy.ca","Derek Cardy","Late Cancel Charge","14688","14690","036981809486","late-cancel-fee-penalty-fees-771","","","Penalty Fees","","","Completed","5/2/2026","CAD","1","15.00","15.00","1.95","16.95","Visa","E-Commerce","London","Ontario"
"GUNT-MRY6-5L06","Completed","5/2/2026","8:55 AM","America/Toronto","desktop","false","397633","alaribeh@hotmail.com","Hamida Alaribe","","346927","narellehesler@gmail.com","Narelle Hesler","Coffee // London","23655","23656","087239269521","coffee-london-food-and-beverag-851","","","Food and Beverage","","","Completed","5/2/2026","CAD","1","1.50","1.50","0.20","1.70","Visa","In-Store","London","Ontario"
"R7FW-6EKV-5L06","Completed","5/2/2026","8:58 AM","America/Toronto","desktop","false","380674","mervebozkurtt.41@gmail.com","Merve Bozkurt","","346927","narellehesler@gmail.com","Narelle Hesler","Coffee // London","23655","23656","087239269521","coffee-london-food-and-beverag-851","","","Food and Beverage","","","Completed","5/2/2026","CAD","1","1.50","1.50","0.20","1.70","Mastercard","In-Store","London","Ontario"
"Q47W-8G9M-5L06","Completed","5/2/2026","10:05 AM","America/Toronto","desktop","false","363395","derek@cardy.ca","Derek Cardy","","346927","narellehesler@gmail.com","Narelle Hesler","Coffee // London","23655","23656","087239269521","coffee-london-food-and-beverag-851","","","Food and Beverage","","","Completed","5/2/2026","CAD","1","1.50","1.50","0.20","1.70","Visa","In-Store","London","Ontario"
"4FPU-4KJV-5L06","Completed","5/2/2026","11:07 AM","America/Toronto","","false","375897","victoria.reparon@hotmail.com","Victoria Good","","375897","victoria.reparon@hotmail.com","Victoria Good","Birthday Drop-In // London","24943","24944","863413999341","birthday-drop-in-credits-432","","","Credits","","","Completed","5/2/2026","CAD","2","30.00","30.00","3.90","33.90","Visa","E-Commerce","London","Ontario"
"67R4-GRTU-5L06","Completed","5/2/2026","11:16 AM","America/Toronto","","true","369341","holl.steen1@gmail.com","Holly Steen","","369341","holl.steen1@gmail.com","Holly Steen","Late Cancel Charge","14688","14690","036981809486","late-cancel-fee-penalty-fees-771","","","Penalty Fees","","","Completed","5/2/2026","CAD","1","15.00","15.00","1.95","16.95","Mastercard","E-Commerce","London","Ontario"
"T83B-S3WC-5L06","Completed","5/2/2026","11:16 AM","America/Toronto","","true","369341","holl.steen1@gmail.com","Holly Steen","","369341","holl.steen1@gmail.com","Holly Steen","Late Cancel Charge","14688","14690","036981809486","late-cancel-fee-penalty-fees-771","","","Penalty Fees","","","Completed","5/2/2026","CAD","1","15.00","15.00","1.95","16.95","Mastercard","E-Commerce","London","Ontario"
"99PZ-RZQB-5L06","Completed","5/2/2026","11:39 AM","America/Toronto","","false","372125","jsmjazzy@gmail.com","Jasmine Swan","","372125","jsmjazzy@gmail.com","Jasmine Swan","One Class Card // London","20798","20799","760445337951","one-class-card-l-credits-347","","","Credits","","","Completed","5/2/2026","CAD","1","25.00","25.00","3.25","28.25","Visa","E-Commerce","London","Ontario"
"XENV-J8Q6-5L06","Completed","5/2/2026","12:08 PM","America/Toronto","","false","346597","sidneytrinh02@gmail.com","Sidney Trinh","","346597","sidneytrinh02@gmail.com","Sidney Trinh","Birthday Drop-In // London","24943","24944","863413999341","birthday-drop-in-credits-432","","","Credits","","","Completed","5/2/2026","CAD","1","15.00","15.00","1.95","16.95","Mastercard","E-Commerce","London","Ontario"
"5YG7-B43F-5L06","Completed","5/2/2026","12:14 PM","America/Toronto","","false","346597","sidneytrinh02@gmail.com","Sidney Trinh","","346597","sidneytrinh02@gmail.com","Sidney Trinh","Birthday Drop-In // London","24943","24944","863413999341","birthday-drop-in-credits-432","","","Credits","","","Completed","5/2/2026","CAD","1","15.00","15.00","1.95","16.95","Mastercard","E-Commerce","London","Ontario"
"73SB-HBP3-5L06","Completed","5/2/2026","12:57 PM","America/Toronto","","false","397916","monika.ruedi@gmail.com","MONIKA FOULSER","","397916","monika.ruedi@gmail.com","MONIKA FOULSER","Birthday Drop-In // London","24943","24944","863413999341","birthday-drop-in-credits-432","","","Credits","","","Completed","5/2/2026","CAD","1","15.00","15.00","1.95","16.95","Mastercard","E-Commerce","London","Ontario"
"Z3JQ-DHE4-5L06","Completed","5/2/2026","5:15 PM","America/Toronto","","false","397909","queenethudowa@gmail.com","Queeneth Udowa-Ekpenyong","","397909","queenethudowa@gmail.com","Queeneth Udowa-Ekpenyong","4x Membership // London","21999","22000","216300284773","4x-membership-lo-memberships-280","","","Memberships","","","Completed","5/2/2026","CAD","1","80.00","80.00","10.40","90.40","Visa","E-Commerce","London","Ontario"
"CBSQ-8MWC-5L06","Completed","5/2/2026","6:16 PM","America/Toronto","","false","376617","alicia.nirta@gmail.com","Alicia Nirta","","376617","alicia.nirta@gmail.com","Alicia Nirta","Birthday Drop-In // London","24943","24944","863413999341","birthday-drop-in-credits-432","","","Credits","","","Completed","5/2/2026","CAD","1","15.00","15.00","1.95","16.95","Visa","E-Commerce","London","Ontario"
"EWZC-RH4N-5L06","Completed","5/2/2026","7:15 PM","America/Toronto","","true","386928","joannepazdzierz@hotmail.com","Joanne Crandall","","386928","joannepazdzierz@hotmail.com","Joanne Crandall","No Show Charge","14687","14689","489143084327","no-show-fee-penalty-fees-498","","","Penalty Fees","","","Completed","5/2/2026","CAD","1","20.00","20.00","2.60","22.60","Visa","E-Commerce","London","Ontario"
"S933-4GHX-5L07","Completed","5/3/2026","12:42 AM","America/Toronto","","false","391441","jnorejko@outlook.com","Jo Norejko","","391441","jnorejko@outlook.com","Jo Norejko","One Class Card // London","20798","20799","760445337951","one-class-card-l-credits-347","","","Credits","","","Completed","5/3/2026","CAD","1","25.00","25.00","3.25","28.25","Visa","E-Commerce","London","Ontario"
"X8Q2-5YZX-5L07","Completed","5/3/2026","12:50 AM","America/Toronto","","false","348797","costoich7@gmail.com","Connor Ostoich","","348797","costoich7@gmail.com","Connor Ostoich","Ten Class Card // London","20794","20795","456569691604","ten-class-card-l-credits-104","","","Credits","","","Completed","5/3/2026","CAD","1","200.00","200.00","26.00","226.00","Visa","E-Commerce","London","Ontario"
"6HBW-VA86-5L07","Completed","5/3/2026","7:12 AM","America/Toronto","","false","365077","chantel.brown@lhsc.on.ca","Chantel Desumma-Brown","","365077","chantel.brown@lhsc.on.ca","Chantel Desumma-Brown","One Class Card // London","20798","20799","760445337951","one-class-card-l-credits-347","","","Credits","","","Completed","5/3/2026","CAD","1","25.00","25.00","3.25","28.25","Visa","E-Commerce","London","Ontario"
"AKMG-DXVD-5L07","Completed","5/3/2026","8:21 AM","America/Toronto","","false","361749","alissamitchell@rogers.com","Alissa Mitchell","","361749","alissamitchell@rogers.com","Alissa Mitchell","Birthday Drop-In // London","24943","24944","863413999341","birthday-drop-in-credits-432","","","Credits","","","Completed","5/3/2026","CAD","1","15.00","15.00","1.95","16.95","Visa","E-Commerce","London","Ontario"
"8Y5C-EDHK-5L07","Completed","5/3/2026","8:21 AM","America/Toronto","","false","361749","alissamitchell@rogers.com","Alissa Mitchell","","361749","alissamitchell@rogers.com","Alissa Mitchell","Birthday Drop-In // London","24943","24944","863413999341","birthday-drop-in-credits-432","","","Credits","","","Completed","5/3/2026","CAD","1","15.00","15.00","1.95","16.95","Visa","E-Commerce","London","Ontario"
"7RKW-U8Q4-5L07","Completed","5/3/2026","8:52 AM","America/Toronto","desktop","false","383035","kait_slattery@hotmail.com","Kait Hesketh","","347301","london@spinco.ca","SPINCO London","SPINCO Water","19657","19658","469973764933","spinco-water-water-914","","","Water","Arctic Chiller","","Completed","5/3/2026","CAD","1","2.50","2.50","0.33","2.83","Mastercard","In-Store","London","Ontario"
"MXC9-8W5F-5L07","Completed","5/3/2026","9:48 AM","America/Toronto","","false","112024","valeriem000@gmail.com","valerie molina","","112024","valeriem000@gmail.com","valerie molina","Five Class Card // London","20802","20803","488719457552","five-class-card--credits-078","","","Credits","","","Completed","5/3/2026","CAD","1","110.00","110.00","14.30","124.30","Visa","E-Commerce","London","Ontario"
"UEG9-2WQJ-5L07","Completed","5/3/2026","9:58 AM","America/Toronto","","false","388475","michellelenehan1@gmail.com","Michelle Lenehan","","388475","michellelenehan1@gmail.com","Michelle Lenehan","Ten Class Card // London","20794","20795","456569691604","ten-class-card-l-credits-104","","","Credits","","","Completed","5/3/2026","CAD","1","200.00","200.00","26.00","226.00","Visa","E-Commerce","London","Ontario"
"ARA4-MCDU-5L07","Completed","5/3/2026","10:02 AM","America/Toronto","desktop","false","363395","derek@cardy.ca","Derek Cardy","","347301","london@spinco.ca","SPINCO London","Coffee // London","23655","23656","087239269521","coffee-london-food-and-beverag-851","","","Food and Beverage","","","Completed","5/3/2026","CAD","1","1.50","1.50","0.20","1.70","Visa","In-Store","London","Ontario"
"DB93-W5QU-5L07","Completed","5/3/2026","10:17 AM","America/Toronto","","true","394564","melo_lucia13@outlook.com","Lucia Melo","","394564","melo_lucia13@outlook.com","Lucia Melo","Late Cancel Charge","14688","14690","036981809486","late-cancel-fee-penalty-fees-771","","","Penalty Fees","","","Completed","5/3/2026","CAD","1","15.00","15.00","1.95","16.95","Mastercard","E-Commerce","London","Ontario"
"M5Q4-6987-5L07","Completed","5/3/2026","10:17 AM","America/Toronto","","true","397102","otem6199@gmail.com","Ella Ma","","397102","otem6199@gmail.com","Ella Ma","Late Cancel Charge","14688","14690","036981809486","late-cancel-fee-penalty-fees-771","","","Penalty Fees","","","Completed","5/3/2026","CAD","1","15.00","15.00","1.95","16.95","Visa","E-Commerce","London","Ontario"
"H53S-PX9N-5L07","Completed","5/3/2026","10:17 AM","America/Toronto","","true","356216","katherinetenhaaf@gmail.com","Katie ten Haaf","","356216","katherinetenhaaf@gmail.com","Katie ten Haaf","Late Cancel Charge","14688","14690","036981809486","late-cancel-fee-penalty-fees-771","","","Penalty Fees","","","Completed","5/3/2026","CAD","1","15.00","15.00","1.95","16.95","Visa","E-Commerce","London","Ontario"
"GF8P-T69R-5L07","Completed","5/3/2026","10:44 AM","America/Toronto","","false","397912","carolina.castaneda.xo@hotmail.com","Carolina Castaneda","","397912","carolina.castaneda.xo@hotmail.com","Carolina Castaneda","Birthday Drop-In // London","24943","24944","863413999341","birthday-drop-in-credits-432","","","Credits","","","Completed","5/3/2026","CAD","1","15.00","15.00","1.95","16.95","Visa","E-Commerce","London","Ontario"
"NYKG-DKZE-5L07","Completed","5/3/2026","10:47 AM","America/Toronto","desktop","false","396674","anniekaplin@gmail.com","Annie Kaplin","","346927","narellehesler@gmail.com","Narelle Hesler","SPINCO Water","19657","19658","469973764933","spinco-water-water-914","","","Water","Arctic Chiller","","Completed","5/3/2026","CAD","1","2.50","2.50","0.33","2.83","Visa","In-Store","London","Ontario"
"45BE-BEP5-5L07","Completed","5/3/2026","11:14 AM","America/Toronto","","false","382039","lintonalia@gmail.com","Alia Linton","","382039","lintonalia@gmail.com","Alia Linton","One Class Card // London","20798","20799","760445337951","one-class-card-l-credits-347","","","Credits","","","Completed","5/3/2026","CAD","1","25.00","25.00","3.25","28.25","Mastercard","E-Commerce","London","Ontario"
"BVRM-DQJG-5L07","Completed","5/3/2026","11:29 AM","America/Toronto","","false","397998","ricardo.barillas.24@outlook.com","Ricardo Barillas","","397998","ricardo.barillas.24@outlook.com","Ricardo Barillas","One Class Card // London","20798","20799","760445337951","one-class-card-l-credits-347","","","Credits","","","Completed","5/3/2026","CAD","1","25.00","25.00","3.25","28.25","Visa","E-Commerce","London","Ontario"
"QVMF-DA8Z-5L07","Completed","5/3/2026","2:58 PM","America/Toronto","","false","386058","chloe.ballard@icloud.com","chloe ballard","","386058","chloe.ballard@icloud.com","chloe ballard","Unlimited Membership // London","21995","21996","447442561003","unlimited-member-memberships-867","","","Memberships","","","Completed","5/3/2026","CAD","1","200.00","200.00","26.00","226.00","Visa","E-Commerce","London","Ontario"
"AWPR-SYRX-5L07","Completed","5/3/2026","3:46 PM","America/Toronto","","false","65385","jensentait@rogers.com","Jensen Tait","","65385","jensentait@rogers.com","Jensen Tait","Birthday Drop-In // London","24943","24944","863413999341","birthday-drop-in-credits-432","","","Credits","","","Completed","5/3/2026","CAD","1","15.00","15.00","1.95","16.95","Visa","E-Commerce","London","Ontario"
"UJNH-JDUD-5L07","Completed","5/3/2026","4:38 PM","America/Toronto","","false","397609","erinpagana@hotmail.com","Erin Pagana","","397609","erinpagana@hotmail.com","Erin Pagana","New Rider Special // London","21051","21052","288040778473","new-rider-specia-memberships-503","","","Memberships","","","Completed","5/3/2026","CAD","1","50.00","50.00","6.50","56.50","Visa","E-Commerce","London","Ontario"
"T2D6-VXNX-5L07","Completed","5/3/2026","4:52 PM","America/Toronto","desktop","false","348678","hurstmarissa9@gmail.com","Marissa Hurst","","236028","lilysfrancis@gmail.com","Lily Francis","SPINCO Water","19657","19658","469973764933","spinco-water-water-914","","","Water","Arctic Chiller","","Completed","5/3/2026","CAD","1","2.50","2.50","0.33","2.83","Visa","In-Store","London","Ontario"
"B87Y-SJJ8-5KY5","Refunded","4/28/2026","8:41 PM","America/Toronto","desktop","false","71878","k.rothwell@spinco.ca","Kira Rothwell","","71878","k.rothwell@spinco.ca","Kira Rothwell","Student Monthly Membership // London","21738","21739","582370867097","student-monthly--memberships-495","","","Memberships","","","Refunded","5/3/2026","CAD","-1","-175.00","-175.00","-22.75","-197.75","Account balance, Visa","In-Store","London","Ontario"
"EWM2-Z6AC-5L07","Completed","5/3/2026","5:00 PM","America/Toronto","","false","398045","mkramer8@uwo.ca","Mia Kramer","","398045","mkramer8@uwo.ca","Mia Kramer","New Rider Special // London","21051","21052","288040778473","new-rider-specia-memberships-503","","","Memberships","","","Completed","5/3/2026","CAD","1","50.00","50.00","6.50","56.50","Visa","E-Commerce","London","Ontario"
"4KP3-SGCS-5L07","Completed","5/3/2026","5:14 PM","America/Toronto","","false","321409","juliaalfi@hotmail.com","Julia Alfieri","","321409","juliaalfi@hotmail.com","Julia Alfieri","Birthday Drop-In // London","24943","24944","863413999341","birthday-drop-in-credits-432","","","Credits","","","Completed","5/3/2026","CAD","1","15.00","15.00","1.95","16.95","Mastercard","E-Commerce","London","Ontario"
"DEGG-MJM9-5L07","Completed","5/3/2026","6:23 PM","America/Toronto","","false","382344","sophiaking87@gmail.com","Sophia King","","382344","sophiaking87@gmail.com","Sophia King","One Class Card // London","20798","20799","760445337951","one-class-card-l-credits-347","","","Credits","","","Completed","5/3/2026","CAD","1","25.00","25.00","3.25","28.25","Visa","E-Commerce","London","Ontario"
"X9HU-VXAQ-5L07","Completed","5/3/2026","6:47 PM","America/Toronto","","false","388518","payton222@hotmail.com","Payton Pugh","","388518","payton222@hotmail.com","Payton Pugh","Birthday Drop-In // London","24943","24944","863413999341","birthday-drop-in-credits-432","","","Credits","","","Completed","5/3/2026","CAD","1","15.00","15.00","1.95","16.95","Visa","E-Commerce","London","Ontario"
"5HWY-T4UH-5L07","Completed","5/3/2026","6:47 PM","America/Toronto","","false","388811","joelbarwick5@gmail.com","Joel Barwick","","388811","joelbarwick5@gmail.com","Joel Barwick","Birthday Drop-In // London","24943","24944","863413999341","birthday-drop-in-credits-432","","","Credits","","","Completed","5/3/2026","CAD","1","15.00","15.00","1.95","16.95","American Express","E-Commerce","London","Ontario"
"WTXW-3RQY-5L07","Completed","5/3/2026","7:45 PM","America/Toronto","","false","388475","michellelenehan1@gmail.com","Michelle Lenehan","","388475","michellelenehan1@gmail.com","Michelle Lenehan","Birthday Drop-In // London","24943","24944","863413999341","birthday-drop-in-credits-432","","","Credits","","","Completed","5/3/2026","CAD","1","15.00","15.00","1.95","16.95","Visa","E-Commerce","London","Ontario"
"DNAM-P55F-5L07","Completed","5/3/2026","7:50 PM","America/Toronto","","false","336243","sarah.e.ryckman@gmail.com","Sarah Ryckman","","336243","sarah.e.ryckman@gmail.com","Sarah Ryckman","Birthday Drop-In // London","24943","24944","863413999341","birthday-drop-in-credits-432","","","Credits","","","Completed","5/3/2026","CAD","1","15.00","15.00","1.95","16.95","Visa","E-Commerce","London","Ontario"
"X3RX-HUJP-5L08","Completed","5/3/2026","8:02 PM","America/Toronto","","false","371629","ellalilly8@icloud.com","Ella McCloskey","","371629","ellalilly8@icloud.com","Ella McCloskey","One Class Card // London","20798","20799","760445337951","one-class-card-l-credits-347","","","Credits","","","Completed","5/3/2026","CAD","1","25.00","25.00","3.25","28.25","Visa","E-Commerce","London","Ontario"
"G4UU-NNRF-5L08","Completed","5/3/2026","8:53 PM","America/Toronto","","false","391825","daria-s@live.ca","Daria Sollman","","391825","daria-s@live.ca","Daria Sollman","4x Membership // London","21999","22000","216300284773","4x-membership-lo-memberships-280","","","Memberships","","","Completed","5/3/2026","CAD","1","80.00","80.00","10.40","90.40","Visa","E-Commerce","London","Ontario"
"CY6J-NM5Q-5L08","Completed","5/3/2026","10:16 PM","America/Toronto","","true","354124","mnmeddoui@gmail.com","Mariam Meddoui","","354124","mnmeddoui@gmail.com","Mariam Meddoui","Late Cancel Charge","14688","14690","036981809486","late-cancel-fee-penalty-fees-771","","","Penalty Fees","","","Completed","5/3/2026","CAD","1","15.00","15.00","1.95","16.95","Visa","E-Commerce","London","Ontario"
"UBSA-MBKW-5L08","Completed","5/3/2026","10:20 PM","America/Toronto","","false","378911","earlsstacey@gmail.com","Stacey Earls","","378911","earlsstacey@gmail.com","Stacey Earls","Birthday Drop-In // London","24943","24944","863413999341","birthday-drop-in-credits-432","","","Credits","","","Completed","5/3/2026","CAD","1","15.00","15.00","1.95","16.95","Visa","E-Commerce","London","Ontario"
"YZRF-QA4C-5L08","Completed","5/4/2026","12:15 AM","America/Toronto","","true","350190","ldietz@tlscv.com","Laurie Dietz","","350190","ldietz@tlscv.com","Laurie Dietz","Late Cancel Charge","14688","14690","036981809486","late-cancel-fee-penalty-fees-771","","","Penalty Fees","","","Completed","5/4/2026","CAD","1","15.00","15.00","1.95","16.95","Visa","E-Commerce","London","Ontario"
"KY8G-FR35-5L08","Completed","5/4/2026","12:24 AM","America/Toronto","","true","369789","natalia.szcz13@gmail.com","Natalia Szczesny","","369789","natalia.szcz13@gmail.com","Natalia Szczesny","4x Membership // London","21999","22000","216300284773","4x-membership-lo-memberships-280","","","Memberships","","","Completed","5/4/2026","CAD","1","80.00","80.00","10.40","90.40","Visa","E-Commerce","London","Ontario"
"BBNR-4VEV-5L08","Refunded","5/4/2026","12:24 AM","America/Toronto","","true","388764","wigginsjuliana@gmail.com","Juliana Wiggins","","388764","wigginsjuliana@gmail.com","Juliana Wiggins","Student Monthly Membership // London","21738","21739","582370867097","student-monthly--memberships-495","","","Memberships","","","Completed","5/4/2026","CAD","1","175.00","175.00","22.75","197.75","Visa","E-Commerce","London","Ontario"
"VMFV-ZP5G-5L08","Completed","5/4/2026","12:24 AM","America/Toronto","","true","347824","llanasooklal2@gmail.com","Llana Tatavarti","","347824","llanasooklal2@gmail.com","Llana Tatavarti","4x Monthly Membership // London *GRANDFATHERED","20838","20839","545622520223","4-classes-month--memberships-721","","","Memberships","","","Completed","5/4/2026","CAD","1","80.00","80.00","10.40","90.40","Mastercard","E-Commerce","London","Ontario"
"DGZE-UCP7-5L08","Completed","5/4/2026","12:24 AM","America/Toronto","","true","236028","lilysfrancis@gmail.com","Lily Francis","","236028","lilysfrancis@gmail.com","Lily Francis","Staff Membership // London","20830","20831","898235312897","staff-membership-memberships-735","","","Memberships","","","Completed","5/4/2026","CAD","1","0.00","0.00","0.00","0.00","No Charge","E-Commerce","London","Ontario"
"4RXA-XWTV-5L08","Completed","5/4/2026","12:24 AM","America/Toronto","","true","348834","a.gingerich.shdhs@gmail.com","Abby Gingerich","","348834","a.gingerich.shdhs@gmail.com","Abby Gingerich","Unlimited Membership // London · BLACK FRIDAY 2025","22630","22631","712442897099","unlimited-member-memberships-584","","","Memberships","","","Completed","5/4/2026","CAD","1","180.00","180.00","23.40","203.40","Mastercard","E-Commerce","London","Ontario"
"5TYW-88PU-5L08","Completed","5/4/2026","12:24 AM","America/Toronto","","true","378638","emcnewman@gmail.com","Emma Newman","","378638","emcnewman@gmail.com","Emma Newman","Unlimited Membership // London","21995","21996","447442561003","unlimited-member-memberships-867","","","Memberships","","","Completed","5/4/2026","CAD","1","200.00","200.00","26.00","226.00","Visa","E-Commerce","London","Ontario"
"AUSJ-GCK4-5L08","Completed","5/4/2026","12:24 AM","America/Toronto","","true","378557","ryanpatrickdaluyen@gmail.com","Ryan Daluyen","","378557","ryanpatrickdaluyen@gmail.com","Ryan Daluyen","Unlimited Membership // London","21995","21996","447442561003","unlimited-member-memberships-867","","","Memberships","","","Completed","5/4/2026","CAD","1","200.00","200.00","26.00","226.00","Mastercard","E-Commerce","London","Ontario"
"7VGV-R38S-5L08","Completed","5/4/2026","6:02 AM","America/Toronto","","false","347075","karissa.paterson@outlook.com","Karissa Paterson","","347075","karissa.paterson@outlook.com","Karissa Paterson","Birthday Drop-In // London","24943","24944","863413999341","birthday-drop-in-credits-432","","","Credits","","","Completed","5/4/2026","CAD","1","15.00","15.00","1.95","16.95","Mastercard","E-Commerce","London","Ontario"
"A22G-PC3Q-5L08","Completed","5/4/2026","6:10 AM","America/Toronto","","false","361749","alissamitchell@rogers.com","Alissa Mitchell","","361749","alissamitchell@rogers.com","Alissa Mitchell","One Class Card // London","20798","20799","760445337951","one-class-card-l-credits-347","","","Credits","","","Completed","5/4/2026","CAD","1","25.00","25.00","3.25","28.25","Visa","E-Commerce","London","Ontario"
"HYAB-R5CB-5L08","Completed","5/4/2026","6:16 AM","America/Toronto","","true","356216","katherinetenhaaf@gmail.com","Katie ten Haaf","","356216","katherinetenhaaf@gmail.com","Katie ten Haaf","Late Cancel Charge","14688","14690","036981809486","late-cancel-fee-penalty-fees-771","","","Penalty Fees","","","Completed","5/4/2026","CAD","1","15.00","15.00","1.95","16.95","Visa","E-Commerce","London","Ontario"
"EXV5-UF5D-5L08","Completed","5/4/2026","6:54 AM","America/Toronto","desktop","false","380674","mervebozkurtt.41@gmail.com","Merve Bozkurt","","347301","london@spinco.ca","SPINCO London","Coffee // London","23655","23656","087239269521","coffee-london-food-and-beverag-851","","","Food and Beverage","","","Completed","5/4/2026","CAD","1","1.50","1.50","0.20","1.70","Mastercard","In-Store","London","Ontario"
"DWWT-3GAY-5L08","Completed","5/4/2026","6:54 AM","America/Toronto","desktop","false","369246","fmacd039@uottawa.ca","FIONA MACDONALD","","347301","london@spinco.ca","SPINCO London","Coffee // London","23655","23656","087239269521","coffee-london-food-and-beverag-851","","","Food and Beverage","","","Completed","5/4/2026","CAD","1","1.50","1.50","0.20","1.70","Visa","In-Store","London","Ontario"
"6ZM4-7YAJ-5L08","Completed","5/4/2026","6:58 AM","America/Toronto","","false","368636","billkdietz@gmail.com","Bill Dietz","","368636","billkdietz@gmail.com","Bill Dietz","Birthday Drop-In // London","24943","24944","863413999341","birthday-drop-in-credits-432","","","Credits","","","Completed","5/4/2026","CAD","1","15.00","15.00","1.95","16.95","Visa","E-Commerce","London","Ontario"
"HN4M-93A5-5L08","Completed","5/4/2026","9:56 AM","America/Toronto","desktop","false","398077","kimberlycallander@hotmail.com","Kimberly Callander","","382306","michellejcallander@gmail.com","Michelle Callandar","One Class Card // London","20798","20799","760445337951","one-class-card-l-credits-347","","","Credits","","","Completed","5/4/2026","CAD","1","0.00","25.00","0.00","0.00","No Charge","In-Store","London","Ontario"
"WJDW-WF7V-5L08","Completed","5/4/2026","9:57 AM","America/Toronto","","false","347750","ashley.c.woods@me.com","ASHLEY WOODS","","347750","ashley.c.woods@me.com","ASHLEY WOODS","One Class Card // London","20798","20799","760445337951","one-class-card-l-credits-347","","","Credits","","","Completed","5/4/2026","CAD","1","25.00","25.00","3.25","28.25","Mastercard","E-Commerce","London","Ontario"
"4MK2-XFXG-5L08","Completed","5/4/2026","10:09 AM","America/Toronto","","false","362067","hshnitzer@gmail.com","Hila Shnitzer","","362067","hshnitzer@gmail.com","Hila Shnitzer","Birthday Drop-In // London","24943","24944","863413999341","birthday-drop-in-credits-432","","","Credits","","","Completed","5/4/2026","CAD","1","15.00","15.00","1.95","16.95","American Express","E-Commerce","London","Ontario"
"DV54-EN8Z-5L08","Completed","5/4/2026","10:16 AM","America/Toronto","","true","372287","cienna.michelle@gmail.com","Cienna Good","","372287","cienna.michelle@gmail.com","Cienna Good","Late Cancel Charge","14688","14690","036981809486","late-cancel-fee-penalty-fees-771","","","Penalty Fees","","","Completed","5/4/2026","CAD","1","15.00","15.00","1.95","16.95","Visa","E-Commerce","London","Ontario"
"HJ87-P4JE-5L08","Completed","5/4/2026","10:16 AM","America/Toronto","","false","398099","jillianjauqline@gmail.com","jillian christie","","398099","jillianjauqline@gmail.com","jillian christie","Birthday Drop-In // London","24943","24944","863413999341","birthday-drop-in-credits-432","","","Credits","","","Completed","5/4/2026","CAD","1","15.00","15.00","1.95","16.95","Visa","E-Commerce","London","Ontario"
"6DBD-E4HC-5L08","Completed","5/4/2026","10:49 AM","America/Toronto","","false","373555","jackiesoly@icloud.com","Jackie Solomon","","373555","jackiesoly@icloud.com","Jackie Solomon","One Class Card // London","20798","20799","760445337951","one-class-card-l-credits-347","","","Credits","","","Completed","5/4/2026","CAD","1","25.00","25.00","3.25","28.25","Visa","E-Commerce","London","Ontario"
"5J5S-HBPY-5L08","Completed","5/4/2026","11:16 AM","America/Toronto","","true","384355","gabghany@gmail.com","Gabrielle Ghany","","384355","gabghany@gmail.com","Gabrielle Ghany","Late Cancel Charge","14688","14690","036981809486","late-cancel-fee-penalty-fees-771","","","Penalty Fees","","","Completed","5/4/2026","CAD","1","15.00","15.00","1.95","16.95","Visa","E-Commerce","London","Ontario"
"M53F-GU2Q-5L08","Completed","5/4/2026","11:50 AM","America/Toronto","","false","337094","dave.pexman@gmail.com","David Pexman","","337094","dave.pexman@gmail.com","David Pexman","Ten Class Card // London","20794","20795","456569691604","ten-class-card-l-credits-104","","","Credits","","","Completed","5/4/2026","CAD","1","200.00","200.00","26.00","226.00","Visa","E-Commerce","London","Ontario"
"DQ8Y-5FZC-5L08","Completed","5/4/2026","12:54 PM","America/Toronto","","false","346597","sidneytrinh02@gmail.com","Sidney Trinh","","346597","sidneytrinh02@gmail.com","Sidney Trinh","Birthday Drop-In // London","24943","24944","863413999341","birthday-drop-in-credits-432","","","Credits","","","Completed","5/4/2026","CAD","1","15.00","15.00","1.95","16.95","Mastercard","E-Commerce","London","Ontario"
"6B4R-BYMV-5L08","Completed","5/4/2026","12:54 PM","America/Toronto","","false","301035","evelynstann@gmail.com","Evelyn Stan","","301035","evelynstann@gmail.com","Evelyn Stan","One Class Card // London","20798","20799","760445337951","one-class-card-l-credits-347","","","Credits","","","Completed","5/4/2026","CAD","1","25.00","25.00","3.25","28.25","Visa","E-Commerce","London","Ontario"
"NUD4-85ZH-5L08","Completed","5/4/2026","12:59 PM","America/Toronto","","false","346597","sidneytrinh02@gmail.com","Sidney Trinh","","346597","sidneytrinh02@gmail.com","Sidney Trinh","Birthday Drop-In // London","24943","24944","863413999341","birthday-drop-in-credits-432","","","Credits","","","Completed","5/4/2026","CAD","1","15.00","15.00","1.95","16.95","Mastercard","E-Commerce","London","Ontario"
"ZDSP-H9UF-5L08","Completed","5/4/2026","1:00 PM","America/Toronto","","false","367537","paige.dresser@lhsc.on.ca","Paige Dresser","","367537","paige.dresser@lhsc.on.ca","Paige Dresser","Spin-It-Forward // London","20792","20793","964245982422","spin-it-forward--credits-429","","","Credits","","","Completed","5/4/2026","CAD","1","10.00","10.00","1.30","11.30","Visa","E-Commerce","London","Ontario"
"8TXD-8J8X-5L08","Completed","5/4/2026","1:09 PM","America/Toronto","","false","384035","laismeiras@gmail.com","Laís Marques Eiras","","384035","laismeiras@gmail.com","Laís Marques Eiras","Spin-It-Forward // London","20792","20793","964245982422","spin-it-forward--credits-429","","","Credits","","","Completed","5/4/2026","CAD","1","10.00","10.00","1.30","11.30","Visa","E-Commerce","London","Ontario"
"73CC-SSKN-5L08","Completed","5/4/2026","1:10 PM","America/Toronto","","false","381011","trang.pham@sjhospicelondon.com","Trang Pham","","381011","trang.pham@sjhospicelondon.com","Trang Pham","Spin-It-Forward // London","20792","20793","964245982422","spin-it-forward--credits-429","","","Credits","","","Completed","5/4/2026","CAD","1","10.00","10.00","1.30","11.30","Visa","E-Commerce","London","Ontario"
"FM8P-V425-5L08","Completed","5/4/2026","1:14 PM","America/Toronto","","false","384035","laismeiras@gmail.com","Laís Marques Eiras","","384035","laismeiras@gmail.com","Laís Marques Eiras","Birthday Drop-In // London","24943","24944","863413999341","birthday-drop-in-credits-432","","","Credits","","","Completed","5/4/2026","CAD","1","15.00","15.00","1.95","16.95","Visa","E-Commerce","London","Ontario"
"EW3K-RDTE-5L08","Completed","5/4/2026","1:31 PM","America/Toronto","","false","384035","laismeiras@gmail.com","Laís Marques Eiras","","384035","laismeiras@gmail.com","Laís Marques Eiras","Birthday Drop-In // London","24943","24944","863413999341","birthday-drop-in-credits-432","","","Credits","","","Completed","5/4/2026","CAD","1","15.00","15.00","1.95","16.95","Visa","E-Commerce","London","Ontario"
"5GWE-A2RP-5L08","Completed","5/4/2026","4:17 PM","America/Toronto","desktop","false","398131","lestrada@uwo.ca","Laura Estrada","","382306","michellejcallander@gmail.com","Michelle Callandar","Private Ride 3 // London","21742","21743","052115613456","private-ride-3-l-credits-507","","","Credits","","","Completed","5/4/2026","CAD","1","55.00","550.00","7.15","62.15","Visa","In-Store","London","Ontario"
"9KCV-E9Q5-5KY4","Refunded","4/28/2026","9:36 AM","America/Toronto","","false","397381","ashleyvrod@gmail.com","Ashley Rodrigues","","382306","michellejcallander@gmail.com","Michelle Callandar","Birthday Drop-In // London","24943","24944","863413999341","birthday-drop-in-credits-432","","","Credits","","","Refunded","5/4/2026","CAD","-1","-15.00","-15.00","-1.95","-16.95","American Express","E-Commerce","London","Ontario"
"BBNR-4VEV-5L08","Refunded","5/4/2026","12:24 AM","America/Toronto","","true","388764","wigginsjuliana@gmail.com","Juliana Wiggins","","382306","michellejcallander@gmail.com","Michelle Callandar","Student Monthly Membership // London","21738","21739","582370867097","student-monthly--memberships-495","","","Memberships","","","Refunded","5/4/2026","CAD","-1","-175.00","-175.00","-22.75","-197.75","Visa","E-Commerce","London","Ontario"
"F3FR-QSD4-5L08","Completed","5/4/2026","5:01 PM","America/Toronto","","false","379323","jenemke@gmail.com","Jen Emke","","379323","jenemke@gmail.com","Jen Emke","Birthday Drop-In // London","24943","24944","863413999341","birthday-drop-in-credits-432","","","Credits","","","Completed","5/4/2026","CAD","1","15.00","15.00","1.95","16.95","Mastercard","E-Commerce","London","Ontario"
"QXXS-UFSA-5L08","Completed","5/4/2026","5:11 PM","America/Toronto","","false","343536","jvillen9@uwo.ca","Jenn Villeneuve","","343536","jvillen9@uwo.ca","Jenn Villeneuve","Five Class Card // London","20802","20803","488719457552","five-class-card--credits-078","","","Credits","","","Completed","5/4/2026","CAD","1","93.50","110.00","12.16","105.66","Visa","E-Commerce","London","Ontario"
"HXDC-XCPU-5L08","Completed","5/4/2026","5:47 PM","America/Toronto","","false","350089","chansen8@uwo.ca","Charlotte Hansen","","350089","chansen8@uwo.ca","Charlotte Hansen","Birthday Drop-In // London","24943","24944","863413999341","birthday-drop-in-credits-432","","","Credits","","","Completed","5/4/2026","CAD","1","15.00","15.00","1.95","16.95","American Express","E-Commerce","London","Ontario"
"E5NQ-36AX-5L08","Completed","5/4/2026","5:48 PM","America/Toronto","","false","350089","chansen8@uwo.ca","Charlotte Hansen","","350089","chansen8@uwo.ca","Charlotte Hansen","Birthday Drop-In // London","24943","24944","863413999341","birthday-drop-in-credits-432","","","Credits","","","Completed","5/4/2026","CAD","1","15.00","15.00","1.95","16.95","American Express","E-Commerce","London","Ontario"
"5KPQ-TZ27-5L08","Completed","5/4/2026","6:16 PM","America/Toronto","","true","390747","jennkunnel7@hotmail.com","Jennifer Mathew","","390747","jennkunnel7@hotmail.com","Jennifer Mathew","No Show Charge","14687","14689","489143084327","no-show-fee-penalty-fees-498","","","Penalty Fees","","","Completed","5/4/2026","CAD","1","20.00","20.00","2.60","22.60","Mastercard","E-Commerce","London","Ontario"
"WE5Q-PZ7R-5L08","Completed","5/4/2026","6:30 PM","America/Toronto","","false","336828","stav.alexiou@live.ca","Stav Alexiou","","336828","stav.alexiou@live.ca","Stav Alexiou","One Class Card // London","20798","20799","760445337951","one-class-card-l-credits-347","","","Credits","","","Completed","5/4/2026","CAD","1","25.00","25.00","3.25","28.25","Visa","E-Commerce","London","Ontario"
"JEXE-MV5Z-5L08","Completed","5/4/2026","7:00 PM","America/Toronto","","false","391026","janicehamilton904@gmail.com","Janice Hamilton","","391026","janicehamilton904@gmail.com","Janice Hamilton","Ten Class Card // London","20794","20795","456569691604","ten-class-card-l-credits-104","","","Credits","","","Completed","5/4/2026","CAD","1","200.00","200.00","26.00","226.00","Mastercard","E-Commerce","London","Ontario"
"X6R7-9W2H-5L08","Completed","5/4/2026","7:31 PM","America/Toronto","","false","388518","payton222@hotmail.com","Payton Pugh","","388518","payton222@hotmail.com","Payton Pugh","Spin-It-Forward // London","20792","20793","964245982422","spin-it-forward--credits-429","","","Credits","","","Completed","5/4/2026","CAD","1","10.00","10.00","1.30","11.30","Visa","E-Commerce","London","Ontario"
"YGH5-Q7BV-5L08","Completed","5/4/2026","7:32 PM","America/Toronto","","false","388811","joelbarwick5@gmail.com","Joel Barwick","","388811","joelbarwick5@gmail.com","Joel Barwick","Spin-It-Forward // London","20792","20793","964245982422","spin-it-forward--credits-429","","","Credits","","","Completed","5/4/2026","CAD","1","10.00","10.00","1.30","11.30","American Express","E-Commerce","London","Ontario"
"DJXH-G5SV-5L09","Completed","5/4/2026","8:33 PM","America/Toronto","","false","346719","sarahcatania@icloud.com","Sarah Catania","","346719","sarahcatania@icloud.com","Sarah Catania","One Class Card // London","20798","20799","760445337951","one-class-card-l-credits-347","","","Credits","","","Completed","5/4/2026","CAD","1","25.00","25.00","3.25","28.25","Visa","E-Commerce","London","Ontario"
"97BG-HSZK-5L09","Completed","5/4/2026","8:52 PM","America/Toronto","","false","204148","ericaswan@live.com","Erica Swan","","204148","ericaswan@live.com","Erica Swan","One Class Card // London","20798","20799","760445337951","one-class-card-l-credits-347","","","Credits","","","Completed","5/4/2026","CAD","1","25.00","25.00","3.25","28.25","Mastercard","E-Commerce","London","Ontario"
"276N-TSFE-5L09","Completed","5/4/2026","8:53 PM","America/Toronto","","false","364853","pmkhanh0912@gmail.com","Maddie Pham","","364853","pmkhanh0912@gmail.com","Maddie Pham","Birthday Drop-In // London","24943","24944","863413999341","birthday-drop-in-credits-432","","","Credits","","","Completed","5/4/2026","CAD","1","15.00","15.00","1.95","16.95","Visa","E-Commerce","London","Ontario"
"N7UM-9VT6-5L09","Completed","5/4/2026","8:59 PM","America/Toronto","","false","356437","chelsmith33@gmail.com","Chelsea Smith","","356437","chelsmith33@gmail.com","Chelsea Smith","Pastel Petals Flower Bar // London","24999","25000","926211254334","build-your-own-b-custom-193","","","Custom","","","Completed","5/4/2026","CAD","1","16.50","16.50","2.15","18.65","Mastercard","E-Commerce","London","Ontario"
"NGV2-CR9G-5L09","Completed","5/4/2026","9:06 PM","America/Toronto","","false","366253","r.countryman@outlook.com","Rachael Countryman","","366253","r.countryman@outlook.com","Rachael Countryman","One Class Card // London","20798","20799","760445337951","one-class-card-l-credits-347","","","Credits","","","Completed","5/4/2026","CAD","1","25.00","25.00","3.25","28.25","Mastercard","E-Commerce","London","Ontario"
"X8QF-V9GC-5L09","Completed","5/4/2026","9:16 PM","America/Toronto","mobile","false","346619","efinlay10@yahoo.com","Emily Finlay","","346619","efinlay10@yahoo.com","Emily Finlay","One Class Card // London","20798","20799","760445337951","one-class-card-l-credits-347","","","Credits","","","Completed","5/4/2026","CAD","1","25.00","25.00","3.25","28.25","Visa","E-Commerce","London","Ontario"
"US32-J6CJ-5L09","Completed","5/4/2026","9:22 PM","America/Toronto","","false","394564","melo_lucia13@outlook.com","Lucia Melo","","394564","melo_lucia13@outlook.com","Lucia Melo","One Class Card // London","20798","20799","760445337951","one-class-card-l-credits-347","","","Credits","","","Completed","5/4/2026","CAD","1","25.00","25.00","3.25","28.25","Mastercard","E-Commerce","London","Ontario"
"BRPM-4VME-5L09","Completed","5/4/2026","9:58 PM","America/Toronto","desktop","false","398194","mikaylacoderre12@gmail.com","Mikayla Coderre","","398194","mikaylacoderre12@gmail.com","Mikayla Coderre","One Class Card // London","20798","20799","760445337951","one-class-card-l-credits-347","","","Credits","","","Completed","5/4/2026","CAD","1","0.00","25.00","0.00","0.00","No Charge","E-Commerce","London","Ontario"
"MKEX-WMHR-5L09","Completed","5/4/2026","9:58 PM","America/Toronto","desktop","false","398192","kmsontag@hotmail.com","Kate Sontag","","398192","kmsontag@hotmail.com","Kate Sontag","One Class Card // London","20798","20799","760445337951","one-class-card-l-credits-347","","","Credits","","","Completed","5/4/2026","CAD","1","0.00","25.00","0.00","0.00","No Charge","E-Commerce","London","Ontario"
"J87B-RX4J-5L09","Completed","5/4/2026","10:30 PM","America/Toronto","","false","346511","koral_boucher@outlook.com","Koral Boucher","","346511","koral_boucher@outlook.com","Koral Boucher","Birthday Drop-In // London","24943","24944","863413999341","birthday-drop-in-credits-432","","","Credits","","","Completed","5/4/2026","CAD","1","15.00","15.00","1.95","16.95","Visa","E-Commerce","London","Ontario"
"3Q2S-K4WM-5L09","Completed","5/4/2026","10:32 PM","America/Toronto","","false","346511","koral_boucher@outlook.com","Koral Boucher","","346511","koral_boucher@outlook.com","Koral Boucher","Birthday Drop-In // London","24943","24944","863413999341","birthday-drop-in-credits-432","","","Credits","","","Completed","5/4/2026","CAD","1","15.00","15.00","1.95","16.95","Visa","E-Commerce","London","Ontario"
"EAFD-6584-5L09","Completed","5/4/2026","10:33 PM","America/Toronto","","false","259814","christiemetron@bell.net","Christie Metron","","259814","christiemetron@bell.net","Christie Metron","Birthday Drop-In // London","24943","24944","863413999341","birthday-drop-in-credits-432","","","Credits","","","Completed","5/4/2026","CAD","1","15.00","15.00","1.95","16.95","Visa","E-Commerce","London","Ontario"
"UCRX-4E46-5L09","Completed","5/4/2026","11:15 PM","America/Toronto","","true","390747","jennkunnel7@hotmail.com","Jennifer Mathew","","390747","jennkunnel7@hotmail.com","Jennifer Mathew","Late Cancel Charge","14688","14690","036981809486","late-cancel-fee-penalty-fees-771","","","Penalty Fees","","","Completed","5/4/2026","CAD","1","15.00","15.00","1.95","16.95","Mastercard","E-Commerce","London","Ontario"
"AST8-JYH8-5L09","Completed","5/4/2026","11:49 PM","America/Toronto","","false","397664","maryam15qasim@gmail.com","Maryam Qasim","","397664","maryam15qasim@gmail.com","Maryam Qasim","One Class Card // London","20798","20799","760445337951","one-class-card-l-credits-347","","","Credits","","","Completed","5/4/2026","CAD","1","25.00","25.00","3.25","28.25","Mastercard","E-Commerce","London","Ontario"
"JUMD-CHAS-5L09","Completed","5/4/2026","11:52 PM","America/Toronto","","false","397665","aseelsa005@gmail.com","Aseel Saadaldin","","397665","aseelsa005@gmail.com","Aseel Saadaldin","One Class Card // London","20798","20799","760445337951","one-class-card-l-credits-347","","","Credits","","","Completed","5/4/2026","CAD","1","25.00","25.00","3.25","28.25","Visa","E-Commerce","London","Ontario"
"7D49-FY6N-5L09","Completed","5/5/2026","12:24 AM","America/Toronto","","true","374806","liv.o@rogers.com","Olivia Orsini","","374806","liv.o@rogers.com","Olivia Orsini","4x Membership // London","21999","22000","216300284773","4x-membership-lo-memberships-280","","","Memberships","","","Completed","5/5/2026","CAD","1","80.00","80.00","10.40","90.40","Visa","E-Commerce","London","Ontario"
"U4WN-2B2R-5L09","Completed","5/5/2026","12:24 AM","America/Toronto","","true","362060","saraelizabethds@gmail.com","Sara Da Silva","","362060","saraelizabethds@gmail.com","Sara Da Silva","4x Membership // London","21999","22000","216300284773","4x-membership-lo-memberships-280","","","Memberships","","","Completed","5/5/2026","CAD","1","80.00","80.00","10.40","90.40","Visa","E-Commerce","London","Ontario"
"6TPN-23TM-5L09","Completed","5/5/2026","12:24 AM","America/Toronto","","true","388957","siennamehta06@gmail.com","Sienna Mehta","","388957","siennamehta06@gmail.com","Sienna Mehta","4x Membership // London","21999","22000","216300284773","4x-membership-lo-memberships-280","","","Memberships","","","Completed","5/5/2026","CAD","1","80.00","80.00","10.40","90.40","Mastercard","E-Commerce","London","Ontario"
"3YQJ-4V6A-5L09","Completed","5/5/2026","12:24 AM","America/Toronto","","true","386928","joannepazdzierz@hotmail.com","Joanne Crandall","","386928","joannepazdzierz@hotmail.com","Joanne Crandall","Unlimited Membership // London","21995","21996","447442561003","unlimited-member-memberships-867","","","Memberships","","","Completed","5/5/2026","CAD","1","200.00","200.00","26.00","226.00","Visa","E-Commerce","London","Ontario"
"GKN9-ZMUK-5L09","Completed","5/5/2026","12:24 AM","America/Toronto","","true","371904","c.scarrow51@gmail.com","Claire Scarrow","","371904","c.scarrow51@gmail.com","Claire Scarrow","Unlimited Membership // London","21995","21996","447442561003","unlimited-member-memberships-867","","","Memberships","","","Completed","5/5/2026","CAD","1","200.00","200.00","26.00","226.00","Visa","E-Commerce","London","Ontario"
"9AP8-A2ZY-5L09","Completed","5/5/2026","12:24 AM","America/Toronto","","true","356436","laceyflannery13@gmail.com","Lacey Flannery","","356436","laceyflannery13@gmail.com","Lacey Flannery","8x Monthly Membership // London *GRANDFATHERED","20840","20841","811541656417","8-classes-month--memberships-167","","","Memberships","","","Completed","5/5/2026","CAD","1","150.00","150.00","19.50","169.50","Mastercard","E-Commerce","London","Ontario"
"BC5F-7A6G-5L09","Completed","5/5/2026","12:24 AM","America/Toronto","","true","364817","nkopaee@uwo.ca","Nora Kopaee","","364817","nkopaee@uwo.ca","Nora Kopaee","Student Monthly Membership // London","21738","21739","582370867097","student-monthly--memberships-495","","","Memberships","","","Completed","5/5/2026","CAD","1","175.00","175.00","22.75","197.75","Mastercard","E-Commerce","London","Ontario"
"KXF8-KN5E-5L09","Completed","5/5/2026","12:24 AM","America/Toronto","","true","352814","dehliamcdonald@gmail.com","Dehlia McDonald","","352814","dehliamcdonald@gmail.com","Dehlia McDonald","Staff Membership // London","20830","20831","898235312897","staff-membership-memberships-735","","","Memberships","","","Completed","5/5/2026","CAD","1","0.00","0.00","0.00","0.00","No Charge","E-Commerce","London","Ontario"
"VR2Y-B276-5L09","Completed","5/5/2026","12:24 AM","America/Toronto","","true","351106","stacey.pipicelli@gmail.com","Stacey Pipicelli","","351106","stacey.pipicelli@gmail.com","Stacey Pipicelli","Unlimited Membership // London · BLACK FRIDAY 2025","22630","22631","712442897099","unlimited-member-memberships-584","","","Memberships","","","Completed","5/5/2026","CAD","1","180.00","180.00","23.40","203.40","Visa","E-Commerce","London","Ontario"
"YE3K-GES2-5L09","Completed","5/5/2026","12:55 AM","America/Toronto","","false","369574","msavehilaghi99@gmail.com","Max Savehilaghi","","369574","msavehilaghi99@gmail.com","Max Savehilaghi","Birthday Drop-In // London","24943","24944","863413999341","birthday-drop-in-credits-432","","","Credits","","","Completed","5/5/2026","CAD","1","15.00","15.00","1.95","16.95","Visa","E-Commerce","London","Ontario"
"TGA9-EDEC-5L09","Completed","5/5/2026","12:57 AM","America/Toronto","","false","369574","msavehilaghi99@gmail.com","Max Savehilaghi","","369574","msavehilaghi99@gmail.com","Max Savehilaghi","One Class Card // London","20798","20799","760445337951","one-class-card-l-credits-347","","","Credits","","","Completed","5/5/2026","CAD","1","25.00","25.00","3.25","28.25","Visa","E-Commerce","London","Ontario"
"PCVP-KZCX-5L09","Completed","5/5/2026","5:17 AM","America/Toronto","","true","371904","c.scarrow51@gmail.com","Claire Scarrow","","371904","c.scarrow51@gmail.com","Claire Scarrow","Late Cancel Charge","14688","14690","036981809486","late-cancel-fee-penalty-fees-771","","","Penalty Fees","","","Completed","5/5/2026","CAD","1","15.00","15.00","1.95","16.95","Visa","E-Commerce","London","Ontario"
"2X5B-RB4R-5L09","Completed","5/5/2026","7:53 AM","America/Toronto","","false","351148","oliviadavies8117@gmail.com","Olivia Davies","","351148","oliviadavies8117@gmail.com","Olivia Davies","4x Membership // London","21999","22000","216300284773","4x-membership-lo-memberships-280","","","Memberships","","","Completed","5/5/2026","CAD","1","80.00","80.00","10.40","90.40","Visa","E-Commerce","London","Ontario"
"337N-2E5T-5L09","Completed","5/5/2026","8:42 AM","America/Toronto","","false","398219","ashleyhorat@gmail.com","Ashley Horat","","398219","ashleyhorat@gmail.com","Ashley Horat","Birthday Drop-In // London","24943","24944","863413999341","birthday-drop-in-credits-432","","","Credits","","","Completed","5/5/2026","CAD","1","15.00","15.00","1.95","16.95","Visa","E-Commerce","London","Ontario"
"JVAK-Z3KN-5L09","Completed","5/5/2026","9:16 AM","America/Toronto","","true","392050","ameenah.khan01@gmail.com","Ameenah Khan","","392050","ameenah.khan01@gmail.com","Ameenah Khan","No Show Charge","14687","14689","489143084327","no-show-fee-penalty-fees-498","","","Penalty Fees","","","Completed","5/5/2026","CAD","1","20.00","20.00","2.60","22.60","Visa","E-Commerce","London","Ontario"
"HSKW-7DHF-5L09","Completed","5/5/2026","9:33 AM","America/Toronto","desktop","false","355286","karimakaiyum@gmail.com","Karima Kaiyum","","382306","michellejcallander@gmail.com","Michelle Callandar","Student Monthly Membership // London","21738","21739","582370867097","student-monthly--memberships-495","","","Memberships","","","Completed","5/5/2026","CAD","1","175.00","175.00","22.75","197.75","Mastercard","In-Store","London","Ontario"
"E2J8-7X42-5KY3","Refunded","4/27/2026","7:07 PM","America/Toronto","","false","381782","javeriahassan@windowslive.com","Javeria Hasan","","382306","michellejcallander@gmail.com","Michelle Callandar","Birthday Drop-In // London","24943","24944","863413999341","birthday-drop-in-credits-432","","","Credits","","","Refunded","5/5/2026","CAD","-1","-15.00","-15.00","-1.95","-16.95","Visa","E-Commerce","London","Ontario"
"6KMC-YXWM-5L09","Completed","5/5/2026","10:23 AM","America/Toronto","","false","378014","valeskadegouveia@hotmail.com","Valeska De Gouveia","","378014","valeskadegouveia@hotmail.com","Valeska De Gouveia","Spin-It-Forward // London","20792","20793","964245982422","spin-it-forward--credits-429","","","Credits","","","Completed","5/5/2026","CAD","1","10.00","10.00","1.30","11.30","Mastercard","E-Commerce","London","Ontario"
"X33D-C4TB-5L09","Completed","5/5/2026","12:00 PM","America/Toronto","","false","395045","jessicabycraft@icloud.com","Jessica Bycraft","","395045","jessicabycraft@icloud.com","Jessica Bycraft","Ten Class Card // London","20794","20795","456569691604","ten-class-card-l-credits-104","","","Credits","","","Completed","5/5/2026","CAD","1","200.00","200.00","26.00","226.00","Visa","E-Commerce","London","Ontario"
"XERE-W23T-5L09","Completed","5/5/2026","12:04 PM","America/Toronto","","false","398239","clairekoteles04@gmail.com","Claire Koteles","","398239","clairekoteles04@gmail.com","Claire Koteles","One Class Card // London","20798","20799","760445337951","one-class-card-l-credits-347","","","Credits","","","Completed","5/5/2026","CAD","1","25.00","25.00","3.25","28.25","Mastercard","E-Commerce","London","Ontario"
"EVNP-NT5W-5L09","Completed","5/5/2026","12:08 PM","America/Toronto","","false","398240","rmcnaughton65@gmail.com","Renee McNaughton","","398240","rmcnaughton65@gmail.com","Renee McNaughton","One Class Card // London","20798","20799","760445337951","one-class-card-l-credits-347","","","Credits","","","Completed","5/5/2026","CAD","1","25.00","25.00","3.25","28.25","Visa","E-Commerce","London","Ontario"
"Y6B3-Q7ZJ-5L09","Completed","5/5/2026","2:00 PM","America/Toronto","","false","398210","meaghanpoc@gmail.com","Meaghan Pocock","","398210","meaghanpoc@gmail.com","Meaghan Pocock","Birthday Drop-In // London","24943","24944","863413999341","birthday-drop-in-credits-432","","","Credits","","","Completed","5/5/2026","CAD","2","30.00","30.00","3.90","33.90","Mastercard","E-Commerce","London","Ontario"
"W9B9-5QWU-5L09","Completed","5/5/2026","2:51 PM","America/Toronto","","false","360994","madeline.mckinnon@gmail.com","Madeline Mckinnon","","360994","madeline.mckinnon@gmail.com","Madeline Mckinnon","Birthday Drop-In // London","24943","24944","863413999341","birthday-drop-in-credits-432","","","Credits","","","Completed","5/5/2026","CAD","1","15.00","15.00","1.95","16.95","Visa","E-Commerce","London","Ontario"
"RKZK-YJE9-5L09","Completed","5/5/2026","3:24 PM","America/Toronto","","false","346476","shanika.murphy@hotmail.com","Shanika Murphy","","346476","shanika.murphy@hotmail.com","Shanika Murphy","Birthday Drop-In // London","24943","24944","863413999341","birthday-drop-in-credits-432","","","Credits","","","Completed","5/5/2026","CAD","1","15.00","15.00","1.95","16.95","Mastercard","E-Commerce","London","Ontario"
"XR5Z-MRHZ-5L0A","Completed","5/5/2026","9:29 PM","America/Toronto","","false","382344","sophiaking87@gmail.com","Sophia King","","382344","sophiaking87@gmail.com","Sophia King","One Class Card // London","20798","20799","760445337951","one-class-card-l-credits-347","","","Credits","","","Completed","5/5/2026","CAD","1","25.00","25.00","3.25","28.25","Visa","E-Commerce","London","Ontario"
"DKK3-NRVQ-5L0A","Completed","5/5/2026","9:56 PM","America/Toronto","","false","111904","vivianli246@gmail.com","Vivian Li","","111904","vivianli246@gmail.com","Vivian Li","One Class Card // London","20798","20799","760445337951","one-class-card-l-credits-347","","","Credits","","","Completed","5/5/2026","CAD","1","25.00","25.00","3.25","28.25","Visa","E-Commerce","London","Ontario"
"4K6A-5DCZ-5L0A","Completed","5/5/2026","10:10 PM","America/Toronto","","false","398338","eidlaya885@gmail.com","Layal Eid","","398338","eidlaya885@gmail.com","Layal Eid","One Class Card // London","20798","20799","760445337951","one-class-card-l-credits-347","","","Credits","","","Completed","5/5/2026","CAD","1","25.00","25.00","3.25","28.25","Visa","E-Commerce","London","Ontario"
"75KA-8NGA-5L0A","Completed","5/5/2026","10:16 PM","America/Toronto","","false","358525","alisoncandy7@hotmail.com","alison candy","","358525","alisoncandy7@hotmail.com","alison candy","One Class Card // London","20798","20799","760445337951","one-class-card-l-credits-347","","","Credits","","","Completed","5/5/2026","CAD","1","25.00","25.00","3.25","28.25","Visa","E-Commerce","London","Ontario"
"CQYM-RWGY-5L0A","Completed","5/5/2026","10:21 PM","America/Toronto","","false","388764","wigginsjuliana@gmail.com","Juliana Wiggins","","388764","wigginsjuliana@gmail.com","Juliana Wiggins","Birthday Drop-In // London","24943","24944","863413999341","birthday-drop-in-credits-432","","","Credits","","","Completed","5/5/2026","CAD","1","15.00","15.00","1.95","16.95","Visa","E-Commerce","London","Ontario"
"W6KA-SWTJ-5L0A","Completed","5/5/2026","10:28 PM","America/Toronto","","false","248354","aarron.weinstein@gmail.com","Aarron Weinstein","","248354","aarron.weinstein@gmail.com","Aarron Weinstein","Birthday Drop-In // London","24943","24944","863413999341","birthday-drop-in-credits-432","","","Credits","","","Completed","5/5/2026","CAD","1","15.00","15.00","1.95","16.95","Visa","E-Commerce","London","Ontario"
"82TE-UKDJ-5L0A","Completed","5/5/2026","10:30 PM","America/Toronto","","false","359897","laura.elkhodeir@hotmail.com","Laura Elkhodeir","","359897","laura.elkhodeir@hotmail.com","Laura Elkhodeir","One Class Card // London","20798","20799","760445337951","one-class-card-l-credits-347","","","Credits","","","Completed","5/5/2026","CAD","1","25.00","25.00","3.25","28.25","Visa","E-Commerce","London","Ontario"
"GR77-QF3U-5L0A","Completed","5/5/2026","10:39 PM","America/Toronto","","false","398343","reannestockford@yahoo.ca","Reanne Stockford","","398343","reannestockford@yahoo.ca","Reanne Stockford","Birthday Drop-In // London","24943","24944","863413999341","birthday-drop-in-credits-432","","","Credits","","","Completed","5/5/2026","CAD","1","15.00","15.00","1.95","16.95","Mastercard","E-Commerce","London","Ontario"
"G3VN-HG45-5L0A","Completed","5/6/2026","12:25 AM","America/Toronto","","true","375376","hannahp0716@gmail.com","hannah pauwels","","375376","hannahp0716@gmail.com","hannah pauwels","Student Monthly Membership // London","21738","21739","582370867097","student-monthly--memberships-495","","","Memberships","","","Completed","5/6/2026","CAD","1","175.00","175.00","22.75","197.75","Visa","E-Commerce","London","Ontario"
"M4YH-YHYR-5L0A","Completed","5/6/2026","12:25 AM","America/Toronto","","true","381782","javeriahassan@windowslive.com","Javeria Hasan","","381782","javeriahassan@windowslive.com","Javeria Hasan","4x Membership // London","21999","22000","216300284773","4x-membership-lo-memberships-280","","","Memberships","","","Completed","5/6/2026","CAD","1","80.00","80.00","10.40","90.40","Visa","E-Commerce","London","Ontario"
"D8NA-4T4R-5L0A","Completed","5/6/2026","12:25 AM","America/Toronto","","true","349029","jessicaashleigh@live.ca","Jess Bray","","349029","jessicaashleigh@live.ca","Jess Bray","4x Monthly Membership // London *GRANDFATHERED","20838","20839","545622520223","4-classes-month--memberships-721","","","Memberships","","","Completed","5/6/2026","CAD","1","80.00","80.00","10.40","90.40","Visa","E-Commerce","London","Ontario"
"W7CP-3MP5-5L0A","Completed","5/6/2026","12:25 AM","America/Toronto","","true","360337","jenn.buchanan@hotmail.com","Jenn Buchanan","","360337","jenn.buchanan@hotmail.com","Jenn Buchanan","Student Monthly Membership // London","21738","21739","582370867097","student-monthly--memberships-495","","","Memberships","","","Completed","5/6/2026","CAD","1","175.00","175.00","22.75","197.75","Visa","E-Commerce","London","Ontario"
"6XEX-JGRP-5L0A","Completed","5/6/2026","12:53 AM","America/Toronto","","false","398353","piacuahequibal@gmail.com","Pia Hequibal","","398353","piacuahequibal@gmail.com","Pia Hequibal","Birthday Drop-In // London","24943","24944","863413999341","birthday-drop-in-credits-432","","","Credits","","","Completed","5/6/2026","CAD","1","15.00","15.00","1.95","16.95","Visa","E-Commerce","London","Ontario"
"6UQP-SDZ4-5L0A","Completed","5/6/2026","1:15 AM","America/Toronto","","true","356216","katherinetenhaaf@gmail.com","Katie ten Haaf","","356216","katherinetenhaaf@gmail.com","Katie ten Haaf","Late Cancel Charge","14688","14690","036981809486","late-cancel-fee-penalty-fees-771","","","Penalty Fees","","","Completed","5/6/2026","CAD","1","15.00","15.00","1.95","16.95","Visa","E-Commerce","London","Ontario"
"YR6H-QWMD-5L0A","Completed","5/6/2026","6:16 AM","America/Toronto","","true","363395","derek@cardy.ca","Derek Cardy","","363395","derek@cardy.ca","Derek Cardy","Late Cancel Charge","14688","14690","036981809486","late-cancel-fee-penalty-fees-771","","","Penalty Fees","","","Completed","5/6/2026","CAD","1","15.00","15.00","1.95","16.95","Visa","E-Commerce","London","Ontario"
"RTFV-XBQ9-5L0A","Completed","5/6/2026","7:25 AM","America/Toronto","","false","380929","ann_marie_parsons@hotmail.com","Ann-Marie Daharu","","380929","ann_marie_parsons@hotmail.com","Ann-Marie Daharu","Birthday Drop-In // London","24943","24944","863413999341","birthday-drop-in-credits-432","","","Credits","","","Completed","5/6/2026","CAD","1","15.00","15.00","1.95","16.95","American Express","E-Commerce","London","Ontario"
"5U27-BAP4-5L0A","Completed","5/6/2026","9:19 AM","America/Toronto","","false","355688","ovdiaz@yahoo.com","Vladimir Diaz","","355688","ovdiaz@yahoo.com","Vladimir Diaz","One Class Card // London","20798","20799","760445337951","one-class-card-l-credits-347","","","Credits","","","Completed","5/6/2026","CAD","1","25.00","25.00","3.25","28.25","Mastercard","E-Commerce","London","Ontario"
"EX47-3VXV-5L0A","Completed","5/6/2026","9:28 AM","America/Toronto","","false","384181","laneystafford@icloud.com","Delaney Stafford","","384181","laneystafford@icloud.com","Delaney Stafford","Spin-It-Forward // London","20792","20793","964245982422","spin-it-forward--credits-429","","","Credits","","","Completed","5/6/2026","CAD","1","10.00","10.00","1.30","11.30","Mastercard","E-Commerce","London","Ontario"
"AY3Z-3XR3-5L0A","Completed","5/6/2026","9:28 AM","America/Toronto","","false","384181","laneystafford@icloud.com","Delaney Stafford","","384181","laneystafford@icloud.com","Delaney Stafford","Spin-It-Forward // London","20792","20793","964245982422","spin-it-forward--credits-429","","","Credits","","","Completed","5/6/2026","CAD","1","10.00","10.00","1.30","11.30","Mastercard","E-Commerce","London","Ontario"
"84W3-SKJJ-5L0A","Completed","5/6/2026","9:42 AM","America/Toronto","","false","398373","kaymachura@gmail.com","Kayli Machura","","398373","kaymachura@gmail.com","Kayli Machura","New Rider Special // London","21051","21052","288040778473","new-rider-specia-memberships-503","","","Memberships","","","Completed","5/6/2026","CAD","1","50.00","50.00","6.50","56.50","Visa","E-Commerce","London","Ontario"
"PKBM-EMW2-5L0A","Completed","5/6/2026","10:21 AM","America/Toronto","","false","398376","marisapeter1992@gmail.com","Marisa Huynh","","398376","marisapeter1992@gmail.com","Marisa Huynh","Spin-It-Forward // London","20792","20793","964245982422","spin-it-forward--credits-429","","","Credits","","","Completed","5/6/2026","CAD","5","50.00","50.00","6.50","56.50","Mastercard","E-Commerce","London","Ontario"
"4RYS-673E-5L0A","Completed","5/6/2026","10:22 AM","America/Toronto","","false","398375","bajwajasmine@rocketmail.com","Jasmine Bajwa","","398375","bajwajasmine@rocketmail.com","Jasmine Bajwa","Spin-It-Forward // London","20792","20793","964245982422","spin-it-forward--credits-429","","","Credits","","","Completed","5/6/2026","CAD","1","10.00","10.00","1.30","11.30","Visa","E-Commerce","London","Ontario"
"57FF-WG3J-5L0A","Completed","5/6/2026","10:23 AM","America/Toronto","","false","358652","emilyweir33@gmail.com","Emily Weir","","358652","emilyweir33@gmail.com","Emily Weir","One Class Card // London","20798","20799","760445337951","one-class-card-l-credits-347","","","Credits","","","Completed","5/6/2026","CAD","1","25.00","25.00","3.25","28.25","Visa","E-Commerce","London","Ontario"
"CCVB-CZ4W-5L0A","Completed","5/6/2026","12:02 PM","America/Toronto","desktop","false","388653","rebecca_goettling@hotmail.com","Rebecca Hamilton","","336948","rbissett0303@gmail.com","Rachel Bissett","SPINCO London Crewneck","24949","24950","966088003820","spinco-london-cr-clothing-144","Blue","","Clothing","","","Completed","5/6/2026","CAD","1","49.99","49.99","6.50","56.49","Mastercard","In-Store","London","Ontario"
"2H2S-4ACX-5L0A","Completed","5/6/2026","4:15 PM","America/Toronto","","true","381015","graygrassconsulting@gmail.com","BRITT WEBB","","381015","graygrassconsulting@gmail.com","BRITT WEBB","Late Cancel Charge","14688","14690","036981809486","late-cancel-fee-penalty-fees-771","","","Penalty Fees","","","Completed","5/6/2026","CAD","1","15.00","15.00","1.95","16.95","Mastercard","E-Commerce","London","Ontario"
"6DQH-RP8W-5L0A","Completed","5/6/2026","4:56 PM","America/Toronto","","false","397633","alaribeh@hotmail.com","Hamida Alaribe","","397633","alaribeh@hotmail.com","Hamida Alaribe","Birthday Drop-In // London","24943","24944","863413999341","birthday-drop-in-credits-432","","","Credits","","","Completed","5/6/2026","CAD","1","15.00","15.00","1.95","16.95","Visa","E-Commerce","London","Ontario"
"Q2FC-KVAV-5L0A","Completed","5/6/2026","5:29 PM","America/Toronto","desktop","false","360337","jenn.buchanan@hotmail.com","Jenn Buchanan","","352814","dehliamcdonald@gmail.com","Dehlia McDonald","SPINCO Water","19657","19658","469973764933","spinco-water-water-914","","","Water","Arctic Chiller","","Completed","5/6/2026","CAD","1","2.50","2.50","0.33","2.83","Visa","In-Store","London","Ontario"
"HAEV-E4KM-5L0A","Completed","5/6/2026","6:16 PM","America/Toronto","","true","390747","jennkunnel7@hotmail.com","Jennifer Mathew","","390747","jennkunnel7@hotmail.com","Jennifer Mathew","Late Cancel Charge","14688","14690","036981809486","late-cancel-fee-penalty-fees-771","","","Penalty Fees","","","Completed","5/6/2026","CAD","1","15.00","15.00","1.95","16.95","Mastercard","E-Commerce","London","Ontario"
"A758-8ZYJ-5L0A","Completed","5/6/2026","6:20 PM","America/Toronto","","false","274527","ellamariedonovan@gmail.com","Ella Donovan","","274527","ellamariedonovan@gmail.com","Ella Donovan","Five Class Card // London","20802","20803","488719457552","five-class-card--credits-078","","","Credits","","","Completed","5/6/2026","CAD","1","110.00","110.00","14.30","124.30","Visa","E-Commerce","London","Ontario"
"9GKS-DY8Y-5L0A","Completed","5/6/2026","7:29 PM","America/Toronto","desktop","false","366627","carissamercedes@hotmail.com","Carissa Crysler","","352814","dehliamcdonald@gmail.com","Dehlia McDonald","SPINCO London Crewneck","24949","24950","966088003820","spinco-london-cr-clothing-144","Blue","","Clothing","","","Completed","5/6/2026","CAD","1","49.99","49.99","6.50","56.49","Visa","In-Store","London","Ontario"
"FTY9-BK86-5L0B","Completed","5/6/2026","8:54 PM","America/Toronto","desktop","false","263579","lauraschatz10@gmail.com","Laura Schatz","","382306","michellejcallander@gmail.com","Michelle Callandar","Five Class Card // London","20802","20803","488719457552","five-class-card--credits-078","","","Credits","","","Completed","5/6/2026","CAD","1","93.50","110.00","12.16","105.66","Mastercard","In-Store","London","Ontario"
"PNFS-VRPN-5L0B","Completed","5/6/2026","9:00 PM","America/Toronto","desktop","false","367983","jasionowskaolivia@gmail.com","Olivia Jasionowska","","382306","michellejcallander@gmail.com","Michelle Callandar","Student Monthly Membership // London","21738","21739","582370867097","student-monthly--memberships-495","","","Memberships","","","Completed","5/6/2026","CAD","1","175.00","175.00","22.75","197.75","Visa","In-Store","London","Ontario"
"EZ4F-ZDGZ-5L0B","Completed","5/6/2026","9:03 PM","America/Toronto","","false","369187","alexmorrison785@gmail.com","Alex Morrison","","369187","alexmorrison785@gmail.com","Alex Morrison","Spin-It-Forward // London","20792","20793","964245982422","spin-it-forward--credits-429","","","Credits","","","Completed","5/6/2026","CAD","1","10.00","10.00","1.30","11.30","Visa","E-Commerce","London","Ontario"
"NKZD-X6NH-5L0B","Completed","5/6/2026","9:09 PM","America/Toronto","","false","395867","beyzaciftci@gmail.com","Beyza Ciftci","","395867","beyzaciftci@gmail.com","Beyza Ciftci","Birthday Drop-In // London","24943","24944","863413999341","birthday-drop-in-credits-432","","","Credits","","","Completed","5/6/2026","CAD","1","15.00","15.00","1.95","16.95","Visa","E-Commerce","London","Ontario"
"HTTT-JHF6-5L0B","Completed","5/6/2026","9:19 PM","America/Toronto","","false","396989","dkacperski@live.ca","Darek Kacperski","","396989","dkacperski@live.ca","Darek Kacperski","Birthday Drop-In // London","24943","24944","863413999341","birthday-drop-in-credits-432","","","Credits","","","Completed","5/6/2026","CAD","1","15.00","15.00","1.95","16.95","Visa","E-Commerce","London","Ontario"
"DPKG-9TB2-5L0B","Completed","5/6/2026","10:55 PM","America/Toronto","","false","337078","meg.howe97@gmail.com","Megan Howe","","337078","meg.howe97@gmail.com","Megan Howe","Spin-It-Forward // London","20792","20793","964245982422","spin-it-forward--credits-429","","","Credits","","","Completed","5/6/2026","CAD","2","20.00","20.00","2.60","22.60","Visa","E-Commerce","London","Ontario"
"R5RT-JXPJ-5L0B","Completed","5/6/2026","11:15 PM","America/Toronto","","true","369246","fmacd039@uottawa.ca","FIONA MACDONALD","","369246","fmacd039@uottawa.ca","FIONA MACDONALD","Late Cancel Charge","14688","14690","036981809486","late-cancel-fee-penalty-fees-771","","","Penalty Fees","","","Completed","5/6/2026","CAD","1","15.00","15.00","1.95","16.95","Visa","E-Commerce","London","Ontario"
"ESXV-2NJJ-5L0B","Completed","5/7/2026","12:24 AM","America/Toronto","","true","380674","mervebozkurtt.41@gmail.com","Merve Bozkurt","","380674","mervebozkurtt.41@gmail.com","Merve Bozkurt","Unlimited Membership // London","21995","21996","447442561003","unlimited-member-memberships-867","","","Memberships","","","Completed","5/7/2026","CAD","1","200.00","200.00","26.00","226.00","Mastercard","E-Commerce","London","Ontario"
"3XKQ-7YNQ-5L0B","Completed","5/7/2026","12:24 AM","America/Toronto","","true","299099","karin.kerfoot@gmail.com","Karin Kerfoot","","299099","karin.kerfoot@gmail.com","Karin Kerfoot","8x Monthly Membership // 20% OFF PRE-SALE (London)","20848","20849","592398618104","20-off-presale-8-memberships-995","","","Memberships","","","Completed","5/7/2026","CAD","1","120.00","150.00","15.60","135.60","Visa","E-Commerce","London","Ontario"
"FCXT-P3VV-5L0B","Completed","5/7/2026","12:24 AM","America/Toronto","","true","373044","therescue5@hotmail.com","Mercedes Lander","","373044","therescue5@hotmail.com","Mercedes Lander","4x Membership // London","21999","22000","216300284773","4x-membership-lo-memberships-280","","","Memberships","","","Completed","5/7/2026","CAD","1","80.00","80.00","10.40","90.40","Visa","E-Commerce","London","Ontario"
"VN4N-9G74-5L0B","Completed","5/7/2026","12:24 AM","America/Toronto","","true","371018","safiyah.lawendy@gmail.com","Safiyah Lawendy","","371018","safiyah.lawendy@gmail.com","Safiyah Lawendy","Unlimited Membership // London","21995","21996","447442561003","unlimited-member-memberships-867","","","Memberships","","","Completed","5/7/2026","CAD","1","200.00","200.00","26.00","226.00","Visa","E-Commerce","London","Ontario"
"DP2G-FBQH-5L0B","Completed","5/7/2026","7:02 AM","America/Toronto","desktop","false","380674","mervebozkurtt.41@gmail.com","Merve Bozkurt","","347301","london@spinco.ca","SPINCO London","Coffee // London","23655","23656","087239269521","coffee-london-food-and-beverag-851","","","Food and Beverage","","","Completed","5/7/2026","CAD","1","1.50","1.50","0.20","1.70","Mastercard","In-Store","London","Ontario"
"4NCJ-RG5K-5L0B","Completed","5/7/2026","7:49 AM","America/Toronto","desktop","false","369687","kmachura@uwo.ca","Kayli Machura","","347301","london@spinco.ca","SPINCO London","Coffee // London","23655","23656","087239269521","coffee-london-food-and-beverag-851","","","Food and Beverage","","","Completed","5/7/2026","CAD","1","1.50","1.50","0.20","1.70","Visa","In-Store","London","Ontario"
"KAMA-55EY-5L0B","Completed","5/7/2026","8:13 AM","America/Toronto","","false","398482","chloeshanahan37@gmail.com","Chloe Shanahan","","398482","chloeshanahan37@gmail.com","Chloe Shanahan","Birthday Drop-In // London","24943","24944","863413999341","birthday-drop-in-credits-432","","","Credits","","","Completed","5/7/2026","CAD","1","15.00","15.00","1.95","16.95","Mastercard","E-Commerce","London","Ontario"
"HPKM-B2A8-5L0B","Completed","5/7/2026","8:16 AM","America/Toronto","","true","394563","s.channon1996@gmail.com","Symantha Channon","","394563","s.channon1996@gmail.com","Symantha Channon","No Show Charge","14687","14689","489143084327","no-show-fee-penalty-fees-498","","","Penalty Fees","","","Completed","5/7/2026","CAD","1","20.00","20.00","2.60","22.60","Visa","E-Commerce","London","Ontario"
"5Y3P-ZQTB-5L0B","Completed","5/7/2026","9:52 AM","America/Toronto","","false","367537","paige.dresser@lhsc.on.ca","Paige Dresser","","367537","paige.dresser@lhsc.on.ca","Paige Dresser","Birthday Drop-In // London","24943","24944","863413999341","birthday-drop-in-credits-432","","","Credits","","","Completed","5/7/2026","CAD","1","15.00","15.00","1.95","16.95","Visa","E-Commerce","London","Ontario"
"Y4CV-CEQE-5L0B","Completed","5/7/2026","9:59 AM","America/Toronto","","false","343368","kelseyvandewetering@gmail.com","Kelsey Vandewetering","","343368","kelseyvandewetering@gmail.com","Kelsey Vandewetering","Birthday Drop-In // London","24943","24944","863413999341","birthday-drop-in-credits-432","","","Credits","","","Completed","5/7/2026","CAD","1","15.00","15.00","1.95","16.95","Visa","E-Commerce","London","Ontario"
"DKD6-WYV4-5L0B","Completed","5/7/2026","10:16 AM","America/Toronto","","false","168551","batesclairefe@gmail.com","Claire Bates","","168551","batesclairefe@gmail.com","Claire Bates","Birthday Drop-In // London","24943","24944","863413999341","birthday-drop-in-credits-432","","","Credits","","","Completed","5/7/2026","CAD","1","15.00","15.00","1.95","16.95","Visa","E-Commerce","London","Ontario"
"8WQP-KYRJ-5L0B","Completed","5/7/2026","12:31 PM","America/Toronto","","false","398502","tiarbell05@gmail.com","Tia Bell","","398502","tiarbell05@gmail.com","Tia Bell","Birthday Drop-In // London","24943","24944","863413999341","birthday-drop-in-credits-432","","","Credits","","","Completed","5/7/2026","CAD","1","15.00","15.00","1.95","16.95","Visa","E-Commerce","London","Ontario"
"AJF2-84JJ-5L0B","Completed","5/7/2026","1:22 PM","America/Toronto","","false","322307","rachelgilmore6@hotmail.com","Rachel Gilmore","","322307","rachelgilmore6@hotmail.com","Rachel Gilmore","Birthday Drop-In // London","24943","24944","863413999341","birthday-drop-in-credits-432","","","Credits","","","Completed","5/7/2026","CAD","1","15.00","15.00","1.95","16.95","Mastercard","E-Commerce","London","Ontario"
"T9GD-FS9U-5L0B","Completed","5/7/2026","1:31 PM","America/Toronto","","false","398513","heba_h1026@hotmail.com","Heba Hamou","","398513","heba_h1026@hotmail.com","Heba Hamou","Birthday Drop-In // London","24943","24944","863413999341","birthday-drop-in-credits-432","","","Credits","","","Completed","5/7/2026","CAD","1","15.00","15.00","1.95","16.95","Visa","E-Commerce","London","Ontario"
"6KZD-ERR7-5L0B","Completed","5/7/2026","2:30 PM","America/Toronto","","false","330183","terralucy04@icloud.com","Terra McCloskey","","330183","terralucy04@icloud.com","Terra McCloskey","Ten Class Card // London","20794","20795","456569691604","ten-class-card-l-credits-104","","","Credits","","","Completed","5/7/2026","CAD","1","200.00","200.00","26.00","226.00","Visa","E-Commerce","London","Ontario"
"XRGR-525W-5L0B","Completed","5/7/2026","2:34 PM","America/Toronto","","false","336212","rileymasse8@gmail.com","Riley Masse","","336212","rileymasse8@gmail.com","Riley Masse","Birthday Drop-In // London","24943","24944","863413999341","birthday-drop-in-credits-432","","","Credits","","","Completed","5/7/2026","CAD","1","15.00","15.00","1.95","16.95","Visa","E-Commerce","London","Ontario"
"V7GS-EQ6H-5L0B","Completed","5/7/2026","2:40 PM","America/Toronto","","false","348357","sarah_steciuk@hotmail.com","Sarah Steciuk","","348357","sarah_steciuk@hotmail.com","Sarah Steciuk","Birthday Drop-In // London","24943","24944","863413999341","birthday-drop-in-credits-432","","","Credits","","","Completed","5/7/2026","CAD","1","15.00","15.00","1.95","16.95","Visa","E-Commerce","London","Ontario"
"SPJR-FUNB-5L0B","Completed","5/7/2026","3:21 PM","America/Toronto","desktop","false","259814","christiemetron@bell.net","Christie Metron","","382306","michellejcallander@gmail.com","Michelle Callandar","Ten Class Card // London","20794","20795","456569691604","ten-class-card-l-credits-104","","","Credits","","","Completed","5/7/2026","CAD","1","100.00","200.00","13.00","113.00","Visa","In-Store","London","Ontario"
"T7D5-FDCH-5L0B","Completed","5/7/2026","3:25 PM","America/Toronto","","false","346936","jennaroseclements@icloud.com","Jenna Clements","","346936","jennaroseclements@icloud.com","Jenna Clements","Spin-It-Forward // London","20792","20793","964245982422","spin-it-forward--credits-429","","","Credits","","","Completed","5/7/2026","CAD","1","10.00","10.00","1.30","11.30","Visa","E-Commerce","London","Ontario"
"YUNC-KV8Z-5L0B","Completed","5/7/2026","3:56 PM","America/Toronto","","false","397102","otem6199@gmail.com","Ella Ma","","397102","otem6199@gmail.com","Ella Ma","4x Membership // London","21999","22000","216300284773","4x-membership-lo-memberships-280","","","Memberships","","","Completed","5/7/2026","CAD","1","80.00","80.00","10.40","90.40","Visa","E-Commerce","London","Ontario"
"26PA-Q989-5L0B","Completed","5/7/2026","4:10 PM","America/Toronto","desktop","false","347824","llanasooklal2@gmail.com","Llana Tatavarti","","382306","michellejcallander@gmail.com","Michelle Callandar","Ten Class Card // London","20794","20795","456569691604","ten-class-card-l-credits-104","","","Credits","","","Completed","5/7/2026","CAD","1","100.00","200.00","13.00","113.00","Mastercard","In-Store","London","Ontario"
"9YMA-T8P7-5L0B","Completed","5/7/2026","5:08 PM","America/Toronto","","false","346660","mfaroo45@uwo.ca","Maria Farooq","","346660","mfaroo45@uwo.ca","Maria Farooq","Birthday Drop-In // London","24943","24944","863413999341","birthday-drop-in-credits-432","","","Credits","","","Completed","5/7/2026","CAD","1","15.00","15.00","1.95","16.95","Visa","E-Commerce","London","Ontario"
"GSYZ-GCDR-5L0B","Completed","5/7/2026","5:21 PM","America/Toronto","desktop","false","398534","annerae@rogers.com","Anne Rae","","347301","london@spinco.ca","SPINCO London","PURIST Water Bottle","15602","20112","517944611550","purist-water-bot-accessories-504","//SPINCO WORK, SWEAT, ACHIEVE","","Accessories","PURIST","","Completed","5/7/2026","CAD","1","16.00","16.00","2.08","18.08","Mastercard","In-Store","London","Ontario"
"GSYZ-GCDR-5L0B","Completed","5/7/2026","5:21 PM","America/Toronto","desktop","false","398534","annerae@rogers.com","Anne Rae","","347301","london@spinco.ca","SPINCO London","SPINCO London Tote Bag","24951","24952","050511205812","spinco-london-to-clothing-471","Black","","Clothing","","","Completed","5/7/2026","CAD","1","24.99","24.99","3.25","28.24","Mastercard","In-Store","London","Ontario"
"GSYZ-GCDR-5L0B","Completed","5/7/2026","5:21 PM","America/Toronto","desktop","false","398534","annerae@rogers.com","Anne Rae","","347301","london@spinco.ca","SPINCO London","SPINCO London Crewneck","24949","24950","966088003820","spinco-london-cr-clothing-144","Blue","","Clothing","","","Completed","5/7/2026","CAD","1","49.99","49.99","6.50","56.49","Mastercard","In-Store","London","Ontario"
"BWKR-VQNA-5L0B","Completed","5/7/2026","6:04 PM","America/Toronto","","false","85186","inaara.ahmedfazal@gmail.com","Inaara Ahmed-Fazal","","85186","inaara.ahmedfazal@gmail.com","Inaara Ahmed-Fazal","Birthday Drop-In // London","24943","24944","863413999341","birthday-drop-in-credits-432","","","Credits","","","Completed","5/7/2026","CAD","1","15.00","15.00","1.95","16.95","Visa","E-Commerce","London","Ontario"
"T59R-UFCX-5L0B","Completed","5/7/2026","6:32 PM","America/Toronto","desktop","false","230166","michelleyee1121@gmail.com","Michelle Yee","","346927","narellehesler@gmail.com","Narelle Hesler","Metal Vent Tech Short-Sleeve Shirt","20012","20015","936594514846","metal-vent-tech--clothing-926","Graphite Grey/Black","M","Clothing","Lululemon","","Completed","5/7/2026","CAD","1","78.00","78.00","10.14","88.14","American Express","In-Store","London","Ontario"
"T59R-UFCX-5L0B","Completed","5/7/2026","6:32 PM","America/Toronto","desktop","false","230166","michelleyee1121@gmail.com","Michelle Yee","","346927","narellehesler@gmail.com","Narelle Hesler","Energy Bra","20662","20667","942100950439","lululemon-energy-clothing-259","Black","10","Clothing","Lululemon","","Completed","5/7/2026","CAD","1","54.00","54.00","7.02","61.02","American Express","In-Store","London","Ontario"
"GR6S-H6RH-5L0B","Completed","5/7/2026","6:33 PM","America/Toronto","","false","366452","fjonuz@icloud.com","Fatima Jonuzi","","366452","fjonuz@icloud.com","Fatima Jonuzi","Birthday Drop-In // London","24943","24944","863413999341","birthday-drop-in-credits-432","","","Credits","","","Completed","5/7/2026","CAD","1","15.00","15.00","1.95","16.95","Visa","E-Commerce","London","Ontario"
"UF8W-X9UV-5L0B","Completed","5/7/2026","6:35 PM","America/Toronto","","false","398139","jordanbartlett2003@gmail.com","jordan bartlett","","398139","jordanbartlett2003@gmail.com","jordan bartlett","One Class Card // London","20798","20799","760445337951","one-class-card-l-credits-347","","","Credits","","","Completed","5/7/2026","CAD","1","25.00","25.00","3.25","28.25","Mastercard","E-Commerce","London","Ontario"
"3EZD-F4TE-5L0B","Completed","5/7/2026","6:36 PM","America/Toronto","","false","398550","chloeellery@hotmail.com","Chloe Ellery","","398550","chloeellery@hotmail.com","Chloe Ellery","One Class Card // London","20798","20799","760445337951","one-class-card-l-credits-347","","","Credits","","","Completed","5/7/2026","CAD","1","25.00","25.00","3.25","28.25","Visa","E-Commerce","London","Ontario"
"BQ5X-E4GA-5L0B","Completed","5/7/2026","6:52 PM","America/Toronto","","false","365383","taifali10@gmail.com","Taif Ali","","365383","taifali10@gmail.com","Taif Ali","Spin-It-Forward // London","20792","20793","964245982422","spin-it-forward--credits-429","","","Credits","","","Completed","5/7/2026","CAD","1","10.00","10.00","1.30","11.30","Visa","E-Commerce","London","Ontario"
"ARDT-KUNT-5L0B","Completed","5/7/2026","7:15 PM","America/Toronto","","false","347047","tiffani-d@outlook.com","Tiffani Deforest","","347047","tiffani-d@outlook.com","Tiffani Deforest","Birthday Drop-In // London","24943","24944","863413999341","birthday-drop-in-credits-432","","","Credits","","","Completed","5/7/2026","CAD","1","15.00","15.00","1.95","16.95","Visa","E-Commerce","London","Ontario"
"DSCC-KCDT-5L0B","Completed","5/7/2026","7:39 PM","America/Toronto","desktop","false","230166","michelleyee1121@gmail.com","Michelle Yee","","346927","narellehesler@gmail.com","Narelle Hesler","SPINCO London Crewneck","24949","24950","966088003820","spinco-london-cr-clothing-144","Blue","","Clothing","","","Completed","5/7/2026","CAD","1","49.99","49.99","6.50","56.49","Account balance, American Express","In-Store","London","Ontario"
"YJ6S-8NS9-5L0C","Completed","5/7/2026","8:46 PM","America/Toronto","","false","320367","nramirez.hba2015@gmail.com","Nathalie Ramirez","","320367","nramirez.hba2015@gmail.com","Nathalie Ramirez","Birthday Drop-In // London","24943","24944","863413999341","birthday-drop-in-credits-432","","","Credits","","","Completed","5/7/2026","CAD","1","15.00","15.00","1.95","16.95","Visa","E-Commerce","London","Ontario"
"YZCR-TNPE-5L0C","Completed","5/7/2026","11:16 PM","America/Toronto","","true","381015","graygrassconsulting@gmail.com","BRITT WEBB","","381015","graygrassconsulting@gmail.com","BRITT WEBB","Late Cancel Charge","14688","14690","036981809486","late-cancel-fee-penalty-fees-771","","","Penalty Fees","","","Completed","5/7/2026","CAD","1","15.00","15.00","1.95","16.95","Mastercard","E-Commerce","London","Ontario"
"4G5T-DJ9B-5L0C","Completed","5/8/2026","12:25 AM","America/Toronto","","true","381092","ketsialr@gmail.com","Ketsia Ratzlaff","","381092","ketsialr@gmail.com","Ketsia Ratzlaff","8x Membership // London","21997","21998","667327189404","8x-membership-lo-memberships-656","","","Memberships","","","Completed","5/8/2026","CAD","1","150.00","150.00","19.50","169.50","Mastercard","E-Commerce","London","Ontario"
"8BF2-3VMD-5L0C","Completed","5/8/2026","12:25 AM","America/Toronto","","true","353984","amerkel3@uwo.ca","Allie Merkel","","353984","amerkel3@uwo.ca","Allie Merkel","4x Membership // London","21999","22000","216300284773","4x-membership-lo-memberships-280","","","Memberships","","","Completed","5/8/2026","CAD","1","68.00","80.00","8.84","76.84","Mastercard","E-Commerce","London","Ontario"
"FB8S-YQCC-5L0C","Completed","5/8/2026","12:25 AM","America/Toronto","","true","350190","ldietz@tlscv.com","Laurie Dietz","","350190","ldietz@tlscv.com","Laurie Dietz","Unlimited Monthly Membership // London *GRANDFATHERED","20834","20835","254627090190","unlimited-classe-memberships-530","","","Memberships","","","Completed","5/8/2026","CAD","1","200.00","200.00","26.00","226.00","Visa","E-Commerce","London","Ontario"
"C8GT-YQVV-5L0C","Completed","5/8/2026","12:36 AM","America/Toronto","","false","395521","yarafsharairee@gmail.com","Yara Alsharairi","","395521","yarafsharairee@gmail.com","Yara Alsharairi","Birthday Drop-In // London","24943","24944","863413999341","birthday-drop-in-credits-432","","","Credits","","","Completed","5/8/2026","CAD","1","15.00","15.00","1.95","16.95","Visa","E-Commerce","London","Ontario"
"EW49-YHHS-5L0C","Completed","5/8/2026","6:15 AM","America/Toronto","","true","363395","derek@cardy.ca","Derek Cardy","","363395","derek@cardy.ca","Derek Cardy","Late Cancel Charge","14688","14690","036981809486","late-cancel-fee-penalty-fees-771","","","Penalty Fees","","","Completed","5/8/2026","CAD","1","15.00","15.00","1.95","16.95","Visa","E-Commerce","London","Ontario"
"FWQ9-ARXT-5L0C","Completed","5/8/2026","7:02 AM","America/Toronto","desktop","false","380674","mervebozkurtt.41@gmail.com","Merve Bozkurt","","347301","london@spinco.ca","SPINCO London","Coffee // London","23655","23656","087239269521","coffee-london-food-and-beverag-851","","","Food and Beverage","","","Completed","5/8/2026","CAD","1","1.50","1.50","0.20","1.70","Mastercard","In-Store","London","Ontario"
"GUW3-FFRC-5L0C","Completed","5/8/2026","7:37 AM","America/Toronto","","false","364192","jessica@eglintonscott.com","Jessica Scott","","364192","jessica@eglintonscott.com","Jessica Scott","One Class Card // London","20798","20799","760445337951","one-class-card-l-credits-347","","","Credits","","","Completed","5/8/2026","CAD","1","25.00","25.00","3.25","28.25","Visa","E-Commerce","London","Ontario"
"BC2M-89BG-5L0C","Completed","5/8/2026","9:35 AM","America/Toronto","desktop","false","346751","rybrownrigg@hotmail.com","Rylee Brownrigg","","382306","michellejcallander@gmail.com","Michelle Callandar","Ten Class Card // London","20794","20795","456569691604","ten-class-card-l-credits-104","","","Credits","","","Completed","5/8/2026","CAD","1","100.00","200.00","13.00","113.00","Visa","In-Store","London","Ontario"
"EYQ5-NDW6-5L0C","Completed","5/8/2026","10:59 AM","America/Toronto","","false","386833","rachaelbelton876@gmail.com","Rachael Belton","","386833","rachaelbelton876@gmail.com","Rachael Belton","Birthday Drop-In // London","24943","24944","863413999341","birthday-drop-in-credits-432","","","Credits","","","Completed","5/8/2026","CAD","2","30.00","30.00","3.90","33.90","Mastercard","E-Commerce","London","Ontario"
"2QQM-GZQS-5L0C","Completed","5/8/2026","3:10 PM","America/Toronto","","false","397582","chantel.devries@outlook.com","Chantel Devries","","397582","chantel.devries@outlook.com","Chantel Devries","One Class Card // London","20798","20799","760445337951","one-class-card-l-credits-347","","","Credits","","","Completed","5/8/2026","CAD","1","25.00","25.00","3.25","28.25","Visa","E-Commerce","London","Ontario"
"ZH3D-329B-5L0C","Completed","5/8/2026","3:37 PM","America/Toronto","","false","347075","karissa.paterson@outlook.com","Karissa Paterson","","347075","karissa.paterson@outlook.com","Karissa Paterson","Pastel Petals Flower Bar // London","24999","25000","926211254334","build-your-own-b-custom-193","","","Custom","","","Completed","5/8/2026","CAD","1","16.50","16.50","2.15","18.65","Mastercard","E-Commerce","London","Ontario"
"RQ9T-R5Z5-5L0C","Completed","5/8/2026","4:46 PM","America/Toronto","","false","351404","libertad.melendez1@gmail.com","Libertad Melendez","","351404","libertad.melendez1@gmail.com","Libertad Melendez","Birthday Drop-In // London","24943","24944","863413999341","birthday-drop-in-credits-432","","","Credits","","","Completed","5/8/2026","CAD","1","15.00","15.00","1.95","16.95","Visa","E-Commerce","London","Ontario"
"MQN6-F3RQ-5L0C","Completed","5/8/2026","5:16 PM","America/Toronto","desktop","false","392004","madelinesibb@gmail.com","Madeline Sibbald","","382306","michellejcallander@gmail.com","Michelle Callandar","Birthday Drop-In // London","24943","24944","863413999341","birthday-drop-in-credits-432","","","Credits","","","Completed","5/8/2026","CAD","1","15.00","15.00","1.95","16.95","Visa","In-Store","London","Ontario"
"V9UU-AYJ8-5L0C","Completed","5/8/2026","5:55 PM","America/Toronto","","false","377106","gaya3mallya@gmail.com","Gayathri Mallya","","377106","gaya3mallya@gmail.com","Gayathri Mallya","Birthday Drop-In // London","24943","24944","863413999341","birthday-drop-in-credits-432","","","Credits","","","Completed","5/8/2026","CAD","1","15.00","15.00","1.95","16.95","Mastercard","E-Commerce","London","Ontario"
"AVAP-MZZ3-5L0C","Completed","5/8/2026","6:42 PM","America/Toronto","","false","358251","lynnlaithwaite@gmail.com","Lynn Stewart","","358251","lynnlaithwaite@gmail.com","Lynn Stewart","Spin-It-Forward // London","20792","20793","964245982422","spin-it-forward--credits-429","","","Credits","","","Completed","5/8/2026","CAD","1","10.00","10.00","1.30","11.30","Visa","E-Commerce","London","Ontario"
"V53C-3C45-5L0C","Completed","5/8/2026","6:48 PM","America/Toronto","","false","358525","alisoncandy7@hotmail.com","alison candy","","358525","alisoncandy7@hotmail.com","alison candy","Birthday Drop-In // London","24943","24944","863413999341","birthday-drop-in-credits-432","","","Credits","","","Completed","5/8/2026","CAD","1","15.00","15.00","1.95","16.95","Visa","E-Commerce","London","Ontario"
"F2FW-X3PJ-5L0D","Completed","5/8/2026","8:02 PM","America/Toronto","","false","398693","belangera4@outlook.com","Angelique Belanger","","398693","belangera4@outlook.com","Angelique Belanger","Birthday Drop-In // London","24943","24944","863413999341","birthday-drop-in-credits-432","","","Credits","","","Completed","5/8/2026","CAD","1","15.00","15.00","1.95","16.95","Visa","E-Commerce","London","Ontario"
"UYDW-VWEP-5L0D","Completed","5/8/2026","9:01 PM","America/Toronto","","false","366201","m1k3yrp@gmail.com","Michael Ruiz","","366201","m1k3yrp@gmail.com","Michael Ruiz","Birthday Drop-In // London","24943","24944","863413999341","birthday-drop-in-credits-432","","","Credits","","","Completed","5/8/2026","CAD","1","15.00","15.00","1.95","16.95","American Express","E-Commerce","London","Ontario"
"W48Z-TA34-5L0D","Completed","5/8/2026","10:36 PM","America/Toronto","","true","342216","kacie_allana@hotmail.com","Kacie Fraser","","342216","kacie_allana@hotmail.com","Kacie Fraser","4x Membership // Barrie · 10% PRE-SALE","20866","20867","780524050667","4x-monthly-membe-memberships-755","","","Memberships","","","Completed","5/8/2026","CAD","1","0.00","0.00","0.00","0.00","No Charge","E-Commerce","London","Ontario"
"H37D-37JN-5L0D","Completed","5/8/2026","10:39 PM","America/Toronto","","true","342216","kacie_allana@hotmail.com","Kacie Fraser","","342216","kacie_allana@hotmail.com","Kacie Fraser","4x Membership // Barrie · 10% PRE-SALE","20866","20867","780524050667","4x-monthly-membe-memberships-755","","","Memberships","","","Completed","5/8/2026","CAD","1","0.00","0.00","0.00","0.00","No Charge","E-Commerce","London","Ontario"
"QHHR-32S9-5L0D","Completed","5/8/2026","11:04 PM","America/Toronto","","false","291833","lucia.santilly@gmail.com","Lucy Santilly","","291833","lucia.santilly@gmail.com","Lucy Santilly","Birthday Drop-In // London","24943","24944","863413999341","birthday-drop-in-credits-432","","","Credits","","","Completed","5/8/2026","CAD","1","15.00","15.00","1.95","16.95","Visa","E-Commerce","London","Ontario"
"6HZJ-6X4S-5L0D","Completed","5/9/2026","12:25 AM","America/Toronto","","true","359742","briannemrocha@gmail.com","Brianne Rocha","","359742","briannemrocha@gmail.com","Brianne Rocha","4x Membership // London","21999","22000","216300284773","4x-membership-lo-memberships-280","","","Memberships","","","Completed","5/9/2026","CAD","1","80.00","80.00","10.40","90.40","Visa","E-Commerce","London","Ontario"
"SS48-9HP4-5L0D","Completed","5/9/2026","12:25 AM","America/Toronto","","true","379914","camilajc08@gmail.com","cami jerez","","379914","camilajc08@gmail.com","cami jerez","4x Membership // London","21999","22000","216300284773","4x-membership-lo-memberships-280","","","Memberships","","","Completed","5/9/2026","CAD","1","80.00","80.00","10.40","90.40","Mastercard","E-Commerce","London","Ontario"
"MZZM-K9JX-5L0D","Completed","5/9/2026","12:25 AM","America/Toronto","","true","394909","laurenfarlinger@gmail.com","Lauren Farlinger","","394909","laurenfarlinger@gmail.com","Lauren Farlinger","4x Membership // London","21999","22000","216300284773","4x-membership-lo-memberships-280","","","Memberships","","","Completed","5/9/2026","CAD","1","80.00","80.00","10.40","90.40","American Express","E-Commerce","London","Ontario"
"BXBN-HCUY-5L0D","Completed","5/9/2026","12:25 AM","America/Toronto","","true","244728","micayahcoutinho@gmail.com","Micayah Coutinho","","244728","micayahcoutinho@gmail.com","Micayah Coutinho","Staff Membership // London","20830","20831","898235312897","staff-membership-memberships-735","","","Memberships","","","Completed","5/9/2026","CAD","1","0.00","0.00","0.00","0.00","No Charge","E-Commerce","London","Ontario"
"WFWM-EDKN-5L0D","Completed","5/9/2026","12:25 AM","America/Toronto","","true","284651","sydney@reedzone.com","Sydney Reed","","284651","sydney@reedzone.com","Sydney Reed","Staff Membership // London","20830","20831","898235312897","staff-membership-memberships-735","","","Memberships","","","Completed","5/9/2026","CAD","1","0.00","0.00","0.00","0.00","No Charge","E-Commerce","London","Ontario"
"KK3R-EH4W-5L0D","Completed","5/9/2026","12:25 AM","America/Toronto","","true","195714","madalyn.richards@hotmail.com","Madalyn Richards","","195714","madalyn.richards@hotmail.com","Madalyn Richards","Staff Membership // London","20830","20831","898235312897","staff-membership-memberships-735","","","Memberships","","","Completed","5/9/2026","CAD","1","0.00","0.00","0.00","0.00","No Charge","E-Commerce","London","Ontario"
"AJGH-E2XN-5L0D","Completed","5/9/2026","12:25 AM","America/Toronto","","true","229559","keiraelse@gmail.com","Keira Else","","229559","keiraelse@gmail.com","Keira Else","Staff Membership // London","20830","20831","898235312897","staff-membership-memberships-735","","","Memberships","","","Completed","5/9/2026","CAD","1","0.00","0.00","0.00","0.00","No Charge","E-Commerce","London","Ontario"
"DHRV-33XZ-5L0D","Completed","5/9/2026","12:25 AM","America/Toronto","","true","311851","jtoonen19@gmail.com","Jordyn Toonen","","311851","jtoonen19@gmail.com","Jordyn Toonen","Staff Membership // London","20830","20831","898235312897","staff-membership-memberships-735","","","Memberships","","","Completed","5/9/2026","CAD","1","0.00","0.00","0.00","0.00","No Charge","E-Commerce","London","Ontario"
"VR63-AFGR-5L0D","Completed","5/9/2026","12:25 AM","America/Toronto","","true","320289","richang0617@gmail.com","Rich Ang","","320289","richang0617@gmail.com","Rich Ang","Staff Membership // London","20830","20831","898235312897","staff-membership-memberships-735","","","Memberships","","","Completed","5/9/2026","CAD","1","0.00","0.00","0.00","0.00","No Charge","E-Commerce","London","Ontario"
"MMJA-KQ3G-5L0D","Completed","5/9/2026","12:25 AM","America/Toronto","","true","320367","nramirez.hba2015@gmail.com","Nathalie Ramirez","","320367","nramirez.hba2015@gmail.com","Nathalie Ramirez","Staff Membership // London","20830","20831","898235312897","staff-membership-memberships-735","","","Memberships","","","Completed","5/9/2026","CAD","1","0.00","0.00","0.00","0.00","No Charge","E-Commerce","London","Ontario"
"KYGW-UDVW-5L0D","Completed","5/9/2026","12:25 AM","America/Toronto","","true","205731","avanir31@gmail.com","Avani Rishi","","205731","avanir31@gmail.com","Avani Rishi","4x Membership // Barrie · 10% PRE-SALE","20866","20867","780524050667","4x-monthly-membe-memberships-755","","","Memberships","","","Completed","5/9/2026","CAD","1","72.00","80.00","9.36","81.36","Mastercard","E-Commerce","London","Ontario"
"J9VR-EJ4Y-5L0D","Completed","5/9/2026","12:25 AM","America/Toronto","","true","346872","jessblack27@gmail.com","Jess Black","","346872","jessblack27@gmail.com","Jess Black","4x Monthly Membership // London *GRANDFATHERED","20838","20839","545622520223","4-classes-month--memberships-721","","","Memberships","","","Completed","5/9/2026","CAD","1","68.00","80.00","8.84","76.84","Visa","E-Commerce","London","Ontario"
"DM5V-SWX8-5L0D","Completed","5/9/2026","6:47 AM","America/Toronto","","false","376096","naosimpson12@gmail.com","Naomi Simpson","","376096","naosimpson12@gmail.com","Naomi Simpson","Birthday Drop-In // London","24943","24944","863413999341","birthday-drop-in-credits-432","","","Credits","","","Completed","5/9/2026","CAD","1","15.00","15.00","1.95","16.95","Visa","E-Commerce","London","Ontario"
"DM5V-SWX8-5L0D","Completed","5/9/2026","6:47 AM","America/Toronto","","false","376096","naosimpson12@gmail.com","Naomi Simpson","","376096","naosimpson12@gmail.com","Naomi Simpson","One Class Card // London","20798","20799","760445337951","one-class-card-l-credits-347","","","Credits","","","Completed","5/9/2026","CAD","1","25.00","25.00","3.25","28.25","Visa","E-Commerce","London","Ontario"
"D9BZ-2AAS-5L0D","Completed","5/9/2026","7:15 AM","America/Toronto","","false","283223","macmshan953@hotmail.com","Shannon Brown","","283223","macmshan953@hotmail.com","Shannon Brown","Birthday Drop-In // London","24943","24944","863413999341","birthday-drop-in-credits-432","","","Credits","","","Completed","5/9/2026","CAD","1","15.00","15.00","1.95","16.95","Visa","E-Commerce","London","Ontario"
"3XMW-3VAW-5L0D","Completed","5/9/2026","7:50 AM","America/Toronto","desktop","false","368636","billkdietz@gmail.com","Bill Dietz","","347301","london@spinco.ca","SPINCO London","SPINCO Water","19657","19658","469973764933","spinco-water-water-914","","","Water","Arctic Chiller","","Completed","5/9/2026","CAD","1","2.50","2.50","0.33","2.83","Visa","In-Store","London","Ontario"
"DSGY-TNXN-5L0D","Completed","5/9/2026","7:55 AM","America/Toronto","desktop","false","395867","beyzaciftci@gmail.com","Beyza Ciftci","","346927","narellehesler@gmail.com","Narelle Hesler","Ten Class Card // 20% OFF PRE-SALE (London)","20826","20827","488977029652","20-off-presale-t-credits-859","","","Credits","","","Completed","5/9/2026","CAD","1","160.00","200.00","20.80","180.80","Visa","In-Store","London","Ontario"
"N24F-THCM-5L0D","Completed","5/9/2026","8:38 AM","America/Toronto","desktop","false","272178","mhurst9@uwo.ca","Marissa Hurst","","336948","rbissett0303@gmail.com","Rachel Bissett","SPINCO London Crewneck","24949","24950","966088003820","spinco-london-cr-clothing-144","Blue","","Clothing","","","Completed","5/9/2026","CAD","2","79.98","99.98","10.40","90.38","Visa","In-Store","London","Ontario"
"XZRC-Y8UR-5L0D","Completed","5/9/2026","8:41 AM","America/Toronto","desktop","false","350670","parastu.nasirbaht9@gmail.com","Parastu Khodabandehloo","","336948","rbissett0303@gmail.com","Rachel Bissett","SPINCO London Crewneck","24949","24950","966088003820","spinco-london-cr-clothing-144","Blue","","Clothing","","","Completed","5/9/2026","CAD","1","39.99","49.99","5.20","45.19","Mastercard","In-Store","London","Ontario"
"5GA4-HRK8-5L0D","Completed","5/9/2026","8:49 AM","America/Toronto","desktop","false","379616","morganeast56@gmail.com","Morgan 🦋 Easton","","336948","rbissett0303@gmail.com","Rachel Bissett","Ten Class Card // London","20794","20795","456569691604","ten-class-card-l-credits-104","","","Credits","","","Completed","5/9/2026","CAD","1","160.00","200.00","20.80","180.80","Visa","In-Store","London","Ontario"
"N6EV-SUYG-5L0D","Completed","5/9/2026","8:53 AM","America/Toronto","desktop","false","389591","alexandra.tiano@gmail.com","Alexandra Tiano","","336948","rbissett0303@gmail.com","Rachel Bissett","SPINCO London Crewneck","24949","24950","966088003820","spinco-london-cr-clothing-144","Blue","","Clothing","","","Completed","5/9/2026","CAD","1","39.99","49.99","5.20","45.19","Mastercard","In-Store","London","Ontario"
"9PMM-KG87-5L0D","Completed","5/9/2026","8:56 AM","America/Toronto","desktop","false","336243","sarah.e.ryckman@gmail.com","Sarah Ryckman","","71878","k.rothwell@spinco.ca","Kira Rothwell","Ten Class Card // London","20794","20795","456569691604","ten-class-card-l-credits-104","","","Credits","","","Completed","5/9/2026","CAD","1","160.00","200.00","20.80","180.80","Visa","In-Store","London","Ontario"
"YKEE-4JT6-5L0D","Completed","5/9/2026","8:57 AM","America/Toronto","desktop","false","336213","tmorell16@me.com","Taylor Morell","","71878","k.rothwell@spinco.ca","Kira Rothwell","Ten Class Card // London","20794","20795","456569691604","ten-class-card-l-credits-104","","","Credits","","","Completed","5/9/2026","CAD","1","160.00","200.00","20.80","180.80","Visa","In-Store","London","Ontario"
"G3JV-95RA-5L0D","Completed","5/9/2026","9:00 AM","America/Toronto","desktop","false","395867","beyzaciftci@gmail.com","Beyza Ciftci","","336948","rbissett0303@gmail.com","Rachel Bissett","Ten Class Card // London","20794","20795","456569691604","ten-class-card-l-credits-104","","","Credits","","","Completed","5/9/2026","CAD","1","160.00","200.00","20.80","180.80","Visa","In-Store","London","Ontario"
"VQ7X-ERXM-5L0D","Completed","5/9/2026","9:01 AM","America/Toronto","desktop","false","398219","ashleyhorat@gmail.com","Ashley Horat","","71878","k.rothwell@spinco.ca","Kira Rothwell","Five Class Card // London","20802","20803","488719457552","five-class-card--credits-078","","","Credits","","","Completed","5/9/2026","CAD","1","88.00","110.00","11.44","99.44","Visa","In-Store","London","Ontario"
"CEH3-RH8G-5L0D","Completed","5/9/2026","9:02 AM","America/Toronto","desktop","false","336270","heathersmall@rogers.com","Heather Small","","336948","rbissett0303@gmail.com","Rachel Bissett","Ten Class Card // London","20794","20795","456569691604","ten-class-card-l-credits-104","","","Credits","","","Completed","5/9/2026","CAD","1","160.00","200.00","20.80","180.80","Visa","In-Store","London","Ontario"
"DBWF-RKEC-5L0D","Completed","5/9/2026","9:04 AM","America/Toronto","desktop","false","349733","logangunn87@gmail.com","Logan Gunn","","71878","k.rothwell@spinco.ca","Kira Rothwell","SPINCO Water","19657","19658","469973764933","spinco-water-water-914","","","Water","Arctic Chiller","","Completed","5/9/2026","CAD","1","2.50","2.50","0.33","2.83","American Express","In-Store","London","Ontario"
"5H9J-UQBU-5L0D","Completed","5/9/2026","9:06 AM","America/Toronto","desktop","false","387959","averywalton123@gmail.com","Avery Walton","","71878","k.rothwell@spinco.ca","Kira Rothwell","Ten Class Card // London","20794","20795","456569691604","ten-class-card-l-credits-104","","","Credits","","","Completed","5/9/2026","CAD","1","100.00","200.00","13.00","113.00","Visa","In-Store","London","Ontario"
"5H9J-UQBU-5L0D","Completed","5/9/2026","9:06 AM","America/Toronto","desktop","false","387959","averywalton123@gmail.com","Avery Walton","","71878","k.rothwell@spinco.ca","Kira Rothwell","SPINCO London Crewneck","24949","24950","966088003820","spinco-london-cr-clothing-144","Blue","","Clothing","","","Completed","5/9/2026","CAD","1","39.99","49.99","5.20","45.19","Visa","In-Store","London","Ontario"
"4YXU-TK4H-5L0D","Completed","5/9/2026","9:10 AM","America/Toronto","desktop","false","389831","klattannalee@gmail.com","Anna-Lee Klatt","","71878","k.rothwell@spinco.ca","Kira Rothwell","Ten Class Card // London","20794","20795","456569691604","ten-class-card-l-credits-104","","","Credits","","","Completed","5/9/2026","CAD","1","100.00","200.00","13.00","113.00","Visa","In-Store","London","Ontario"
"AFYZ-EM3P-5L0D","Completed","5/9/2026","9:12 AM","America/Toronto","desktop","false","397262","naomipat2002@gmail.com","Naomi Mazzuca","","71878","k.rothwell@spinco.ca","Kira Rothwell","Ten Class Card // London","20794","20795","456569691604","ten-class-card-l-credits-104","","","Credits","","","Completed","5/9/2026","CAD","1","100.00","200.00","13.00","113.00","Visa","In-Store","London","Ontario"
"AQQB-FBWZ-5L0D","Completed","5/9/2026","10:05 AM","America/Toronto","desktop","false","378742","itslatashacromwell@gmail.com","Latasha Cromwell","","336948","rbissett0303@gmail.com","Rachel Bissett","Five Class Card // London","20802","20803","488719457552","five-class-card--credits-078","","","Credits","","","Completed","5/9/2026","CAD","1","88.00","110.00","11.44","99.44","Visa","In-Store","London","Ontario"
"5D8X-SF47-5L0D","Completed","5/9/2026","10:05 AM","America/Toronto","desktop","false","218683","jennifervhtran@gmail.com","Jenn 🎀 Tran","ICLS","71878","k.rothwell@spinco.ca","Kira Rothwell","SPINCO London Crewneck","24949","24950","966088003820","spinco-london-cr-clothing-144","Blue","","Clothing","","","Completed","5/9/2026","CAD","1","39.99","49.99","5.20","45.19","Account balance, American Express","In-Store","London","Ontario"
"A5HT-XAUU-5L0D","Completed","5/9/2026","10:07 AM","America/Toronto","","false","388653","rebecca_goettling@hotmail.com","Rebecca Hamilton","","388653","rebecca_goettling@hotmail.com","Rebecca Hamilton","2-Week Unlimited Anniversary // London","24947","24948","048368164251","2-week-unlimited-memberships-083","","","Memberships","","","Completed","5/9/2026","CAD","1","50.00","50.00","6.50","56.50","Mastercard","E-Commerce","London","Ontario"
"3RB4-X4WK-5L0D","Completed","5/9/2026","10:19 AM","America/Toronto","","false","389239","ellamjy@gmail.com","Ella Young","","389239","ellamjy@gmail.com","Ella Young","One Class Card // London","20798","20799","760445337951","one-class-card-l-credits-347","","","Credits","","","Completed","5/9/2026","CAD","1","25.00","25.00","3.25","28.25","Visa","E-Commerce","London","Ontario"
"5QD6-HVY2-5L0D","Completed","5/9/2026","10:20 AM","America/Toronto","desktop","false","354213","h_assaf92@hotmail.com","Hannan A","","71878","k.rothwell@spinco.ca","Kira Rothwell","4x Membership // London","21999","22000","216300284773","4x-membership-lo-memberships-280","","","Memberships","","","Completed","5/9/2026","CAD","1","64.00","80.00","8.32","72.32","Visa","In-Store","London","Ontario"
"FNG8-VNDX-5L0D","Completed","5/9/2026","10:20 AM","America/Toronto","","false","389239","ellamjy@gmail.com","Ella Young","","389239","ellamjy@gmail.com","Ella Young","One Class Card // London","20798","20799","760445337951","one-class-card-l-credits-347","","","Credits","","","Completed","5/9/2026","CAD","1","25.00","25.00","3.25","28.25","Visa","E-Commerce","London","Ontario"
"KUNU-KDBT-5L0D","Completed","5/9/2026","10:22 AM","America/Toronto","desktop","false","357126","eman_assaf1@hotmail.com","Eman A","","71878","k.rothwell@spinco.ca","Kira Rothwell","4x Membership // London","21999","22000","216300284773","4x-membership-lo-memberships-280","","","Memberships","","","Completed","5/9/2026","CAD","1","64.00","80.00","8.32","72.32","Mastercard","In-Store","London","Ontario"
"HFSU-V46B-5L0D","Completed","5/9/2026","10:24 AM","America/Toronto","desktop","false","352815","mcdonald.kellyj@gmail.com","Kelly Vogelsang","","336948","rbissett0303@gmail.com","Rachel Bissett","Scuba Oversized Half-Zip Hoodie","19088","19980","497372610604","scuba-oversized--clothing-042","Black","XS/S","Clothing","Lululemon","","Completed","5/9/2026","CAD","1","94.40","118.00","12.27","106.67","Visa","In-Store","London","Ontario"
"E72J-N6XB-5L0D","Completed","5/9/2026","10:46 AM","America/Toronto","desktop","false","339726","jenmcgarry17@hotmail.com","Jen Savage","","336948","rbissett0303@gmail.com","Rachel Bissett","Ten Class Card // London","20794","20795","456569691604","ten-class-card-l-credits-104","","","Credits","","","Completed","5/9/2026","CAD","1","160.00","200.00","20.80","180.80","Mastercard","In-Store","London","Ontario"
"ZRXF-7TQA-5L0D","Completed","5/9/2026","10:48 AM","America/Toronto","desktop","false","350126","blkp42@hotmail.com","Brianna-Lynn Pye","","71878","k.rothwell@spinco.ca","Kira Rothwell","Five Class Card // London","20802","20803","488719457552","five-class-card--credits-078","","","Credits","","","Completed","5/9/2026","CAD","1","88.00","110.00","11.44","99.44","Visa","In-Store","London","Ontario"
"UDY4-SKH7-5L0D","Completed","5/9/2026","10:50 AM","America/Toronto","desktop","false","356436","laceyflannery13@gmail.com","Lacey Flannery","","71878","k.rothwell@spinco.ca","Kira Rothwell","SPINCO London Crewneck","24949","24950","966088003820","spinco-london-cr-clothing-144","Blue","","Clothing","","","Completed","5/9/2026","CAD","1","39.99","49.99","5.20","45.19","Mastercard","In-Store","London","Ontario"
"5X9M-8J3J-5L0D","Completed","5/9/2026","11:04 AM","America/Toronto","desktop","false","378911","earlsstacey@gmail.com","Stacey Earls","","71878","k.rothwell@spinco.ca","Kira Rothwell","Five Class Card // London","20802","20803","488719457552","five-class-card--credits-078","","","Credits","","","Completed","5/9/2026","CAD","1","88.00","110.00","11.44","99.44","Visa","In-Store","London","Ontario"
"UDV3-KYVG-5L0D","Completed","5/9/2026","11:06 AM","America/Toronto","desktop","false","380929","ann_marie_parsons@hotmail.com","Ann-Marie Daharu","","336948","rbissett0303@gmail.com","Rachel Bissett","Ten Class Card // London","20794","20795","456569691604","ten-class-card-l-credits-104","","","Credits","","","Completed","5/9/2026","CAD","1","160.00","200.00","20.80","180.80","American Express","In-Store","London","Ontario"
"CR3B-VAVG-5L0D","Completed","5/9/2026","11:20 AM","America/Toronto","","false","388955","angelinawigginss@gmail.com","Angie Wiggins","","388955","angelinawigginss@gmail.com","Angie Wiggins","Birthday Drop-In // London","24943","24944","863413999341","birthday-drop-in-credits-432","","","Credits","","","Completed","5/9/2026","CAD","1","15.00","15.00","1.95","16.95","Mastercard","E-Commerce","London","Ontario"
"J4W4-VEUK-5L0D","Completed","5/9/2026","11:42 AM","America/Toronto","","false","392050","ameenah.khan01@gmail.com","Ameenah Khan","","392050","ameenah.khan01@gmail.com","Ameenah Khan","2-Week Unlimited Anniversary // London","24947","24948","048368164251","2-week-unlimited-memberships-083","","","Memberships","","","Completed","5/9/2026","CAD","1","50.00","50.00","6.50","56.50","Visa","E-Commerce","London","Ontario"
"ZDTA-W89J-5L0D","Refunded","5/9/2026","11:43 AM","America/Toronto","","false","392050","ameenah.khan01@gmail.com","Ameenah Khan","","392050","ameenah.khan01@gmail.com","Ameenah Khan","2-Week Unlimited Anniversary // London","24947","24948","048368164251","2-week-unlimited-memberships-083","","","Memberships","","","Completed","5/9/2026","CAD","1","50.00","50.00","6.50","56.50","Visa","E-Commerce","London","Ontario"
"TW8J-Q7ZV-5L0D","Refunded","5/9/2026","11:46 AM","America/Toronto","","false","392050","ameenah.khan01@gmail.com","Ameenah Khan","","392050","ameenah.khan01@gmail.com","Ameenah Khan","2-Week Unlimited Anniversary // London","24947","24948","048368164251","2-week-unlimited-memberships-083","","","Memberships","","","Completed","5/9/2026","CAD","1","50.00","50.00","6.50","56.50","Visa","E-Commerce","London","Ontario"
"FMWX-FTYB-5L0D","Refunded","5/9/2026","11:46 AM","America/Toronto","","false","392050","ameenah.khan01@gmail.com","Ameenah Khan","","392050","ameenah.khan01@gmail.com","Ameenah Khan","2-Week Unlimited Anniversary // London","24947","24948","048368164251","2-week-unlimited-memberships-083","","","Memberships","","","Completed","5/9/2026","CAD","1","50.00","50.00","6.50","56.50","Visa","E-Commerce","London","Ontario"
"HB7X-8K93-5L0D","Completed","5/9/2026","12:06 PM","America/Toronto","desktop","false","388518","payton222@hotmail.com","Payton Pugh","","71878","k.rothwell@spinco.ca","Kira Rothwell","Ten Class Card // London","20794","20795","456569691604","ten-class-card-l-credits-104","","","Credits","","","Completed","5/9/2026","CAD","1","160.00","200.00","20.80","180.80","Visa","In-Store","London","Ontario"
"766Z-EHJ9-5L0D","Completed","5/9/2026","12:09 PM","America/Toronto","desktop","false","366424","reannaclynn@gmail.com","Reanna Lynn","","71878","k.rothwell@spinco.ca","Kira Rothwell","Ten Class Card // London","20794","20795","456569691604","ten-class-card-l-credits-104","","","Credits","","","Completed","5/9/2026","CAD","1","160.00","200.00","20.80","180.80","Mastercard","In-Store","London","Ontario"
"EH65-G8GB-5L0D","Completed","5/9/2026","12:11 PM","America/Toronto","desktop","false","353611","keeleylanders9@gmail.com","Keeley Landers","","71878","k.rothwell@spinco.ca","Kira Rothwell","Ten Class Card // London","20794","20795","456569691604","ten-class-card-l-credits-104","","","Credits","","","Completed","5/9/2026","CAD","1","160.00","200.00","20.80","180.80","Mastercard","In-Store","London","Ontario"
"3QDW-DTPD-5L0D","Completed","5/9/2026","12:12 PM","America/Toronto","","true","369341","holl.steen1@gmail.com","Holly Steen","","369341","holl.steen1@gmail.com","Holly Steen","Unlimited Membership // London","21995","21996","447442561003","unlimited-member-memberships-867","","","Memberships","","","Completed","5/9/2026","CAD","1","200.00","200.00","26.00","226.00","American Express","E-Commerce","London","Ontario"
"8CE8-EUGD-5L0D","Completed","5/9/2026","12:13 PM","America/Toronto","desktop","false","379323","jenemke@gmail.com","Jen Emke","","71878","k.rothwell@spinco.ca","Kira Rothwell","Unlimited Membership // London","21995","21996","447442561003","unlimited-member-memberships-867","","","Memberships","","","Completed","5/9/2026","CAD","1","160.00","200.00","20.80","180.80","Mastercard","In-Store","London","Ontario"
"8CE8-EUGD-5L0D","Completed","5/9/2026","12:13 PM","America/Toronto","desktop","false","379323","jenemke@gmail.com","Jen Emke","","71878","k.rothwell@spinco.ca","Kira Rothwell","New Rider Special // London","21051","21052","288040778473","new-rider-specia-memberships-503","","","Memberships","","","Completed","5/9/2026","CAD","1","50.00","50.00","6.50","56.50","Mastercard","In-Store","London","Ontario"
"GK43-FS2C-5L0D","Completed","5/9/2026","12:16 PM","America/Toronto","","true","369341","holl.steen1@gmail.com","Holly Steen","","369341","holl.steen1@gmail.com","Holly Steen","No Show Charge","14687","14689","489143084327","no-show-fee-penalty-fees-498","","","Penalty Fees","","","Completed","5/9/2026","CAD","1","20.00","20.00","2.60","22.60","American Express","E-Commerce","London","Ontario"
"ENV8-WWVD-5L0D","Completed","5/9/2026","12:17 PM","America/Toronto","desktop","false","398210","meaghanpoc@gmail.com","Meaghan Pocock","","71878","k.rothwell@spinco.ca","Kira Rothwell","New Rider Special // London","21051","21052","288040778473","new-rider-specia-memberships-503","","","Memberships","","","Completed","5/9/2026","CAD","1","50.00","50.00","6.50","56.50","Mastercard","In-Store","London","Ontario"
"WRCG-UYRM-5L0D","Completed","5/9/2026","12:22 PM","America/Toronto","desktop","false","168551","batesclairefe@gmail.com","Claire Bates","","336948","rbissett0303@gmail.com","Rachel Bissett","Ten Class Card // London","20794","20795","456569691604","ten-class-card-l-credits-104","","","Credits","","","Completed","5/9/2026","CAD","1","160.00","200.00","20.80","180.80","Visa","In-Store","London","Ontario"
"47QV-GP5H-5L0D","Completed","5/9/2026","12:23 PM","America/Toronto","","false","398768","addisonankers@gmail.com","addie ankers","","71878","k.rothwell@spinco.ca","Kira Rothwell","New Rider Special // London","21051","21052","288040778473","new-rider-specia-memberships-503","","","Memberships","","","Completed","5/9/2026","CAD","1","50.00","50.00","6.50","56.50","Mastercard","In-Store","London","Ontario"
"87WG-FPUN-5L0D","Completed","5/9/2026","12:34 PM","America/Toronto","","false","168551","batesclairefe@gmail.com","Claire Bates","","168551","batesclairefe@gmail.com","Claire Bates","Birthday Drop-In // London","24943","24944","863413999341","birthday-drop-in-credits-432","","","Credits","","","Completed","5/9/2026","CAD","1","15.00","15.00","1.95","16.95","Visa","E-Commerce","London","Ontario"
"JBZB-SEF8-5L0D","Completed","5/9/2026","12:38 PM","America/Toronto","","false","168551","batesclairefe@gmail.com","Claire Bates","","168551","batesclairefe@gmail.com","Claire Bates","Spin-It-Forward // London","20792","20793","964245982422","spin-it-forward--credits-429","","","Credits","","","Completed","5/9/2026","CAD","1","10.00","10.00","1.30","11.30","Visa","E-Commerce","London","Ontario"
"U928-FPA5-5L0D","Completed","5/9/2026","12:49 PM","America/Toronto","","false","383849","nessagiuliano08@gmail.com","Vanessa Giuliano","","383849","nessagiuliano08@gmail.com","Vanessa Giuliano","One Class Card // London","20798","20799","760445337951","one-class-card-l-credits-347","","","Credits","","","Completed","5/9/2026","CAD","1","25.00","25.00","3.25","28.25","Visa","E-Commerce","London","Ontario"
"RUR8-VUSG-5L0D","Completed","5/9/2026","1:16 PM","America/Toronto","","true","369341","holl.steen1@gmail.com","Holly Steen","","369341","holl.steen1@gmail.com","Holly Steen","No Show Charge","14687","14689","489143084327","no-show-fee-penalty-fees-498","","","Penalty Fees","","","Completed","5/9/2026","CAD","1","20.00","20.00","2.60","22.60","American Express","E-Commerce","London","Ontario"
"6V6P-GJ93-5L0D","Completed","5/9/2026","2:15 PM","America/Toronto","","true","369341","holl.steen1@gmail.com","Holly Steen","","369341","holl.steen1@gmail.com","Holly Steen","Late Cancel Charge","14688","14690","036981809486","late-cancel-fee-penalty-fees-771","","","Penalty Fees","","","Completed","5/9/2026","CAD","1","15.00","15.00","1.95","16.95","American Express","E-Commerce","London","Ontario"
"97U9-WRUX-5L0D","Completed","5/9/2026","2:28 PM","America/Toronto","","false","363411","rchirara@uwo.ca","rachiel chirara","","363411","rchirara@uwo.ca","rachiel chirara","Spin-It-Forward // London","20792","20793","964245982422","spin-it-forward--credits-429","","","Credits","","","Completed","5/9/2026","CAD","1","10.00","10.00","1.30","11.30","Visa","E-Commerce","London","Ontario"
"AAWB-2D6N-5L0D","Completed","5/9/2026","3:39 PM","America/Toronto","","false","350670","parastu.nasirbaht9@gmail.com","Parastu Khodabandehloo","","350670","parastu.nasirbaht9@gmail.com","Parastu Khodabandehloo","2-Week Unlimited Anniversary // London","24947","24948","048368164251","2-week-unlimited-memberships-083","","","Memberships","","","Completed","5/9/2026","CAD","1","40.00","50.00","5.20","45.20","Mastercard","E-Commerce","London","Ontario"
"WTMS-4E2D-5L0D","Completed","5/9/2026","4:14 PM","America/Toronto","","false","299099","karin.kerfoot@gmail.com","Karin Kerfoot","","299099","karin.kerfoot@gmail.com","Karin Kerfoot","Ten Class Card // London","20794","20795","456569691604","ten-class-card-l-credits-104","","","Credits","","","Completed","5/9/2026","CAD","1","160.00","200.00","20.80","180.80","Visa","E-Commerce","London","Ontario"
"WTMS-4E2D-5L0D","Completed","5/9/2026","4:14 PM","America/Toronto","","false","299099","karin.kerfoot@gmail.com","Karin Kerfoot","","299099","karin.kerfoot@gmail.com","Karin Kerfoot","2-Week Unlimited Anniversary // London","24947","24948","048368164251","2-week-unlimited-memberships-083","","","Memberships","","","Completed","5/9/2026","CAD","1","40.00","50.00","5.20","45.20","Visa","E-Commerce","London","Ontario"
"7RVR-GMJ8-5L0D","Completed","5/9/2026","4:40 PM","America/Toronto","","false","388475","michellelenehan1@gmail.com","Michelle Lenehan","","388475","michellelenehan1@gmail.com","Michelle Lenehan","2-Week Unlimited Anniversary // London","24947","24948","048368164251","2-week-unlimited-memberships-083","","","Memberships","","","Completed","5/9/2026","CAD","1","50.00","50.00","6.50","56.50","Visa","E-Commerce","London","Ontario"
"ZDCY-Z6YD-5L0D","Completed","5/9/2026","5:01 PM","America/Toronto","","false","218683","jennifervhtran@gmail.com","Jenn 🎀 Tran","ICLS","218683","jennifervhtran@gmail.com","Jenn 🎀 Tran","Ten Class Card // London","20794","20795","456569691604","ten-class-card-l-credits-104","","","Credits","","","Completed","5/9/2026","CAD","1","160.00","200.00","20.80","180.80","American Express","E-Commerce","London","Ontario"
"VRF2-ZKUP-5L0D","Completed","5/9/2026","7:24 PM","America/Toronto","","false","398813","desireehvk@gmail.com","Desiree Forrest","","398813","desireehvk@gmail.com","Desiree Forrest","Five Class Card // London","20802","20803","488719457552","five-class-card--credits-078","","","Credits","","","Completed","5/9/2026","CAD","1","88.00","110.00","11.44","99.44","Visa","E-Commerce","London","Ontario"
"VRF2-ZKUP-5L0D","Completed","5/9/2026","7:24 PM","America/Toronto","","false","398813","desireehvk@gmail.com","Desiree Forrest","","398813","desireehvk@gmail.com","Desiree Forrest","2-Week Unlimited - London","21065","21066","384754283235","2-week-unlimited-memberships-769","","","Memberships","","","Completed","5/9/2026","CAD","1","40.00","50.00","5.20","45.20","Visa","E-Commerce","London","Ontario"
"PFA9-H2DF-5L0E","Completed","5/9/2026","8:16 PM","America/Toronto","","false","205731","avanir31@gmail.com","Avani Rishi","","205731","avanir31@gmail.com","Avani Rishi","2-Week Unlimited Anniversary // London","24947","24948","048368164251","2-week-unlimited-memberships-083","","","Memberships","","","Completed","5/9/2026","CAD","1","50.00","50.00","6.50","56.50","Mastercard","E-Commerce","London","Ontario"
"3DYN-PCDB-5L0E","Completed","5/9/2026","8:17 PM","America/Toronto","","false","291833","lucia.santilly@gmail.com","Lucy Santilly","","291833","lucia.santilly@gmail.com","Lucy Santilly","Birthday Drop-In // London","24943","24944","863413999341","birthday-drop-in-credits-432","","","Credits","","","Completed","5/9/2026","CAD","1","15.00","15.00","1.95","16.95","Visa","E-Commerce","London","Ontario"
"K528-HZA2-5L0E","Completed","5/9/2026","8:19 PM","America/Toronto","","false","351856","parkchristine97@gmail.com","Christine Park","","351856","parkchristine97@gmail.com","Christine Park","One Class Card // London","20798","20799","760445337951","one-class-card-l-credits-347","","","Credits","","","Completed","5/9/2026","CAD","1","25.00","25.00","3.25","28.25","Visa","E-Commerce","London","Ontario"
"PN8P-JY5Y-5L0E","Completed","5/9/2026","8:43 PM","America/Toronto","","false","378557","ryanpatrickdaluyen@gmail.com","Ryan Daluyen","","378557","ryanpatrickdaluyen@gmail.com","Ryan Daluyen","Birthday Drop-In // London","24943","24944","863413999341","birthday-drop-in-credits-432","","","Credits","","","Completed","5/9/2026","CAD","1","15.00","15.00","1.95","16.95","Mastercard","E-Commerce","London","Ontario"
"32WR-TZ85-5L0E","Refunded","5/9/2026","8:43 PM","America/Toronto","","false","388779","joseniov@yahoo.com","Jose Villamater","","388779","joseniov@yahoo.com","Jose Villamater","Birthday Drop-In // London","24943","24944","863413999341","birthday-drop-in-credits-432","","","Credits","","","Completed","5/9/2026","CAD","1","15.00","15.00","1.95","16.95","Mastercard","E-Commerce","London","Ontario"
"GE3X-4HRX-5L0E","Completed","5/9/2026","8:45 PM","America/Toronto","","false","388779","joseniov@yahoo.com","Jose Villamater","","388779","joseniov@yahoo.com","Jose Villamater","Birthday Drop-In // London","24943","24944","863413999341","birthday-drop-in-credits-432","","","Credits","","","Completed","5/9/2026","CAD","1","12.00","15.00","1.56","13.56","Mastercard","E-Commerce","London","Ontario"
"NVJX-2TGB-5L0E","Completed","5/9/2026","10:44 PM","America/Toronto","","false","398813","desireehvk@gmail.com","Desiree Forrest","","398813","desireehvk@gmail.com","Desiree Forrest","Birthday Drop-In // London","24943","24944","863413999341","birthday-drop-in-credits-432","","","Credits","","","Completed","5/9/2026","CAD","1","15.00","15.00","1.95","16.95","Visa","E-Commerce","London","Ontario"
"3HJB-JNZR-5L0E","Completed","5/10/2026","12:24 AM","America/Toronto","","true","384355","gabghany@gmail.com","Gabrielle Ghany","","384355","gabghany@gmail.com","Gabrielle Ghany","Student Monthly Membership // London","21738","21739","582370867097","student-monthly--memberships-495","","","Memberships","","","Completed","5/10/2026","CAD","1","175.00","175.00","22.75","197.75","Visa","E-Commerce","London","Ontario"
"D2SE-CFWH-5L0E","Completed","5/10/2026","12:24 AM","America/Toronto","","true","390747","jennkunnel7@hotmail.com","Jennifer Mathew","","390747","jennkunnel7@hotmail.com","Jennifer Mathew","Unlimited Membership // London","21995","21996","447442561003","unlimited-member-memberships-867","","","Memberships","","","Completed","5/10/2026","CAD","1","200.00","200.00","26.00","226.00","Mastercard","E-Commerce","London","Ontario"
"9PDX-84JW-5L0E","Completed","5/10/2026","12:24 AM","America/Toronto","","true","65173","shandidaniellehillgartner@hotmail.com","Shandi Hillgartner","","65173","shandidaniellehillgartner@hotmail.com","Shandi Hillgartner","8x Membership // London","21997","21998","667327189404","8x-membership-lo-memberships-656","","","Memberships","","","Completed","5/10/2026","CAD","1","150.00","150.00","19.50","169.50","Visa","E-Commerce","London","Ontario"
"QVNW-AR33-5L0E","Completed","5/10/2026","12:25 AM","America/Toronto","","true","204647","biggarjack@gmail.com","Jack Biggar","","204647","biggarjack@gmail.com","Jack Biggar","Staff Membership // London","20830","20831","898235312897","staff-membership-memberships-735","","","Memberships","","","Completed","5/10/2026","CAD","1","0.00","0.00","0.00","0.00","No Charge","E-Commerce","London","Ontario"
"636B-2ZRE-5L0E","Completed","5/10/2026","12:25 AM","America/Toronto","","true","177723","brookedayle01@gmail.com","Brooke Schidowka","","177723","brookedayle01@gmail.com","Brooke Schidowka","Staff Membership // London","20830","20831","898235312897","staff-membership-memberships-735","","","Memberships","","","Completed","5/10/2026","CAD","1","0.00","0.00","0.00","0.00","No Charge","E-Commerce","London","Ontario"
"AF2C-S7ZP-5L0E","Completed","5/10/2026","3:04 AM","America/Toronto","","false","205730","riddhirishi06@gmail.com","Riddhi Rishi","","205730","riddhirishi06@gmail.com","Riddhi Rishi","2-Week Unlimited Anniversary // London","24947","24948","048368164251","2-week-unlimited-memberships-083","","","Memberships","","","Completed","5/10/2026","CAD","1","50.00","50.00","6.50","56.50","Mastercard","E-Commerce","London","Ontario"
"GGKR-AWF9-5L0E","Completed","5/10/2026","8:26 AM","America/Toronto","","false","361349","kayla.routly@icloud.com","Kayla Routly","","361349","kayla.routly@icloud.com","Kayla Routly","One Class Card // London","20798","20799","760445337951","one-class-card-l-credits-347","","","Credits","","","Completed","5/10/2026","CAD","1","25.00","25.00","3.25","28.25","Visa","E-Commerce","London","Ontario"
"CFFR-ZX87-5L0E","Completed","5/10/2026","8:50 AM","America/Toronto","desktop","false","372287","cienna.michelle@gmail.com","Cienna Good","","71878","k.rothwell@spinco.ca","Kira Rothwell","SPINCO London Crewneck","24949","24950","966088003820","spinco-london-cr-clothing-144","Blue","","Clothing","","","Completed","5/10/2026","CAD","1","39.99","49.99","5.20","45.19","Visa","In-Store","London","Ontario"
"ZK58-VSTZ-5L0E","Completed","5/10/2026","8:52 AM","America/Toronto","","false","375626","megan.jenkins@gmail.com","Megan Jenkins","","336948","rbissett0303@gmail.com","Rachel Bissett","Ten Class Card // London","20794","20795","456569691604","ten-class-card-l-credits-104","","","Credits","","","Completed","5/10/2026","CAD","2","320.00","400.00","41.60","361.60","Visa","In-Store","London","Ontario"
"QRBR-FVWR-5L0E","Completed","5/10/2026","8:57 AM","America/Toronto","","false","356437","chelsmith33@gmail.com","Chelsea Smith","","356437","chelsmith33@gmail.com","Chelsea Smith","2-Week Unlimited Anniversary // London","24947","24948","048368164251","2-week-unlimited-memberships-083","","","Memberships","","","Completed","5/10/2026","CAD","1","50.00","50.00","6.50","56.50","Mastercard","E-Commerce","London","Ontario"
"XGXR-BM7V-5L0E","Completed","5/10/2026","9:47 AM","America/Toronto","desktop","false","347430","justine.dequartel@outlook.com","Justine DeQuartel","","336948","rbissett0303@gmail.com","Rachel Bissett","SPINCO London Crewneck","24949","24950","966088003820","spinco-london-cr-clothing-144","Blue","","Clothing","","","Completed","5/10/2026","CAD","1","39.99","49.99","5.20","45.19","Visa","In-Store","London","Ontario"
"XCCG-YBSR-5L0E","Completed","5/10/2026","9:55 AM","America/Toronto","desktop","false","346925","brooke.goodchild@hotmail.com","Rachel Goodchild","","336948","rbissett0303@gmail.com","Rachel Bissett","SPINCO London Crewneck","24949","24950","966088003820","spinco-london-cr-clothing-144","Blue","","Clothing","","","Completed","5/10/2026","CAD","1","39.99","49.99","5.20","45.19","Mastercard","In-Store","London","Ontario"
"HUHU-KPVK-5L0E","Completed","5/10/2026","9:59 AM","America/Toronto","desktop","false","375626","megan.jenkins@gmail.com","Megan Jenkins","","71878","k.rothwell@spinco.ca","Kira Rothwell","Energy Bra","20662","20666","708720553806","lululemon-energy-clothing-893","Black","8","Clothing","Lululemon","","Completed","5/10/2026","CAD","1","54.00","54.00","7.02","61.02","Visa","In-Store","London","Ontario"
"PSSK-SW6D-5L0E","Completed","5/10/2026","10:00 AM","America/Toronto","","false","391535","lam.sandy91@gmail.com","Sandy Lam","","391535","lam.sandy91@gmail.com","Sandy Lam","2-Week Unlimited Anniversary // London","24947","24948","048368164251","2-week-unlimited-memberships-083","","","Memberships","","","Completed","5/10/2026","CAD","1","50.00","50.00","6.50","56.50","Visa","E-Commerce","London","Ontario"
"D8QJ-SEFD-5L0E","Completed","5/10/2026","10:00 AM","America/Toronto","","false","346936","jennaroseclements@icloud.com","Jenna Clements","","346936","jennaroseclements@icloud.com","Jenna Clements","2-Week Unlimited Anniversary // London","24947","24948","048368164251","2-week-unlimited-memberships-083","","","Memberships","","","Completed","5/10/2026","CAD","1","50.00","50.00","6.50","56.50","Visa","E-Commerce","London","Ontario"
"TM4C-GTCD-5L0E","Completed","5/10/2026","10:05 AM","America/Toronto","desktop","false","377106","gaya3mallya@gmail.com","Gayathri Mallya","","71878","k.rothwell@spinco.ca","Kira Rothwell","Ten Class Card // London","20794","20795","456569691604","ten-class-card-l-credits-104","","","Credits","","","Completed","5/10/2026","CAD","1","160.00","200.00","20.80","180.80","Mastercard","In-Store","London","Ontario"
"DGWQ-D5GV-5L0E","Completed","5/10/2026","10:06 AM","America/Toronto","desktop","false","372455","ballauren@outlook.com","Lauren Bal","","336948","rbissett0303@gmail.com","Rachel Bissett","Five Class Card // London","20802","20803","488719457552","five-class-card--credits-078","","","Credits","","","Completed","5/10/2026","CAD","1","88.00","110.00","11.44","99.44","Visa","In-Store","London","Ontario"
"TPGE-C5EU-5L0E","Completed","5/10/2026","10:25 AM","America/Toronto","","false","358471","brooklynblt18@gmail.com","Brooklyn McLeod","","358471","brooklynblt18@gmail.com","Brooklyn McLeod","2-Week Unlimited Anniversary // London","24947","24948","048368164251","2-week-unlimited-memberships-083","","","Memberships","","","Completed","5/10/2026","CAD","1","50.00","50.00","6.50","56.50","Mastercard","E-Commerce","London","Ontario"
"CA9W-38WS-5L0E","Completed","5/10/2026","11:03 AM","America/Toronto","desktop","false","395521","yarafsharairee@gmail.com","Yara Alsharairi","","71878","k.rothwell@spinco.ca","Kira Rothwell","2-Week Unlimited Anniversary // London","24947","24948","048368164251","2-week-unlimited-memberships-083","","","Memberships","","","Completed","5/10/2026","CAD","1","50.00","50.00","6.50","56.50","Visa","In-Store","London","Ontario"
"CA9W-38WS-5L0E","Completed","5/10/2026","11:03 AM","America/Toronto","desktop","false","395521","yarafsharairee@gmail.com","Yara Alsharairi","","71878","k.rothwell@spinco.ca","Kira Rothwell","SPINCO London Crewneck","24949","24950","966088003820","spinco-london-cr-clothing-144","Blue","","Clothing","","","Completed","5/10/2026","CAD","1","49.99","49.99","6.50","56.49","Visa","In-Store","London","Ontario"
"7RPU-4YEA-5L0E","Completed","5/10/2026","11:04 AM","America/Toronto","desktop","false","392102","maxdemers05@gmail.com","Maxim Demers","","336948","rbissett0303@gmail.com","Rachel Bissett","Ten Class Card // London","20794","20795","456569691604","ten-class-card-l-credits-104","","","Credits","","","Completed","5/10/2026","CAD","1","160.00","200.00","20.80","180.80","Visa","In-Store","London","Ontario"
"SPBT-GJ8C-5KY3","Refunded","4/27/2026","5:24 PM","America/Toronto","","false","392102","maxdemers05@gmail.com","Maxim Demers","","336948","rbissett0303@gmail.com","Rachel Bissett","Birthday Drop-In // London","24943","24944","863413999341","birthday-drop-in-credits-432","","","Credits","","","Refunded","5/10/2026","CAD","-1","-15.00","-15.00","-1.95","-16.95","Visa","E-Commerce","London","Ontario"
"3F3G-NFD9-5L0E","Completed","5/10/2026","11:07 AM","America/Toronto","desktop","false","381805","kellyhewitt11@gmail.com","Kelly Hewitt","","71878","k.rothwell@spinco.ca","Kira Rothwell","Ten Class Card // London","20794","20795","456569691604","ten-class-card-l-credits-104","","","Credits","","","Completed","5/10/2026","CAD","1","160.00","200.00","20.80","180.80","Mastercard","In-Store","London","Ontario"
"4J46-X7TY-5L0E","Completed","5/10/2026","11:07 AM","America/Toronto","desktop","false","379443","brookeannhewitt@gmail.com","Brooke Hewitt","","71878","k.rothwell@spinco.ca","Kira Rothwell","Ten Class Card // London","20794","20795","456569691604","ten-class-card-l-credits-104","","","Credits","","","Completed","5/10/2026","CAD","1","160.00","200.00","20.80","180.80","Mastercard","In-Store","London","Ontario"
"FXWW-D69A-5L0E","Completed","5/10/2026","11:09 AM","America/Toronto","","false","392792","justemmaraine@gmail.com","Emma Hewitt","","71878","k.rothwell@spinco.ca","Kira Rothwell","Ten Class Card // London","20794","20795","456569691604","ten-class-card-l-credits-104","","","Credits","","","Completed","5/10/2026","CAD","1","160.00","200.00","20.80","180.80","Mastercard","In-Store","London","Ontario"
"QQW7-A7NC-5L0E","Completed","5/10/2026","11:09 AM","America/Toronto","desktop","false","367516","chloelau96@live.ca","Chloe Lau","","336948","rbissett0303@gmail.com","Rachel Bissett","Ten Class Card // 20% OFF PRE-SALE (London)","20826","20827","488977029652","20-off-presale-t-credits-859","","","Credits","","","Completed","5/10/2026","CAD","1","160.00","200.00","20.80","180.80","Visa","In-Store","London","Ontario"
"UNDT-E963-5L0E","Completed","5/10/2026","11:10 AM","America/Toronto","desktop","false","307678","nicole_peters@live.ca","Nicole Peters","","71878","k.rothwell@spinco.ca","Kira Rothwell","Five Class Card // London","20802","20803","488719457552","five-class-card--credits-078","","","Credits","","","Completed","5/10/2026","CAD","1","88.00","110.00","11.44","99.44","Visa","In-Store","London","Ontario"
"SFG4-MXYJ-5L0E","Completed","5/10/2026","11:10 AM","America/Toronto","desktop","false","351132","suhaimatunio@gmail.com","Suhaima Tunio","","336948","rbissett0303@gmail.com","Rachel Bissett","Ten Class Card // 20% OFF PRE-SALE (London)","20826","20827","488977029652","20-off-presale-t-credits-859","","","Credits","","","Completed","5/10/2026","CAD","1","160.00","200.00","20.80","180.80","Visa","In-Store","London","Ontario"
"PUQ2-KCY9-5L0E","Completed","5/10/2026","11:15 AM","America/Toronto","desktop","false","336326","malloryrooney9624@gmail.com","Mallory Rooney","","71878","k.rothwell@spinco.ca","Kira Rothwell","4x Membership // London","21999","22000","216300284773","4x-membership-lo-memberships-280","","","Memberships","","","Completed","5/10/2026","CAD","1","64.00","80.00","8.32","72.32","Visa","In-Store","London","Ontario"
"TWG9-W985-5L0E","Completed","5/10/2026","11:16 AM","America/Toronto","desktop","false","398502","tiarbell05@gmail.com","Tia Bell","","71878","k.rothwell@spinco.ca","Kira Rothwell","2-Week Unlimited - London","21065","21066","384754283235","2-week-unlimited-memberships-769","","","Memberships","","","Completed","5/10/2026","CAD","1","50.00","50.00","6.50","56.50","Visa","In-Store","London","Ontario"
"KVQX-TEFZ-5L0E","Completed","5/10/2026","11:17 AM","America/Toronto","desktop","false","336948","rbissett0303@gmail.com","Rachel Bissett","","71878","k.rothwell@spinco.ca","Kira Rothwell","Pastel Petals Flower Bar // London","24999","25000","926211254334","build-your-own-b-custom-193","","","Custom","","","Completed","5/10/2026","CAD","1","16.50","16.50","2.15","18.65","Mastercard","In-Store","London","Ontario"
"UZXP-YVA2-5L0E","Completed","5/10/2026","11:18 AM","America/Toronto","desktop","false","65385","jensentait@rogers.com","Jensen Tait","","71878","k.rothwell@spinco.ca","Kira Rothwell","Ten Class Card // 20% OFF PRE-SALE (London)","20826","20827","488977029652","20-off-presale-t-credits-859","","","Credits","","","Completed","5/10/2026","CAD","1","160.00","200.00","20.80","180.80","Visa","In-Store","London","Ontario"
"MFQT-A3NT-5L0E","Completed","5/10/2026","12:05 PM","America/Toronto","","false","248354","aarron.weinstein@gmail.com","Aarron Weinstein","","248354","aarron.weinstein@gmail.com","Aarron Weinstein","2-Week Unlimited Anniversary // London","24947","24948","048368164251","2-week-unlimited-memberships-083","","","Memberships","","","Completed","5/10/2026","CAD","1","40.00","50.00","5.20","45.20","Visa","E-Commerce","London","Ontario"
"X49P-G6JY-5L0E","Completed","5/10/2026","12:44 PM","America/Toronto","","false","388955","angelinawigginss@gmail.com","Angie Wiggins","","388955","angelinawigginss@gmail.com","Angie Wiggins","2-Week Unlimited Anniversary // London","24947","24948","048368164251","2-week-unlimited-memberships-083","","","Memberships","","","Completed","5/10/2026","CAD","1","40.00","50.00","5.20","45.20","Mastercard","E-Commerce","London","Ontario"
"USXG-6WUD-5L0E","Completed","5/10/2026","12:44 PM","America/Toronto","","false","389089","caterinawiggins@gmail.com","Caterina Wiggins","","389089","caterinawiggins@gmail.com","Caterina Wiggins","2-Week Unlimited Anniversary // London","24947","24948","048368164251","2-week-unlimited-memberships-083","","","Memberships","","","Completed","5/10/2026","CAD","1","40.00","50.00","5.20","45.20","Visa","E-Commerce","London","Ontario"
"7E4E-QEXG-5L0E","Completed","5/10/2026","12:45 PM","America/Toronto","","false","388764","wigginsjuliana@gmail.com","Juliana Wiggins","","388764","wigginsjuliana@gmail.com","Juliana Wiggins","2-Week Unlimited Anniversary // London","24947","24948","048368164251","2-week-unlimited-memberships-083","","","Memberships","","","Completed","5/10/2026","CAD","1","40.00","50.00","5.20","45.20","Visa","E-Commerce","London","Ontario"
"4FNT-PV5R-5L0E","Completed","5/10/2026","1:38 PM","America/Toronto","","false","358850","murrayolivia6@gmail.com","Olivia Murray","","358850","murrayolivia6@gmail.com","Olivia Murray","2-Week Unlimited Anniversary // London","24947","24948","048368164251","2-week-unlimited-memberships-083","","","Memberships","","","Completed","5/10/2026","CAD","1","50.00","50.00","6.50","56.50","Mastercard","E-Commerce","London","Ontario"
"PN4G-DHJ8-5L0E","Completed","5/10/2026","2:28 PM","America/Toronto","","false","397624","lauraloppez@hotmail.ca","Laura Lopez","","397624","lauraloppez@hotmail.ca","Laura Lopez","2-Week Unlimited Anniversary // London","24947","24948","048368164251","2-week-unlimited-memberships-083","","","Memberships","","","Completed","5/10/2026","CAD","1","50.00","50.00","6.50","56.50","Visa","E-Commerce","London","Ontario"
"AQ42-XCD4-5L0E","Completed","5/10/2026","2:37 PM","America/Toronto","","false","348357","sarah_steciuk@hotmail.com","Sarah Steciuk","","348357","sarah_steciuk@hotmail.com","Sarah Steciuk","Ten Class Card // London","20794","20795","456569691604","ten-class-card-l-credits-104","","","Credits","","","Completed","5/10/2026","CAD","1","160.00","200.00","20.80","180.80","Visa","E-Commerce","London","Ontario"
"F5Y2-JUTJ-5L0E","Completed","5/10/2026","3:14 PM","America/Toronto","","false","379914","camilajc08@gmail.com","cami jerez","","379914","camilajc08@gmail.com","cami jerez","Five Class Card // London","20802","20803","488719457552","five-class-card--credits-078","","","Credits","","","Completed","5/10/2026","CAD","1","88.00","110.00","11.44","99.44","Mastercard","E-Commerce","London","Ontario"
"G7GF-ESS6-5L0E","Completed","5/10/2026","4:14 PM","America/Toronto","","false","392656","emmahaggitt268@gmail.com","Emma Haggitt","","392656","emmahaggitt268@gmail.com","Emma Haggitt","Ten Class Card // London","20794","20795","456569691604","ten-class-card-l-credits-104","","","Credits","","","Completed","5/10/2026","CAD","1","160.00","200.00","20.80","180.80","Mastercard","E-Commerce","London","Ontario"
"HU6A-JUY7-5L0E","Completed","5/10/2026","5:32 PM","America/Toronto","","false","380354","kenndall-ba@hotmail.com","Kenndall Skowronski","","380354","kenndall-ba@hotmail.com","Kenndall Skowronski","Ten Class Card // London","20794","20795","456569691604","ten-class-card-l-credits-104","","","Credits","","","Completed","5/10/2026","CAD","1","160.00","200.00","20.80","180.80","Visa","E-Commerce","London","Ontario"
"E8A6-QF3J-5L0E","Completed","5/10/2026","6:19 PM","America/Toronto","","false","398924","rraalm3@gmail.com","Roua Alm","","398924","rraalm3@gmail.com","Roua Alm","One Class Card // London","20798","20799","760445337951","one-class-card-l-credits-347","","","Credits","","","Completed","5/10/2026","CAD","1","25.00","25.00","3.25","28.25","Visa","E-Commerce","London","Ontario"
"PA9R-SZXW-5L0E","Completed","5/10/2026","6:50 PM","America/Toronto","","false","389444","angela-green123@outlook.com","Angela Green","","389444","angela-green123@outlook.com","Angela Green","2-Week Unlimited Anniversary // London","24947","24948","048368164251","2-week-unlimited-memberships-083","","","Memberships","","","Completed","5/10/2026","CAD","1","50.00","50.00","6.50","56.50","Mastercard","E-Commerce","London","Ontario"
"2QRV-BADB-5L0E","Completed","5/10/2026","7:00 PM","America/Toronto","","false","337078","meg.howe97@gmail.com","Megan Howe","","337078","meg.howe97@gmail.com","Megan Howe","Five Class Card // London","20802","20803","488719457552","five-class-card--credits-078","","","Credits","","","Completed","5/10/2026","CAD","1","88.00","110.00","11.44","99.44","Visa","E-Commerce","London","Ontario"
"E6VY-ZGD7-5L0E","Completed","5/10/2026","7:21 PM","America/Toronto","","false","397916","monika.ruedi@gmail.com","MONIKA FOULSER","","397916","monika.ruedi@gmail.com","MONIKA FOULSER","Five Class Card // London","20802","20803","488719457552","five-class-card--credits-078","","","Credits","","","Completed","5/10/2026","CAD","1","88.00","110.00","11.44","99.44","Mastercard","E-Commerce","London","Ontario"
"NCVN-DMPB-5L0E","Completed","5/10/2026","7:47 PM","America/Toronto","","false","358618","hooraesteph@gmail.com","Stephanie Rae","","358618","hooraesteph@gmail.com","Stephanie Rae","One Class Card // London","20798","20799","760445337951","one-class-card-l-credits-347","","","Credits","","","Completed","5/10/2026","CAD","2","50.00","50.00","6.50","56.50","Visa","E-Commerce","London","Ontario"
"XRTG-9JYF-5L0F","Completed","5/10/2026","8:19 PM","America/Toronto","","false","390386","kylegroenen@gmail.com","Kyle Groenenberg","","390386","kylegroenen@gmail.com","Kyle Groenenberg","One Class Card // London","20798","20799","760445337951","one-class-card-l-credits-347","","","Credits","","","Completed","5/10/2026","CAD","1","25.00","25.00","3.25","28.25","Visa","E-Commerce","London","Ontario"
"A6B6-4HU5-5L0F","Completed","5/10/2026","9:02 PM","America/Toronto","","false","346476","shanika.murphy@hotmail.com","Shanika Murphy","","346476","shanika.murphy@hotmail.com","Shanika Murphy","Ten Class Card // London","20794","20795","456569691604","ten-class-card-l-credits-104","","","Credits","","","Completed","5/10/2026","CAD","1","160.00","200.00","20.80","180.80","Mastercard","E-Commerce","London","Ontario"
"TJTH-WAVP-5L0F","Completed","5/10/2026","9:40 PM","America/Toronto","","false","355190","kara_4291@hotmail.com","Kara Phillips","","355190","kara_4291@hotmail.com","Kara Phillips","Five Class Card // London","20802","20803","488719457552","five-class-card--credits-078","","","Credits","","","Completed","5/10/2026","CAD","1","88.00","110.00","11.44","99.44","Visa","E-Commerce","London","Ontario"
"FS5P-TUQW-5L0F","Completed","5/10/2026","9:54 PM","America/Toronto","mobile","false","398949","mrook@flemingcollege.ca","Meaghan Rook","","398949","mrook@flemingcollege.ca","Meaghan Rook","One Class Card // London","20798","20799","760445337951","one-class-card-l-credits-347","","","Credits","","","Completed","5/10/2026","CAD","1","0.00","25.00","0.00","0.00","No Charge","E-Commerce","London","Ontario"
"EC9R-BAQ9-5L0F","Completed","5/10/2026","10:30 PM","America/Toronto","","false","378911","earlsstacey@gmail.com","Stacey Earls","","378911","earlsstacey@gmail.com","Stacey Earls","Five Class Card // London","20802","20803","488719457552","five-class-card--credits-078","","","Credits","","","Completed","5/10/2026","CAD","1","88.00","110.00","11.44","99.44","Visa","E-Commerce","London","Ontario"
"JB4P-KGJT-5L0F","Completed","5/10/2026","11:58 PM","America/Toronto","","false","346836","j-gubbels23@hotmail.com","Jordan Hewer","","346836","j-gubbels23@hotmail.com","Jordan Hewer","Ten Class Card // London","20794","20795","456569691604","ten-class-card-l-credits-104","","","Credits","","","Completed","5/10/2026","CAD","1","160.00","200.00","20.80","180.80","Visa","E-Commerce","London","Ontario"
"ZY72-23PA-5L0F","Completed","5/11/2026","12:34 AM","America/Toronto","","true","351665","madisonlaine99@hotmail.ca","maddy laine","","351665","madisonlaine99@hotmail.ca","maddy laine","4x Membership // London","21999","22000","216300284773","4x-membership-lo-memberships-280","","","Memberships","","","Completed","5/11/2026","CAD","1","80.00","80.00","10.40","90.40","Visa","E-Commerce","London","Ontario"
"K5QD-TJSH-5L0F","Completed","5/11/2026","12:34 AM","America/Toronto","","true","228821","martin.mariasamantha@gmail.com","Samantha Martin","","228821","martin.mariasamantha@gmail.com","Samantha Martin","4x Membership // London","21999","22000","216300284773","4x-membership-lo-memberships-280","","","Memberships","","","Completed","5/11/2026","CAD","1","80.00","80.00","10.40","90.40","Visa","E-Commerce","London","Ontario"
"73TG-9TXU-5L0F","Completed","5/11/2026","12:34 AM","America/Toronto","","true","386699","nosa.aandr@gmail.com","Nouran S","","386699","nosa.aandr@gmail.com","Nouran S","4x Membership // London","21999","22000","216300284773","4x-membership-lo-memberships-280","","","Memberships","","","Completed","5/11/2026","CAD","1","80.00","80.00","10.40","90.40","Visa","E-Commerce","London","Ontario"
"NPD7-D394-5L0F","Completed","5/11/2026","12:34 AM","America/Toronto","","true","361349","kayla.routly@icloud.com","Kayla Routly","","361349","kayla.routly@icloud.com","Kayla Routly","4x Membership // London","21999","22000","216300284773","4x-membership-lo-memberships-280","","","Memberships","","","Completed","5/11/2026","CAD","1","80.00","80.00","10.40","90.40","Visa","E-Commerce","London","Ontario"
"M7NM-NU7Y-5L0F","Completed","5/11/2026","12:34 AM","America/Toronto","","true","336326","malloryrooney9624@gmail.com","Mallory Rooney","","336326","malloryrooney9624@gmail.com","Mallory Rooney","Unlimited Monthly Membership // London *GRANDFATHERED","20834","20835","254627090190","unlimited-classe-memberships-530","","","Memberships","","","Completed","5/11/2026","CAD","1","160.00","160.00","20.80","180.80","Visa","E-Commerce","London","Ontario"
"SKQB-GH69-5L0F","Completed","5/11/2026","2:15 AM","America/Toronto","","true","369246","fmacd039@uottawa.ca","FIONA MACDONALD","","369246","fmacd039@uottawa.ca","FIONA MACDONALD","Late Cancel Charge","14688","14690","036981809486","late-cancel-fee-penalty-fees-771","","","Penalty Fees","","","Completed","5/11/2026","CAD","1","15.00","15.00","1.95","16.95","Visa","E-Commerce","London","Ontario"
"GDQ3-CWQH-5L0F","Completed","5/11/2026","5:17 AM","America/Toronto","","true","356671","daymtess228@gmail.com","Tessa Dayman","","356671","daymtess228@gmail.com","Tessa Dayman","Late Cancel Charge","14688","14690","036981809486","late-cancel-fee-penalty-fees-771","","","Penalty Fees","","","Completed","5/11/2026","CAD","1","15.00","15.00","1.95","16.95","Visa","E-Commerce","London","Ontario"
"U8H5-TFKT-5L0F","Completed","5/11/2026","6:16 AM","America/Toronto","","true","371018","safiyah.lawendy@gmail.com","Safiyah Lawendy","","371018","safiyah.lawendy@gmail.com","Safiyah Lawendy","No Show Charge","14687","14689","489143084327","no-show-fee-penalty-fees-498","","","Penalty Fees","","","Completed","5/11/2026","CAD","1","20.00","20.00","2.60","22.60","Visa","E-Commerce","London","Ontario"
"U783-RT6R-5L0F","Completed","5/11/2026","6:16 AM","America/Toronto","","true","355393","kayansultan21@gmail.com","Kayan Sultan","","355393","kayansultan21@gmail.com","Kayan Sultan","No Show Charge","14687","14689","489143084327","no-show-fee-penalty-fees-498","","","Penalty Fees","","","Completed","5/11/2026","CAD","1","20.00","20.00","2.60","22.60","Mastercard","E-Commerce","London","Ontario"
"KVTP-V2TJ-5L0F","Completed","5/11/2026","7:48 AM","America/Toronto","","false","398972","tammyvacante@hotmail.com","Tammy Vacante","","398972","tammyvacante@hotmail.com","Tammy Vacante","One Class Card // London","20798","20799","760445337951","one-class-card-l-credits-347","","","Credits","","","Completed","5/11/2026","CAD","1","25.00","25.00","3.25","28.25","Mastercard","E-Commerce","London","Ontario"
"FMWX-FTYB-5L0D","Refunded","5/9/2026","11:46 AM","America/Toronto","","false","392050","ameenah.khan01@gmail.com","Ameenah Khan","","71878","k.rothwell@spinco.ca","Kira Rothwell","2-Week Unlimited Anniversary // London","24947","24948","048368164251","2-week-unlimited-memberships-083","","","Memberships","","","Refunded","5/11/2026","CAD","-1","-50.00","-50.00","-6.50","-56.50","Visa","E-Commerce","London","Ontario"
"TW8J-Q7ZV-5L0D","Refunded","5/9/2026","11:46 AM","America/Toronto","","false","392050","ameenah.khan01@gmail.com","Ameenah Khan","","71878","k.rothwell@spinco.ca","Kira Rothwell","2-Week Unlimited Anniversary // London","24947","24948","048368164251","2-week-unlimited-memberships-083","","","Memberships","","","Refunded","5/11/2026","CAD","-1","-50.00","-50.00","-6.50","-56.50","Visa","E-Commerce","London","Ontario"
"ZDTA-W89J-5L0D","Refunded","5/9/2026","11:43 AM","America/Toronto","","false","392050","ameenah.khan01@gmail.com","Ameenah Khan","","71878","k.rothwell@spinco.ca","Kira Rothwell","2-Week Unlimited Anniversary // London","24947","24948","048368164251","2-week-unlimited-memberships-083","","","Memberships","","","Refunded","5/11/2026","CAD","-1","-50.00","-50.00","-6.50","-56.50","Visa","E-Commerce","London","Ontario"
"NPW3-8JD8-5KPK","Refunded","1/20/2026","5:52 AM","America/Toronto","desktop","false","336948","rbissett0303@gmail.com","Rachel Bissett","","336948","rbissett0303@gmail.com","Rachel Bissett","SPINCO Water","19657","19658","469973764933","spinco-water-water-914","","","Water","Arctic Chiller","","Refunded","5/11/2026","CAD","-1","-2.50","-2.50","-0.33","-2.83","Mastercard","In-Store","London","Ontario"
"QJRP-BZD4-5L0F","Completed","5/11/2026","9:17 AM","America/Toronto","","true","371018","safiyah.lawendy@gmail.com","Safiyah Lawendy","","371018","safiyah.lawendy@gmail.com","Safiyah Lawendy","Late Cancel Charge","14688","14690","036981809486","late-cancel-fee-penalty-fees-771","","","Penalty Fees","","","Completed","5/11/2026","CAD","1","15.00","15.00","1.95","16.95","Visa","E-Commerce","London","Ontario"
"GQ9U-T6AE-5L0F","Completed","5/11/2026","9:21 AM","America/Toronto","","false","398989","carliedanielle@gmail.com","Carlie Hepburn","","398989","carliedanielle@gmail.com","Carlie Hepburn","Spin-It-Forward // London","20792","20793","964245982422","spin-it-forward--credits-429","","","Credits","","","Completed","5/11/2026","CAD","1","10.00","10.00","1.30","11.30","Visa","E-Commerce","London","Ontario"
"5FQS-QYRH-5L0F","Completed","5/11/2026","10:07 AM","America/Toronto","","false","380354","kenndall-ba@hotmail.com","Kenndall Skowronski","","380354","kenndall-ba@hotmail.com","Kenndall Skowronski","Spin-It-Forward // London","20792","20793","964245982422","spin-it-forward--credits-429","","","Credits","","","Completed","5/11/2026","CAD","1","10.00","10.00","1.30","11.30","Visa","E-Commerce","London","Ontario"
"RZDZ-59JS-5L0F","Completed","5/11/2026","10:13 AM","America/Toronto","desktop","false","355462","elliotdrurykiteboarding@gmail.com","Elliot Drury","","71878","k.rothwell@spinco.ca","Kira Rothwell","Pastel Petals Flower Bar // London","24999","25000","926211254334","build-your-own-b-custom-193","","","Custom","","","Completed","5/11/2026","CAD","1","16.50","16.50","2.15","18.65","Visa","In-Store","London","Ontario"
"MPGH-MYHV-5L0F","Completed","5/11/2026","10:44 AM","America/Toronto","","false","379697","jiyoonchoi.22@gmail.com","Jiyoon CHOI","","379697","jiyoonchoi.22@gmail.com","Jiyoon CHOI","2-Week Unlimited Anniversary // London","24947","24948","048368164251","2-week-unlimited-memberships-083","","","Memberships","","","Completed","5/11/2026","CAD","1","50.00","50.00","6.50","56.50","Visa","E-Commerce","London","Ontario"
"FW7B-RGS6-5L0F","Completed","5/11/2026","10:50 AM","America/Toronto","","false","393787","hida1998@hotmail.com","Rowaida Hussein","","393787","hida1998@hotmail.com","Rowaida Hussein","Spin-It-Forward // London","20792","20793","964245982422","spin-it-forward--credits-429","","","Credits","","","Completed","5/11/2026","CAD","1","10.00","10.00","1.30","11.30","Visa","E-Commerce","London","Ontario"
"MXEJ-A5H9-5L0F","Completed","5/11/2026","10:51 AM","America/Toronto","","false","394476","kaylin.ho@icloud.com","Kaylin Ho","","394476","kaylin.ho@icloud.com","Kaylin Ho","2-Week Unlimited Anniversary // London","24947","24948","048368164251","2-week-unlimited-memberships-083","","","Memberships","","","Completed","5/11/2026","CAD","1","50.00","50.00","6.50","56.50","Visa","E-Commerce","London","Ontario"
"FYUJ-4KCG-5L0F","Completed","5/11/2026","11:24 AM","America/Toronto","","false","399021","alexgandza@gmail.com","Alexandra Gandza","","399021","alexgandza@gmail.com","Alexandra Gandza","New Rider Special // London","21051","21052","288040778473","new-rider-specia-memberships-503","","","Memberships","","","Completed","5/11/2026","CAD","1","50.00","50.00","6.50","56.50","American Express","E-Commerce","London","Ontario"
"R3FF-A33C-5L0F","Completed","5/11/2026","11:32 AM","America/Toronto","","false","399021","alexgandza@gmail.com","Alexandra Gandza","","399021","alexgandza@gmail.com","Alexandra Gandza","2-Week Unlimited Anniversary // London","24947","24948","048368164251","2-week-unlimited-memberships-083","","","Memberships","","","Completed","5/11/2026","CAD","1","50.00","50.00","6.50","56.50","American Express","E-Commerce","London","Ontario"
"NW9M-HF7R-5L0F","Completed","5/11/2026","12:10 PM","America/Toronto","","false","366201","m1k3yrp@gmail.com","Michael Ruiz","","366201","m1k3yrp@gmail.com","Michael Ruiz","Spin-It-Forward // London","20792","20793","964245982422","spin-it-forward--credits-429","","","Credits","","","Completed","5/11/2026","CAD","1","10.00","10.00","1.30","11.30","American Express","E-Commerce","London","Ontario"
"2CE8-A2JC-5L0F","Completed","5/11/2026","12:40 PM","America/Toronto","","false","369574","msavehilaghi99@gmail.com","Max Savehilaghi","","369574","msavehilaghi99@gmail.com","Max Savehilaghi","Spin-It-Forward // London","20792","20793","964245982422","spin-it-forward--credits-429","","","Credits","","","Completed","5/11/2026","CAD","1","10.00","10.00","1.30","11.30","Visa","E-Commerce","London","Ontario"
"8K3P-BHUX-5L0F","Completed","5/11/2026","12:43 PM","America/Toronto","unknown","false","194496","exmcloughlin@gmail.com","eric mcloughlin","","194496","exmcloughlin@gmail.com","eric mcloughlin","Five Class Card // London","20802","20803","488719457552","five-class-card--credits-078","","","Credits","","","Completed","5/11/2026","CAD","1","110.00","110.00","14.30","124.30","Mastercard","E-Commerce","London","Ontario"
"YA5H-JPQC-5L0F","Completed","5/11/2026","1:00 PM","America/Toronto","","false","339714","bhulley@live.ca","Breanne Hulley-Linton","","339714","bhulley@live.ca","Breanne Hulley-Linton","Mom's Night Out // London","25242","25243","014702979887","moms-night-out-l-credits-837","","","Credits","","","Completed","5/11/2026","CAD","3","45.00","45.00","5.85","50.85","Visa","E-Commerce","London","Ontario"
"PMY4-KA6K-5L0F","Completed","5/11/2026","1:01 PM","America/Toronto","","false","358814","samantha.neves7@hotmail.com","Samantha Winslow","","358814","samantha.neves7@hotmail.com","Samantha Winslow","Student Night // London","21942","21943","341457369346","student-night-lo-credits-700","","","Credits","","","Completed","5/11/2026","CAD","1","15.00","15.00","1.95","16.95","Visa","E-Commerce","London","Ontario"
"ZPU5-ND29-5L0F","Completed","5/11/2026","1:02 PM","America/Toronto","","false","364946","cainheather@hotmail.com","Heather McMillan","","364946","cainheather@hotmail.com","Heather McMillan","Spin-It-Forward // London","20792","20793","964245982422","spin-it-forward--credits-429","","","Credits","","","Completed","5/11/2026","CAD","1","10.00","10.00","1.30","11.30","Mastercard","E-Commerce","London","Ontario"
"T7MW-64ZD-5L0F","Completed","5/11/2026","1:03 PM","America/Toronto","unknown","false","333505","malorie.brown@hotmail.com","Malorie B","","333505","malorie.brown@hotmail.com","Malorie B","Mom's Night Out // London","25242","25243","014702979887","moms-night-out-l-credits-837","","","Credits","","","Completed","5/11/2026","CAD","1","15.00","15.00","1.95","16.95","Visa","E-Commerce","London","Ontario"
"UFRV-4EMC-5L0F","Completed","5/11/2026","1:03 PM","America/Toronto","","false","367537","paige.dresser@lhsc.on.ca","Paige Dresser","","367537","paige.dresser@lhsc.on.ca","Paige Dresser","Spin-It-Forward // London","20792","20793","964245982422","spin-it-forward--credits-429","","","Credits","","","Completed","5/11/2026","CAD","1","10.00","10.00","1.30","11.30","Visa","E-Commerce","London","Ontario"
"W2MG-HAVF-5L0F","Completed","5/11/2026","1:03 PM","America/Toronto","mobile","false","300944","madiechan02@gmail.com","Madie Chan","","300944","madiechan02@gmail.com","Madie Chan","One Class Card // London","20798","20799","760445337951","one-class-card-l-credits-347","","","Credits","","","Completed","5/11/2026","CAD","1","0.00","25.00","0.00","0.00","No Charge","E-Commerce","London","Ontario"
"ZTXS-RFRK-5L0F","Completed","5/11/2026","1:04 PM","America/Toronto","mobile","false","203171","victoriamcallister14@gmail.com","Victoria McAllister","","203171","victoriamcallister14@gmail.com","Victoria McAllister","One Class Card // London","20798","20799","760445337951","one-class-card-l-credits-347","","","Credits","","","Completed","5/11/2026","CAD","1","0.00","25.00","0.00","0.00","No Charge","E-Commerce","London","Ontario"
"XUQQ-4WMP-5L0F","Completed","5/11/2026","1:05 PM","America/Toronto","desktop","false","399047","alyssamoreira@rogers.com","alyssa moreira","","399047","alyssamoreira@rogers.com","alyssa moreira","One Class Card // London","20798","20799","760445337951","one-class-card-l-credits-347","","","Credits","","","Completed","5/11/2026","CAD","1","0.00","25.00","0.00","0.00","No Charge","E-Commerce","London","Ontario"
"JE2N-4NQJ-5L0F","Completed","5/11/2026","1:06 PM","America/Toronto","","false","347552","naya.noureddin@yahoo.com","Naya Nour-Eddin","","347552","naya.noureddin@yahoo.com","Naya Nour-Eddin","2-Week Unlimited Anniversary // London","24947","24948","048368164251","2-week-unlimited-memberships-083","","","Memberships","","","Completed","5/11/2026","CAD","1","50.00","50.00","6.50","56.50","American Express","E-Commerce","London","Ontario"
"VWBF-VEN8-5L0F","Completed","5/11/2026","1:06 PM","America/Toronto","","false","392657","mariagenesismagleo@gmail.com","Maria Genesis Acosta","","392657","mariagenesismagleo@gmail.com","Maria Genesis Acosta","Student Night // London","21942","21943","341457369346","student-night-lo-credits-700","","","Credits","","","Completed","5/11/2026","CAD","1","15.00","15.00","1.95","16.95","Visa","E-Commerce","London","Ontario"
"5ZDQ-99YC-5L0F","Completed","5/11/2026","1:07 PM","America/Toronto","","false","71878","k.rothwell@spinco.ca","Kira Rothwell","","71878","k.rothwell@spinco.ca","Kira Rothwell","Mom's Night Out // London","25242","25243","014702979887","moms-night-out-l-credits-837","","","Credits","","","Completed","5/11/2026","CAD","1","15.00","15.00","1.95","16.95","Visa","E-Commerce","London","Ontario"
"CFPY-JHQS-5L0F","Refunded","5/11/2026","1:07 PM","America/Toronto","","false","364946","cainheather@hotmail.com","Heather McMillan","","364946","cainheather@hotmail.com","Heather McMillan","Student Night // London","21942","21943","341457369346","student-night-lo-credits-700","","","Credits","","","Completed","5/11/2026","CAD","1","15.00","15.00","1.95","16.95","Mastercard","E-Commerce","London","Ontario"
"MUD6-C7DA-5L0F","Completed","5/11/2026","1:12 PM","America/Toronto","desktop","false","371438","ava.altobelli@yahoo.com","Ava Altobelli","","371438","ava.altobelli@yahoo.com","Ava Altobelli","One Class Card // London","20798","20799","760445337951","one-class-card-l-credits-347","","","Credits","","","Completed","5/11/2026","CAD","1","0.00","25.00","0.00","0.00","No Charge","E-Commerce","London","Ontario"
"CFPY-JHQS-5L0F","Refunded","5/11/2026","1:07 PM","America/Toronto","","false","364946","cainheather@hotmail.com","Heather McMillan","","71878","k.rothwell@spinco.ca","Kira Rothwell","Student Night // London","21942","21943","341457369346","student-night-lo-credits-700","","","Credits","","","Refunded","5/11/2026","CAD","-1","-15.00","-15.00","-1.95","-16.95","Mastercard","E-Commerce","London","Ontario"
"45QN-X566-5L0F","Refunded","5/11/2026","1:16 PM","America/Toronto","desktop","false","364946","cainheather@hotmail.com","Heather McMillan","","71878","k.rothwell@spinco.ca","Kira Rothwell","Mom's Night Out // London","25242","25243","014702979887","moms-night-out-l-credits-837","","","Credits","","","Completed","5/11/2026","CAD","1","15.00","15.00","1.95","16.95","Mastercard","In-Store","London","Ontario"
"HQ3H-9U5Z-5L0F","Completed","5/11/2026","1:17 PM","America/Toronto","","false","389474","emma.hendriksen7@gmail.com","Emma Hendriksen","","389474","emma.hendriksen7@gmail.com","Emma Hendriksen","2-Week Unlimited Anniversary // London","24947","24948","048368164251","2-week-unlimited-memberships-083","","","Memberships","","","Completed","5/11/2026","CAD","1","50.00","50.00","6.50","56.50","Mastercard","E-Commerce","London","Ontario"
"VSZY-MGC9-5L0F","Completed","5/11/2026","1:18 PM","America/Toronto","desktop","false","364946","cainheather@hotmail.com","Heather McMillan","","71878","k.rothwell@spinco.ca","Kira Rothwell","Mom's Night Out // London","25242","25243","014702979887","moms-night-out-l-credits-837","","","Credits","","","Completed","5/11/2026","CAD","1","15.00","15.00","1.95","16.95","Mastercard","In-Store","London","Ontario"
"45QN-X566-5L0F","Refunded","5/11/2026","1:16 PM","America/Toronto","desktop","false","364946","cainheather@hotmail.com","Heather McMillan","","71878","k.rothwell@spinco.ca","Kira Rothwell","Mom's Night Out // London","25242","25243","014702979887","moms-night-out-l-credits-837","","","Credits","","","Refunded","5/11/2026","CAD","-1","-15.00","-15.00","-1.95","-16.95","Mastercard","In-Store","London","Ontario"
"7RJY-XXVB-5L0F","Completed","5/11/2026","1:21 PM","America/Toronto","","false","394438","cuteminiji@gmail.com","Sylvia Chong","","394438","cuteminiji@gmail.com","Sylvia Chong","2-Week Unlimited Anniversary // London","24947","24948","048368164251","2-week-unlimited-memberships-083","","","Memberships","","","Completed","5/11/2026","CAD","1","50.00","50.00","6.50","56.50","Visa","E-Commerce","London","Ontario"
"RB6D-EY5J-5L0F","Completed","5/11/2026","1:22 PM","America/Toronto","","false","399056","stephanie24wu@yahoo.ca","Stephanie Wu","","399056","stephanie24wu@yahoo.ca","Stephanie Wu","New Rider Special // London","21051","21052","288040778473","new-rider-specia-memberships-503","","","Memberships","","","Completed","5/11/2026","CAD","1","50.00","50.00","6.50","56.50","Visa","E-Commerce","London","Ontario"
"W87C-K62X-5L0F","Completed","5/11/2026","1:24 PM","America/Toronto","","false","399056","stephanie24wu@yahoo.ca","Stephanie Wu","","399056","stephanie24wu@yahoo.ca","Stephanie Wu","2-Week Unlimited Anniversary // London","24947","24948","048368164251","2-week-unlimited-memberships-083","","","Memberships","","","Completed","5/11/2026","CAD","1","50.00","50.00","6.50","56.50","Visa","E-Commerce","London","Ontario"
"RJNM-QV7J-5L0F","Completed","5/11/2026","1:29 PM","America/Toronto","desktop","false","351404","libertad.melendez1@gmail.com","Libertad Melendez","","336948","rbissett0303@gmail.com","Rachel Bissett","Student Monthly Membership // London","21738","21739","582370867097","student-monthly--memberships-495","","","Memberships","","","Completed","5/11/2026","CAD","1","175.00","175.00","22.75","197.75","Visa","In-Store","London","Ontario"
"NC3N-YW33-5L0F","Completed","5/11/2026","1:31 PM","America/Toronto","mobile","false","399059","brendan.evers1@gmail.com","Brendan Evers","","399059","brendan.evers1@gmail.com","Brendan Evers","One Class Card // London","20798","20799","760445337951","one-class-card-l-credits-347","","","Credits","","","Completed","5/11/2026","CAD","1","0.00","25.00","0.00","0.00","No Charge","E-Commerce","London","Ontario"
"S24R-P93G-5L0F","Completed","5/11/2026","1:36 PM","America/Toronto","","false","337949","kwarwick3@gmail.com","Kristen Wood","","337949","kwarwick3@gmail.com","Kristen Wood","Student Night // London","21942","21943","341457369346","student-night-lo-credits-700","","","Credits","","","Completed","5/11/2026","CAD","1","15.00","15.00","1.95","16.95","Mastercard","E-Commerce","London","Ontario"
"WDM6-DCX6-5L0F","Completed","5/11/2026","1:42 PM","America/Toronto","","false","364032","lisamorrisonwalden@gmail.com","Lisa Morrison","","364032","lisamorrisonwalden@gmail.com","Lisa Morrison","Ten Class Card // London","20794","20795","456569691604","ten-class-card-l-credits-104","","","Credits","","","Completed","5/11/2026","CAD","1","170.00","200.00","22.10","192.10","Mastercard","E-Commerce","London","Ontario"
"6QPC-QHMS-5L0F","Completed","5/11/2026","1:44 PM","America/Toronto","","false","349976","guyyunge@gmail.com","Guyyunge Woo","","349976","guyyunge@gmail.com","Guyyunge Woo","2-Week Unlimited Anniversary // London","24947","24948","048368164251","2-week-unlimited-memberships-083","","","Memberships","","","Completed","5/11/2026","CAD","1","50.00","50.00","6.50","56.50","American Express","E-Commerce","London","Ontario"
"RJEZ-N6WY-5L0F","Completed","5/11/2026","1:45 PM","America/Toronto","","false","341338","dklunder@outlook.com","Deandra Donnelly","","341338","dklunder@outlook.com","Deandra Donnelly","Mom's Night Out // London","25242","25243","014702979887","moms-night-out-l-credits-837","","","Credits","","","Completed","5/11/2026","CAD","1","15.00","15.00","1.95","16.95","Mastercard","E-Commerce","London","Ontario"
"8VU4-46RA-5L0F","Completed","5/11/2026","1:52 PM","America/Toronto","","false","397237","melaniemoo@rogers.com","Melanie Moore","","397237","melaniemoo@rogers.com","Melanie Moore","Ten Class Card // London","20794","20795","456569691604","ten-class-card-l-credits-104","","","Credits","","","Completed","5/11/2026","CAD","1","170.00","200.00","22.10","192.10","Visa","E-Commerce","London","Ontario"
"8VU4-46RA-5L0F","Completed","5/11/2026","1:52 PM","America/Toronto","","false","397237","melaniemoo@rogers.com","Melanie Moore","","397237","melaniemoo@rogers.com","Melanie Moore","2-Week Unlimited Anniversary // London","24947","24948","048368164251","2-week-unlimited-memberships-083","","","Memberships","","","Completed","5/11/2026","CAD","1","50.00","50.00","6.50","56.50","Visa","E-Commerce","London","Ontario"
"DC9Z-D6BU-5L0F","Completed","5/11/2026","1:54 PM","America/Toronto","","false","398240","rmcnaughton65@gmail.com","Renee McNaughton","","398240","rmcnaughton65@gmail.com","Renee McNaughton","Five Class Card // London","20802","20803","488719457552","five-class-card--credits-078","","","Credits","","","Completed","5/11/2026","CAD","1","93.50","110.00","12.16","105.66","Visa","E-Commerce","London","Ontario"
"FJP9-NSCE-5L0F","Completed","5/11/2026","1:58 PM","America/Toronto","","false","398239","clairekoteles04@gmail.com","Claire Koteles","","398239","clairekoteles04@gmail.com","Claire Koteles","Five Class Card // London","20802","20803","488719457552","five-class-card--credits-078","","","Credits","","","Completed","5/11/2026","CAD","1","93.50","110.00","12.16","105.66","Mastercard","E-Commerce","London","Ontario"
"EQN9-ZG3P-5L0F","Completed","5/11/2026","2:09 PM","America/Toronto","mobile","false","399066","erikalmancini@gmail.com","Erika Mancini","","399066","erikalmancini@gmail.com","Erika Mancini","One Class Card // London","20798","20799","760445337951","one-class-card-l-credits-347","","","Credits","","","Completed","5/11/2026","CAD","1","0.00","25.00","0.00","0.00","No Charge","E-Commerce","London","Ontario"
"T46V-7F8Z-5L0F","Refunded","5/11/2026","2:17 PM","America/Toronto","","true","388653","rebecca_goettling@hotmail.com","Rebecca Hamilton","","388653","rebecca_goettling@hotmail.com","Rebecca Hamilton","Late Cancel Charge","14688","14690","036981809486","late-cancel-fee-penalty-fees-771","","","Penalty Fees","","","Completed","5/11/2026","CAD","1","15.00","15.00","1.95","16.95","Mastercard","E-Commerce","London","Ontario"
"55KR-27PC-5L0F","Completed","5/11/2026","2:24 PM","America/Toronto","","false","346657","soulene.sabir@gmail.com","Soulene Sabir","","346657","soulene.sabir@gmail.com","Soulene Sabir","2-Week Unlimited Anniversary // London","24947","24948","048368164251","2-week-unlimited-memberships-083","","","Memberships","","","Completed","5/11/2026","CAD","1","50.00","50.00","6.50","56.50","Visa","E-Commerce","London","Ontario"
"JAT9-3VMR-5L0F","Completed","5/11/2026","2:36 PM","America/Toronto","","false","397968","long_jennifer@hotmail.com","Jennifer Long","","397968","long_jennifer@hotmail.com","Jennifer Long","2-Week Unlimited Anniversary // London","24947","24948","048368164251","2-week-unlimited-memberships-083","","","Memberships","","","Completed","5/11/2026","CAD","1","50.00","50.00","6.50","56.50","Visa","E-Commerce","London","Ontario"
"T4CF-YD2M-5L0F","Completed","5/11/2026","2:43 PM","America/Toronto","","false","391623","sthomson@tlscv.com","Stephanie Thomson","","391623","sthomson@tlscv.com","Stephanie Thomson","2-Week Unlimited Anniversary // London","24947","24948","048368164251","2-week-unlimited-memberships-083","","","Memberships","","","Completed","5/11/2026","CAD","1","50.00","50.00","6.50","56.50","Visa","E-Commerce","London","Ontario"
"NE9J-NFTN-5L0F","Completed","5/11/2026","2:45 PM","America/Toronto","","false","397606","jords9804@gmail.com","Sarah Jordan","","397606","jords9804@gmail.com","Sarah Jordan","2-Week Unlimited Anniversary // London","24947","24948","048368164251","2-week-unlimited-memberships-083","","","Memberships","","","Completed","5/11/2026","CAD","1","50.00","50.00","6.50","56.50","Visa","E-Commerce","London","Ontario"
"T46V-7F8Z-5L0F","Refunded","5/11/2026","2:17 PM","America/Toronto","","true","388653","rebecca_goettling@hotmail.com","Rebecca Hamilton","","71878","k.rothwell@spinco.ca","Kira Rothwell","Late Cancel Charge","14688","14690","036981809486","late-cancel-fee-penalty-fees-771","","","Penalty Fees","","","Refunded","5/11/2026","CAD","-1","-15.00","-15.00","-1.95","-16.95","Mastercard","E-Commerce","London","Ontario"
"DBQA-DUU8-5L0F","Completed","5/11/2026","2:55 PM","America/Toronto","","false","346678","katryna.uren@outlook.com","Katryna Uren","","346678","katryna.uren@outlook.com","Katryna Uren","Mom's Night Out // London","25242","25243","014702979887","moms-night-out-l-credits-837","","","Credits","","","Completed","5/11/2026","CAD","1","15.00","15.00","1.95","16.95","Visa","E-Commerce","London","Ontario"
"NNSN-BJDT-5L0F","Completed","5/11/2026","3:05 PM","America/Toronto","","false","347824","llanasooklal2@gmail.com","Llana Tatavarti","","347824","llanasooklal2@gmail.com","Llana Tatavarti","Mom's Night Out // London","25242","25243","014702979887","moms-night-out-l-credits-837","","","Credits","","","Completed","5/11/2026","CAD","1","15.00","15.00","1.95","16.95","Mastercard","E-Commerce","London","Ontario"
"ZY75-W88S-5L0F","Completed","5/11/2026","3:09 PM","America/Toronto","","false","394564","melo_lucia13@outlook.com","Lucia Melo","","394564","melo_lucia13@outlook.com","Lucia Melo","One Class Card // London","20798","20799","760445337951","one-class-card-l-credits-347","","","Credits","","","Completed","5/11/2026","CAD","1","25.00","25.00","3.25","28.25","Mastercard","E-Commerce","London","Ontario"
"3W3H-4TUK-5L0F","Completed","5/11/2026","3:17 PM","America/Toronto","desktop","false","357446","lysscsantos@gmail.com","Alyssa Neves","","71878","k.rothwell@spinco.ca","Kira Rothwell","Mom's Night Out // London","25242","25243","014702979887","moms-night-out-l-credits-837","","","Credits","","","Completed","5/11/2026","CAD","1","0.00","15.00","0.00","0.00","No Charge","In-Store","London","Ontario"
"XA89-HAU4-5L0F","Completed","5/11/2026","3:20 PM","America/Toronto","","false","140137","penny.pexman@gmail.com","Penny Pexman","","140137","penny.pexman@gmail.com","Penny Pexman","Five Class Card // London","20802","20803","488719457552","five-class-card--credits-078","","","Credits","","","Completed","5/11/2026","CAD","1","93.50","110.00","12.16","105.66","Visa","E-Commerce","London","Ontario"
"5KHN-5AW2-5L0F","Completed","5/11/2026","3:22 PM","America/Toronto","","false","384035","laismeiras@gmail.com","Laís Marques Eiras","","384035","laismeiras@gmail.com","Laís Marques Eiras","Spin-It-Forward // London","20792","20793","964245982422","spin-it-forward--credits-429","","","Credits","","","Completed","5/11/2026","CAD","1","10.00","10.00","1.30","11.30","Visa","E-Commerce","London","Ontario"
"WXHX-S8RB-5L0F","Completed","5/11/2026","3:32 PM","America/Toronto","","false","363125","maria.dolores.rueda@gmail.com","Maria Rueda","","363125","maria.dolores.rueda@gmail.com","Maria Rueda","Five Class Card // London","20802","20803","488719457552","five-class-card--credits-078","","","Credits","","","Completed","5/11/2026","CAD","1","93.50","110.00","12.16","105.66","Visa","E-Commerce","London","Ontario"
"BD6M-S59B-5L0F","Completed","5/11/2026","3:38 PM","America/Toronto","","false","358936","becca.leanne2@gmail.com","Rebecca Augustino","","358936","becca.leanne2@gmail.com","Rebecca Augustino","Mom's Night Out // London","25242","25243","014702979887","moms-night-out-l-credits-837","","","Credits","","","Completed","5/11/2026","CAD","1","15.00","15.00","1.95","16.95","Visa","E-Commerce","London","Ontario"
"YS29-GRWA-5L0F","Completed","5/11/2026","4:07 PM","America/Toronto","","false","391405","genahewitt12@hotmail.com","Gena Hewitt","","391405","genahewitt12@hotmail.com","Gena Hewitt","One Class Card // London","20798","20799","760445337951","one-class-card-l-credits-347","","","Credits","","","Completed","5/11/2026","CAD","1","25.00","25.00","3.25","28.25","Visa","E-Commerce","London","Ontario"
"UDUS-YTZ9-5L0F","Completed","5/11/2026","4:36 PM","America/Toronto","","false","373242","tesseyman8@gmail.com","Lucy Tesseyman","","373242","tesseyman8@gmail.com","Lucy Tesseyman","Five Class Card // London","20802","20803","488719457552","five-class-card--credits-078","","","Credits","","","Completed","5/11/2026","CAD","1","110.00","110.00","14.30","124.30","Visa","E-Commerce","London","Ontario"
"YE7F-JET2-5L0F","Completed","5/11/2026","5:16 PM","America/Toronto","","false","364603","nellie@krougly.com","Nellie Krougly","","364603","nellie@krougly.com","Nellie Krougly","Spin-It-Forward // London","20792","20793","964245982422","spin-it-forward--credits-429","","","Credits","","","Completed","5/11/2026","CAD","1","10.00","10.00","1.30","11.30","Visa","E-Commerce","London","Ontario"
"8R5H-9G8F-5L0F","Completed","5/11/2026","5:18 PM","America/Toronto","desktop","false","351404","libertad.melendez1@gmail.com","Libertad Melendez","","347195","lviner@hotmail.com","Laura Viner","SPINCO Water","19657","19658","469973764933","spinco-water-water-914","","","Water","Arctic Chiller","","Completed","5/11/2026","CAD","1","2.50","2.50","0.33","2.83","Visa","In-Store","London","Ontario"
"PE5T-VQTB-5L0F","Completed","5/11/2026","5:18 PM","America/Toronto","","false","370956","emilyd987@hotmail.com","Emily Di Nino","","370956","emilyd987@hotmail.com","Emily Di Nino","2-Week Unlimited Anniversary // London","24947","24948","048368164251","2-week-unlimited-memberships-083","","","Memberships","","","Completed","5/11/2026","CAD","1","50.00","50.00","6.50","56.50","Mastercard","E-Commerce","London","Ontario"
"F3TE-RCAN-5L0F","Completed","5/11/2026","5:22 PM","America/Toronto","","false","367537","paige.dresser@lhsc.on.ca","Paige Dresser","","367537","paige.dresser@lhsc.on.ca","Paige Dresser","Five Class Card // London","20802","20803","488719457552","five-class-card--credits-078","","","Credits","","","Completed","5/11/2026","CAD","1","93.50","110.00","12.16","105.66","Visa","E-Commerce","London","Ontario"
"BWH3-CWZR-5L0F","Completed","5/11/2026","5:54 PM","America/Toronto","","false","399120","ldariano23@gmail.com","Laura D’Ariano","","399120","ldariano23@gmail.com","Laura D’Ariano","Mom's Night Out // London","25242","25243","014702979887","moms-night-out-l-credits-837","","","Credits","","","Completed","5/11/2026","CAD","1","15.00","15.00","1.95","16.95","Visa","E-Commerce","London","Ontario"
"5FTC-WHQD-5L0F","Completed","5/11/2026","5:54 PM","America/Toronto","","false","399122","sengbecca@gmail.com","Becca Seng","","399122","sengbecca@gmail.com","Becca Seng","Mom's Night Out // London","25242","25243","014702979887","moms-night-out-l-credits-837","","","Credits","","","Completed","5/11/2026","CAD","1","15.00","15.00","1.95","16.95","Visa","E-Commerce","London","Ontario"
"Y34J-G3SH-5L0F","Completed","5/11/2026","5:55 PM","America/Toronto","","false","366201","m1k3yrp@gmail.com","Michael Ruiz","","366201","m1k3yrp@gmail.com","Michael Ruiz","One Class Card // London","20798","20799","760445337951","one-class-card-l-credits-347","","","Credits","","","Completed","5/11/2026","CAD","1","25.00","25.00","3.25","28.25","American Express","E-Commerce","London","Ontario"
"VT3X-59YM-5L0F","Completed","5/11/2026","6:13 PM","America/Toronto","desktop","false","387959","averywalton123@gmail.com","Avery Walton","","382306","michellejcallander@gmail.com","Michelle Callandar","Ten Class Card // London","20794","20795","456569691604","ten-class-card-l-credits-104","","","Credits","","","Completed","5/11/2026","CAD","1","100.00","200.00","13.00","113.00","Visa","In-Store","London","Ontario"
"3ZYJ-AA32-5L0F","Completed","5/11/2026","6:22 PM","America/Toronto","","false","373567","cmmadorin@gmail.com","Carter Madorin","","373567","cmmadorin@gmail.com","Carter Madorin","2-Week Unlimited Anniversary // London","24947","24948","048368164251","2-week-unlimited-memberships-083","","","Memberships","","","Completed","5/11/2026","CAD","1","50.00","50.00","6.50","56.50","Visa","E-Commerce","London","Ontario"
"UKWK-D6MJ-5L0F","Completed","5/11/2026","6:23 PM","America/Toronto","","false","372532","kush401@icloud.com","Emily Kush","","372532","kush401@icloud.com","Emily Kush","2-Week Unlimited Anniversary // London","24947","24948","048368164251","2-week-unlimited-memberships-083","","","Memberships","","","Completed","5/11/2026","CAD","1","50.00","50.00","6.50","56.50","Visa","E-Commerce","London","Ontario"
"32WR-TZ85-5L0E","Refunded","5/9/2026","8:43 PM","America/Toronto","","false","388779","joseniov@yahoo.com","Jose Villamater","","382306","michellejcallander@gmail.com","Michelle Callandar","Birthday Drop-In // London","24943","24944","863413999341","birthday-drop-in-credits-432","","","Credits","","","Refunded","5/11/2026","CAD","-1","-15.00","-15.00","-1.95","-16.95","Mastercard","E-Commerce","London","Ontario"
"EW9M-3SGX-5L0F","Completed","5/11/2026","6:52 PM","America/Toronto","desktop","false","346511","koral_boucher@outlook.com","Koral Boucher","","382306","michellejcallander@gmail.com","Michelle Callandar","Ten Class Card // London","20794","20795","456569691604","ten-class-card-l-credits-104","","","Credits","","","Completed","5/11/2026","CAD","1","100.00","200.00","13.00","113.00","Visa","In-Store","London","Ontario"
"YFFY-MMC8-5L0F","Completed","5/11/2026","7:09 PM","America/Toronto","desktop","false","397912","carolina.castaneda.xo@hotmail.com","Carolina Castaneda","","382306","michellejcallander@gmail.com","Michelle Callandar","Ten Class Card // London","20794","20795","456569691604","ten-class-card-l-credits-104","","","Credits","","","Completed","5/11/2026","CAD","1","160.00","200.00","20.80","180.80","Visa","In-Store","London","Ontario"
"B37D-4VWZ-5L0F","Completed","5/11/2026","7:28 PM","America/Toronto","desktop","false","398502","tiarbell05@gmail.com","Tia Bell","","382306","michellejcallander@gmail.com","Michelle Callandar","Ten Class Card // London","20794","20795","456569691604","ten-class-card-l-credits-104","","","Credits","","","Completed","5/11/2026","CAD","1","100.00","200.00","13.00","113.00","Visa","In-Store","London","Ontario"
"AB4C-AKC3-5L0F","Completed","5/11/2026","7:41 PM","America/Toronto","","false","388518","payton222@hotmail.com","Payton Pugh","","388518","payton222@hotmail.com","Payton Pugh","Spin-It-Forward // London","20792","20793","964245982422","spin-it-forward--credits-429","","","Credits","","","Completed","5/11/2026","CAD","1","10.00","10.00","1.30","11.30","Visa","E-Commerce","London","Ontario"
"TGHW-YZT8-5L0F","Completed","5/11/2026","7:42 PM","America/Toronto","","false","388811","joelbarwick5@gmail.com","Joel Barwick","","388811","joelbarwick5@gmail.com","Joel Barwick","Spin-It-Forward // London","20792","20793","964245982422","spin-it-forward--credits-429","","","Credits","","","Completed","5/11/2026","CAD","1","10.00","10.00","1.30","11.30","American Express","E-Commerce","London","Ontario"
"R8U5-ZE4J-5L0G","Completed","5/11/2026","8:39 PM","America/Toronto","mobile","false","399165","oliviavandelinder@gmail.com","Olivia Van Delinder","","399165","oliviavandelinder@gmail.com","Olivia Van Delinder","One Class Card // London","20798","20799","760445337951","one-class-card-l-credits-347","","","Credits","","","Completed","5/11/2026","CAD","1","0.00","25.00","0.00","0.00","No Charge","E-Commerce","London","Ontario"
"ZUVW-7GJD-5L0G","Completed","5/11/2026","8:58 PM","America/Toronto","mobile","false","399171","ingy.akkary@gmail.com","Ingi ElAkary","","399171","ingy.akkary@gmail.com","Ingi ElAkary","One Class Card // London","20798","20799","760445337951","one-class-card-l-credits-347","","","Credits","","","Completed","5/11/2026","CAD","1","0.00","25.00","0.00","0.00","No Charge","E-Commerce","London","Ontario"
"GJFY-ESD3-5L0G","Completed","5/11/2026","8:59 PM","America/Toronto","","false","399169","cwils328@uwo.ca","cait wilson","","399169","cwils328@uwo.ca","cait wilson","One Class Card // London","20798","20799","760445337951","one-class-card-l-credits-347","","","Credits","","","Completed","5/11/2026","CAD","1","25.00","25.00","3.25","28.25","Visa","E-Commerce","London","Ontario"
"S65M-Q2XB-5L0G","Completed","5/11/2026","9:39 PM","America/Toronto","mobile","false","399181","feltza@uoguelph.ca","Avery Feltz","","399181","feltza@uoguelph.ca","Avery Feltz","One Class Card // London","20798","20799","760445337951","one-class-card-l-credits-347","","","Credits","","","Completed","5/11/2026","CAD","1","0.00","25.00","0.00","0.00","No Charge","E-Commerce","London","Ontario"
"9JCE-G92W-5L0G","Completed","5/11/2026","10:05 PM","America/Toronto","","false","365137","adaouk@gmail.com","Angie Daouk","","365137","adaouk@gmail.com","Angie Daouk","One Class Card // London","20798","20799","760445337951","one-class-card-l-credits-347","","","Credits","","","Completed","5/11/2026","CAD","1","21.25","25.00","2.76","24.01","Visa","E-Commerce","London","Ontario"
"RCXA-NP4J-5L0G","Completed","5/11/2026","10:45 PM","America/Toronto","mobile","false","399184","rbrunet@uoguelph.ca","Rowan Patrick","","399184","rbrunet@uoguelph.ca","Rowan Patrick","One Class Card // London","20798","20799","760445337951","one-class-card-l-credits-347","","","Credits","","","Completed","5/11/2026","CAD","1","0.00","25.00","0.00","0.00","No Charge","E-Commerce","London","Ontario"
"R6Q3-5THK-5L0G","Completed","5/11/2026","10:51 PM","America/Toronto","","false","399196","harnoorbahia@gmail.com","Harnoor Bahia","","399196","harnoorbahia@gmail.com","Harnoor Bahia","One Class Card // London","20798","20799","760445337951","one-class-card-l-credits-347","","","Credits","","","Completed","5/11/2026","CAD","1","25.00","25.00","3.25","28.25","Visa","E-Commerce","London","Ontario"
"Q99T-YQPP-5L0G","Completed","5/12/2026","12:15 AM","America/Toronto","","true","371018","safiyah.lawendy@gmail.com","Safiyah Lawendy","","371018","safiyah.lawendy@gmail.com","Safiyah Lawendy","Late Cancel Charge","14688","14690","036981809486","late-cancel-fee-penalty-fees-771","","","Penalty Fees","","","Completed","5/12/2026","CAD","1","15.00","15.00","1.95","16.95","Visa","E-Commerce","London","Ontario"
"KBY5-VX6T-5L0G","Completed","5/12/2026","12:24 AM","America/Toronto","","true","391535","lam.sandy91@gmail.com","Sandy Lam","","391535","lam.sandy91@gmail.com","Sandy Lam","4x Membership // London","21999","22000","216300284773","4x-membership-lo-memberships-280","","","Memberships","","","Completed","5/12/2026","CAD","1","80.00","80.00","10.40","90.40","Visa","E-Commerce","London","Ontario"
"JMYF-BB2W-5L0G","Completed","5/12/2026","12:24 AM","America/Toronto","","true","336313","jenna-stafford@hotmail.com","Jenna Stafford","","336313","jenna-stafford@hotmail.com","Jenna Stafford","4x Monthly Membership // 20% OFF PRE-SALE (London)","20850","20851","523121174072","20-off-presale-4-memberships-998","","","Memberships","","","Completed","5/12/2026","CAD","1","80.00","80.00","10.40","90.40","Visa","E-Commerce","London","Ontario"
"H9WM-3CXY-5L0G","Completed","5/12/2026","12:24 AM","America/Toronto","","true","336336","binkainsley@gmail.com","Ainsley Bink","","336336","binkainsley@gmail.com","Ainsley Bink","4x Monthly Membership // 20% OFF PRE-SALE (London)","20850","20851","523121174072","20-off-presale-4-memberships-998","","","Memberships","","","Completed","5/12/2026","CAD","1","80.00","80.00","10.40","90.40","Visa","E-Commerce","London","Ontario"
"3V22-MNEJ-5L0G","Completed","5/12/2026","12:24 AM","America/Toronto","","true","337204","rebecca.heralall@gmail.com","Rebecca Rocha","","337204","rebecca.heralall@gmail.com","Rebecca Rocha","8x Monthly Membership // 20% OFF PRE-SALE (London)","20848","20849","592398618104","20-off-presale-8-memberships-995","","","Memberships","","","Completed","5/12/2026","CAD","1","150.00","150.00","19.50","169.50","Visa","E-Commerce","London","Ontario"
"GYRT-ATQQ-5L0G","Completed","5/12/2026","12:24 AM","America/Toronto","","true","71878","k.rothwell@spinco.ca","Kira Rothwell","","71878","k.rothwell@spinco.ca","Kira Rothwell","Staff Membership // London","20830","20831","898235312897","staff-membership-memberships-735","","","Memberships","","","Completed","5/12/2026","CAD","1","0.00","0.00","0.00","0.00","No Charge","E-Commerce","London","Ontario"
"PE6Q-ZB45-5L0G","Completed","5/12/2026","12:24 AM","America/Toronto","","true","320592","s.rothwell@spinco.ca","Stephen Rothwell","","320592","s.rothwell@spinco.ca","Stephen Rothwell","Staff Membership // London","20830","20831","898235312897","staff-membership-memberships-735","","","Memberships","","","Completed","5/12/2026","CAD","1","0.00","0.00","0.00","0.00","No Charge","E-Commerce","London","Ontario"
"KJV2-M39U-5L0G","Completed","5/12/2026","12:24 AM","America/Toronto","","true","350670","parastu.nasirbaht9@gmail.com","Parastu Khodabandehloo","","350670","parastu.nasirbaht9@gmail.com","Parastu Khodabandehloo","Unlimited Monthly Membership // London *GRANDFATHERED","20834","20835","254627090190","unlimited-classe-memberships-530","","","Memberships","","","Completed","5/12/2026","CAD","1","175.00","175.00","22.75","197.75","Mastercard","E-Commerce","London","Ontario"
"4M4U-FVNN-5L0G","Completed","5/12/2026","12:24 AM","America/Toronto","","true","352816","piper.mcdonaldd@gmail.com","Piper McDonald","","352816","piper.mcdonaldd@gmail.com","Piper McDonald","Unlimited Membership // London · BLACK FRIDAY 2025","22630","22631","712442897099","unlimited-member-memberships-584","","","Memberships","","","Completed","5/12/2026","CAD","1","180.00","180.00","23.40","203.40","Visa","E-Commerce","London","Ontario"
"VYK6-EAU6-5L0G","Completed","5/12/2026","12:24 AM","America/Toronto","","true","379263","boyadjia@uoguelph.ca","Alex Keegan","","379263","boyadjia@uoguelph.ca","Alex Keegan","4x Membership // London","21999","22000","216300284773","4x-membership-lo-memberships-280","","","Memberships","","","Completed","5/12/2026","CAD","1","80.00","80.00","10.40","90.40","Mastercard","E-Commerce","London","Ontario"
"TJA6-XXRN-5L0G","Completed","5/12/2026","2:15 AM","America/Toronto","","true","363395","derek@cardy.ca","Derek Cardy","","363395","derek@cardy.ca","Derek Cardy","Late Cancel Charge","14688","14690","036981809486","late-cancel-fee-penalty-fees-771","","","Penalty Fees","","","Completed","5/12/2026","CAD","1","15.00","15.00","1.95","16.95","Visa","E-Commerce","London","Ontario"
"Z5WJ-9X45-5L0G","Completed","5/12/2026","6:41 AM","America/Toronto","","false","399217","rachelfajardo@gmail.com","Rachel Joy Fajardo","","399217","rachelfajardo@gmail.com","Rachel Joy Fajardo","Mom's Night Out // London","25242","25243","014702979887","moms-night-out-l-credits-837","","","Credits","","","Completed","5/12/2026","CAD","1","15.00","15.00","1.95","16.95","Visa","E-Commerce","London","Ontario"
"2QGX-CYGB-5L0G","Completed","5/12/2026","7:22 AM","America/Toronto","desktop","false","380674","mervebozkurtt.41@gmail.com","Merve Bozkurt","","347301","london@spinco.ca","SPINCO London","Coffee // London","23655","23656","087239269521","coffee-london-food-and-beverag-851","","","Food and Beverage","","","Completed","5/12/2026","CAD","2","3.00","3.00","0.39","3.39","Mastercard","In-Store","London","Ontario"
"U549-Z7P9-5L0G","Completed","5/12/2026","7:56 AM","America/Toronto","desktop","false","350089","chansen8@uwo.ca","Charlotte Hansen","","382306","michellejcallander@gmail.com","Michelle Callandar","One Class Card // London","20798","20799","760445337951","one-class-card-l-credits-347","","","Credits","","","Completed","5/12/2026","CAD","2","20.00","50.00","2.60","22.60","Visa","In-Store","London","Ontario"
"E5JX-8YFW-5L0G","Completed","5/12/2026","8:53 AM","America/Toronto","","false","177723","brookedayle01@gmail.com","Brooke Schidowka","","177723","brookedayle01@gmail.com","Brooke Schidowka","Spin-It-Forward // London","20792","20793","964245982422","spin-it-forward--credits-429","","","Credits","","","Completed","5/12/2026","CAD","1","10.00","10.00","1.30","11.30","Visa","E-Commerce","London","Ontario"
"UD5X-RUKF-5L0G","Completed","5/12/2026","9:28 AM","America/Toronto","","false","398813","desireehvk@gmail.com","Desiree Forrest","","398813","desireehvk@gmail.com","Desiree Forrest","Spin-It-Forward // London","20792","20793","964245982422","spin-it-forward--credits-429","","","Credits","","","Completed","5/12/2026","CAD","2","20.00","20.00","2.60","22.60","Visa","E-Commerce","London","Ontario"
"BP4D-UZET-5L0G","Completed","5/12/2026","10:27 AM","America/Toronto","","false","399233","kustermans_sydney@yahoo.com","Sydney Kustermans","","399233","kustermans_sydney@yahoo.com","Sydney Kustermans","New Rider Special // London","21051","21052","288040778473","new-rider-specia-memberships-503","","","Memberships","","","Completed","5/12/2026","CAD","1","50.00","50.00","6.50","56.50","Visa","E-Commerce","London","Ontario"
"62DB-WF8Y-5L0G","Completed","5/12/2026","10:29 AM","America/Toronto","","false","393911","scouto12@icloud.com","Shanelle Couto","","393911","scouto12@icloud.com","Shanelle Couto","2-Week Unlimited Anniversary // London","24947","24948","048368164251","2-week-unlimited-memberships-083","","","Memberships","","","Completed","5/12/2026","CAD","1","50.00","50.00","6.50","56.50","Visa","E-Commerce","London","Ontario"
"ZWPT-7YTR-5L0G","Completed","5/12/2026","11:35 AM","America/Toronto","mobile","false","399245","keirajp16@gmail.com","Keira Pocock","","399245","keirajp16@gmail.com","Keira Pocock","One Class Card // London","20798","20799","760445337951","one-class-card-l-credits-347","","","Credits","","","Completed","5/12/2026","CAD","1","0.00","25.00","0.00","0.00","No Charge","E-Commerce","London","Ontario"
"5Q9P-25T3-5L0G","Completed","5/12/2026","11:51 AM","America/Toronto","mobile","false","399248","abbylangan12@gmail.com","Abby Langan","","399248","abbylangan12@gmail.com","Abby Langan","One Class Card // London","20798","20799","760445337951","one-class-card-l-credits-347","","","Credits","","","Completed","5/12/2026","CAD","1","0.00","25.00","0.00","0.00","No Charge","E-Commerce","London","Ontario"
"9ZU7-YFF9-5L0G","Completed","5/12/2026","12:10 PM","America/Toronto","","false","231685","clavioav543@gmail.com","Avery Clavio","","231685","clavioav543@gmail.com","Avery Clavio","Spin-It-Forward // London","20792","20793","964245982422","spin-it-forward--credits-429","","","Credits","","","Completed","5/12/2026","CAD","1","10.00","10.00","1.30","11.30","Visa","E-Commerce","London","Ontario"
"WJVA-SPXZ-5L0G","Completed","5/12/2026","12:10 PM","America/Toronto","","false","96234","carolinepk20@gmail.com","Caroline Park","","96234","carolinepk20@gmail.com","Caroline Park","Spin-It-Forward // London","20792","20793","964245982422","spin-it-forward--credits-429","","","Credits","","","Completed","5/12/2026","CAD","1","10.00","10.00","1.30","11.30","Visa","E-Commerce","London","Ontario"
"MY6X-9MCS-5L0G","Completed","5/12/2026","12:57 PM","America/Toronto","","false","399263","gillian.1@icloud.com","Gillian Simpson","","399263","gillian.1@icloud.com","Gillian Simpson","Spin-It-Forward // London","20792","20793","964245982422","spin-it-forward--credits-429","","","Credits","","","Completed","5/12/2026","CAD","3","30.00","30.00","3.90","33.90","Visa","E-Commerce","London","Ontario"
"ZQRZ-UBND-5L0G","Completed","5/12/2026","1:13 PM","America/Toronto","","false","377238","stephanie.jarvi1@gmail.com","Stephanie Jarvi","","377238","stephanie.jarvi1@gmail.com","Stephanie Jarvi","2-Week Unlimited Anniversary // London","24947","24948","048368164251","2-week-unlimited-memberships-083","","","Memberships","","","Completed","5/12/2026","CAD","1","50.00","50.00","6.50","56.50","Visa","E-Commerce","London","Ontario"
"2TZQ-3QAF-5L0G","Completed","5/12/2026","1:35 PM","America/Toronto","","false","392933","n.jedryczko@gmail.com","Natalia Jedryczko","","392933","n.jedryczko@gmail.com","Natalia Jedryczko","2-Week Unlimited Anniversary // London","24947","24948","048368164251","2-week-unlimited-memberships-083","","","Memberships","","","Completed","5/12/2026","CAD","1","50.00","50.00","6.50","56.50","Visa","E-Commerce","London","Ontario"
"EKVZ-KUMA-5L0G","Completed","5/12/2026","1:42 PM","America/Toronto","","false","357126","eman_assaf1@hotmail.com","Eman A","","357126","eman_assaf1@hotmail.com","Eman A","2-Week Unlimited Anniversary // London","24947","24948","048368164251","2-week-unlimited-memberships-083","","","Memberships","","","Completed","5/12/2026","CAD","1","50.00","50.00","6.50","56.50","Mastercard","E-Commerce","London","Ontario"
"3RDA-UCC9-5L0G","Completed","5/12/2026","2:02 PM","America/Toronto","","false","391955","angelina.radchenko3@gmail.com","Angelina Radchenko","","391955","angelina.radchenko3@gmail.com","Angelina Radchenko","One Class Card // London","20798","20799","760445337951","one-class-card-l-credits-347","","","Credits","","","Completed","5/12/2026","CAD","1","25.00","25.00","3.25","28.25","Visa","E-Commerce","London","Ontario"
"PKE8-5VWU-5L0G","Completed","5/12/2026","2:04 PM","America/Toronto","","false","391955","angelina.radchenko3@gmail.com","Angelina Radchenko","","391955","angelina.radchenko3@gmail.com","Angelina Radchenko","One Class Card // London","20798","20799","760445337951","one-class-card-l-credits-347","","","Credits","","","Completed","5/12/2026","CAD","1","25.00","25.00","3.25","28.25","Visa","E-Commerce","London","Ontario"
"P4N2-DG3N-5L0G","Completed","5/12/2026","2:05 PM","America/Toronto","","false","391955","angelina.radchenko3@gmail.com","Angelina Radchenko","","391955","angelina.radchenko3@gmail.com","Angelina Radchenko","One Class Card // London","20798","20799","760445337951","one-class-card-l-credits-347","","","Credits","","","Completed","5/12/2026","CAD","1","25.00","25.00","3.25","28.25","Visa","E-Commerce","London","Ontario"
"KZBT-GMYD-5L0G","Completed","5/12/2026","2:07 PM","America/Toronto","","false","391955","angelina.radchenko3@gmail.com","Angelina Radchenko","","391955","angelina.radchenko3@gmail.com","Angelina Radchenko","One Class Card // London","20798","20799","760445337951","one-class-card-l-credits-347","","","Credits","","","Completed","5/12/2026","CAD","1","25.00","25.00","3.25","28.25","Visa","E-Commerce","London","Ontario"
"GCUT-BZ6U-5L0G","Completed","5/12/2026","3:31 PM","America/Toronto","","false","393146","dimahmalkawi13@outlook.com","Dimah Malkawi","","393146","dimahmalkawi13@outlook.com","Dimah Malkawi","One Class Card // London","20798","20799","760445337951","one-class-card-l-credits-347","","","Credits","","","Completed","5/12/2026","CAD","1","25.00","25.00","3.25","28.25","Visa","E-Commerce","London","Ontario"
"U696-BEZC-5L0G","Completed","5/12/2026","3:39 PM","America/Toronto","","false","371094","p.alao@hotmail.com","Carlos Palao","","371094","p.alao@hotmail.com","Carlos Palao","2-Week Unlimited Anniversary // London","24947","24948","048368164251","2-week-unlimited-memberships-083","","","Memberships","","","Completed","5/12/2026","CAD","1","50.00","50.00","6.50","56.50","Mastercard","E-Commerce","London","Ontario"
"U53E-8623-5L0G","Completed","5/12/2026","3:48 PM","America/Toronto","","false","399288","ldongsd01@gmail.com","Lucy Dong","","399288","ldongsd01@gmail.com","Lucy Dong","New Rider Special // London","21051","21052","288040778473","new-rider-specia-memberships-503","","","Memberships","","","Completed","5/12/2026","CAD","1","50.00","50.00","6.50","56.50","Visa","E-Commerce","London","Ontario"
"ZY4P-3TDN-5L0G","Completed","5/12/2026","4:03 PM","America/Toronto","","false","399290","mallorymarcoccia@gmail.com","Mallory Marcoccia","","399290","mallorymarcoccia@gmail.com","Mallory Marcoccia","Mom's Night Out // London","25242","25243","014702979887","moms-night-out-l-credits-837","","","Credits","","","Completed","5/12/2026","CAD","1","15.00","15.00","1.95","16.95","Visa","E-Commerce","London","Ontario"
"5V4W-S46Z-5L0G","Completed","5/12/2026","4:09 PM","America/Toronto","mobile","false","399293","zaina.alsammak@gmail.com","Zaina Alsammak","","399293","zaina.alsammak@gmail.com","Zaina Alsammak","One Class Card // London","20798","20799","760445337951","one-class-card-l-credits-347","","","Credits","","","Completed","5/12/2026","CAD","1","0.00","25.00","0.00","0.00","No Charge","E-Commerce","London","Ontario"
"5CWR-2EE4-5L0G","Refunded","5/12/2026","5:00 PM","America/Toronto","","false","399123","victoriadariano@outlook.com","Victoria D'Ariano","","399123","victoriadariano@outlook.com","Victoria D'Ariano","Mom's Night Out // London","25242","25243","014702979887","moms-night-out-l-credits-837","","","Credits","","","Completed","5/12/2026","CAD","1","15.00","15.00","1.95","16.95","Visa","E-Commerce","London","Ontario"
"KZ9B-KS2G-5L0G","Completed","5/12/2026","5:37 PM","America/Toronto","mobile","false","399304","aidenlindsay152@gmail.com","Aiden Lindsay","","399304","aidenlindsay152@gmail.com","Aiden Lindsay","One Class Card // London","20798","20799","760445337951","one-class-card-l-credits-347","","","Credits","","","Completed","5/12/2026","CAD","1","0.00","25.00","0.00","0.00","No Charge","E-Commerce","London","Ontario"
"Z4Z6-HTQY-5L0G","Completed","5/12/2026","6:16 PM","America/Toronto","","true","360337","jenn.buchanan@hotmail.com","Jenn Buchanan","","360337","jenn.buchanan@hotmail.com","Jenn Buchanan","Late Cancel Charge","14688","14690","036981809486","late-cancel-fee-penalty-fees-771","","","Penalty Fees","","","Completed","5/12/2026","CAD","1","15.00","15.00","1.95","16.95","Visa","E-Commerce","London","Ontario"
"6KPZ-D6SN-5L0H","Completed","5/12/2026","9:08 PM","America/Toronto","","false","364289","aroutly1@gmail.com","Alyssa Routly","","364289","aroutly1@gmail.com","Alyssa Routly","One Class Card // London","20798","20799","760445337951","one-class-card-l-credits-347","","","Credits","","","Completed","5/12/2026","CAD","1","25.00","25.00","3.25","28.25","Visa","E-Commerce","London","Ontario"
"PN8W-53CU-5L0H","Completed","5/13/2026","12:24 AM","America/Toronto","","true","377824","simone.hayden2000@gmail.com","Simone Hayden","","377824","simone.hayden2000@gmail.com","Simone Hayden","4x Membership // London","21999","22000","216300284773","4x-membership-lo-memberships-280","","","Memberships","","","Completed","5/13/2026","CAD","1","80.00","80.00","10.40","90.40","Visa","E-Commerce","London","Ontario"
"9YJD-9T9N-5L0H","Completed","5/13/2026","12:24 AM","America/Toronto","","true","375814","madelyn.mccarthy@hotmail.com","Madelyn Mccarthy","","375814","madelyn.mccarthy@hotmail.com","Madelyn Mccarthy","4x Membership // London","21999","22000","216300284773","4x-membership-lo-memberships-280","","","Memberships","","","Completed","5/13/2026","CAD","1","80.00","80.00","10.40","90.40","Visa","E-Commerce","London","Ontario"
"Y88A-9E2J-5L0H","Completed","5/13/2026","12:24 AM","America/Toronto","","true","336211","kirvine7@uwo.ca","Kathryn Irvine","","336211","kirvine7@uwo.ca","Kathryn Irvine","Unlimited Monthly Membership // 20% OFF PRE-SALE (London)","20844","20845","908731664009","20-off-presale-u-memberships-639","","","Memberships","","","Completed","5/13/2026","CAD","1","200.00","200.00","26.00","226.00","Mastercard","E-Commerce","London","Ontario"
"GVFQ-TEXQ-5L0H","Completed","5/13/2026","12:24 AM","America/Toronto","","true","360260","jackie.wilkins@bell.net","Jackie Wilkins","","360260","jackie.wilkins@bell.net","Jackie Wilkins","Unlimited Membership // London","21995","21996","447442561003","unlimited-member-memberships-867","","","Memberships","","","Completed","5/13/2026","CAD","1","200.00","200.00","26.00","226.00","Visa","E-Commerce","London","Ontario"
"29YA-ZVHA-5L0H","Completed","5/13/2026","12:24 AM","America/Toronto","","true","362877","maya.khemlin@gmail.com","Maya Khemlin","","362877","maya.khemlin@gmail.com","Maya Khemlin","8x Membership // London · BLACK FRIDAY 2025","22632","22633","364334411422","8x-membership-lo-memberships-289","","","Memberships","","","Completed","5/13/2026","CAD","1","140.00","140.00","18.20","158.20","Visa","E-Commerce","London","Ontario"
"GGWB-QK25-5L0H","Completed","5/13/2026","12:41 AM","America/Toronto","","false","369574","msavehilaghi99@gmail.com","Max Savehilaghi","","369574","msavehilaghi99@gmail.com","Max Savehilaghi","2-Week Unlimited Anniversary // London","24947","24948","048368164251","2-week-unlimited-memberships-083","","","Memberships","","","Completed","5/13/2026","CAD","1","50.00","50.00","6.50","56.50","Visa","E-Commerce","London","Ontario"
"JQSJ-ED9E-5L0H","Completed","5/13/2026","6:52 AM","America/Toronto","desktop","false","363395","derek@cardy.ca","Derek Cardy","","319732","shanahan.keeghan@gmail.com","Keeghan Shanahan","Coffee // London","23655","23656","087239269521","coffee-london-food-and-beverag-851","","","Food and Beverage","","","Completed","5/13/2026","CAD","1","1.50","1.50","0.20","1.70","Visa","In-Store","London","Ontario"
"UFPX-XWY5-5L0H","Completed","5/13/2026","6:53 AM","America/Toronto","desktop","false","380674","mervebozkurtt.41@gmail.com","Merve Bozkurt","","319732","shanahan.keeghan@gmail.com","Keeghan Shanahan","Coffee // London","23655","23656","087239269521","coffee-london-food-and-beverag-851","","","Food and Beverage","","","Completed","5/13/2026","CAD","1","1.50","1.50","0.20","1.70","Mastercard","In-Store","London","Ontario"
"K6MZ-TJ5C-5L0H","Completed","5/13/2026","7:36 AM","America/Toronto","","false","399366","stefsmith36@gmail.com","Stef Smith","","399366","stefsmith36@gmail.com","Stef Smith","One Class Card // London","20798","20799","760445337951","one-class-card-l-credits-347","","","Credits","","","Completed","5/13/2026","CAD","1","25.00","25.00","3.25","28.25","Visa","E-Commerce","London","Ontario"
"8J27-5YYF-5L0H","Completed","5/13/2026","7:43 AM","America/Toronto","","false","399367","ljamies5@gmail.com","Laura Jamieson","","399367","ljamies5@gmail.com","Laura Jamieson","One Class Card // London","20798","20799","760445337951","one-class-card-l-credits-347","","","Credits","","","Completed","5/13/2026","CAD","1","25.00","25.00","3.25","28.25","Visa","E-Commerce","London","Ontario"
"8V6P-AEVA-5L0H","Completed","5/13/2026","9:31 AM","America/Toronto","","false","360304","sabreenksukhija@icloud.com","Sabreen Kaur Sukhija","","360304","sabreenksukhija@icloud.com","Sabreen Kaur Sukhija","2-Week Unlimited Anniversary // London","24947","24948","048368164251","2-week-unlimited-memberships-083","","","Memberships","","","Completed","5/13/2026","CAD","1","50.00","50.00","6.50","56.50","Visa","E-Commerce","London","Ontario"
"CF8U-W4DG-5L0H","Completed","5/13/2026","10:34 AM","America/Toronto","","false","369687","kmachura@uwo.ca","Kayli Machura","","369687","kmachura@uwo.ca","Kayli Machura","2-Week Unlimited Anniversary // London","24947","24948","048368164251","2-week-unlimited-memberships-083","","","Memberships","","","Completed","5/13/2026","CAD","1","50.00","50.00","6.50","56.50","Visa","E-Commerce","London","Ontario"
"G8RK-M52J-5L0H","Completed","5/13/2026","11:16 AM","America/Toronto","","true","371018","safiyah.lawendy@gmail.com","Safiyah Lawendy","","371018","safiyah.lawendy@gmail.com","Safiyah Lawendy","Late Cancel Charge","14688","14690","036981809486","late-cancel-fee-penalty-fees-771","","","Penalty Fees","","","Completed","5/13/2026","CAD","1","15.00","15.00","1.95","16.95","Visa","E-Commerce","London","Ontario"
"YH5Q-SPVY-5L0H","Completed","5/13/2026","2:51 PM","America/Toronto","","false","399404","bvmcphee@hotmail.com","Vanessa McPhee","","399404","bvmcphee@hotmail.com","Vanessa McPhee","Mom's Night Out // London","25242","25243","014702979887","moms-night-out-l-credits-837","","","Credits","","","Completed","5/13/2026","CAD","1","15.00","15.00","1.95","16.95","Visa","E-Commerce","London","Ontario"
"VA48-UZW8-5L0H","Completed","5/13/2026","3:10 PM","America/Toronto","desktop","false","357277","isabelk1007@gmail.com","Isabel Sashegyi","","382306","michellejcallander@gmail.com","Michelle Callandar","Ten Class Card // London","20794","20795","456569691604","ten-class-card-l-credits-104","","","Credits","","","Completed","5/13/2026","CAD","1","100.00","200.00","13.00","113.00","Visa","In-Store","London","Ontario"
"5CJJ-CFP5-5L0H","Completed","5/13/2026","3:19 PM","America/Toronto","","false","368626","marianasalazar_973@hotmail.com","Mariana Salazar Vargas","","368626","marianasalazar_973@hotmail.com","Mariana Salazar Vargas","One Class Card // London","20798","20799","760445337951","one-class-card-l-credits-347","","","Credits","","","Completed","5/13/2026","CAD","1","25.00","25.00","3.25","28.25","Mastercard","E-Commerce","London","Ontario"
"YKDA-T7RU-5L0H","Completed","5/13/2026","3:28 PM","America/Toronto","desktop","false","363919","josephinechenpoon@gmail.com","Josephine Poon","","382306","michellejcallander@gmail.com","Michelle Callandar","Ten Class Card // London","20794","20795","456569691604","ten-class-card-l-credits-104","","","Credits","","","Completed","5/13/2026","CAD","1","100.00","200.00","13.00","113.00","American Express","In-Store","London","Ontario"
"ESRN-JNMG-5L0H","Completed","5/13/2026","3:40 PM","America/Toronto","","false","390982","christinenbere@hotmail.com","Christine Bere","","390982","christinenbere@hotmail.com","Christine Bere","2-Week Unlimited Anniversary // London","24947","24948","048368164251","2-week-unlimited-memberships-083","","","Memberships","","","Completed","5/13/2026","CAD","1","50.00","50.00","6.50","56.50","Mastercard","E-Commerce","London","Ontario"
"RDMW-BHYF-5L0H","Completed","5/13/2026","4:46 PM","America/Toronto","desktop","false","399418","bman.clarke42@gmail.com","Brandon Clarke","","399418","bman.clarke42@gmail.com","Brandon Clarke","One Class Card // London","20798","20799","760445337951","one-class-card-l-credits-347","","","Credits","","","Completed","5/13/2026","CAD","1","0.00","25.00","0.00","0.00","No Charge","E-Commerce","London","Ontario"
"A7BA-YRGJ-5L0H","Completed","5/13/2026","5:10 PM","America/Toronto","desktop","false","399421","13melly27@gmail.com","Melanie Moore","","399421","13melly27@gmail.com","Melanie Moore","One Class Card // London","20798","20799","760445337951","one-class-card-l-credits-347","","","Credits","","","Completed","5/13/2026","CAD","1","0.00","25.00","0.00","0.00","No Charge","E-Commerce","London","Ontario"
"Z4JA-7WX5-5L0H","Completed","5/13/2026","5:17 PM","America/Toronto","desktop","false","389474","emma.hendriksen7@gmail.com","Emma Hendriksen","","347301","london@spinco.ca","SPINCO London","SPINCO Water","19657","19658","469973764933","spinco-water-water-914","","","Water","Arctic Chiller","","Completed","5/13/2026","CAD","1","2.50","2.50","0.33","2.83","Mastercard","In-Store","London","Ontario"
"XCZ3-QK94-5L0H","Completed","5/13/2026","5:18 PM","America/Toronto","","false","399404","bvmcphee@hotmail.com","Vanessa McPhee","","399404","bvmcphee@hotmail.com","Vanessa McPhee","Mom's Night Out // London","25242","25243","014702979887","moms-night-out-l-credits-837","","","Credits","","","Completed","5/13/2026","CAD","1","15.00","15.00","1.95","16.95","Visa","E-Commerce","London","Ontario"
"PT6V-2F6N-5L0H","Completed","5/13/2026","5:39 PM","America/Toronto","","false","398353","piacuahequibal@gmail.com","Pia Hequibal","","398353","piacuahequibal@gmail.com","Pia Hequibal","Ten Class Card // London","20794","20795","456569691604","ten-class-card-l-credits-104","","","Credits","","","Completed","5/13/2026","CAD","1","200.00","200.00","26.00","226.00","Visa","E-Commerce","London","Ontario"
"WUW4-96QY-5L0H","Completed","5/13/2026","5:56 PM","America/Toronto","","false","399416","erinmdowning@outlook.com","Erin Downing","","399416","erinmdowning@outlook.com","Erin Downing","2-Week Unlimited Anniversary // London","24947","24948","048368164251","2-week-unlimited-memberships-083","","","Memberships","","","Completed","5/13/2026","CAD","1","50.00","50.00","6.50","56.50","Mastercard","E-Commerce","London","Ontario"
"JADD-44P7-5L0H","Completed","5/13/2026","6:19 PM","America/Toronto","","true","352111","amanda_tedford@hotmail.com","Amanda Tedford","","352111","amanda_tedford@hotmail.com","Amanda Tedford","Late Cancel Charge","14688","14690","036981809486","late-cancel-fee-penalty-fees-771","","","Penalty Fees","","","Completed","5/13/2026","CAD","1","15.00","15.00","1.95","16.95","Visa","E-Commerce","London","Ontario"
"C8BA-CET4-5L0H","Completed","5/13/2026","7:18 PM","America/Toronto","mobile","false","399445","aaron226519@gmail.com","Aaron Beier","","399445","aaron226519@gmail.com","Aaron Beier","One Class Card // London","20798","20799","760445337951","one-class-card-l-credits-347","","","Credits","","","Completed","5/13/2026","CAD","1","0.00","25.00","0.00","0.00","No Charge","E-Commerce","London","Ontario"
"4NK9-P4SQ-5L0H","Completed","5/13/2026","7:54 PM","America/Toronto","","false","399280","laurenwyatt17@hotmail.com","Lauren Wyatt","","399280","laurenwyatt17@hotmail.com","Lauren Wyatt","Mom's Night Out // London","25242","25243","014702979887","moms-night-out-l-credits-837","","","Credits","","","Completed","5/13/2026","CAD","1","15.00","15.00","1.95","16.95","Mastercard","E-Commerce","London","Ontario"
"YCKR-TB6E-5L0I","Refunded","5/13/2026","8:15 PM","America/Toronto","","true","398768","addisonankers@gmail.com","addie ankers","","398768","addisonankers@gmail.com","addie ankers","No Show Charge","14687","14689","489143084327","no-show-fee-penalty-fees-498","","","Penalty Fees","","","Completed","5/13/2026","CAD","1","20.00","20.00","2.60","22.60","Mastercard","E-Commerce","London","Ontario"
"WR6S-4QKU-5L0I","Completed","5/13/2026","9:22 PM","America/Toronto","","false","69413","sorelkerri@gmail.com","Kerri Sorel","","69413","sorelkerri@gmail.com","Kerri Sorel","One Class Card // London","20798","20799","760445337951","one-class-card-l-credits-347","","","Credits","","","Completed","5/13/2026","CAD","1","25.00","25.00","3.25","28.25","Mastercard","E-Commerce","London","Ontario"
"97XR-PT46-5L0I","Completed","5/13/2026","10:56 PM","America/Toronto","","false","277020","alyssapiche7@gmail.com","Alyssa Piche","","277020","alyssapiche7@gmail.com","Alyssa Piche","One Class Card // London","20798","20799","760445337951","one-class-card-l-credits-347","","","Credits","","","Completed","5/13/2026","CAD","1","25.00","25.00","3.25","28.25","Visa","E-Commerce","London","Ontario"
"RT3X-84TK-5L0I","Completed","5/13/2026","10:58 PM","America/Toronto","","false","277020","alyssapiche7@gmail.com","Alyssa Piche","","277020","alyssapiche7@gmail.com","Alyssa Piche","One Class Card // London","20798","20799","760445337951","one-class-card-l-credits-347","","","Credits","","","Completed","5/13/2026","CAD","1","25.00","25.00","3.25","28.25","Visa","E-Commerce","London","Ontario"
"87Y3-RMKU-5L0I","Completed","5/14/2026","12:24 AM","America/Toronto","","true","340395","hhounsel@alumni.uwo.ca","Heather Hounsell","","340395","hhounsel@alumni.uwo.ca","Heather Hounsell","8x Monthly Membership // 15% OFF PRE-SALE (London)","20854","20855","093399687271","15-off-presale-8-memberships-350","","","Memberships","","","Completed","5/14/2026","CAD","1","150.00","150.00","19.50","169.50","Mastercard","E-Commerce","London","Ontario"
"GY5P-S26E-5L0I","Completed","5/14/2026","12:24 AM","America/Toronto","","true","346925","brooke.goodchild@hotmail.com","Rachel Goodchild","","346925","brooke.goodchild@hotmail.com","Rachel Goodchild","4x Membership // Barrie · 10% PRE-SALE","20866","20867","780524050667","4x-monthly-membe-memberships-755","","","Memberships","","","Completed","5/14/2026","CAD","1","80.00","80.00","10.40","90.40","Mastercard","E-Commerce","London","Ontario"
"R9KD-U8PH-5L0I","Completed","5/14/2026","12:24 AM","America/Toronto","","true","346751","rybrownrigg@hotmail.com","Rylee Brownrigg","","346751","rybrownrigg@hotmail.com","Rylee Brownrigg","4x Membership // Barrie · 10% PRE-SALE","20866","20867","780524050667","4x-monthly-membe-memberships-755","","","Memberships","","","Completed","5/14/2026","CAD","1","0.00","0.00","0.00","0.00","No Charge","E-Commerce","London","Ontario"
"MUMM-W3E8-5L0I","Completed","5/14/2026","12:24 AM","America/Toronto","","true","358251","lynnlaithwaite@gmail.com","Lynn Stewart","","358251","lynnlaithwaite@gmail.com","Lynn Stewart","4x Monthly Membership // London *GRANDFATHERED","20838","20839","545622520223","4-classes-month--memberships-721","","","Memberships","","","Completed","5/14/2026","CAD","1","80.00","80.00","10.40","90.40","Visa","E-Commerce","London","Ontario"
"4X7M-E3NV-5L0I","Completed","5/14/2026","12:24 AM","America/Toronto","","true","347195","lviner@hotmail.com","Laura Viner","","347195","lviner@hotmail.com","Laura Viner","Staff Membership // London","20830","20831","898235312897","staff-membership-memberships-735","","","Memberships","","","Completed","5/14/2026","CAD","1","0.00","0.00","0.00","0.00","No Charge","E-Commerce","London","Ontario"
"KE7C-UD4Q-5L0I","Completed","5/14/2026","12:24 AM","America/Toronto","","true","343368","kelseyvandewetering@gmail.com","Kelsey Vandewetering","","343368","kelseyvandewetering@gmail.com","Kelsey Vandewetering","Staff Membership // London","20830","20831","898235312897","staff-membership-memberships-735","","","Memberships","","","Completed","5/14/2026","CAD","1","0.00","0.00","0.00","0.00","No Charge","E-Commerce","London","Ontario"
"EKMN-UC8D-5L0I","Completed","5/14/2026","12:24 AM","America/Toronto","","true","376174","edwards.elle@icloud.com","Elle Edwards","","376174","edwards.elle@icloud.com","Elle Edwards","4x Membership // London","21999","22000","216300284773","4x-membership-lo-memberships-280","","","Memberships","","","Completed","5/14/2026","CAD","1","80.00","80.00","10.40","90.40","Mastercard","E-Commerce","London","Ontario"
"SDKK-QT4H-5L0I","Completed","5/14/2026","12:24 AM","America/Toronto","","true","368532","bowden1818@gmail.com","Paul Bowden","","368532","bowden1818@gmail.com","Paul Bowden","Unlimited Membership // London","21995","21996","447442561003","unlimited-member-memberships-867","","","Memberships","","","Completed","5/14/2026","CAD","1","200.00","200.00","26.00","226.00","Visa","E-Commerce","London","Ontario"
"X2EW-QJ9H-5L0I","Completed","5/14/2026","1:15 AM","America/Toronto","","true","347195","lviner@hotmail.com","Laura Viner","","347195","lviner@hotmail.com","Laura Viner","Late Cancel Charge","14688","14690","036981809486","late-cancel-fee-penalty-fees-771","","","Penalty Fees","","","Completed","5/14/2026","CAD","1","15.00","15.00","1.95","16.95","Mastercard","E-Commerce","London","Ontario"
"AHVQ-SYRF-5L0I","Completed","5/14/2026","1:15 AM","America/Toronto","","true","363395","derek@cardy.ca","Derek Cardy","","363395","derek@cardy.ca","Derek Cardy","Late Cancel Charge","14688","14690","036981809486","late-cancel-fee-penalty-fees-771","","","Penalty Fees","","","Completed","5/14/2026","CAD","1","15.00","15.00","1.95","16.95","Visa","E-Commerce","London","Ontario"
"CDXX-ZGJ7-5L0I","Completed","5/14/2026","3:18 AM","America/Toronto","","true","363395","derek@cardy.ca","Derek Cardy","","363395","derek@cardy.ca","Derek Cardy","Late Cancel Charge","14688","14690","036981809486","late-cancel-fee-penalty-fees-771","","","Penalty Fees","","","Completed","5/14/2026","CAD","1","15.00","15.00","1.95","16.95","Visa","E-Commerce","London","Ontario"
"PHXE-DSMT-5L0I","Completed","5/14/2026","5:17 AM","America/Toronto","","true","392050","ameenah.khan01@gmail.com","Ameenah Khan","","392050","ameenah.khan01@gmail.com","Ameenah Khan","Late Cancel Charge","14688","14690","036981809486","late-cancel-fee-penalty-fees-771","","","Penalty Fees","","","Completed","5/14/2026","CAD","1","15.00","15.00","1.95","16.95","Visa","E-Commerce","London","Ontario"
"BGWR-7CZ4-5L0I","Completed","5/14/2026","6:15 AM","America/Toronto","","true","351338","lyndsayfitzgeorge@gmail.com","Lyndsay Fitzgeorge","","351338","lyndsayfitzgeorge@gmail.com","Lyndsay Fitzgeorge","Late Cancel Charge","14688","14690","036981809486","late-cancel-fee-penalty-fees-771","","","Penalty Fees","","","Completed","5/14/2026","CAD","1","15.00","15.00","1.95","16.95","Mastercard","E-Commerce","London","Ontario"
"7DDR-RJU9-5L0I","Completed","5/14/2026","6:15 AM","America/Toronto","","true","351106","stacey.pipicelli@gmail.com","Stacey Pipicelli","","351106","stacey.pipicelli@gmail.com","Stacey Pipicelli","Late Cancel Charge","14688","14690","036981809486","late-cancel-fee-penalty-fees-771","","","Penalty Fees","","","Completed","5/14/2026","CAD","1","15.00","15.00","1.95","16.95","Visa","E-Commerce","London","Ontario"
"RVM9-U4BF-5L0I","Completed","5/14/2026","6:33 AM","America/Toronto","","false","378483","maddieivatts@outlook.com","Maddie Ivatts","","378483","maddieivatts@outlook.com","Maddie Ivatts","Five Class Card // London","20802","20803","488719457552","five-class-card--credits-078","","","Credits","","","Completed","5/14/2026","CAD","1","93.50","110.00","12.16","105.66","Visa","E-Commerce","London","Ontario"
"HUY4-9C4C-5L0I","Completed","5/14/2026","6:52 AM","America/Toronto","desktop","false","311771","alexrosewatt@outlook.com","Alex Watt","","346927","narellehesler@gmail.com","Narelle Hesler","Coffee // London","23655","23656","087239269521","coffee-london-food-and-beverag-851","","","Food and Beverage","","","Completed","5/14/2026","CAD","1","1.50","1.50","0.20","1.70","Visa","In-Store","London","Ontario"
"QY8R-2VS3-5L0I","Completed","5/14/2026","7:22 AM","America/Toronto","","false","391405","genahewitt12@hotmail.com","Gena Hewitt","","391405","genahewitt12@hotmail.com","Gena Hewitt","One Class Card // London","20798","20799","760445337951","one-class-card-l-credits-347","","","Credits","","","Completed","5/14/2026","CAD","1","25.00","25.00","3.25","28.25","Visa","E-Commerce","London","Ontario"
"6N2Y-CD6J-5L0I","Completed","5/14/2026","7:35 AM","America/Toronto","","false","397643","carlygrisley@outlook.com","Carly Grisley","","397643","carlygrisley@outlook.com","Carly Grisley","2-Week Unlimited Anniversary // London","24947","24948","048368164251","2-week-unlimited-memberships-083","","","Memberships","","","Completed","5/14/2026","CAD","1","50.00","50.00","6.50","56.50","Visa","E-Commerce","London","Ontario"
"TXJ3-UVC5-5L0I","Completed","5/14/2026","7:55 AM","America/Toronto","desktop","false","397609","erinpagana@hotmail.com","Erin Pagana","","346927","narellehesler@gmail.com","Narelle Hesler","Coffee // London","23655","23656","087239269521","coffee-london-food-and-beverag-851","","","Food and Beverage","","","Completed","5/14/2026","CAD","1","1.50","1.50","0.20","1.70","Visa","In-Store","London","Ontario"
"C7DT-NHAA-5L0I","Completed","5/14/2026","8:03 AM","America/Toronto","","false","336326","malloryrooney9624@gmail.com","Mallory Rooney","","336326","malloryrooney9624@gmail.com","Mallory Rooney","Spin-It-Forward // London","20792","20793","964245982422","spin-it-forward--credits-429","","","Credits","","","Completed","5/14/2026","CAD","1","10.00","10.00","1.30","11.30","Visa","E-Commerce","London","Ontario"
"EFTZ-RCGX-5L0I","Completed","5/14/2026","8:33 AM","America/Toronto","","false","252943","cormierjanelle3@gmail.com","Janelle Cormier","","252943","cormierjanelle3@gmail.com","Janelle Cormier","2-Week Unlimited Anniversary // London","24947","24948","048368164251","2-week-unlimited-memberships-083","","","Memberships","","","Completed","5/14/2026","CAD","1","50.00","50.00","6.50","56.50","Mastercard","E-Commerce","London","Ontario"
"CM4D-XS2S-5L0I","Completed","5/14/2026","10:04 AM","America/Toronto","mobile","false","399294","sophiealsabawi@gmail.com","Sophie Al Sabawi","","399294","sophiealsabawi@gmail.com","Sophie Al Sabawi","One Class Card // London","20798","20799","760445337951","one-class-card-l-credits-347","","","Credits","","","Completed","5/14/2026","CAD","1","0.00","25.00","0.00","0.00","No Charge","E-Commerce","London","Ontario"
"ZRAZ-VVFS-5L0I","Completed","5/14/2026","11:09 AM","America/Toronto","","false","337526","maddie.page@hotmail.com","Maddie Page","","337526","maddie.page@hotmail.com","Maddie Page","Ten Class Card // London","20794","20795","456569691604","ten-class-card-l-credits-104","","","Credits","","","Completed","5/14/2026","CAD","1","170.00","200.00","22.10","192.10","Visa","E-Commerce","London","Ontario"
"2V85-TCZF-5L0I","Completed","5/14/2026","11:17 AM","America/Toronto","","false","368088","emma.calcutt5@gmail.com","Emma Calcutt","","368088","emma.calcutt5@gmail.com","Emma Calcutt","Spin-It-Forward // London","20792","20793","964245982422","spin-it-forward--credits-429","","","Credits","","","Completed","5/14/2026","CAD","1","10.00","10.00","1.30","11.30","Visa","E-Commerce","London","Ontario"
"GN74-9Z4N-5L0I","Completed","5/14/2026","11:25 AM","America/Toronto","","false","368088","emma.calcutt5@gmail.com","Emma Calcutt","","368088","emma.calcutt5@gmail.com","Emma Calcutt","Spin-It-Forward // London","20792","20793","964245982422","spin-it-forward--credits-429","","","Credits","","","Completed","5/14/2026","CAD","1","10.00","10.00","1.30","11.30","Visa","E-Commerce","London","Ontario"
"G8FM-N7H3-5L0I","Completed","5/14/2026","11:26 AM","America/Toronto","","false","399502","kayla.ablitt@gmail.com","Kayla Ablitt","","399502","kayla.ablitt@gmail.com","Kayla Ablitt","Mom's Night Out // London","25242","25243","014702979887","moms-night-out-l-credits-837","","","Credits","","","Completed","5/14/2026","CAD","1","15.00","15.00","1.95","16.95","Visa","E-Commerce","London","Ontario"
"D996-8FRV-5L0I","Completed","5/14/2026","11:31 AM","America/Toronto","","false","399504","allison@johnstonejohnstone.com","Allison Johnstone","","399504","allison@johnstonejohnstone.com","Allison Johnstone","Mom's Night Out // London","25242","25243","014702979887","moms-night-out-l-credits-837","","","Credits","","","Completed","5/14/2026","CAD","1","15.00","15.00","1.95","16.95","Visa","E-Commerce","London","Ontario"
"ZYDY-VDVN-5L0I","Completed","5/14/2026","11:35 AM","America/Toronto","","false","399509","briana.wills@hotmail.com","BRIANA WILLS","","399509","briana.wills@hotmail.com","BRIANA WILLS","Mom's Night Out // London","25242","25243","014702979887","moms-night-out-l-credits-837","","","Credits","","","Completed","5/14/2026","CAD","1","15.00","15.00","1.95","16.95","Mastercard","E-Commerce","London","Ontario"
"3XAS-5QRE-5L0I","Completed","5/14/2026","11:35 AM","America/Toronto","","false","399510","tessaweidner@gmail.com","Tessa Weidner","","399510","tessaweidner@gmail.com","Tessa Weidner","Mom's Night Out // London","25242","25243","014702979887","moms-night-out-l-credits-837","","","Credits","","","Completed","5/14/2026","CAD","1","15.00","15.00","1.95","16.95","Visa","E-Commerce","London","Ontario"
"6GXV-4DDN-5L0I","Completed","5/14/2026","12:20 PM","America/Toronto","","false","396543","jcorreia11@rogers.com","Joanne Correia","","396543","jcorreia11@rogers.com","Joanne Correia","Ten Class Card // London","20794","20795","456569691604","ten-class-card-l-credits-104","","","Credits","","","Completed","5/14/2026","CAD","1","170.00","200.00","22.10","192.10","Visa","E-Commerce","London","Ontario"
"WR6X-ADBX-5L0I","Refunded","5/14/2026","1:15 PM","America/Toronto","","true","369574","msavehilaghi99@gmail.com","Max Savehilaghi","","369574","msavehilaghi99@gmail.com","Max Savehilaghi","Late Cancel Charge","14688","14690","036981809486","late-cancel-fee-penalty-fees-771","","","Penalty Fees","","","Completed","5/14/2026","CAD","1","15.00","15.00","1.95","16.95","Visa","E-Commerce","London","Ontario"
"FQGA-9SXR-5L0I","Completed","5/14/2026","2:00 PM","America/Toronto","","false","378014","valeskadegouveia@hotmail.com","Valeska De Gouveia","","378014","valeskadegouveia@hotmail.com","Valeska De Gouveia","Spin-It-Forward // London","20792","20793","964245982422","spin-it-forward--credits-429","","","Credits","","","Completed","5/14/2026","CAD","1","10.00","10.00","1.30","11.30","Mastercard","E-Commerce","London","Ontario"
"QV27-S8T2-5L0I","Completed","5/14/2026","2:08 PM","America/Toronto","","false","399288","ldongsd01@gmail.com","Lucy Dong","","399288","ldongsd01@gmail.com","Lucy Dong","2-Week Unlimited Anniversary // London","24947","24948","048368164251","2-week-unlimited-memberships-083","","","Memberships","","","Completed","5/14/2026","CAD","1","50.00","50.00","6.50","56.50","Visa","E-Commerce","London","Ontario"
"VCW7-4VC9-5L0I","Completed","5/14/2026","2:15 PM","America/Toronto","","true","348678","hurstmarissa9@gmail.com","Marissa Hurst","","348678","hurstmarissa9@gmail.com","Marissa Hurst","Late Cancel Charge","14688","14690","036981809486","late-cancel-fee-penalty-fees-771","","","Penalty Fees","","","Completed","5/14/2026","CAD","1","15.00","15.00","1.95","16.95","Visa","E-Commerce","London","Ontario"
"R7B2-2B2W-5L0I","Completed","5/14/2026","3:27 PM","America/Toronto","desktop","false","339260","erika1118@live.com","Erika Lynch","","382306","michellejcallander@gmail.com","Michelle Callandar","Ten Class Card // London","20794","20795","456569691604","ten-class-card-l-credits-104","","","Credits","","","Completed","5/14/2026","CAD","1","100.00","200.00","13.00","113.00","Visa","In-Store","London","Ontario"
"SHYG-Y9FY-5L0I","Completed","5/14/2026","3:33 PM","America/Toronto","desktop","false","347118","aquann13@gmail.com","Amanda Quann","","382306","michellejcallander@gmail.com","Michelle Callandar","Ten Class Card // London","20794","20795","456569691604","ten-class-card-l-credits-104","","","Credits","","","Completed","5/14/2026","CAD","1","100.00","200.00","13.00","113.00","Visa","In-Store","London","Ontario"
"25G5-UAHP-5L0I","Completed","5/14/2026","3:37 PM","America/Toronto","mobile","false","399543","madhoun.marwan@gmail.com","Marwan Almadhoun","","399543","madhoun.marwan@gmail.com","Marwan Almadhoun","One Class Card // London","20798","20799","760445337951","one-class-card-l-credits-347","","","Credits","","","Completed","5/14/2026","CAD","1","0.00","25.00","0.00","0.00","No Charge","E-Commerce","London","Ontario"
"D7YR-Q3CA-5L0I","Completed","5/14/2026","3:44 PM","America/Toronto","","false","336307","kendramacdougall488@hotmail.com","Kendra MacDougall","","336307","kendramacdougall488@hotmail.com","Kendra MacDougall","2-Week Unlimited Anniversary // London","24947","24948","048368164251","2-week-unlimited-memberships-083","","","Memberships","","","Completed","5/14/2026","CAD","1","50.00","50.00","6.50","56.50","Mastercard","E-Commerce","London","Ontario"
"N9DU-XPZ4-5L0I","Completed","5/14/2026","3:44 PM","America/Toronto","","false","364131","vu.huyent@gmail.com","Huyen Vu","","364131","vu.huyent@gmail.com","Huyen Vu","Spin-It-Forward // London","20792","20793","964245982422","spin-it-forward--credits-429","","","Credits","","","Completed","5/14/2026","CAD","1","10.00","10.00","1.30","11.30","Visa","E-Commerce","London","Ontario"
"PQ7Q-N5YR-5L0I","Completed","5/14/2026","3:50 PM","America/Toronto","desktop","false","354592","karenbailey022@gmail.com","Karen Bailey","","382306","michellejcallander@gmail.com","Michelle Callandar","Ten Class Card // London","20794","20795","456569691604","ten-class-card-l-credits-104","","","Credits","","","Completed","5/14/2026","CAD","1","100.00","200.00","13.00","113.00","Visa","In-Store","London","Ontario"
"FC9S-Q3VJ-5L0I","Completed","5/14/2026","4:08 PM","America/Toronto","","false","205730","riddhirishi06@gmail.com","Riddhi Rishi","","205730","riddhirishi06@gmail.com","Riddhi Rishi","Ten Class Card // London","20794","20795","456569691604","ten-class-card-l-credits-104","","","Credits","","","Completed","5/14/2026","CAD","1","170.00","200.00","22.10","192.10","Mastercard","E-Commerce","London","Ontario"
"H4DU-26PP-5L0I","Completed","5/14/2026","4:21 PM","America/Toronto","","false","366627","carissamercedes@hotmail.com","Carissa Crysler","","366627","carissamercedes@hotmail.com","Carissa Crysler","One Class Card // London","20798","20799","760445337951","one-class-card-l-credits-347","","","Credits","","","Completed","5/14/2026","CAD","1","25.00","25.00","3.25","28.25","Visa","E-Commerce","London","Ontario"
"DX5A-4BNJ-5L0I","Completed","5/14/2026","4:37 PM","America/Toronto","","false","205731","avanir31@gmail.com","Avani Rishi","","205731","avanir31@gmail.com","Avani Rishi","Ten Class Card // London","20794","20795","456569691604","ten-class-card-l-credits-104","","","Credits","","","Completed","5/14/2026","CAD","1","170.00","200.00","22.10","192.10","Mastercard","E-Commerce","London","Ontario"
"AWMK-VJA9-5L0I","Completed","5/14/2026","4:45 PM","America/Toronto","","false","364131","vu.huyent@gmail.com","Huyen Vu","","364131","vu.huyent@gmail.com","Huyen Vu","Spin-It-Forward // London","20792","20793","964245982422","spin-it-forward--credits-429","","","Credits","","","Completed","5/14/2026","CAD","1","10.00","10.00","1.30","11.30","Visa","E-Commerce","London","Ontario"
"9T6B-WQZM-5L0I","Completed","5/14/2026","4:54 PM","America/Toronto","mobile","false","399549","coleman_james@outlook.com","James Coleman","","399549","coleman_james@outlook.com","James Coleman","One Class Card // London","20798","20799","760445337951","one-class-card-l-credits-347","","","Credits","","","Completed","5/14/2026","CAD","1","0.00","25.00","0.00","0.00","No Charge","E-Commerce","London","Ontario"
"M6HM-M9UJ-5L0I","Completed","5/14/2026","4:54 PM","America/Toronto","","false","364131","vu.huyent@gmail.com","Huyen Vu","","364131","vu.huyent@gmail.com","Huyen Vu","2-Week Unlimited Anniversary // London","24947","24948","048368164251","2-week-unlimited-memberships-083","","","Memberships","","","Completed","5/14/2026","CAD","1","50.00","50.00","6.50","56.50","Visa","E-Commerce","London","Ontario"
"K489-WX5C-5L0I","Completed","5/14/2026","5:17 PM","America/Toronto","desktop","false","391623","sthomson@tlscv.com","Stephanie Thomson","","356671","daymtess228@gmail.com","Tessa Dayman","SPINCO Water","19657","19658","469973764933","spinco-water-water-914","","","Water","Arctic Chiller","","Completed","5/14/2026","CAD","1","2.50","2.50","0.33","2.83","Visa","In-Store","London","Ontario"
"2QQE-RG23-5L0I","Completed","5/14/2026","7:26 PM","America/Toronto","","false","249109","meganlinaric@hotmail.com","Megan Linaric","","249109","meganlinaric@hotmail.com","Megan Linaric","Spin-It-Forward // London","20792","20793","964245982422","spin-it-forward--credits-429","","","Credits","","","Completed","5/14/2026","CAD","1","10.00","10.00","1.30","11.30","Visa","E-Commerce","London","Ontario"
"GM6C-ZZHP-5L0I","Completed","5/14/2026","7:31 PM","America/Toronto","","false","376617","alicia.nirta@gmail.com","Alicia Nirta","","376617","alicia.nirta@gmail.com","Alicia Nirta","Five Class Card // London","20802","20803","488719457552","five-class-card--credits-078","","","Credits","","","Completed","5/14/2026","CAD","1","93.50","110.00","12.16","105.66","Visa","E-Commerce","London","Ontario"
"E4QP-FM3H-5L0J","Completed","5/14/2026","8:44 PM","America/Toronto","","false","378377","mmmofmildmay@hotmail.com","Michaela Mitchell","","378377","mmmofmildmay@hotmail.com","Michaela Mitchell","2-Week Unlimited Anniversary // London","24947","24948","048368164251","2-week-unlimited-memberships-083","","","Memberships","","","Completed","5/14/2026","CAD","1","50.00","50.00","6.50","56.50","Mastercard","E-Commerce","London","Ontario"
"NSQ6-NGG9-5L0J","Completed","5/14/2026","9:31 PM","America/Toronto","","false","365121","j.pecanac@hotmail.com","Jelena Pecanac","","365121","j.pecanac@hotmail.com","Jelena Pecanac","2-Week Unlimited Anniversary // London","24947","24948","048368164251","2-week-unlimited-memberships-083","","","Memberships","","","Completed","5/14/2026","CAD","1","50.00","50.00","6.50","56.50","Mastercard","E-Commerce","London","Ontario"
"W7AJ-E98C-5L0J","Completed","5/14/2026","10:58 PM","America/Toronto","","false","399288","ldongsd01@gmail.com","Lucy Dong","","399288","ldongsd01@gmail.com","Lucy Dong","Spin-It-Forward // London","20792","20793","964245982422","spin-it-forward--credits-429","","","Credits","","","Completed","5/14/2026","CAD","1","10.00","10.00","1.30","11.30","Visa","E-Commerce","London","Ontario"
"WVF5-CTPG-5L0J","Completed","5/14/2026","10:58 PM","America/Toronto","","false","399288","ldongsd01@gmail.com","Lucy Dong","","399288","ldongsd01@gmail.com","Lucy Dong","Spin-It-Forward // London","20792","20793","964245982422","spin-it-forward--credits-429","","","Credits","","","Completed","5/14/2026","CAD","1","10.00","10.00","1.30","11.30","Visa","E-Commerce","London","Ontario"
"6CVF-AW8N-5L0J","Completed","5/15/2026","12:24 AM","America/Toronto","","true","230166","michelleyee1121@gmail.com","Michelle Yee","","230166","michelleyee1121@gmail.com","Michelle Yee","8x Monthly Membership // 10% OFF PRE-SALE (London)","20864","20865","581083306841","8x-monthly-membe-memberships-014","","","Memberships","","","Completed","5/15/2026","CAD","1","150.00","150.00","19.50","169.50","American Express","E-Commerce","London","Ontario"
"B3J6-TU86-5L0J","Completed","5/15/2026","12:24 AM","America/Toronto","","true","346689","ancalidia.bc@gmail.com","Anca Basescu","","346689","ancalidia.bc@gmail.com","Anca Basescu","Unlimited Monthly Membership // London *GRANDFATHERED","20834","20835","254627090190","unlimited-classe-memberships-530","","","Memberships","","","Completed","5/15/2026","CAD","1","200.00","200.00","26.00","226.00","Mastercard","E-Commerce","London","Ontario"
"XQQ2-WRWZ-5L0J","Completed","5/15/2026","12:24 AM","America/Toronto","","true","354079","jessica.campbell@rogers.com","Jessica Campbell","","354079","jessica.campbell@rogers.com","Jessica Campbell","Unlimited Monthly Membership // London *GRANDFATHERED","20834","20835","254627090190","unlimited-classe-memberships-530","","","Memberships","","","Completed","5/15/2026","CAD","1","200.00","200.00","26.00","226.00","Visa","E-Commerce","London","Ontario"
"ACQA-8HTH-5L0J","Completed","5/15/2026","12:24 AM","America/Toronto","","true","361749","alissamitchell@rogers.com","Alissa Mitchell","","361749","alissamitchell@rogers.com","Alissa Mitchell","Unlimited Monthly Membership // London *GRANDFATHERED","20834","20835","254627090190","unlimited-classe-memberships-530","","","Memberships","","","Completed","5/15/2026","CAD","1","200.00","200.00","26.00","226.00","Visa","E-Commerce","London","Ontario"
"V762-ANJA-5L0J","Completed","5/15/2026","12:24 AM","America/Toronto","","true","355393","kayansultan21@gmail.com","Kayan Sultan","","355393","kayansultan21@gmail.com","Kayan Sultan","Student Monthly Membership // London","21738","21739","582370867097","student-monthly--memberships-495","","","Memberships","","","Completed","5/15/2026","CAD","1","175.00","175.00","22.75","197.75","Mastercard","E-Commerce","London","Ontario"
"9UYH-NDDK-5L0J","Completed","5/15/2026","12:24 AM","America/Toronto","","true","352815","mcdonald.kellyj@gmail.com","Kelly Vogelsang","","352815","mcdonald.kellyj@gmail.com","Kelly Vogelsang","Unlimited Membership // London · BLACK FRIDAY 2025","22630","22631","712442897099","unlimited-member-memberships-584","","","Memberships","","","Completed","5/15/2026","CAD","1","180.00","180.00","23.40","203.40","Visa","E-Commerce","London","Ontario"
"HVCV-E5CU-5L0J","Completed","5/15/2026","12:24 AM","America/Toronto","","true","368636","billkdietz@gmail.com","Bill Dietz","","368636","billkdietz@gmail.com","Bill Dietz","Unlimited Membership // London","21995","21996","447442561003","unlimited-member-memberships-867","","","Memberships","","","Completed","5/15/2026","CAD","1","200.00","200.00","26.00","226.00","Visa","E-Commerce","London","Ontario"
"D8MH-7MXW-5L0J","Completed","5/15/2026","12:43 AM","America/Toronto","","false","397429","alicia.mauthe@hotmail.com","Alicia Mauthe","","397429","alicia.mauthe@hotmail.com","Alicia Mauthe","2-Week Unlimited Anniversary // London","24947","24948","048368164251","2-week-unlimited-memberships-083","","","Memberships","","","Completed","5/15/2026","CAD","1","50.00","50.00","6.50","56.50","Visa","E-Commerce","London","Ontario"
"D8MH-7MXW-5L0J","Completed","5/15/2026","12:43 AM","America/Toronto","","false","397429","alicia.mauthe@hotmail.com","Alicia Mauthe","","397429","alicia.mauthe@hotmail.com","Alicia Mauthe","Ten Class Card // London","20794","20795","456569691604","ten-class-card-l-credits-104","","","Credits","","","Completed","5/15/2026","CAD","1","170.00","200.00","22.10","192.10","Visa","E-Commerce","London","Ontario"
"X275-9W4W-5L0J","Completed","5/15/2026","6:52 AM","America/Toronto","desktop","false","380674","mervebozkurtt.41@gmail.com","Merve Bozkurt","","347301","london@spinco.ca","SPINCO London","Coffee // London","23655","23656","087239269521","coffee-london-food-and-beverag-851","","","Food and Beverage","","","Completed","5/15/2026","CAD","1","1.50","1.50","0.20","1.70","Mastercard","In-Store","London","Ontario"
"232K-BE3J-5L0J","Completed","5/15/2026","7:37 AM","America/Toronto","","false","348797","costoich7@gmail.com","Connor Ostoich","","348797","costoich7@gmail.com","Connor Ostoich","Ten Class Card // London","20794","20795","456569691604","ten-class-card-l-credits-104","","","Credits","","","Completed","5/15/2026","CAD","1","170.00","200.00","22.10","192.10","Visa","E-Commerce","London","Ontario"
"KHVQ-SVZQ-5L0J","Completed","5/15/2026","7:44 AM","America/Toronto","","false","358618","hooraesteph@gmail.com","Stephanie Rae","","358618","hooraesteph@gmail.com","Stephanie Rae","Spin-It-Forward // London","20792","20793","964245982422","spin-it-forward--credits-429","","","Credits","","","Completed","5/15/2026","CAD","1","10.00","10.00","1.30","11.30","Visa","E-Commerce","London","Ontario"
"A9JB-3ESV-5L0J","Completed","5/15/2026","1:53 PM","America/Toronto","","false","349222","julianoel143@gmail.com","Julia Noël","","349222","julianoel143@gmail.com","Julia Noël","Spin-It-Forward // London","20792","20793","964245982422","spin-it-forward--credits-429","","","Credits","","","Completed","5/15/2026","CAD","1","10.00","10.00","1.30","11.30","Visa","E-Commerce","London","Ontario"
"WR6X-ADBX-5L0I","Refunded","5/14/2026","1:15 PM","America/Toronto","","true","369574","msavehilaghi99@gmail.com","Max Savehilaghi","","382306","michellejcallander@gmail.com","Michelle Callandar","Late Cancel Charge","14688","14690","036981809486","late-cancel-fee-penalty-fees-771","","","Penalty Fees","","","Refunded","5/15/2026","CAD","-1","-15.00","-15.00","-1.95","-16.95","Visa","E-Commerce","London","Ontario"
"MB6W-NVUF-5L0J","Completed","5/15/2026","2:23 PM","America/Toronto","desktop","false","398457","yaquelynhernandez@gmail.com","Jackie Hernandez","","382306","michellejcallander@gmail.com","Michelle Callandar","Ten Class Card // London","20794","20795","456569691604","ten-class-card-l-credits-104","","","Credits","","","Completed","5/15/2026","CAD","1","100.00","200.00","13.00","113.00","Mastercard","In-Store","London","Ontario"
"66TQ-WZTB-5L0J","Completed","5/15/2026","3:09 PM","America/Toronto","","false","399679","christina-d@live.ca","Christina Davies","","399679","christina-d@live.ca","Christina Davies","Spin-It-Forward // London","20792","20793","964245982422","spin-it-forward--credits-429","","","Credits","","","Completed","5/15/2026","CAD","1","10.00","10.00","1.30","11.30","Visa","E-Commerce","London","Ontario"
"5QDH-HRZY-5L0J","Completed","5/15/2026","3:20 PM","America/Toronto","","false","381011","trang.pham@sjhospicelondon.com","Trang Pham","","381011","trang.pham@sjhospicelondon.com","Trang Pham","Spin-It-Forward // London","20792","20793","964245982422","spin-it-forward--credits-429","","","Credits","","","Completed","5/15/2026","CAD","1","10.00","10.00","1.30","11.30","Visa","E-Commerce","London","Ontario"
"YSKP-3RWZ-5L0J","Completed","5/15/2026","3:30 PM","America/Toronto","","false","356983","stobah9@gmail.com","Selma Tobah","","356983","stobah9@gmail.com","Selma Tobah","One Class Card // London","20798","20799","760445337951","one-class-card-l-credits-347","","","Credits","","","Completed","5/15/2026","CAD","1","25.00","25.00","3.25","28.25","Visa","E-Commerce","London","Ontario"
"XPAV-KCKN-5L0J","Completed","5/15/2026","4:57 PM","America/Toronto","unknown","false","298876","noel.wright63@gmail.com","Noel Wright","","298876","noel.wright63@gmail.com","Noel Wright","2-Week Unlimited Anniversary // London","24947","24948","048368164251","2-week-unlimited-memberships-083","","","Memberships","","","Completed","5/15/2026","CAD","1","50.00","50.00","6.50","56.50","Visa","E-Commerce","London","Ontario"
"B8RX-SU2E-5L0J","Completed","5/15/2026","5:27 PM","America/Toronto","","false","366253","r.countryman@outlook.com","Rachael Countryman","","366253","r.countryman@outlook.com","Rachael Countryman","One Class Card // London","20798","20799","760445337951","one-class-card-l-credits-347","","","Credits","","","Completed","5/15/2026","CAD","1","25.00","25.00","3.25","28.25","Mastercard","E-Commerce","London","Ontario"
"JQVH-PEF3-5L0J","Completed","5/15/2026","5:38 PM","America/Toronto","mobile","false","346927","narellehesler@gmail.com","Narelle Hesler","","346927","narellehesler@gmail.com","Narelle Hesler","Spin-It-Forward // London","20792","20793","964245982422","spin-it-forward--credits-429","","","Credits","","","Completed","5/15/2026","CAD","1","10.00","10.00","1.30","11.30","Mastercard","E-Commerce","London","Ontario"
"8HJ5-BQJN-5L0K","Completed","5/15/2026","8:06 PM","America/Toronto","","false","362858","longbella218@gmail.com","Bella Long","","362858","longbella218@gmail.com","Bella Long","Mom's Night Out // London","25242","25243","014702979887","moms-night-out-l-credits-837","","","Credits","","","Completed","5/15/2026","CAD","1","15.00","15.00","1.95","16.95","Mastercard","E-Commerce","London","Ontario"
"QCC4-P285-5L0K","Completed","5/15/2026","8:24 PM","America/Toronto","","false","298900","stephaniekursikowski@outlook.com","Stephanie Kursikowski","","298900","stephaniekursikowski@outlook.com","Stephanie Kursikowski","2-Week Unlimited Anniversary // London","24947","24948","048368164251","2-week-unlimited-memberships-083","","","Memberships","","","Completed","5/15/2026","CAD","1","50.00","50.00","6.50","56.50","Visa","E-Commerce","London","Ontario"
"QCC4-P285-5L0K","Completed","5/15/2026","8:24 PM","America/Toronto","","false","298900","stephaniekursikowski@outlook.com","Stephanie Kursikowski","","298900","stephaniekursikowski@outlook.com","Stephanie Kursikowski","Birthday Drop-In // London","24943","24944","863413999341","birthday-drop-in-credits-432","","","Credits","","","Completed","5/15/2026","CAD","1","15.00","15.00","1.95","16.95","Visa","E-Commerce","London","Ontario"
"ZQP3-5JDZ-5L0K","Completed","5/15/2026","8:36 PM","America/Toronto","","false","398693","belangera4@outlook.com","Angelique Belanger","","398693","belangera4@outlook.com","Angelique Belanger","2-Week Unlimited Anniversary // London","24947","24948","048368164251","2-week-unlimited-memberships-083","","","Memberships","","","Completed","5/15/2026","CAD","1","50.00","50.00","6.50","56.50","Visa","E-Commerce","London","Ontario"
"U84Z-47N4-5L0K","Completed","5/15/2026","8:42 PM","America/Toronto","","false","399728","emilymjv1@gmail.com","Emily Jewell","","399728","emilymjv1@gmail.com","Emily Jewell","One Class Card // London","20798","20799","760445337951","one-class-card-l-credits-347","","","Credits","","","Completed","5/15/2026","CAD","1","21.25","25.00","2.76","24.01","Visa","E-Commerce","London","Ontario"
"BH79-2AGQ-5L0K","Completed","5/15/2026","8:54 PM","America/Toronto","","false","201623","blisscreations.kw@gmail.com","Shupi ✨ Mapuranga","","201623","blisscreations.kw@gmail.com","Shupi ✨ Mapuranga","Five Class Card // London","20802","20803","488719457552","five-class-card--credits-078","","","Credits","","","Completed","5/15/2026","CAD","1","93.50","110.00","12.16","105.66","Visa","E-Commerce","London","Ontario"
"BMVX-Q3PA-5L0K","Completed","5/15/2026","9:58 PM","America/Toronto","","false","349419","cmarszal@uwo.ca","Caroline Marszal","","349419","cmarszal@uwo.ca","Caroline Marszal","2-Week Unlimited Anniversary // London","24947","24948","048368164251","2-week-unlimited-memberships-083","","","Memberships","","","Completed","5/15/2026","CAD","1","50.00","50.00","6.50","56.50","American Express","E-Commerce","London","Ontario"
"7RMA-4C6D-5L0K","Completed","5/15/2026","11:27 PM","America/Toronto","","false","351132","suhaimatunio@gmail.com","Suhaima Tunio","","351132","suhaimatunio@gmail.com","Suhaima Tunio","2-Week Unlimited Anniversary // London","24947","24948","048368164251","2-week-unlimited-memberships-083","","","Memberships","","","Completed","5/15/2026","CAD","1","50.00","50.00","6.50","56.50","Visa","E-Commerce","London","Ontario"
"V5R4-SZ9S-5L0K","Completed","5/15/2026","11:35 PM","America/Toronto","","false","378557","ryanpatrickdaluyen@gmail.com","Ryan Daluyen","","378557","ryanpatrickdaluyen@gmail.com","Ryan Daluyen","2-Week Unlimited Anniversary // London","24947","24948","048368164251","2-week-unlimited-memberships-083","","","Memberships","","","Completed","5/15/2026","CAD","1","50.00","50.00","6.50","56.50","Mastercard","E-Commerce","London","Ontario"
"KS7D-PMVY-5L0K","Completed","5/15/2026","11:38 PM","America/Toronto","","false","388779","joseniov@yahoo.com","Jose Villamater","","388779","joseniov@yahoo.com","Jose Villamater","2-Week Unlimited Anniversary // London","24947","24948","048368164251","2-week-unlimited-memberships-083","","","Memberships","","","Completed","5/15/2026","CAD","1","50.00","50.00","6.50","56.50","Mastercard","E-Commerce","London","Ontario"
"2M4P-5PNW-5L0K","Completed","5/16/2026","12:09 AM","America/Toronto","","false","358652","emilyweir33@gmail.com","Emily Weir","","358652","emilyweir33@gmail.com","Emily Weir","One Class Card // London","20798","20799","760445337951","one-class-card-l-credits-347","","","Credits","","","Completed","5/16/2026","CAD","1","25.00","25.00","3.25","28.25","Visa","E-Commerce","London","Ontario"
"4W3T-DV6Y-5L0K","Completed","5/16/2026","12:24 AM","America/Toronto","","true","364816","caitlin.o.steele@gmail.com","Caitlin Steele","","364816","caitlin.o.steele@gmail.com","Caitlin Steele","Student Monthly Membership // London","21738","21739","582370867097","student-monthly--memberships-495","","","Memberships","","","Completed","5/16/2026","CAD","1","175.00","175.00","22.75","197.75","Visa","E-Commerce","London","Ontario"
"4UCC-HUQ5-5L0K","Completed","5/16/2026","12:24 AM","America/Toronto","","true","349985","rachel.stack@outlook.com","Rachel Stack","","349985","rachel.stack@outlook.com","Rachel Stack","Unlimited Membership // London · BLACK FRIDAY 2025","22630","22631","712442897099","unlimited-member-memberships-584","","","Memberships","","","Completed","5/16/2026","CAD","1","180.00","180.00","23.40","203.40","Visa","E-Commerce","London","Ontario"
"B94U-J9G8-5L0K","Completed","5/16/2026","12:24 AM","America/Toronto","","true","381623","lydia.beth.taylor@gmail.com","Lydia Taylor","","381623","lydia.beth.taylor@gmail.com","Lydia Taylor","4x Membership // London","21999","22000","216300284773","4x-membership-lo-memberships-280","","","Memberships","","","Completed","5/16/2026","CAD","1","80.00","80.00","10.40","90.40","Visa","E-Commerce","London","Ontario"
"JCT8-B6RE-5L0K","Completed","5/16/2026","4:41 AM","America/Toronto","","false","398342","kamanzimalaika@gmail.com","Malaïka Kamanzi","","398342","kamanzimalaika@gmail.com","Malaïka Kamanzi","2-Week Unlimited Anniversary // London","24947","24948","048368164251","2-week-unlimited-memberships-083","","","Memberships","","","Completed","5/16/2026","CAD","1","50.00","50.00","6.50","56.50","Visa","E-Commerce","London","Ontario"
"RW6Y-NCSU-5L0K","Completed","5/16/2026","7:07 AM","America/Toronto","","false","380235","melikeartis@hotmail.com","Melike Artis","","380235","melikeartis@hotmail.com","Melike Artis","2-Week Unlimited Anniversary // London","24947","24948","048368164251","2-week-unlimited-memberships-083","","","Memberships","","","Completed","5/16/2026","CAD","1","50.00","50.00","6.50","56.50","American Express","E-Commerce","London","Ontario"
"KAHT-H7HP-5L0K","Completed","5/16/2026","7:51 AM","America/Toronto","","false","339726","jenmcgarry17@hotmail.com","Jen Savage","","339726","jenmcgarry17@hotmail.com","Jen Savage","2-Week Unlimited Anniversary // London","24947","24948","048368164251","2-week-unlimited-memberships-083","","","Memberships","","","Completed","5/16/2026","CAD","1","50.00","50.00","6.50","56.50","Mastercard","E-Commerce","London","Ontario"
"CXPN-SW98-5L0K","Completed","5/16/2026","8:23 AM","America/Toronto","","false","397606","jords9804@gmail.com","Sarah Jordan","","397606","jords9804@gmail.com","Sarah Jordan","One Class Card // London","20798","20799","760445337951","one-class-card-l-credits-347","","","Credits","","","Completed","5/16/2026","CAD","1","25.00","25.00","3.25","28.25","Visa","E-Commerce","London","Ontario"
"UA3H-UVXE-5L0K","Completed","5/16/2026","9:16 AM","America/Toronto","","true","363395","derek@cardy.ca","Derek Cardy","","363395","derek@cardy.ca","Derek Cardy","Late Cancel Charge","14688","14690","036981809486","late-cancel-fee-penalty-fees-771","","","Penalty Fees","","","Completed","5/16/2026","CAD","1","15.00","15.00","1.95","16.95","Visa","E-Commerce","London","Ontario"
"9SVC-WCNY-5L0K","Completed","5/16/2026","9:16 AM","America/Toronto","","true","391163","lianam09@hotmail.com","Liana Melo","","391163","lianam09@hotmail.com","Liana Melo","No Show Charge","14687","14689","489143084327","no-show-fee-penalty-fees-498","","","Penalty Fees","","","Completed","5/16/2026","CAD","1","20.00","20.00","2.60","22.60","Mastercard","E-Commerce","London","Ontario"
"SCS7-PVG2-5L0K","Completed","5/16/2026","9:16 AM","America/Toronto","","true","375376","hannahp0716@gmail.com","hannah pauwels","","375376","hannahp0716@gmail.com","hannah pauwels","Late Cancel Charge","14688","14690","036981809486","late-cancel-fee-penalty-fees-771","","","Penalty Fees","","","Completed","5/16/2026","CAD","1","15.00","15.00","1.95","16.95","Visa","E-Commerce","London","Ontario"
"WCKA-ZBRN-5L0K","Completed","5/16/2026","9:26 AM","America/Toronto","","false","386443","sophia.szczurko@gmail.com","Sophia Szczurko","","386443","sophia.szczurko@gmail.com","Sophia Szczurko","2-Week Unlimited Anniversary // London","24947","24948","048368164251","2-week-unlimited-memberships-083","","","Memberships","","","Completed","5/16/2026","CAD","1","50.00","50.00","6.50","56.50","Mastercard","E-Commerce","London","Ontario"
"Y3F3-3ZR8-5L0K","Completed","5/16/2026","9:48 AM","America/Toronto","desktop","false","398972","tammyvacante@hotmail.com","Tammy Vacante","","347301","london@spinco.ca","SPINCO London","Complimentary First Class","20051","20052","271779766548","first-class-comp-credits-527","","","Credits","","","Completed","5/16/2026","CAD","1","0.00","0.00","0.00","0.00","No Charge","In-Store","London","Ontario"
"M3JZ-2R2C-5L0K","Completed","5/16/2026","9:54 AM","America/Toronto","desktop","false","389474","emma.hendriksen7@gmail.com","Emma Hendriksen","","347301","london@spinco.ca","SPINCO London","SPINCO Water","19657","19658","469973764933","spinco-water-water-914","","","Water","Arctic Chiller","","Completed","5/16/2026","CAD","1","2.50","2.50","0.33","2.83","Mastercard","In-Store","London","Ontario"
"BZBK-C56K-5L0K","Completed","5/16/2026","10:04 AM","America/Toronto","","false","394508","jwilkes7@uwo.ca","Juliana Wilkes","","394508","jwilkes7@uwo.ca","Juliana Wilkes","2-Week Unlimited Anniversary // London","24947","24948","048368164251","2-week-unlimited-memberships-083","","","Memberships","","","Completed","5/16/2026","CAD","1","50.00","50.00","6.50","56.50","Visa","E-Commerce","London","Ontario"
"H2YY-VYZ9-5L0K","Completed","5/16/2026","10:08 AM","America/Toronto","","false","399781","fadwafayad@hotmail.com","Fadwa Assaf","","399781","fadwafayad@hotmail.com","Fadwa Assaf","Spin-It-Forward // London","20792","20793","964245982422","spin-it-forward--credits-429","","","Credits","","","Completed","5/16/2026","CAD","1","10.00","10.00","1.30","11.30","Visa","E-Commerce","London","Ontario"
"ZZ7M-5T66-5L0K","Completed","5/16/2026","10:42 AM","America/Toronto","","false","367976","ihijazi@hotmail.com","Iman Hijazi","","367976","ihijazi@hotmail.com","Iman Hijazi","Spin-It-Forward // London","20792","20793","964245982422","spin-it-forward--credits-429","","","Credits","","","Completed","5/16/2026","CAD","1","10.00","10.00","1.30","11.30","Visa","E-Commerce","London","Ontario"
"C3SD-3TW8-5L0K","Completed","5/16/2026","11:37 AM","America/Toronto","mobile","false","399792","nmesomaehumadu123@gmail.com","Nmesoma Ehumadu","","399792","nmesomaehumadu123@gmail.com","Nmesoma Ehumadu","One Class Card // London","20798","20799","760445337951","one-class-card-l-credits-347","","","Credits","","","Completed","5/16/2026","CAD","1","0.00","25.00","0.00","0.00","No Charge","E-Commerce","London","Ontario"
"7PJH-BU9D-5L0K","Completed","5/16/2026","11:45 AM","America/Toronto","","false","382344","sophiaking87@gmail.com","Sophia King","","382344","sophiaking87@gmail.com","Sophia King","2-Week Unlimited Anniversary // London","24947","24948","048368164251","2-week-unlimited-memberships-083","","","Memberships","","","Completed","5/16/2026","CAD","1","50.00","50.00","6.50","56.50","Visa","E-Commerce","London","Ontario"
"SCYE-XYQ8-5L0K","Completed","5/16/2026","12:23 PM","America/Toronto","","false","168551","batesclairefe@gmail.com","Claire Bates","","168551","batesclairefe@gmail.com","Claire Bates","2-Week Unlimited Anniversary // London","24947","24948","048368164251","2-week-unlimited-memberships-083","","","Memberships","","","Completed","5/16/2026","CAD","1","50.00","50.00","6.50","56.50","Visa","E-Commerce","London","Ontario"
"AKUZ-7DTJ-5L0K","Completed","5/16/2026","2:14 PM","America/Toronto","","false","354156","sm_perez@hotmail.com","Sheila Perez","","354156","sm_perez@hotmail.com","Sheila Perez","Spin-It-Forward // London","20792","20793","964245982422","spin-it-forward--credits-429","","","Credits","","","Completed","5/16/2026","CAD","1","10.00","10.00","1.30","11.30","Visa","E-Commerce","London","Ontario"
"R54W-JUU5-5L0K","Completed","5/16/2026","2:15 PM","America/Toronto","","false","354283","jpwyatt2023@gmail.com","Jennifer Wyatt","","354283","jpwyatt2023@gmail.com","Jennifer Wyatt","Spin-It-Forward // London","20792","20793","964245982422","spin-it-forward--credits-429","","","Credits","","","Completed","5/16/2026","CAD","1","10.00","10.00","1.30","11.30","Mastercard","E-Commerce","London","Ontario"
"Z3PR-A83H-5L0K","Completed","5/16/2026","2:21 PM","America/Toronto","","false","399277","macintyrechase382@gmail.com","Chase Macintyre","","399277","macintyrechase382@gmail.com","Chase Macintyre","2-Week Unlimited Anniversary // London","24947","24948","048368164251","2-week-unlimited-memberships-083","","","Memberships","","","Completed","5/16/2026","CAD","1","50.00","50.00","6.50","56.50","Visa","E-Commerce","London","Ontario"
"FTUE-GTMZ-5L0K","Completed","5/16/2026","6:15 PM","America/Toronto","","false","381782","javeriahassan@windowslive.com","Javeria Hasan","","381782","javeriahassan@windowslive.com","Javeria Hasan","2-Week Unlimited Anniversary // London","24947","24948","048368164251","2-week-unlimited-memberships-083","","","Memberships","","","Completed","5/16/2026","CAD","1","50.00","50.00","6.50","56.50","Visa","E-Commerce","London","Ontario"
"W8N3-2C2F-5L0K","Completed","5/16/2026","6:17 PM","America/Toronto","","false","346453","sarah.norley1@gmail.com","Sarah Vivian","","346453","sarah.norley1@gmail.com","Sarah Vivian","2-Week Unlimited Anniversary // London","24947","24948","048368164251","2-week-unlimited-memberships-083","","","Memberships","","","Completed","5/16/2026","CAD","1","50.00","50.00","6.50","56.50","Mastercard","E-Commerce","London","Ontario"
"ERGV-XPEN-5L0K","Completed","5/16/2026","6:41 PM","America/Toronto","","false","338731","ellagracethomson16@gmail.com","Ella Thomson","","338731","ellagracethomson16@gmail.com","Ella Thomson","One Class Card // London","20798","20799","760445337951","one-class-card-l-credits-347","","","Credits","","","Completed","5/16/2026","CAD","1","25.00","25.00","3.25","28.25","Visa","E-Commerce","London","Ontario"
"XZ54-32U8-5L0K","Completed","5/16/2026","6:45 PM","America/Toronto","","false","338731","ellagracethomson16@gmail.com","Ella Thomson","","338731","ellagracethomson16@gmail.com","Ella Thomson","One Class Card // London","20798","20799","760445337951","one-class-card-l-credits-347","","","Credits","","","Completed","5/16/2026","CAD","1","25.00","25.00","3.25","28.25","Visa","E-Commerce","London","Ontario"
"XZV7-UFKW-5L0K","Completed","5/16/2026","7:39 PM","America/Toronto","","false","358551","tatiepant@yahoo.ca","Tricia Lennon","","358551","tatiepant@yahoo.ca","Tricia Lennon","2-Week Unlimited Anniversary // London","24947","24948","048368164251","2-week-unlimited-memberships-083","","","Memberships","","","Completed","5/16/2026","CAD","1","50.00","50.00","6.50","56.50","Visa","E-Commerce","London","Ontario"
"G7H9-FJVY-5L0L","Completed","5/16/2026","8:38 PM","America/Toronto","","false","69104","damasojulia@gmail.com","Julia Damaso","","69104","damasojulia@gmail.com","Julia Damaso","2-Week Unlimited Anniversary // London","24947","24948","048368164251","2-week-unlimited-memberships-083","","","Memberships","","","Completed","5/16/2026","CAD","1","50.00","50.00","6.50","56.50","Visa","E-Commerce","London","Ontario"
"PQGS-765N-5L0L","Completed","5/16/2026","9:42 PM","America/Toronto","","false","215569","josiecorby@icloud.com","Josie Corby","","215569","josiecorby@icloud.com","Josie Corby","Spin-It-Forward // London","20792","20793","964245982422","spin-it-forward--credits-429","","","Credits","","","Completed","5/16/2026","CAD","1","10.00","10.00","1.30","11.30","Visa","E-Commerce","London","Ontario"
"TM6C-JY5Q-5L0L","Completed","5/16/2026","10:09 PM","America/Toronto","mobile","false","399836","isabellapattyn@icloud.com","Isabella Pattyn","","399836","isabellapattyn@icloud.com","Isabella Pattyn","One Class Card // London","20798","20799","760445337951","one-class-card-l-credits-347","","","Credits","","","Completed","5/16/2026","CAD","1","0.00","25.00","0.00","0.00","No Charge","E-Commerce","London","Ontario"
"QXM2-YYHY-5L0L","Completed","5/16/2026","11:27 PM","America/Toronto","mobile","false","399842","sarahkababji@gmail.com","Sarah Kababji","","399842","sarahkababji@gmail.com","Sarah Kababji","One Class Card // London","20798","20799","760445337951","one-class-card-l-credits-347","","","Credits","","","Completed","5/16/2026","CAD","1","0.00","25.00","0.00","0.00","No Charge","E-Commerce","London","Ontario"
"FF49-YNGC-5L0L","Completed","5/17/2026","12:25 AM","America/Toronto","","true","351148","oliviadavies8117@gmail.com","Olivia Davies","","351148","oliviadavies8117@gmail.com","Olivia Davies","8x Membership // London","21997","21998","667327189404","8x-membership-lo-memberships-656","","","Memberships","","","Completed","5/17/2026","CAD","1","150.00","150.00","19.50","169.50","Visa","E-Commerce","London","Ontario"
"DK8D-3XNT-5L0L","Completed","5/17/2026","12:25 AM","America/Toronto","","true","352111","amanda_tedford@hotmail.com","Amanda Tedford","","352111","amanda_tedford@hotmail.com","Amanda Tedford","Unlimited Membership // London · BLACK FRIDAY 2025","22630","22631","712442897099","unlimited-member-memberships-584","","","Memberships","","","Completed","5/17/2026","CAD","1","180.00","180.00","23.40","203.40","Visa","E-Commerce","London","Ontario"
"CGXD-J4VR-5L0L","Completed","5/17/2026","12:25 AM","America/Toronto","","true","379633","kspitze@uwo.ca","Keira Spitzer","","379633","kspitze@uwo.ca","Keira Spitzer","Student Monthly Membership // London","21738","21739","582370867097","student-monthly--memberships-495","","","Memberships","","","Completed","5/17/2026","CAD","1","175.00","175.00","22.75","197.75","Mastercard","E-Commerce","London","Ontario"
"NT4D-QD94-5L0L","Completed","5/17/2026","12:25 AM","America/Toronto","","true","375814","madelyn.mccarthy@hotmail.com","Madelyn Mccarthy","","375814","madelyn.mccarthy@hotmail.com","Madelyn Mccarthy","4x Membership // London","21999","22000","216300284773","4x-membership-lo-memberships-280","","","Memberships","","","Completed","5/17/2026","CAD","1","80.00","80.00","10.40","90.40","Visa","E-Commerce","London","Ontario"
"ZGGD-G4PA-5L0L","Completed","5/17/2026","5:17 AM","America/Toronto","","true","346476","shanika.murphy@hotmail.com","Shanika Murphy","","346476","shanika.murphy@hotmail.com","Shanika Murphy","Late Cancel Charge","14688","14690","036981809486","late-cancel-fee-penalty-fees-771","","","Penalty Fees","","","Completed","5/17/2026","CAD","1","15.00","15.00","1.95","16.95","Mastercard","E-Commerce","London","Ontario"
"6UTN-CM3W-5L0L","Completed","5/17/2026","8:17 AM","America/Toronto","","true","351338","lyndsayfitzgeorge@gmail.com","Lyndsay Fitzgeorge","","351338","lyndsayfitzgeorge@gmail.com","Lyndsay Fitzgeorge","Late Cancel Charge","14688","14690","036981809486","late-cancel-fee-penalty-fees-771","","","Penalty Fees","","","Completed","5/17/2026","CAD","1","15.00","15.00","1.95","16.95","Mastercard","E-Commerce","London","Ontario"
"R2MU-6G7Y-5L0L","Completed","5/17/2026","8:17 AM","America/Toronto","","true","358471","brooklynblt18@gmail.com","Brooklyn McLeod","","358471","brooklynblt18@gmail.com","Brooklyn McLeod","Late Cancel Charge","14688","14690","036981809486","late-cancel-fee-penalty-fees-771","","","Penalty Fees","","","Completed","5/17/2026","CAD","1","15.00","15.00","1.95","16.95","Mastercard","E-Commerce","London","Ontario"
"GW88-YSGM-5L0L","Completed","5/17/2026","9:20 AM","America/Toronto","mobile","false","399857","marciagaria@hotmail.com","Maria Garcia Matiz","","399857","marciagaria@hotmail.com","Maria Garcia Matiz","One Class Card // London","20798","20799","760445337951","one-class-card-l-credits-347","","","Credits","","","Completed","5/17/2026","CAD","1","0.00","25.00","0.00","0.00","No Charge","E-Commerce","London","Ontario"
"D44P-BMA8-5L0L","Completed","5/17/2026","9:25 AM","America/Toronto","","false","381144","tiffbyl@hotmail.com","Tiffany Byl","","381144","tiffbyl@hotmail.com","Tiffany Byl","Spin-It-Forward // London","20792","20793","964245982422","spin-it-forward--credits-429","","","Credits","","","Completed","5/17/2026","CAD","1","10.00","10.00","1.30","11.30","Visa","E-Commerce","London","Ontario"
"PNJM-JW62-5L0L","Completed","5/17/2026","9:35 AM","America/Toronto","","false","397126","webby9002@gmail.com","James Webb","","397126","webby9002@gmail.com","James Webb","Spin-It-Forward // London","20792","20793","964245982422","spin-it-forward--credits-429","","","Credits","","","Completed","5/17/2026","CAD","1","10.00","10.00","1.30","11.30","Visa","E-Commerce","London","Ontario"
"2FEH-2TTY-5L0L","Completed","5/17/2026","9:58 AM","America/Toronto","desktop","false","311771","alexrosewatt@outlook.com","Alex Watt","","346927","narellehesler@gmail.com","Narelle Hesler","SPINCO Water","19657","19658","469973764933","spinco-water-water-914","","","Water","Arctic Chiller","","Completed","5/17/2026","CAD","1","2.50","2.50","0.33","2.83","Visa","In-Store","London","Ontario"
"VXKU-STDS-5L0L","Completed","5/17/2026","10:16 AM","America/Toronto","","true","372287","cienna.michelle@gmail.com","Cienna Good","","372287","cienna.michelle@gmail.com","Cienna Good","Late Cancel Charge","14688","14690","036981809486","late-cancel-fee-penalty-fees-771","","","Penalty Fees","","","Completed","5/17/2026","CAD","1","15.00","15.00","1.95","16.95","Visa","E-Commerce","London","Ontario"
"3B7Q-BP68-5L0L","Completed","5/17/2026","12:00 PM","America/Toronto","","false","399772","jenniferdavies212@gmail.com","Jenny Vanigasooriyar","","399772","jenniferdavies212@gmail.com","Jenny Vanigasooriyar","Mom's Night Out // London","25242","25243","014702979887","moms-night-out-l-credits-837","","","Credits","","","Completed","5/17/2026","CAD","1","15.00","15.00","1.95","16.95","Visa","E-Commerce","London","Ontario"
"C627-J2R6-5L0L","Completed","5/17/2026","12:02 PM","America/Toronto","desktop","false","302740","rawat.dhriti@gmail.com","Dhriti Rawat","","336948","rbissett0303@gmail.com","Rachel Bissett","Staff Membership // London","20830","20831","898235312897","staff-membership-memberships-735","","","Memberships","","","Completed","5/17/2026","CAD","1","0.00","0.00","0.00","0.00","No Charge","In-Store","London","Ontario"
"YCKR-TB6E-5L0I","Refunded","5/13/2026","8:15 PM","America/Toronto","","true","398768","addisonankers@gmail.com","addie ankers","","336948","rbissett0303@gmail.com","Rachel Bissett","No Show Charge","14687","14689","489143084327","no-show-fee-penalty-fees-498","","","Penalty Fees","","","Refunded","5/17/2026","CAD","-1","-20.00","-20.00","-2.60","-22.60","Mastercard","E-Commerce","London","Ontario"
"UMY5-VRPK-5L0L","Completed","5/17/2026","12:40 PM","America/Toronto","","false","379914","camilajc08@gmail.com","cami jerez","","379914","camilajc08@gmail.com","cami jerez","2-Week Unlimited Anniversary // London","24947","24948","048368164251","2-week-unlimited-memberships-083","","","Memberships","","","Completed","5/17/2026","CAD","1","50.00","50.00","6.50","56.50","Mastercard","E-Commerce","London","Ontario"
"6GK3-W57Y-5L0L","Completed","5/17/2026","1:47 PM","America/Toronto","","false","394564","melo_lucia13@outlook.com","Lucia Melo","","394564","melo_lucia13@outlook.com","Lucia Melo","2-Week Unlimited Anniversary // London","24947","24948","048368164251","2-week-unlimited-memberships-083","","","Memberships","","","Completed","5/17/2026","CAD","1","50.00","50.00","6.50","56.50","Mastercard","E-Commerce","London","Ontario"
"ZAHZ-4X6J-5L0L","Completed","5/17/2026","2:02 PM","America/Toronto","","false","249109","meganlinaric@hotmail.com","Megan Linaric","","249109","meganlinaric@hotmail.com","Megan Linaric","2-Week Unlimited Anniversary // London","24947","24948","048368164251","2-week-unlimited-memberships-083","","","Memberships","","","Completed","5/17/2026","CAD","1","50.00","50.00","6.50","56.50","Visa","E-Commerce","London","Ontario"
"R8WB-EHTX-5L0L","Completed","5/17/2026","2:04 PM","America/Toronto","mobile","false","346619","efinlay10@yahoo.com","Emily Finlay","","346619","efinlay10@yahoo.com","Emily Finlay","2-Week Unlimited Anniversary // London","24947","24948","048368164251","2-week-unlimited-memberships-083","","","Memberships","","","Completed","5/17/2026","CAD","1","50.00","50.00","6.50","56.50","Visa","E-Commerce","London","Ontario"
"NYFJ-2P8B-5L0L","Completed","5/17/2026","2:04 PM","America/Toronto","","false","346889","cswalker1@gmail.com","Casey Walkee","","346889","cswalker1@gmail.com","Casey Walkee","2-Week Unlimited Anniversary // London","24947","24948","048368164251","2-week-unlimited-memberships-083","","","Memberships","","","Completed","5/17/2026","CAD","1","50.00","50.00","6.50","56.50","Visa","E-Commerce","London","Ontario"
"KQWP-8EMJ-5L0L","Completed","5/17/2026","2:38 PM","America/Toronto","mobile","false","399902","jadathatcher61@gmail.com","jada thatcher","","399902","jadathatcher61@gmail.com","jada thatcher","One Class Card // London","20798","20799","760445337951","one-class-card-l-credits-347","","","Credits","","","Completed","5/17/2026","CAD","1","0.00","25.00","0.00","0.00","No Charge","E-Commerce","London","Ontario"
"YFAB-N8AN-5L0L","Completed","5/17/2026","2:54 PM","America/Toronto","","false","394810","mariam_ktaily@hotmail.com","Mariam Ktaily","","394810","mariam_ktaily@hotmail.com","Mariam Ktaily","One Class Card // London","20798","20799","760445337951","one-class-card-l-credits-347","","","Credits","","","Completed","5/17/2026","CAD","1","25.00","25.00","3.25","28.25","Mastercard","E-Commerce","London","Ontario"
"Q527-QWYC-5L0L","Refunded","5/17/2026","3:16 PM","America/Toronto","","true","350670","parastu.nasirbaht9@gmail.com","Parastu Khodabandehloo","","350670","parastu.nasirbaht9@gmail.com","Parastu Khodabandehloo","No Show Charge","14687","14689","489143084327","no-show-fee-penalty-fees-498","","","Penalty Fees","","","Completed","5/17/2026","CAD","1","20.00","20.00","2.60","22.60","Mastercard","E-Commerce","London","Ontario"
"DEYM-CD4C-5L0L","Refunded","5/17/2026","3:16 PM","America/Toronto","","true","319732","shanahan.keeghan@gmail.com","Keeghan Shanahan","","319732","shanahan.keeghan@gmail.com","Keeghan Shanahan","No Show Charge","14687","14689","489143084327","no-show-fee-penalty-fees-498","","","Penalty Fees","","","Completed","5/17/2026","CAD","1","20.00","20.00","2.60","22.60","Visa","E-Commerce","London","Ontario"
"2GSM-W3TU-5L0L","Refunded","5/17/2026","3:16 PM","America/Toronto","","true","368532","bowden1818@gmail.com","Paul Bowden","","368532","bowden1818@gmail.com","Paul Bowden","No Show Charge","14687","14689","489143084327","no-show-fee-penalty-fees-498","","","Penalty Fees","","","Completed","5/17/2026","CAD","1","20.00","20.00","2.60","22.60","Visa","E-Commerce","London","Ontario"
"KQ5D-GYQS-5L0L","Refunded","5/17/2026","3:16 PM","America/Toronto","","true","397643","carlygrisley@outlook.com","Carly Grisley","","397643","carlygrisley@outlook.com","Carly Grisley","No Show Charge","14687","14689","489143084327","no-show-fee-penalty-fees-498","","","Penalty Fees","","","Completed","5/17/2026","CAD","1","20.00","20.00","2.60","22.60","Visa","E-Commerce","London","Ontario"
"8QGB-P2ZH-5L0L","Refunded","5/17/2026","3:16 PM","America/Toronto","","true","214210","aileenzhang1022@gmail.com","Aileen Zhang","","214210","aileenzhang1022@gmail.com","Aileen Zhang","No Show Charge","14687","14689","489143084327","no-show-fee-penalty-fees-498","","","Penalty Fees","","","Completed","5/17/2026","CAD","1","20.00","20.00","2.60","22.60","American Express","E-Commerce","London","Ontario"
"63K5-EXCX-5L0L","Refunded","5/17/2026","3:16 PM","America/Toronto","","true","367983","jasionowskaolivia@gmail.com","Olivia Jasionowska","","367983","jasionowskaolivia@gmail.com","Olivia Jasionowska","No Show Charge","14687","14689","489143084327","no-show-fee-penalty-fees-498","","","Penalty Fees","","","Completed","5/17/2026","CAD","1","20.00","20.00","2.60","22.60","Visa","E-Commerce","London","Ontario"
"G4H9-YF9Y-5L0L","Refunded","5/17/2026","3:16 PM","America/Toronto","","true","366452","fjonuz@icloud.com","Fatima Jonuzi","","366452","fjonuz@icloud.com","Fatima Jonuzi","No Show Charge","14687","14689","489143084327","no-show-fee-penalty-fees-498","","","Penalty Fees","","","Completed","5/17/2026","CAD","1","20.00","20.00","2.60","22.60","Visa","E-Commerce","London","Ontario"
"3UG9-JF85-5L0L","Refunded","5/17/2026","3:16 PM","America/Toronto","","true","352816","piper.mcdonaldd@gmail.com","Piper McDonald","","352816","piper.mcdonaldd@gmail.com","Piper McDonald","No Show Charge","14687","14689","489143084327","no-show-fee-penalty-fees-498","","","Penalty Fees","","","Completed","5/17/2026","CAD","1","20.00","20.00","2.60","22.60","Visa","E-Commerce","London","Ontario"
"F8FA-GRRA-5L0L","Refunded","5/17/2026","3:16 PM","America/Toronto","","true","340041","nicolette.coppola@outlook.com","Nicolette Coppola","","340041","nicolette.coppola@outlook.com","Nicolette Coppola","No Show Charge","14687","14689","489143084327","no-show-fee-penalty-fees-498","","","Penalty Fees","","","Completed","5/17/2026","CAD","1","20.00","20.00","2.60","22.60","Visa","E-Commerce","London","Ontario"
"TNDW-CZ4N-5L0L","Refunded","5/17/2026","3:16 PM","America/Toronto","","true","398210","meaghanpoc@gmail.com","Meaghan Pocock","","398210","meaghanpoc@gmail.com","Meaghan Pocock","No Show Charge","14687","14689","489143084327","no-show-fee-penalty-fees-498","","","Penalty Fees","","","Completed","5/17/2026","CAD","1","20.00","20.00","2.60","22.60","Mastercard","E-Commerce","London","Ontario"
"HA8H-9TPB-5L0L","Refunded","5/17/2026","3:16 PM","America/Toronto","","true","198001","jadynclark@gmail.com","Jadyn Clark","","198001","jadynclark@gmail.com","Jadyn Clark","No Show Charge","14687","14689","489143084327","no-show-fee-penalty-fees-498","","","Penalty Fees","","","Completed","5/17/2026","CAD","1","20.00","20.00","2.60","22.60","Visa","E-Commerce","London","Ontario"
"WDDZ-4K4F-5L0L","Refunded","5/17/2026","3:16 PM","America/Toronto","","true","348678","hurstmarissa9@gmail.com","Marissa Hurst","","348678","hurstmarissa9@gmail.com","Marissa Hurst","No Show Charge","14687","14689","489143084327","no-show-fee-penalty-fees-498","","","Penalty Fees","","","Completed","5/17/2026","CAD","1","20.00","20.00","2.60","22.60","Visa","E-Commerce","London","Ontario"
"Q527-QWYC-5L0L","Refunded","5/17/2026","3:16 PM","America/Toronto","","true","350670","parastu.nasirbaht9@gmail.com","Parastu Khodabandehloo","","336948","rbissett0303@gmail.com","Rachel Bissett","No Show Charge","14687","14689","489143084327","no-show-fee-penalty-fees-498","","","Penalty Fees","","","Refunded","5/17/2026","CAD","-1","-20.00","-20.00","-2.60","-22.60","Mastercard","E-Commerce","London","Ontario"
"HA8H-9TPB-5L0L","Refunded","5/17/2026","3:16 PM","America/Toronto","","true","198001","jadynclark@gmail.com","Jadyn Clark","","336948","rbissett0303@gmail.com","Rachel Bissett","No Show Charge","14687","14689","489143084327","no-show-fee-penalty-fees-498","","","Penalty Fees","","","Refunded","5/17/2026","CAD","-1","-20.00","-20.00","-2.60","-22.60","Visa","E-Commerce","London","Ontario"
"2GSM-W3TU-5L0L","Refunded","5/17/2026","3:16 PM","America/Toronto","","true","368532","bowden1818@gmail.com","Paul Bowden","","336948","rbissett0303@gmail.com","Rachel Bissett","No Show Charge","14687","14689","489143084327","no-show-fee-penalty-fees-498","","","Penalty Fees","","","Refunded","5/17/2026","CAD","-1","-20.00","-20.00","-2.60","-22.60","Visa","E-Commerce","London","Ontario"
"8QGB-P2ZH-5L0L","Refunded","5/17/2026","3:16 PM","America/Toronto","","true","214210","aileenzhang1022@gmail.com","Aileen Zhang","","336948","rbissett0303@gmail.com","Rachel Bissett","No Show Charge","14687","14689","489143084327","no-show-fee-penalty-fees-498","","","Penalty Fees","","","Refunded","5/17/2026","CAD","-1","-20.00","-20.00","-2.60","-22.60","American Express","E-Commerce","London","Ontario"
"KQ5D-GYQS-5L0L","Refunded","5/17/2026","3:16 PM","America/Toronto","","true","397643","carlygrisley@outlook.com","Carly Grisley","","336948","rbissett0303@gmail.com","Rachel Bissett","No Show Charge","14687","14689","489143084327","no-show-fee-penalty-fees-498","","","Penalty Fees","","","Refunded","5/17/2026","CAD","-1","-20.00","-20.00","-2.60","-22.60","Visa","E-Commerce","London","Ontario"
"63K5-EXCX-5L0L","Refunded","5/17/2026","3:16 PM","America/Toronto","","true","367983","jasionowskaolivia@gmail.com","Olivia Jasionowska","","336948","rbissett0303@gmail.com","Rachel Bissett","No Show Charge","14687","14689","489143084327","no-show-fee-penalty-fees-498","","","Penalty Fees","","","Refunded","5/17/2026","CAD","-1","-20.00","-20.00","-2.60","-22.60","Visa","E-Commerce","London","Ontario"
"DEYM-CD4C-5L0L","Refunded","5/17/2026","3:16 PM","America/Toronto","","true","319732","shanahan.keeghan@gmail.com","Keeghan Shanahan","","336948","rbissett0303@gmail.com","Rachel Bissett","No Show Charge","14687","14689","489143084327","no-show-fee-penalty-fees-498","","","Penalty Fees","","","Refunded","5/17/2026","CAD","-1","-20.00","-20.00","-2.60","-22.60","Visa","E-Commerce","London","Ontario"
"G4H9-YF9Y-5L0L","Refunded","5/17/2026","3:16 PM","America/Toronto","","true","366452","fjonuz@icloud.com","Fatima Jonuzi","","336948","rbissett0303@gmail.com","Rachel Bissett","No Show Charge","14687","14689","489143084327","no-show-fee-penalty-fees-498","","","Penalty Fees","","","Refunded","5/17/2026","CAD","-1","-20.00","-20.00","-2.60","-22.60","Visa","E-Commerce","London","Ontario"
"3UG9-JF85-5L0L","Refunded","5/17/2026","3:16 PM","America/Toronto","","true","352816","piper.mcdonaldd@gmail.com","Piper McDonald","","336948","rbissett0303@gmail.com","Rachel Bissett","No Show Charge","14687","14689","489143084327","no-show-fee-penalty-fees-498","","","Penalty Fees","","","Refunded","5/17/2026","CAD","-1","-20.00","-20.00","-2.60","-22.60","Visa","E-Commerce","London","Ontario"
"F8FA-GRRA-5L0L","Refunded","5/17/2026","3:16 PM","America/Toronto","","true","340041","nicolette.coppola@outlook.com","Nicolette Coppola","","336948","rbissett0303@gmail.com","Rachel Bissett","No Show Charge","14687","14689","489143084327","no-show-fee-penalty-fees-498","","","Penalty Fees","","","Refunded","5/17/2026","CAD","-1","-20.00","-20.00","-2.60","-22.60","Visa","E-Commerce","London","Ontario"
"TNDW-CZ4N-5L0L","Refunded","5/17/2026","3:16 PM","America/Toronto","","true","398210","meaghanpoc@gmail.com","Meaghan Pocock","","336948","rbissett0303@gmail.com","Rachel Bissett","No Show Charge","14687","14689","489143084327","no-show-fee-penalty-fees-498","","","Penalty Fees","","","Refunded","5/17/2026","CAD","-1","-20.00","-20.00","-2.60","-22.60","Mastercard","E-Commerce","London","Ontario"
"WDDZ-4K4F-5L0L","Refunded","5/17/2026","3:16 PM","America/Toronto","","true","348678","hurstmarissa9@gmail.com","Marissa Hurst","","336948","rbissett0303@gmail.com","Rachel Bissett","No Show Charge","14687","14689","489143084327","no-show-fee-penalty-fees-498","","","Penalty Fees","","","Refunded","5/17/2026","CAD","-1","-20.00","-20.00","-2.60","-22.60","Visa","E-Commerce","London","Ontario"
"SUM7-6HF8-5L0L","Completed","5/17/2026","3:44 PM","America/Toronto","","false","346719","sarahcatania@icloud.com","Sarah Catania","","346719","sarahcatania@icloud.com","Sarah Catania","2-Week Unlimited Anniversary // London","24947","24948","048368164251","2-week-unlimited-memberships-083","","","Memberships","","","Completed","5/17/2026","CAD","1","50.00","50.00","6.50","56.50","Visa","E-Commerce","London","Ontario"
"BFZD-5HTN-5L0L","Completed","5/17/2026","5:11 PM","America/Toronto","mobile","false","385970","akulrishi13@gmail.com","Akul Rishi","","385970","akulrishi13@gmail.com","Akul Rishi","One Class Card // London","20798","20799","760445337951","one-class-card-l-credits-347","","","Credits","","","Completed","5/17/2026","CAD","1","0.00","25.00","0.00","0.00","No Charge","E-Commerce","London","Ontario"
"WDS8-QW6U-5L0L","Completed","5/17/2026","6:19 PM","America/Toronto","","false","399915","iuliamircea@hotmail.ca","Iulia Mircea","","399915","iuliamircea@hotmail.ca","Iulia Mircea","2-Week Unlimited Anniversary // London","24947","24948","048368164251","2-week-unlimited-memberships-083","","","Memberships","","","Completed","5/17/2026","CAD","1","50.00","50.00","6.50","56.50","Visa","E-Commerce","London","Ontario"
"VSR4-QY8Z-5L0L","Completed","5/17/2026","6:49 PM","America/Toronto","","false","399916","saradarling37@gmail.com","Sara Darling","","399916","saradarling37@gmail.com","Sara Darling","2-Week Unlimited Anniversary // London","24947","24948","048368164251","2-week-unlimited-memberships-083","","","Memberships","","","Completed","5/17/2026","CAD","1","50.00","50.00","6.50","56.50","Visa","E-Commerce","London","Ontario"
"MW54-56ZT-5L0L","Completed","5/17/2026","7:59 PM","America/Toronto","","false","399127","persaudtess@gmail.com","Tess Persaud","","399127","persaudtess@gmail.com","Tess Persaud","Spin-It-Forward // London","20792","20793","964245982422","spin-it-forward--credits-429","","","Credits","","","Completed","5/17/2026","CAD","1","10.00","10.00","1.30","11.30","Mastercard","E-Commerce","London","Ontario"
"ZU52-64VS-5L0M","Completed","5/17/2026","8:33 PM","America/Toronto","","false","390506","lxlxcasey@gmail.com","Casey Lin","","390506","lxlxcasey@gmail.com","Casey Lin","2-Week Unlimited Anniversary // London","24947","24948","048368164251","2-week-unlimited-memberships-083","","","Memberships","","","Completed","5/17/2026","CAD","1","50.00","50.00","6.50","56.50","Visa","E-Commerce","London","Ontario"
"ER9Q-97MC-5L0M","Completed","5/17/2026","9:25 PM","America/Toronto","mobile","false","399924","dortmawi@gmail.com","William Dortmans","","399924","dortmawi@gmail.com","William Dortmans","One Class Card // London","20798","20799","760445337951","one-class-card-l-credits-347","","","Credits","","","Completed","5/17/2026","CAD","1","0.00","25.00","0.00","0.00","No Charge","E-Commerce","London","Ontario"
"WQBY-K28Q-5L0M","Completed","5/17/2026","11:32 PM","America/Toronto","mobile","false","399936","libcaalme91@outlook.com","Libia Medina","","399936","libcaalme91@outlook.com","Libia Medina","One Class Card // London","20798","20799","760445337951","one-class-card-l-credits-347","","","Credits","","","Completed","5/17/2026","CAD","1","0.00","25.00","0.00","0.00","No Charge","E-Commerce","London","Ontario"
"GRW6-B8NX-5L0M","Completed","5/17/2026","11:40 PM","America/Toronto","","false","397624","lauraloppez@hotmail.ca","Laura Lopez","","397624","lauraloppez@hotmail.ca","Laura Lopez","Mom's Night Out // London","25242","25243","014702979887","moms-night-out-l-credits-837","","","Credits","","","Completed","5/17/2026","CAD","1","15.00","15.00","1.95","16.95","Visa","E-Commerce","London","Ontario"
"KWX7-GQ4Q-5L0M","Completed","5/17/2026","11:41 PM","America/Toronto","","false","397624","lauraloppez@hotmail.ca","Laura Lopez","","397624","lauraloppez@hotmail.ca","Laura Lopez","Mom's Night Out // London","25242","25243","014702979887","moms-night-out-l-credits-837","","","Credits","","","Completed","5/17/2026","CAD","1","15.00","15.00","1.95","16.95","Visa","E-Commerce","London","Ontario"
"WBNZ-HXH2-5L0M","Completed","5/17/2026","11:56 PM","America/Toronto","","false","368626","marianasalazar_973@hotmail.com","Mariana Salazar Vargas","","368626","marianasalazar_973@hotmail.com","Mariana Salazar Vargas","Mom's Night Out // London","25242","25243","014702979887","moms-night-out-l-credits-837","","","Credits","","","Completed","5/17/2026","CAD","1","15.00","15.00","1.95","16.95","Visa","E-Commerce","London","Ontario"
"XQCJ-D45S-5L0I","Completed","5/14/2026","12:20 PM","America/Toronto","","true","362377","meme18o@icloud.com","emily ormseth","","362377","meme18o@icloud.com","emily ormseth","Student Monthly Membership // London","21738","21739","582370867097","student-monthly--memberships-495","","","Memberships","","","Completed","5/18/2026","CAD","1","175.00","175.00","22.75","197.75","Visa","E-Commerce","London","Ontario"
"2CS8-2XWG-5L0M","Completed","5/18/2026","12:24 AM","America/Toronto","","true","388779","joseniov@yahoo.com","Jose Villamater","","388779","joseniov@yahoo.com","Jose Villamater","Unlimited Membership // London","21995","21996","447442561003","unlimited-member-memberships-867","","","Memberships","","","Completed","5/18/2026","CAD","1","200.00","200.00","26.00","226.00","Mastercard","E-Commerce","London","Ontario"
"J44X-ABND-5L0M","Completed","5/18/2026","12:24 AM","America/Toronto","","true","336757","caitlin@kassies.ca","Caitlin Kassies","","336757","caitlin@kassies.ca","Caitlin Kassies","4x Monthly Membership // 20% OFF PRE-SALE (London)","20850","20851","523121174072","20-off-presale-4-memberships-998","","","Memberships","","","Completed","5/18/2026","CAD","1","80.00","80.00","10.40","90.40","Mastercard","E-Commerce","London","Ontario"
"3S6M-ASF4-5L0M","Completed","5/18/2026","12:24 AM","America/Toronto","","true","173590","kandicepardy3@gmail.com","Kandice Pardy","","173590","kandicepardy3@gmail.com","Kandice Pardy","4x Monthly Membership // 20% OFF PRE-SALE (London)","20850","20851","523121174072","20-off-presale-4-memberships-998","","","Memberships","","","Completed","5/18/2026","CAD","1","80.00","80.00","10.40","90.40","Visa","E-Commerce","London","Ontario"
"DGFK-QQQP-5L0M","Completed","5/18/2026","12:24 AM","America/Toronto","","true","280313","mjcallander@hotmail.com","Michelle Callander","","280313","mjcallander@hotmail.com","Michelle Callander","Staff Membership // London","20830","20831","898235312897","staff-membership-memberships-735","","","Memberships","","","Completed","5/18/2026","CAD","1","0.00","0.00","0.00","0.00","No Charge","E-Commerce","London","Ontario"
"69TV-HTR3-5L0M","Completed","5/18/2026","12:24 AM","America/Toronto","","true","349983","keisha_joseph@hotmail.ca","Keisha Joseph","","349983","keisha_joseph@hotmail.ca","Keisha Joseph","4x Membership // London","21999","22000","216300284773","4x-membership-lo-memberships-280","","","Memberships","","","Completed","5/18/2026","CAD","1","80.00","80.00","10.40","90.40","Visa","E-Commerce","London","Ontario"
"7DCZ-U8E8-5L0M","Completed","5/18/2026","12:24 AM","America/Toronto","","true","378014","valeskadegouveia@hotmail.com","Valeska De Gouveia","","378014","valeskadegouveia@hotmail.com","Valeska De Gouveia","4x Membership // London","21999","22000","216300284773","4x-membership-lo-memberships-280","","","Memberships","","","Completed","5/18/2026","CAD","1","80.00","80.00","10.40","90.40","Mastercard","E-Commerce","London","Ontario"
"ETGC-AFPE-5L0M","Completed","5/18/2026","12:24 AM","America/Toronto","","true","381015","graygrassconsulting@gmail.com","BRITT WEBB","","381015","graygrassconsulting@gmail.com","BRITT WEBB","Unlimited Membership // London","21995","21996","447442561003","unlimited-member-memberships-867","","","Memberships","","","Completed","5/18/2026","CAD","1","200.00","200.00","26.00","226.00","Mastercard","E-Commerce","London","Ontario"
"N96T-KU7Z-5L0M","Completed","5/18/2026","8:21 AM","America/Toronto","","false","365077","chantel.brown@lhsc.on.ca","Chantel Desumma-Brown","","365077","chantel.brown@lhsc.on.ca","Chantel Desumma-Brown","2-Week Unlimited Anniversary // London","24947","24948","048368164251","2-week-unlimited-memberships-083","","","Memberships","","","Completed","5/18/2026","CAD","1","50.00","50.00","6.50","56.50","Visa","E-Commerce","London","Ontario"
"3G3C-VTY4-5L0M","Completed","5/18/2026","8:29 AM","America/Toronto","","false","365383","taifali10@gmail.com","Taif Ali","","365383","taifali10@gmail.com","Taif Ali","One Class Card // London","20798","20799","760445337951","one-class-card-l-credits-347","","","Credits","","","Completed","5/18/2026","CAD","1","25.00","25.00","3.25","28.25","Visa","E-Commerce","London","Ontario"
"RYA9-QSRE-5L0M","Completed","5/18/2026","11:49 AM","America/Toronto","","false","390386","kylegroenen@gmail.com","Kyle Groenenberg","","390386","kylegroenen@gmail.com","Kyle Groenenberg","One Class Card // London","20798","20799","760445337951","one-class-card-l-credits-347","","","Credits","","","Completed","5/18/2026","CAD","1","25.00","25.00","3.25","28.25","Visa","E-Commerce","London","Ontario"
"VK8Z-E384-5L0M","Completed","5/18/2026","11:53 AM","America/Toronto","","false","399404","bvmcphee@hotmail.com","Vanessa McPhee","","399404","bvmcphee@hotmail.com","Vanessa McPhee","2-Week Unlimited Anniversary // London","24947","24948","048368164251","2-week-unlimited-memberships-083","","","Memberships","","","Completed","5/18/2026","CAD","1","50.00","50.00","6.50","56.50","Visa","E-Commerce","London","Ontario"
"GAC5-Y4B9-5L0M","Completed","5/18/2026","12:15 PM","America/Toronto","","true","381015","graygrassconsulting@gmail.com","BRITT WEBB","","381015","graygrassconsulting@gmail.com","BRITT WEBB","No Show Charge","14687","14689","489143084327","no-show-fee-penalty-fees-498","","","Penalty Fees","","","Completed","5/18/2026","CAD","1","20.00","20.00","2.60","22.60","Mastercard","E-Commerce","London","Ontario"
"XB74-VYAR-5L0M","Completed","5/18/2026","1:16 PM","America/Toronto","","false","394810","mariam_ktaily@hotmail.com","Mariam Ktaily","","394810","mariam_ktaily@hotmail.com","Mariam Ktaily","2-Week Unlimited Anniversary // London","24947","24948","048368164251","2-week-unlimited-memberships-083","","","Memberships","","","Completed","5/18/2026","CAD","1","50.00","50.00","6.50","56.50","Mastercard","E-Commerce","London","Ontario"
"XUVJ-BEAM-5L0M","Completed","5/18/2026","1:23 PM","America/Toronto","","false","395521","yarafsharairee@gmail.com","Yara Alsharairi","","395521","yarafsharairee@gmail.com","Yara Alsharairi","2-Week Unlimited Anniversary // London","24947","24948","048368164251","2-week-unlimited-memberships-083","","","Memberships","","","Completed","5/18/2026","CAD","1","50.00","50.00","6.50","56.50","Visa","E-Commerce","London","Ontario"
"ZQHQ-Z2M8-5L0M","Completed","5/18/2026","3:07 PM","America/Toronto","","false","341460","emguzzo11@outlook.com","Emily Guzzo","","341460","emguzzo11@outlook.com","Emily Guzzo","Five Class Card // London","20802","20803","488719457552","five-class-card--credits-078","","","Credits","","","Completed","5/18/2026","CAD","2","187.00","220.00","24.31","211.31","American Express","E-Commerce","London","Ontario"
"XB8R-4BQW-5L0M","Completed","5/18/2026","4:55 PM","America/Toronto","","false","391441","jnorejko@outlook.com","Jo Norejko","","391441","jnorejko@outlook.com","Jo Norejko","One Class Card // London","20798","20799","760445337951","one-class-card-l-credits-347","","","Credits","","","Completed","5/18/2026","CAD","1","25.00","25.00","3.25","28.25","Visa","E-Commerce","London","Ontario"
"NEWV-PSME-5L0M","Completed","5/18/2026","5:05 PM","America/Toronto","","false","384035","laismeiras@gmail.com","Laís Marques Eiras","","384035","laismeiras@gmail.com","Laís Marques Eiras","Spin-It-Forward // London","20792","20793","964245982422","spin-it-forward--credits-429","","","Credits","","","Completed","5/18/2026","CAD","1","10.00","10.00","1.30","11.30","Visa","E-Commerce","London","Ontario"
"7MPQ-H4NQ-5L0M","Completed","5/18/2026","5:10 PM","America/Toronto","","false","399994","dblack43@uwo.ca","Daniel R. Black","","399994","dblack43@uwo.ca","Daniel R. Black","One Class Card // London","20798","20799","760445337951","one-class-card-l-credits-347","","","Credits","","","Completed","5/18/2026","CAD","1","25.00","25.00","3.25","28.25","Visa","E-Commerce","London","Ontario"
"6PRK-2Z2F-5L0M","Completed","5/18/2026","6:15 PM","America/Toronto","","true","355286","karimakaiyum@gmail.com","Karima Kaiyum","","355286","karimakaiyum@gmail.com","Karima Kaiyum","Late Cancel Charge","14688","14690","036981809486","late-cancel-fee-penalty-fees-771","","","Penalty Fees","","","Completed","5/18/2026","CAD","1","15.00","15.00","1.95","16.95","Account balance, Mastercard","E-Commerce","London","Ontario"
"ACDE-P6FZ-5L0M","Completed","5/18/2026","6:17 PM","America/Toronto","","false","390169","mirandabourbonnais@gmail.com","Miranda Bourbonnais","","390169","mirandabourbonnais@gmail.com","Miranda Bourbonnais","2-Week Unlimited Anniversary // London","24947","24948","048368164251","2-week-unlimited-memberships-083","","","Memberships","","","Completed","5/18/2026","CAD","1","50.00","50.00","6.50","56.50","American Express","E-Commerce","London","Ontario"
"8D3N-S38Y-5L0M","Completed","5/18/2026","6:22 PM","America/Toronto","desktop","false","398457","yaquelynhernandez@gmail.com","Jackie Hernandez","","347195","lviner@hotmail.com","Laura Viner","SPINCO Water","19657","19658","469973764933","spinco-water-water-914","","","Water","Arctic Chiller","","Completed","5/18/2026","CAD","1","2.50","2.50","0.33","2.83","Mastercard","In-Store","London","Ontario"
"K65G-QMJT-5L0M","Completed","5/18/2026","6:43 PM","America/Toronto","","false","392102","maxdemers05@gmail.com","Maxim Demers","","392102","maxdemers05@gmail.com","Maxim Demers","2-Week Unlimited Anniversary // London","24947","24948","048368164251","2-week-unlimited-memberships-083","","","Memberships","","","Completed","5/18/2026","CAD","1","50.00","50.00","6.50","56.50","Visa","E-Commerce","London","Ontario"
"THBB-89E9-5L0M","Completed","5/18/2026","7:35 PM","America/Toronto","desktop","false","311851","jtoonen19@gmail.com","Jordyn Toonen","","347195","lviner@hotmail.com","Laura Viner","SPINCO Water","19657","19658","469973764933","spinco-water-water-914","","","Water","Arctic Chiller","","Completed","5/18/2026","CAD","1","2.50","2.50","0.33","2.83","Visa","In-Store","London","Ontario"
"QXH8-QKNF-5L0N","Completed","5/18/2026","9:36 PM","America/Toronto","","false","377088","amelia.baileyy8@gmail.com","Amelia Bailey","","377088","amelia.baileyy8@gmail.com","Amelia Bailey","Ten Class Card // London","20794","20795","456569691604","ten-class-card-l-credits-104","","","Credits","","","Completed","5/18/2026","CAD","1","170.00","200.00","22.10","192.10","Mastercard","E-Commerce","London","Ontario"
"KKN5-N5D8-5L0N","Completed","5/18/2026","10:13 PM","America/Toronto","","false","400033","stephaniescriver@gmail.com","Stephanie Scriver","","400033","stephaniescriver@gmail.com","Stephanie Scriver","New Rider Special // London","21051","21052","288040778473","new-rider-specia-memberships-503","","","Memberships","","","Completed","5/18/2026","CAD","1","50.00","50.00","6.50","56.50","Visa","E-Commerce","London","Ontario"
"F9QW-GE29-5L0N","Completed","5/18/2026","10:35 PM","America/Toronto","","false","382836","cyndicote@hotmail.com","Cyndi Cote","","382836","cyndicote@hotmail.com","Cyndi Cote","2-Week Unlimited Anniversary // London","24947","24948","048368164251","2-week-unlimited-memberships-083","","","Memberships","","","Completed","5/18/2026","CAD","1","50.00","50.00","6.50","56.50","Mastercard","E-Commerce","London","Ontario"
"GMBE-XWNW-5L0N","Completed","5/18/2026","10:58 PM","America/Toronto","mobile","false","400035","darrah.sara@yahoo.com","Sarah Darrah","","400035","darrah.sara@yahoo.com","Sarah Darrah","One Class Card // London","20798","20799","760445337951","one-class-card-l-credits-347","","","Credits","","","Completed","5/18/2026","CAD","1","0.00","25.00","0.00","0.00","No Charge","E-Commerce","London","Ontario"
"KJR7-MFEX-5L0N","Completed","5/19/2026","12:19 AM","America/Toronto","","true","369341","holl.steen1@gmail.com","Holly Steen","","369341","holl.steen1@gmail.com","Holly Steen","Unlimited Membership // London","21995","21996","447442561003","unlimited-member-memberships-867","","","Memberships","","","Completed","5/19/2026","CAD","1","200.00","200.00","26.00","226.00","American Express","E-Commerce","London","Ontario"
"ATUV-47R7-5L0N","Completed","5/19/2026","12:19 AM","America/Toronto","","true","379043","viz.kyara@gmail.com","Kyara Vizcaino","","379043","viz.kyara@gmail.com","Kyara Vizcaino","4x Membership // London","21999","22000","216300284773","4x-membership-lo-memberships-280","","","Memberships","","","Completed","5/19/2026","CAD","1","80.00","80.00","10.40","90.40","Visa","E-Commerce","London","Ontario"
"DNHA-2FR3-5L0N","Completed","5/19/2026","12:19 AM","America/Toronto","","true","351856","parkchristine97@gmail.com","Christine Park","","351856","parkchristine97@gmail.com","Christine Park","4x Monthly Membership // London *GRANDFATHERED","20838","20839","545622520223","4-classes-month--memberships-721","","","Memberships","","","Completed","5/19/2026","CAD","1","80.00","80.00","10.40","90.40","Visa","E-Commerce","London","Ontario"
"7CWC-ZSKF-5L0N","Completed","5/19/2026","12:19 AM","America/Toronto","","true","358551","tatiepant@yahoo.ca","Tricia Lennon","","358551","tatiepant@yahoo.ca","Tricia Lennon","4x Monthly Membership // London *GRANDFATHERED","20838","20839","545622520223","4-classes-month--memberships-721","","","Memberships","","","Completed","5/19/2026","CAD","1","80.00","80.00","10.40","90.40","Visa","E-Commerce","London","Ontario"
"VKPF-6P2P-5L0N","Completed","5/19/2026","12:19 AM","America/Toronto","","true","369246","fmacd039@uottawa.ca","FIONA MACDONALD","","369246","fmacd039@uottawa.ca","FIONA MACDONALD","Unlimited Membership // London","21995","21996","447442561003","unlimited-member-memberships-867","","","Memberships","","","Completed","5/19/2026","CAD","1","200.00","200.00","26.00","226.00","Visa","E-Commerce","London","Ontario"
"PB3F-DZNU-5L0N","Completed","5/19/2026","6:18 AM","America/Toronto","","true","392050","ameenah.khan01@gmail.com","Ameenah Khan","","392050","ameenah.khan01@gmail.com","Ameenah Khan","Late Cancel Charge","14688","14690","036981809486","late-cancel-fee-penalty-fees-771","","","Penalty Fees","","","Completed","5/19/2026","CAD","1","15.00","15.00","1.95","16.95","Visa","E-Commerce","London","Ontario"
"KGXM-HJNH-5L0N","Completed","5/19/2026","7:13 AM","America/Toronto","desktop","false","311771","alexrosewatt@outlook.com","Alex Watt","","343368","kelseyvandewetering@gmail.com","Kelsey Vandewetering","Coffee // London","23655","23656","087239269521","coffee-london-food-and-beverag-851","","","Food and Beverage","","","Completed","5/19/2026","CAD","1","1.50","1.50","0.20","1.70","Visa","In-Store","London","Ontario"
"BN4C-4958-5L0N","Completed","5/19/2026","7:17 AM","America/Toronto","","true","391163","lianam09@hotmail.com","Liana Melo","","391163","lianam09@hotmail.com","Liana Melo","Late Cancel Charge","14688","14690","036981809486","late-cancel-fee-penalty-fees-771","","","Penalty Fees","","","Completed","5/19/2026","CAD","1","15.00","15.00","1.95","16.95","Mastercard","E-Commerce","London","Ontario"
"4QQW-PJR3-5L0N","Completed","5/19/2026","8:31 AM","America/Toronto","","false","399173","leahbeamish@gmail.com","Leah Beamish","","399173","leahbeamish@gmail.com","Leah Beamish","One Class Card // London","20798","20799","760445337951","one-class-card-l-credits-347","","","Credits","","","Completed","5/19/2026","CAD","1","25.00","25.00","3.25","28.25","Mastercard","E-Commerce","London","Ontario"
"G7DK-8C92-5L0N","Completed","5/19/2026","8:44 AM","America/Toronto","desktop","false","384930","fskrzype@uwo.ca","Fabiola Skrzypek","","382306","michellejcallander@gmail.com","Michelle Callandar","Student Monthly Membership // London","21738","21739","582370867097","student-monthly--memberships-495","","","Memberships","","","Completed","5/19/2026","CAD","1","175.00","175.00","22.75","197.75","Visa","In-Store","London","Ontario"
"SCY7-6PEE-5L0N","Completed","5/19/2026","9:23 AM","America/Toronto","","false","400047","bareera.aleem@gmail.com","Barrera Aleem","","400047","bareera.aleem@gmail.com","Barrera Aleem","One Class Card // London","20798","20799","760445337951","one-class-card-l-credits-347","","","Credits","","","Completed","5/19/2026","CAD","1","25.00","25.00","3.25","28.25","Visa","E-Commerce","London","Ontario"
"5U2W-3Z68-5L0N","Completed","5/19/2026","10:13 AM","America/Toronto","","false","336413","heidilocking@gmail.com","Heidi Locking","","336413","heidilocking@gmail.com","Heidi Locking","One Class Card // London","20798","20799","760445337951","one-class-card-l-credits-347","","","Credits","","","Completed","5/19/2026","CAD","1","25.00","25.00","3.25","28.25","Visa","E-Commerce","London","Ontario"
"J66M-AQDT-5L0N","Completed","5/19/2026","10:13 AM","America/Toronto","","false","348889","lockinghannah@gmail.com","Hannah Locking","","348889","lockinghannah@gmail.com","Hannah Locking","One Class Card // London","20798","20799","760445337951","one-class-card-l-credits-347","","","Credits","","","Completed","5/19/2026","CAD","1","25.00","25.00","3.25","28.25","Visa","E-Commerce","London","Ontario"
"DN6Z-DT4N-5L0N","Completed","5/19/2026","10:56 AM","America/Toronto","","false","373736","em.katz07@gmail.com","emily katz","","373736","em.katz07@gmail.com","emily katz","2-Week Unlimited Anniversary // London","24947","24948","048368164251","2-week-unlimited-memberships-083","","","Memberships","","","Completed","5/19/2026","CAD","1","50.00","50.00","6.50","56.50","American Express","E-Commerce","London","Ontario"
"DDBH-B7VK-5L0N","Completed","5/19/2026","12:51 PM","America/Toronto","","false","366472","yassminibrahim13@gmail.com","Yassmin Ibrahim","","366472","yassminibrahim13@gmail.com","Yassmin Ibrahim","2-Week Unlimited Anniversary // London","24947","24948","048368164251","2-week-unlimited-memberships-083","","","Memberships","","","Completed","5/19/2026","CAD","1","50.00","50.00","6.50","56.50","Visa","E-Commerce","London","Ontario"
"27H7-VHV6-5L0N","Completed","5/19/2026","1:19 PM","America/Toronto","","false","400073","beccapaige_14@hotmail.com","Lena Cano","","400073","beccapaige_14@hotmail.com","Lena Cano","Mom's Night Out // London","25242","25243","014702979887","moms-night-out-l-credits-837","","","Credits","","","Completed","5/19/2026","CAD","1","15.00","15.00","1.95","16.95","Visa","E-Commerce","London","Ontario"
"JWPW-PG4T-5L0N","Completed","5/19/2026","2:22 PM","America/Toronto","","false","393787","hida1998@hotmail.com","Rowaida Hussein","","393787","hida1998@hotmail.com","Rowaida Hussein","Spin-It-Forward // London","20792","20793","964245982422","spin-it-forward--credits-429","","","Credits","","","Completed","5/19/2026","CAD","1","10.00","10.00","1.30","11.30","Visa","E-Commerce","London","Ontario"
"PUE2-DS4N-5L0N","Completed","5/19/2026","2:24 PM","America/Toronto","","false","396581","cathybu0221@gmail.com","Cathy Bu","","396581","cathybu0221@gmail.com","Cathy Bu","Spin-It-Forward // London","20792","20793","964245982422","spin-it-forward--credits-429","","","Credits","","","Completed","5/19/2026","CAD","1","10.00","10.00","1.30","11.30","Visa","E-Commerce","London","Ontario"
"5SV9-BXMZ-5L0N","Completed","5/19/2026","3:03 PM","America/Toronto","","false","397275","k-hoyland@live.com","Kaitlyn Hoyland","","397275","k-hoyland@live.com","Kaitlyn Hoyland","Spin-It-Forward // London","20792","20793","964245982422","spin-it-forward--credits-429","","","Credits","","","Completed","5/19/2026","CAD","1","10.00","10.00","1.30","11.30","Visa","E-Commerce","London","Ontario"
"NY2Y-R3AE-5L0N","Completed","5/19/2026","3:16 PM","America/Toronto","","true","390747","jennkunnel7@hotmail.com","Jennifer Mathew","","390747","jennkunnel7@hotmail.com","Jennifer Mathew","Late Cancel Charge","14688","14690","036981809486","late-cancel-fee-penalty-fees-771","","","Penalty Fees","","","Completed","5/19/2026","CAD","1","15.00","15.00","1.95","16.95","Mastercard","E-Commerce","London","Ontario"
"3DJR-XJZY-5L0N","Completed","5/19/2026","3:56 PM","America/Toronto","desktop","false","375897","victoria.reparon@hotmail.com","Victoria Good","","382306","michellejcallander@gmail.com","Michelle Callandar","Ten Class Card // London","20794","20795","456569691604","ten-class-card-l-credits-104","","","Credits","","","Completed","5/19/2026","CAD","1","100.00","200.00","13.00","113.00","Visa","In-Store","London","Ontario"
"5QHM-YADC-5L0N","Completed","5/19/2026","4:03 PM","America/Toronto","mobile","false","400099","bhattaocean@gmail.com","Oshin Bhatta","","400099","bhattaocean@gmail.com","Oshin Bhatta","One Class Card // London","20798","20799","760445337951","one-class-card-l-credits-347","","","Credits","","","Completed","5/19/2026","CAD","1","0.00","25.00","0.00","0.00","No Charge","E-Commerce","London","Ontario"
"EZQ5-RVTN-5L0N","Completed","5/19/2026","4:16 PM","America/Toronto","","true","398373","kaymachura@gmail.com","Kayli Machura","","398373","kaymachura@gmail.com","Kayli Machura","Late Cancel Charge","14688","14690","036981809486","late-cancel-fee-penalty-fees-771","","","Penalty Fees","","","Completed","5/19/2026","CAD","1","15.00","15.00","1.95","16.95","Visa","E-Commerce","London","Ontario"
"TD2A-P2KD-5L0N","Completed","5/19/2026","4:19 PM","America/Toronto","desktop","false","399127","persaudtess@gmail.com","Tess Persaud","","71878","k.rothwell@spinco.ca","Kira Rothwell","Ten Class Card // London","20794","20795","456569691604","ten-class-card-l-credits-104","","","Credits","","","Completed","5/19/2026","CAD","1","100.00","200.00","13.00","113.00","Mastercard","In-Store","London","Ontario"
"ZUAU-TH3Z-5L0N","Completed","5/19/2026","4:32 PM","America/Toronto","","false","391405","genahewitt12@hotmail.com","Gena Hewitt","","391405","genahewitt12@hotmail.com","Gena Hewitt","One Class Card // London","20798","20799","760445337951","one-class-card-l-credits-347","","","Credits","","","Completed","5/19/2026","CAD","2","50.00","50.00","6.50","56.50","Visa","E-Commerce","London","Ontario"
"W2S5-GSKA-5L0N","Completed","5/19/2026","4:44 PM","America/Toronto","","false","370957","shaileejardim@hotmail.com","Shailee Jardim","","370957","shaileejardim@hotmail.com","Shailee Jardim","2-Week Unlimited Anniversary // London","24947","24948","048368164251","2-week-unlimited-memberships-083","","","Memberships","","","Completed","5/19/2026","CAD","1","50.00","50.00","6.50","56.50","Visa","E-Commerce","London","Ontario"
"RJBD-4B6E-5L0N","Completed","5/19/2026","4:51 PM","America/Toronto","mobile","false","400107","mahmoudabdelmageed74@gmail.com","Mahmoud Abdelmageed","","400107","mahmoudabdelmageed74@gmail.com","Mahmoud Abdelmageed","One Class Card // London","20798","20799","760445337951","one-class-card-l-credits-347","","","Credits","","","Completed","5/19/2026","CAD","1","0.00","25.00","0.00","0.00","No Charge","E-Commerce","London","Ontario"
"YSG7-K7JT-5L0N","Completed","5/19/2026","4:56 PM","America/Toronto","","false","362068","janet.cheng@medportal.ca","Janet Cheng","","362068","janet.cheng@medportal.ca","Janet Cheng","Spin-It-Forward // London","20792","20793","964245982422","spin-it-forward--credits-429","","","Credits","","","Completed","5/19/2026","CAD","1","10.00","10.00","1.30","11.30","American Express","E-Commerce","London","Ontario"
"43BD-3MJ8-5L0N","Completed","5/19/2026","5:13 PM","America/Toronto","mobile","false","400109","jonathan.lopez3@hotmail.com","Jonathan Lopez","","400109","jonathan.lopez3@hotmail.com","Jonathan Lopez","One Class Card // London","20798","20799","760445337951","one-class-card-l-credits-347","","","Credits","","","Completed","5/19/2026","CAD","1","0.00","25.00","0.00","0.00","No Charge","E-Commerce","London","Ontario"
"2K43-94EA-5L0N","Completed","5/19/2026","6:39 PM","America/Toronto","desktop","false","381488","alexandercasucci@gmail.com","Alexander Casucci","","347301","london@spinco.ca","SPINCO London","SPINCO Water","19657","19658","469973764933","spinco-water-water-914","","","Water","Arctic Chiller","","Completed","5/19/2026","CAD","1","2.50","2.50","0.33","2.83","American Express","In-Store","London","Ontario"
"4WEH-GBSJ-5L0N","Refunded","5/19/2026","7:16 PM","America/Toronto","","true","394438","cuteminiji@gmail.com","Sylvia Chong","","394438","cuteminiji@gmail.com","Sylvia Chong","No Show Charge","14687","14689","489143084327","no-show-fee-penalty-fees-498","","","Penalty Fees","","","Completed","5/19/2026","CAD","1","20.00","20.00","2.60","22.60","Visa","E-Commerce","London","Ontario"
"E2DW-DJ5G-5L0N","Refunded","5/19/2026","7:16 PM","America/Toronto","","true","394476","kaylin.ho@icloud.com","Kaylin Ho","","394476","kaylin.ho@icloud.com","Kaylin Ho","No Show Charge","14687","14689","489143084327","no-show-fee-penalty-fees-498","","","Penalty Fees","","","Completed","5/19/2026","CAD","1","20.00","20.00","2.60","22.60","Visa","E-Commerce","London","Ontario"
"V7BR-A5QW-5L0N","Refunded","5/19/2026","7:16 PM","America/Toronto","","true","379697","jiyoonchoi.22@gmail.com","Jiyoon CHOI","","379697","jiyoonchoi.22@gmail.com","Jiyoon CHOI","No Show Charge","14687","14689","489143084327","no-show-fee-penalty-fees-498","","","Penalty Fees","","","Completed","5/19/2026","CAD","1","20.00","20.00","2.60","22.60","Visa","E-Commerce","London","Ontario"
"ZHEM-FR4G-5L0N","Refunded","5/19/2026","7:16 PM","America/Toronto","","true","389474","emma.hendriksen7@gmail.com","Emma Hendriksen","","389474","emma.hendriksen7@gmail.com","Emma Hendriksen","No Show Charge","14687","14689","489143084327","no-show-fee-penalty-fees-498","","","Penalty Fees","","","Completed","5/19/2026","CAD","1","20.00","20.00","2.60","22.60","Mastercard","E-Commerce","London","Ontario"
"JZMQ-CK6S-5L0N","Refunded","5/19/2026","7:16 PM","America/Toronto","","true","358471","brooklynblt18@gmail.com","Brooklyn McLeod","","358471","brooklynblt18@gmail.com","Brooklyn McLeod","No Show Charge","14687","14689","489143084327","no-show-fee-penalty-fees-498","","","Penalty Fees","","","Completed","5/19/2026","CAD","1","20.00","20.00","2.60","22.60","Mastercard","E-Commerce","London","Ontario"
"NFZ4-S9YD-5L0N","Refunded","5/19/2026","7:16 PM","America/Toronto","","true","399021","alexgandza@gmail.com","Alexandra Gandza","","399021","alexgandza@gmail.com","Alexandra Gandza","No Show Charge","14687","14689","489143084327","no-show-fee-penalty-fees-498","","","Penalty Fees","","","Completed","5/19/2026","CAD","1","20.00","20.00","2.60","22.60","American Express","E-Commerce","London","Ontario"
"GAB7-D6W4-5L0N","Refunded","5/19/2026","7:16 PM","America/Toronto","","true","399056","stephanie24wu@yahoo.ca","Stephanie Wu","","399056","stephanie24wu@yahoo.ca","Stephanie Wu","No Show Charge","14687","14689","489143084327","no-show-fee-penalty-fees-498","","","Penalty Fees","","","Completed","5/19/2026","CAD","1","20.00","20.00","2.60","22.60","Visa","E-Commerce","London","Ontario"
"4EXV-MZMA-5L0N","Completed","5/19/2026","7:22 PM","America/Toronto","","false","367114","holleley.brittany@gmail.com","Brittany Holleley","","367114","holleley.brittany@gmail.com","Brittany Holleley","2-Week Unlimited Anniversary // London","24947","24948","048368164251","2-week-unlimited-memberships-083","","","Memberships","","","Completed","5/19/2026","CAD","1","50.00","50.00","6.50","56.50","Mastercard","E-Commerce","London","Ontario"
"PNKU-C5F5-5L0O","Completed","5/19/2026","8:36 PM","America/Toronto","mobile","false","400139","rosalieredira@hotmail.com","Rosalie Dela Rosa","","400139","rosalieredira@hotmail.com","Rosalie Dela Rosa","One Class Card // London","20798","20799","760445337951","one-class-card-l-credits-347","","","Credits","","","Completed","5/19/2026","CAD","1","0.00","25.00","0.00","0.00","No Charge","E-Commerce","London","Ontario"
"AMYS-MHNW-5L0O","Completed","5/19/2026","9:12 PM","America/Toronto","","false","346546","mar66slo@gmail.com","Marjorie Sloboda","","346546","mar66slo@gmail.com","Marjorie Sloboda","2-Week Unlimited Anniversary // London","24947","24948","048368164251","2-week-unlimited-memberships-083","","","Memberships","","","Completed","5/19/2026","CAD","1","50.00","50.00","6.50","56.50","Visa","E-Commerce","London","Ontario"
"YNZS-KM6F-5L0O","Completed","5/19/2026","10:49 PM","America/Toronto","","false","208860","khansari_ava@yahoo.com","Ava Khansari","","208860","khansari_ava@yahoo.com","Ava Khansari","One Class Card // London","20798","20799","760445337951","one-class-card-l-credits-347","","","Credits","","","Completed","5/19/2026","CAD","1","25.00","25.00","3.25","28.25","Visa","E-Commerce","London","Ontario"
"F8FN-E8TE-5L0O","Completed","5/20/2026","12:25 AM","America/Toronto","","true","346927","narellehesler@gmail.com","Narelle Hesler","","346927","narellehesler@gmail.com","Narelle Hesler","Staff Membership // London","20830","20831","898235312897","staff-membership-memberships-735","","","Memberships","","","Completed","5/20/2026","CAD","1","0.00","0.00","0.00","0.00","No Charge","E-Commerce","London","Ontario"
"Z7H3-E4AM-5L0O","Completed","5/20/2026","12:25 AM","America/Toronto","","true","363304","rawannse@gmail.com","Rawan E","","363304","rawannse@gmail.com","Rawan E","8x Membership // London · BLACK FRIDAY 2025","22632","22633","364334411422","8x-membership-lo-memberships-289","","","Memberships","","","Completed","5/20/2026","CAD","1","140.00","140.00","18.20","158.20","Visa","E-Commerce","London","Ontario"
"9GMS-9NJ4-5L0O","Completed","5/20/2026","1:20 AM","America/Toronto","","false","356238","ergoold88@gmail.com","Emma Goold","","356238","ergoold88@gmail.com","Emma Goold","Spin-It-Forward // London","20792","20793","964245982422","spin-it-forward--credits-429","","","Credits","","","Completed","5/20/2026","CAD","2","20.00","20.00","2.60","22.60","Visa","E-Commerce","London","Ontario"
"6C8Z-RHZ6-5L0O","Completed","5/20/2026","5:17 AM","America/Toronto","","true","363395","derek@cardy.ca","Derek Cardy","","363395","derek@cardy.ca","Derek Cardy","Late Cancel Charge","14688","14690","036981809486","late-cancel-fee-penalty-fees-771","","","Penalty Fees","","","Completed","5/20/2026","CAD","1","15.00","15.00","1.95","16.95","Visa","E-Commerce","London","Ontario"
"64EU-NY7M-5L0O","Completed","5/20/2026","6:28 AM","America/Toronto","","false","400159","cybuena13@gmail.com","Cybelle Buena","","400159","cybuena13@gmail.com","Cybelle Buena","Spin-It-Forward // London","20792","20793","964245982422","spin-it-forward--credits-429","","","Credits","","","Completed","5/20/2026","CAD","1","10.00","10.00","1.30","11.30","Visa","E-Commerce","London","Ontario"
"S9PU-UTPD-5L0O","Completed","5/20/2026","6:50 AM","America/Toronto","","false","376096","naosimpson12@gmail.com","Naomi Simpson","","376096","naosimpson12@gmail.com","Naomi Simpson","2-Week Unlimited Anniversary // London","24947","24948","048368164251","2-week-unlimited-memberships-083","","","Memberships","","","Completed","5/20/2026","CAD","1","50.00","50.00","6.50","56.50","Visa","E-Commerce","London","Ontario"
"4FGQ-93WR-5L0O","Completed","5/20/2026","8:13 AM","America/Toronto","","false","391956","sabrina.6stevens.6@gmail.com","Sabrina Stevens","","391956","sabrina.6stevens.6@gmail.com","Sabrina Stevens","2-Week Unlimited Anniversary // London","24947","24948","048368164251","2-week-unlimited-memberships-083","","","Memberships","","","Completed","5/20/2026","CAD","1","50.00","50.00","6.50","56.50","Visa","E-Commerce","London","Ontario"
"P4Z6-JPHR-5L0O","Completed","5/20/2026","9:04 AM","America/Toronto","desktop","false","311771","alexrosewatt@outlook.com","Alex Watt","","336948","rbissett0303@gmail.com","Rachel Bissett","Scuba Oversized Half-Zip Hoodie","19088","19981","934137151810","scuba-oversized--clothing-923","Black","M/L","Clothing","Lululemon","","Completed","5/20/2026","CAD","1","94.40","118.00","12.27","106.67","Visa","In-Store","London","Ontario"
"V4KR-WF25-5L0O","Completed","5/20/2026","9:54 AM","America/Toronto","","false","351430","megan.lovell@hpha.ca","Megan Lovell","","351430","megan.lovell@hpha.ca","Megan Lovell","Spin-It-Forward // London","20792","20793","964245982422","spin-it-forward--credits-429","","","Credits","","","Completed","5/20/2026","CAD","1","10.00","10.00","1.30","11.30","Visa","E-Commerce","London","Ontario"
"8UF4-D6YM-5L0O","Completed","5/20/2026","10:09 AM","America/Toronto","desktop","false","337482","mateuvanessa@hotmail.com","Vanessa Mateu","","382306","michellejcallander@gmail.com","Michelle Callandar","Ten Class Card // London","20794","20795","456569691604","ten-class-card-l-credits-104","","","Credits","","","Completed","5/20/2026","CAD","1","100.00","200.00","13.00","113.00","Visa","In-Store","London","Ontario"
"ZBTB-9TAH-5L0O","Completed","5/20/2026","10:16 AM","America/Toronto","mobile","false","320946","eblall124@gmail.com","Erica Lall","","320946","eblall124@gmail.com","Erica Lall","Spin-It-Forward // London","20792","20793","964245982422","spin-it-forward--credits-429","","","Credits","","","Completed","5/20/2026","CAD","1","10.00","10.00","1.30","11.30","Visa","E-Commerce","London","Ontario"
"BRKQ-83GU-5L0O","Completed","5/20/2026","10:16 AM","America/Toronto","","false","274527","ellamariedonovan@gmail.com","Ella Donovan","","274527","ellamariedonovan@gmail.com","Ella Donovan","Spin-It-Forward // London","20792","20793","964245982422","spin-it-forward--credits-429","","","Credits","","","Completed","5/20/2026","CAD","1","10.00","10.00","1.30","11.30","Visa","E-Commerce","London","Ontario"
"BCKX-GS3A-5L0O","Completed","5/20/2026","10:22 AM","America/Toronto","","false","369700","serena_carreiro@outlook.com","Serena Carreiro","","369700","serena_carreiro@outlook.com","Serena Carreiro","Spin-It-Forward // London","20792","20793","964245982422","spin-it-forward--credits-429","","","Credits","","","Completed","5/20/2026","CAD","1","10.00","10.00","1.30","11.30","Visa","E-Commerce","London","Ontario"
"4JXQ-SGTM-5L0O","Completed","5/20/2026","11:29 AM","America/Toronto","","false","367516","chloelau96@live.ca","Chloe Lau","","367516","chloelau96@live.ca","Chloe Lau","2-Week Unlimited Anniversary // London","24947","24948","048368164251","2-week-unlimited-memberships-083","","","Memberships","","","Completed","5/20/2026","CAD","1","50.00","50.00","6.50","56.50","Visa","E-Commerce","London","Ontario"
"SJF6-87WA-5L0O","Completed","5/20/2026","12:42 PM","America/Toronto","","false","400081","nicolemkuntz@gmail.com","Nicole Kuntz","","400081","nicolemkuntz@gmail.com","Nicole Kuntz","Mom's Night Out // London","25242","25243","014702979887","moms-night-out-l-credits-837","","","Credits","","","Completed","5/20/2026","CAD","1","15.00","15.00","1.95","16.95","Visa","E-Commerce","London","Ontario"
"E2DW-DJ5G-5L0N","Refunded","5/19/2026","7:16 PM","America/Toronto","","true","394476","kaylin.ho@icloud.com","Kaylin Ho","","382306","michellejcallander@gmail.com","Michelle Callandar","No Show Charge","14687","14689","489143084327","no-show-fee-penalty-fees-498","","","Penalty Fees","","","Refunded","5/20/2026","CAD","-1","-20.00","-20.00","-2.60","-22.60","Visa","E-Commerce","London","Ontario"
"GAB7-D6W4-5L0N","Refunded","5/19/2026","7:16 PM","America/Toronto","","true","399056","stephanie24wu@yahoo.ca","Stephanie Wu","","382306","michellejcallander@gmail.com","Michelle Callandar","No Show Charge","14687","14689","489143084327","no-show-fee-penalty-fees-498","","","Penalty Fees","","","Refunded","5/20/2026","CAD","-1","-20.00","-20.00","-2.60","-22.60","Visa","E-Commerce","London","Ontario"
"ZHEM-FR4G-5L0N","Refunded","5/19/2026","7:16 PM","America/Toronto","","true","389474","emma.hendriksen7@gmail.com","Emma Hendriksen","","382306","michellejcallander@gmail.com","Michelle Callandar","No Show Charge","14687","14689","489143084327","no-show-fee-penalty-fees-498","","","Penalty Fees","","","Refunded","5/20/2026","CAD","-1","-20.00","-20.00","-2.60","-22.60","Mastercard","E-Commerce","London","Ontario"
"JZMQ-CK6S-5L0N","Refunded","5/19/2026","7:16 PM","America/Toronto","","true","358471","brooklynblt18@gmail.com","Brooklyn McLeod","","382306","michellejcallander@gmail.com","Michelle Callandar","No Show Charge","14687","14689","489143084327","no-show-fee-penalty-fees-498","","","Penalty Fees","","","Refunded","5/20/2026","CAD","-1","-20.00","-20.00","-2.60","-22.60","Mastercard","E-Commerce","London","Ontario"
"NFZ4-S9YD-5L0N","Refunded","5/19/2026","7:16 PM","America/Toronto","","true","399021","alexgandza@gmail.com","Alexandra Gandza","","382306","michellejcallander@gmail.com","Michelle Callandar","No Show Charge","14687","14689","489143084327","no-show-fee-penalty-fees-498","","","Penalty Fees","","","Refunded","5/20/2026","CAD","-1","-20.00","-20.00","-2.60","-22.60","American Express","E-Commerce","London","Ontario"
"4WEH-GBSJ-5L0N","Refunded","5/19/2026","7:16 PM","America/Toronto","","true","394438","cuteminiji@gmail.com","Sylvia Chong","","382306","michellejcallander@gmail.com","Michelle Callandar","No Show Charge","14687","14689","489143084327","no-show-fee-penalty-fees-498","","","Penalty Fees","","","Refunded","5/20/2026","CAD","-1","-20.00","-20.00","-2.60","-22.60","Visa","E-Commerce","London","Ontario"
"V7BR-A5QW-5L0N","Refunded","5/19/2026","7:16 PM","America/Toronto","","true","379697","jiyoonchoi.22@gmail.com","Jiyoon CHOI","","382306","michellejcallander@gmail.com","Michelle Callandar","No Show Charge","14687","14689","489143084327","no-show-fee-penalty-fees-498","","","Penalty Fees","","","Refunded","5/20/2026","CAD","-1","-20.00","-20.00","-2.60","-22.60","Visa","E-Commerce","London","Ontario"
"EAP8-W9ET-5L0O","Completed","5/20/2026","2:15 PM","America/Toronto","","true","366472","yassminibrahim13@gmail.com","Yassmin Ibrahim","","366472","yassminibrahim13@gmail.com","Yassmin Ibrahim","Late Cancel Charge","14688","14690","036981809486","late-cancel-fee-penalty-fees-771","","","Penalty Fees","","","Completed","5/20/2026","CAD","1","15.00","15.00","1.95","16.95","Visa","E-Commerce","London","Ontario"
"PDP3-8SEC-5L0O","Completed","5/20/2026","2:35 PM","America/Toronto","desktop","false","397966","m.griffin565@gmail.com","Megan Griffin","","382306","michellejcallander@gmail.com","Michelle Callandar","Ten Class Card // London","20794","20795","456569691604","ten-class-card-l-credits-104","","","Credits","","","Completed","5/20/2026","CAD","1","100.00","200.00","13.00","113.00","Mastercard","In-Store","London","Ontario"
"TC2A-XDHH-5L0O","Completed","5/20/2026","3:02 PM","America/Toronto","mobile","false","400216","mugunmarion@gmail.com","Marion Mugun","","400216","mugunmarion@gmail.com","Marion Mugun","One Class Card // London","20798","20799","760445337951","one-class-card-l-credits-347","","","Credits","","","Completed","5/20/2026","CAD","1","0.00","25.00","0.00","0.00","No Charge","E-Commerce","London","Ontario"
"Y3RC-U25S-5L0O","Completed","5/20/2026","3:15 PM","America/Toronto","","false","384035","laismeiras@gmail.com","Laís Marques Eiras","","384035","laismeiras@gmail.com","Laís Marques Eiras","Spin-It-Forward // London","20792","20793","964245982422","spin-it-forward--credits-429","","","Credits","","","Completed","5/20/2026","CAD","1","10.00","10.00","1.30","11.30","Visa","E-Commerce","London","Ontario"
"QESD-MYHJ-5L0O","Completed","5/20/2026","3:31 PM","America/Toronto","","false","394135","elaf.th15@gmail.com","Elaf H","","394135","elaf.th15@gmail.com","Elaf H","New Rider Special // London","21051","21052","288040778473","new-rider-specia-memberships-503","","","Memberships","","","Completed","5/20/2026","CAD","1","50.00","50.00","6.50","56.50","Visa","E-Commerce","London","Ontario"
"FWYV-HPSU-5L0O","Completed","5/20/2026","3:37 PM","America/Toronto","","false","399891","lindseybutters@icloud.com","Lindsey Butters","","399891","lindseybutters@icloud.com","Lindsey Butters","2-Week Unlimited Anniversary // London","24947","24948","048368164251","2-week-unlimited-memberships-083","","","Memberships","","","Completed","5/20/2026","CAD","1","50.00","50.00","6.50","56.50","Visa","E-Commerce","London","Ontario"
"6RDB-83BN-5L0O","Completed","5/20/2026","3:40 PM","America/Toronto","","false","398886","sam.spylo18@gmail.com","sam spylo","","398886","sam.spylo18@gmail.com","sam spylo","2-Week Unlimited Anniversary // London","24947","24948","048368164251","2-week-unlimited-memberships-083","","","Memberships","","","Completed","5/20/2026","CAD","1","50.00","50.00","6.50","56.50","Mastercard","E-Commerce","London","Ontario"
"CJN4-3YVB-5L0O","Completed","5/20/2026","3:51 PM","America/Toronto","desktop","false","375897","victoria.reparon@hotmail.com","Victoria Good","","382306","michellejcallander@gmail.com","Michelle Callandar","Ten Class Card // London","20794","20795","456569691604","ten-class-card-l-credits-104","","","Credits","","","Completed","5/20/2026","CAD","1","100.00","200.00","13.00","113.00","Visa","In-Store","London","Ontario"
"J8Z8-Y4WD-5L0O","Completed","5/20/2026","3:54 PM","America/Toronto","desktop","false","367114","holleley.brittany@gmail.com","Brittany Holleley","","382306","michellejcallander@gmail.com","Michelle Callandar","Ten Class Card // London","20794","20795","456569691604","ten-class-card-l-credits-104","","","Credits","","","Completed","5/20/2026","CAD","1","100.00","200.00","13.00","113.00","Mastercard","In-Store","London","Ontario"
"9BT6-5P5V-5L0O","Completed","5/20/2026","3:56 PM","America/Toronto","desktop","false","372259","zoe_ls@yahoo.ca","Zoe Sedgewick","","382306","michellejcallander@gmail.com","Michelle Callandar","Five Class Card // London","20802","20803","488719457552","five-class-card--credits-078","","","Credits","","","Completed","5/20/2026","CAD","1","55.00","110.00","7.15","62.15","American Express","In-Store","London","Ontario"
"9874-V9DC-5L0O","Completed","5/20/2026","4:41 PM","America/Toronto","","false","388167","alexll21@hotmail.com","Alex Leal","","388167","alexll21@hotmail.com","Alex Leal","One Class Card // London","20798","20799","760445337951","one-class-card-l-credits-347","","","Credits","","","Completed","5/20/2026","CAD","2","50.00","50.00","6.50","56.50","Visa","E-Commerce","London","Ontario"
"CAY6-2H5T-5L0O","Completed","5/20/2026","5:09 PM","America/Toronto","mobile","false","400239","lkeating@uwo.ca","leah keating","","400239","lkeating@uwo.ca","leah keating","One Class Card // London","20798","20799","760445337951","one-class-card-l-credits-347","","","Credits","","","Completed","5/20/2026","CAD","1","0.00","25.00","0.00","0.00","No Charge","E-Commerce","London","Ontario"
"ETQZ-8CUZ-5L0O","Completed","5/20/2026","5:15 PM","America/Toronto","","true","358551","tatiepant@yahoo.ca","Tricia Lennon","","358551","tatiepant@yahoo.ca","Tricia Lennon","Late Cancel Charge","14688","14690","036981809486","late-cancel-fee-penalty-fees-771","","","Penalty Fees","","","Completed","5/20/2026","CAD","1","15.00","15.00","1.95","16.95","Visa","E-Commerce","London","Ontario"
"H99Z-DCC5-5L0O","Completed","5/20/2026","5:29 PM","America/Toronto","","false","346660","mfaroo45@uwo.ca","Maria Farooq","","346660","mfaroo45@uwo.ca","Maria Farooq","Spin-It-Forward // London","20792","20793","964245982422","spin-it-forward--credits-429","","","Credits","","","Completed","5/20/2026","CAD","1","10.00","10.00","1.30","11.30","Visa","E-Commerce","London","Ontario"
"6AGG-7SBE-5L0O","Completed","5/20/2026","6:16 PM","America/Toronto","","true","366472","yassminibrahim13@gmail.com","Yassmin Ibrahim","","366472","yassminibrahim13@gmail.com","Yassmin Ibrahim","Late Cancel Charge","14688","14690","036981809486","late-cancel-fee-penalty-fees-771","","","Penalty Fees","","","Completed","5/20/2026","CAD","1","15.00","15.00","1.95","16.95","Visa","E-Commerce","London","Ontario"
"5RST-43M7-5L0O","Completed","5/20/2026","7:37 PM","America/Toronto","","false","347250","seojinsaje0701@gmail.com","Soy Lee","","347250","seojinsaje0701@gmail.com","Soy Lee","2-Week Unlimited Anniversary // London","24947","24948","048368164251","2-week-unlimited-memberships-083","","","Memberships","","","Completed","5/20/2026","CAD","1","50.00","50.00","6.50","56.50","Visa","E-Commerce","London","Ontario"
"G482-M9VD-5L0P","Completed","5/20/2026","8:21 PM","America/Toronto","","false","400278","mburridge12@icloud.com","Meghan Burridge","","400278","mburridge12@icloud.com","Meghan Burridge","One Class Card // London","20798","20799","760445337951","one-class-card-l-credits-347","","","Credits","","","Completed","5/20/2026","CAD","1","25.00","25.00","3.25","28.25","Visa","E-Commerce","London","Ontario"
"B4NR-U6KM-5L0P","Completed","5/20/2026","8:40 PM","America/Toronto","","false","400285","isabelle.hicks09@gmail.com","Isabelle Hicks","","400285","isabelle.hicks09@gmail.com","Isabelle Hicks","Spin-It-Forward // London","20792","20793","964245982422","spin-it-forward--credits-429","","","Credits","","","Completed","5/20/2026","CAD","1","10.00","10.00","1.30","11.30","Visa","E-Commerce","London","Ontario"
"FD8K-MZGP-5L0P","Completed","5/20/2026","8:54 PM","America/Toronto","desktop","false","319732","shanahan.keeghan@gmail.com","Keeghan Shanahan","","302740","rawat.dhriti@gmail.com","Dhriti Rawat","Private Ride 3 // London","21742","21743","052115613456","private-ride-3-l-credits-507","","","Credits","","","Completed","5/20/2026","CAD","1","410.00","550.00","53.30","463.30","Visa","In-Store","London","Ontario"
"NG67-KVXC-5L0P","Completed","5/20/2026","10:49 PM","America/Toronto","mobile","false","400302","rskowron@uwo.ca","Rhea Skowronski","","400302","rskowron@uwo.ca","Rhea Skowronski","One Class Card // London","20798","20799","760445337951","one-class-card-l-credits-347","","","Credits","","","Completed","5/20/2026","CAD","1","0.00","25.00","0.00","0.00","No Charge","E-Commerce","London","Ontario"
"3WJM-HZAF-5L0P","Completed","5/20/2026","11:15 PM","America/Toronto","","true","355286","karimakaiyum@gmail.com","Karima Kaiyum","","355286","karimakaiyum@gmail.com","Karima Kaiyum","Late Cancel Charge","14688","14690","036981809486","late-cancel-fee-penalty-fees-771","","","Penalty Fees","","","Completed","5/20/2026","CAD","1","15.00","15.00","1.95","16.95","Mastercard","E-Commerce","London","Ontario"
"XYGV-R66S-5L0P","Completed","5/21/2026","12:16 AM","America/Toronto","","true","376096","naosimpson12@gmail.com","Naomi Simpson","","376096","naosimpson12@gmail.com","Naomi Simpson","Late Cancel Charge","14688","14690","036981809486","late-cancel-fee-penalty-fees-771","","","Penalty Fees","","","Completed","5/21/2026","CAD","1","15.00","15.00","1.95","16.95","Visa","E-Commerce","London","Ontario"
"4ZRM-YKNU-5L0P","Completed","5/21/2026","12:24 AM","America/Toronto","","true","349672","aafletcha@outlook.com","Amanda Fletcher","","349672","aafletcha@outlook.com","Amanda Fletcher","4x Monthly Membership // London *GRANDFATHERED","20838","20839","545622520223","4-classes-month--memberships-721","","","Memberships","","","Completed","5/21/2026","CAD","1","80.00","80.00","10.40","90.40","Visa","E-Commerce","London","Ontario"
"98HQ-BHBT-5L0P","Completed","5/21/2026","12:24 AM","America/Toronto","","true","370426","hshorting@gmail.com","Haley Shorting","","370426","hshorting@gmail.com","Haley Shorting","8x Membership // London · BLACK FRIDAY 2025","22632","22633","364334411422","8x-membership-lo-memberships-289","","","Memberships","","","Completed","5/21/2026","CAD","1","140.00","140.00","18.20","158.20","Visa","E-Commerce","London","Ontario"
"NTHG-GSHS-5L0P","Completed","5/21/2026","6:41 AM","America/Toronto","","false","388518","payton222@hotmail.com","Payton Pugh","","388518","payton222@hotmail.com","Payton Pugh","2-Week Unlimited Anniversary // London","24947","24948","048368164251","2-week-unlimited-memberships-083","","","Memberships","","","Completed","5/21/2026","CAD","1","50.00","50.00","6.50","56.50","Visa","E-Commerce","London","Ontario"
"4CW7-NGCC-5L0P","Completed","5/21/2026","7:16 AM","America/Toronto","","true","363395","derek@cardy.ca","Derek Cardy","","363395","derek@cardy.ca","Derek Cardy","Late Cancel Charge","14688","14690","036981809486","late-cancel-fee-penalty-fees-771","","","Penalty Fees","","","Completed","5/21/2026","CAD","1","15.00","15.00","1.95","16.95","Visa","E-Commerce","London","Ontario"
"KFAV-BVNV-5L0P","Completed","5/21/2026","7:21 AM","America/Toronto","","false","400317","daltonn334@gmail.com","Niamh Dalton","","400317","daltonn334@gmail.com","Niamh Dalton","One Class Card // London","20798","20799","760445337951","one-class-card-l-credits-347","","","Credits","","","Completed","5/21/2026","CAD","1","25.00","25.00","3.25","28.25","Visa","E-Commerce","London","Ontario"
"3XK7-JD6H-5L0P","Completed","5/21/2026","7:23 AM","America/Toronto","","false","400318","shelby.hepburn@hotmail.com","Shelby Hepburn","","400318","shelby.hepburn@hotmail.com","Shelby Hepburn","Mom's Night Out // London","25242","25243","014702979887","moms-night-out-l-credits-837","","","Credits","","","Completed","5/21/2026","CAD","1","15.00","15.00","1.95","16.95","Mastercard","E-Commerce","London","Ontario"
"FYFF-ZB3M-5L0P","Completed","5/21/2026","8:16 AM","America/Toronto","","true","363395","derek@cardy.ca","Derek Cardy","","363395","derek@cardy.ca","Derek Cardy","No Show Charge","14687","14689","489143084327","no-show-fee-penalty-fees-498","","","Penalty Fees","","","Completed","5/21/2026","CAD","1","20.00","20.00","2.60","22.60","Visa","E-Commerce","London","Ontario"
"BPV6-UMMT-5L0P","Completed","5/21/2026","8:57 AM","America/Toronto","","false","400289","veronicacoburn@outlook.com","Veronica Coburn","","400289","veronicacoburn@outlook.com","Veronica Coburn","Mom's Night Out // London","25242","25243","014702979887","moms-night-out-l-credits-837","","","Credits","","","Completed","5/21/2026","CAD","1","15.00","15.00","1.95","16.95","Visa","E-Commerce","London","Ontario"
"SERG-6PT7-5L0P","Completed","5/21/2026","9:14 AM","America/Toronto","unknown","false","400326","lauravergara01@gmail.com","Laura vergara","","400326","lauravergara01@gmail.com","Laura vergara","One Class Card // London","20798","20799","760445337951","one-class-card-l-credits-347","","","Credits","","","Completed","5/21/2026","CAD","1","0.00","25.00","0.00","0.00","No Charge","E-Commerce","London","Ontario"
"BWCV-JW2C-5L0P","Completed","5/21/2026","10:33 AM","America/Toronto","","false","367114","holleley.brittany@gmail.com","Brittany Holleley","","367114","holleley.brittany@gmail.com","Brittany Holleley","Spin-It-Forward // London","20792","20793","964245982422","spin-it-forward--credits-429","","","Credits","","","Completed","5/21/2026","CAD","1","10.00","10.00","1.30","11.30","Mastercard","E-Commerce","London","Ontario"
"UYEW-82GP-5L0P","Completed","5/21/2026","11:16 AM","America/Toronto","","true","347195","lviner@hotmail.com","Laura Viner","","347195","lviner@hotmail.com","Laura Viner","Late Cancel Charge","14688","14690","036981809486","late-cancel-fee-penalty-fees-771","","","Penalty Fees","","","Completed","5/21/2026","CAD","1","15.00","15.00","1.95","16.95","Mastercard","E-Commerce","London","Ontario"
"XN6V-EDE5-5L0P","Completed","5/21/2026","11:57 AM","America/Toronto","","false","368088","emma.calcutt5@gmail.com","Emma Calcutt","","368088","emma.calcutt5@gmail.com","Emma Calcutt","Spin-It-Forward // London","20792","20793","964245982422","spin-it-forward--credits-429","","","Credits","","","Completed","5/21/2026","CAD","1","10.00","10.00","1.30","11.30","Visa","E-Commerce","London","Ontario"
"F8AK-FFJB-5L0P","Completed","5/21/2026","12:32 PM","America/Toronto","","false","370560","dhriti.vp@gmail.com","Dhriti Patel","","370560","dhriti.vp@gmail.com","Dhriti Patel","2-Week Unlimited Anniversary // London","24947","24948","048368164251","2-week-unlimited-memberships-083","","","Memberships","","","Completed","5/21/2026","CAD","1","50.00","50.00","6.50","56.50","Visa","E-Commerce","London","Ontario"
"XNFP-5GXF-5L0P","Completed","5/21/2026","12:54 PM","America/Toronto","mobile","false","400352","sydney.breddy@gmail.com","Sydney Breddy","","400352","sydney.breddy@gmail.com","Sydney Breddy","One Class Card // London","20798","20799","760445337951","one-class-card-l-credits-347","","","Credits","","","Completed","5/21/2026","CAD","1","0.00","25.00","0.00","0.00","No Charge","E-Commerce","London","Ontario"
"H94W-AKDP-5L0P","Completed","5/21/2026","1:03 PM","America/Toronto","","false","221062","areeba.syed54@gmail.com","Areeba Syed","","221062","areeba.syed54@gmail.com","Areeba Syed","2-Week Unlimited Anniversary // London","24947","24948","048368164251","2-week-unlimited-memberships-083","","","Memberships","","","Completed","5/21/2026","CAD","1","50.00","50.00","6.50","56.50","American Express","E-Commerce","London","Ontario"
"5CWR-2EE4-5L0G","Refunded","5/12/2026","5:00 PM","America/Toronto","","false","399123","victoriadariano@outlook.com","Victoria D'Ariano","","71878","k.rothwell@spinco.ca","Kira Rothwell","Mom's Night Out // London","25242","25243","014702979887","moms-night-out-l-credits-837","","","Credits","","","Refunded","5/21/2026","CAD","-1","-15.00","-15.00","-1.95","-16.95","Visa","E-Commerce","London","Ontario"
"N8SS-X78F-5L0P","Completed","5/21/2026","4:45 PM","America/Toronto","","false","351170","hufkes@uwo.ca","Holly Ufkes","","351170","hufkes@uwo.ca","Holly Ufkes","2-Week Unlimited Anniversary // London","24947","24948","048368164251","2-week-unlimited-memberships-083","","","Memberships","","","Completed","5/21/2026","CAD","1","50.00","50.00","6.50","56.50","Visa","E-Commerce","London","Ontario"
"EAE3-WQTZ-5L0P","Completed","5/21/2026","4:47 PM","America/Toronto","","false","346921","allie_mcbride1@hotmail.com","Allie McBride","","346921","allie_mcbride1@hotmail.com","Allie McBride","2-Week Unlimited Anniversary // London","24947","24948","048368164251","2-week-unlimited-memberships-083","","","Memberships","","","Completed","5/21/2026","CAD","1","50.00","50.00","6.50","56.50","Visa","E-Commerce","London","Ontario"
"GP8B-3VE5-5L0P","Completed","5/21/2026","5:20 PM","America/Toronto","","false","399857","marciagaria@hotmail.com","Maria Garcia Matiz","","399857","marciagaria@hotmail.com","Maria Garcia Matiz","One Class Card // London","20798","20799","760445337951","one-class-card-l-credits-347","","","Credits","","","Completed","5/21/2026","CAD","1","25.00","25.00","3.25","28.25","Visa","E-Commerce","London","Ontario"
"S9JE-7FST-5L0P","Completed","5/21/2026","7:08 PM","America/Toronto","","false","378742","itslatashacromwell@gmail.com","Latasha Cromwell","","378742","itslatashacromwell@gmail.com","Latasha Cromwell","2-Week Unlimited Anniversary // London","24947","24948","048368164251","2-week-unlimited-memberships-083","","","Memberships","","","Completed","5/21/2026","CAD","1","50.00","50.00","6.50","56.50","Visa","E-Commerce","London","Ontario"
"DPGN-DBXC-5L0P","Completed","5/21/2026","7:23 PM","America/Toronto","","false","380354","kenndall-ba@hotmail.com","Kenndall Skowronski","","380354","kenndall-ba@hotmail.com","Kenndall Skowronski","2-Week Unlimited Anniversary // London","24947","24948","048368164251","2-week-unlimited-memberships-083","","","Memberships","","","Completed","5/21/2026","CAD","1","50.00","50.00","6.50","56.50","Visa","E-Commerce","London","Ontario"
"NZDG-C8WJ-5L0Q","Completed","5/21/2026","8:05 PM","America/Toronto","","false","381623","lydia.beth.taylor@gmail.com","Lydia Taylor","","381623","lydia.beth.taylor@gmail.com","Lydia Taylor","2-Week Unlimited Anniversary // London","24947","24948","048368164251","2-week-unlimited-memberships-083","","","Memberships","","","Completed","5/21/2026","CAD","1","50.00","50.00","6.50","56.50","Visa","E-Commerce","London","Ontario"
"383T-CV93-5L0Q","Completed","5/21/2026","8:28 PM","America/Toronto","mobile","false","400437","angborja15@hotmail.com","Angie Borja","","400437","angborja15@hotmail.com","Angie Borja","One Class Card // London","20798","20799","760445337951","one-class-card-l-credits-347","","","Credits","","","Completed","5/21/2026","CAD","1","0.00","25.00","0.00","0.00","No Charge","E-Commerce","London","Ontario"
"9H2S-EJM2-5L0Q","Completed","5/21/2026","9:14 PM","America/Toronto","","false","377088","amelia.baileyy8@gmail.com","Amelia Bailey","","377088","amelia.baileyy8@gmail.com","Amelia Bailey","2-Week Unlimited Anniversary // London","24947","24948","048368164251","2-week-unlimited-memberships-083","","","Memberships","","","Completed","5/21/2026","CAD","1","50.00","50.00","6.50","56.50","Mastercard","E-Commerce","London","Ontario"
"6G8D-Q4P4-5L0Q","Completed","5/21/2026","9:23 PM","America/Toronto","","false","388191","ee_busch@outlook.com","Emma Busch","","388191","ee_busch@outlook.com","Emma Busch","One Class Card // London","20798","20799","760445337951","one-class-card-l-credits-347","","","Credits","","","Completed","5/21/2026","CAD","1","25.00","25.00","3.25","28.25","Visa","E-Commerce","London","Ontario"
"2EDW-FZV8-5L0Q","Completed","5/21/2026","11:17 PM","America/Toronto","","false","201623","blisscreations.kw@gmail.com","Shupi ✨ Mapuranga","","201623","blisscreations.kw@gmail.com","Shupi ✨ Mapuranga","2-Week Unlimited Anniversary // London","24947","24948","048368164251","2-week-unlimited-memberships-083","","","Memberships","","","Completed","5/21/2026","CAD","1","50.00","50.00","6.50","56.50","Visa","E-Commerce","London","Ontario"
"2TAM-GY4R-5L0Q","Completed","5/22/2026","12:23 AM","America/Toronto","","true","348502","dmlinare@uwo.ca","Daniella Mlinarevic","","348502","dmlinare@uwo.ca","Daniella Mlinarevic","Unlimited Membership // London","21995","21996","447442561003","unlimited-member-memberships-867","","","Memberships","","","Completed","5/22/2026","CAD","1","200.00","200.00","26.00","226.00","Mastercard","E-Commerce","London","Ontario"
"BGA3-6EPA-5L0Q","Completed","5/22/2026","12:23 AM","America/Toronto","","true","342216","kacie_allana@hotmail.com","Kacie Fraser","","342216","kacie_allana@hotmail.com","Kacie Fraser","4x Membership // Barrie · 10% PRE-SALE","20866","20867","780524050667","4x-monthly-membe-memberships-755","","","Memberships","","","Completed","5/22/2026","CAD","1","0.00","0.00","0.00","0.00","No Charge","E-Commerce","London","Ontario"
"73PF-EUZW-5L0Q","Completed","5/22/2026","12:23 AM","America/Toronto","","true","321409","juliaalfi@hotmail.com","Julia Alfieri","","321409","juliaalfi@hotmail.com","Julia Alfieri","8x Membership // London · BLACK FRIDAY 2025","22632","22633","364334411422","8x-membership-lo-memberships-289","","","Memberships","","","Completed","5/22/2026","CAD","1","140.00","140.00","18.20","158.20","Mastercard","E-Commerce","London","Ontario"
"8TRB-Y4TY-5L0Q","Completed","5/22/2026","12:23 AM","America/Toronto","","true","354124","mnmeddoui@gmail.com","Mariam Meddoui","","354124","mnmeddoui@gmail.com","Mariam Meddoui","Staff Membership // London","20830","20831","898235312897","staff-membership-memberships-735","","","Memberships","","","Completed","5/22/2026","CAD","1","0.00","0.00","0.00","0.00","No Charge","E-Commerce","London","Ontario"
"RNSE-JSKU-5L0Q","Completed","5/22/2026","12:47 AM","America/Toronto","","false","400454","jen.leroy12@gmail.com","Jen Mundt","","400454","jen.leroy12@gmail.com","Jen Mundt","Spin-It-Forward // London","20792","20793","964245982422","spin-it-forward--credits-429","","","Credits","","","Completed","5/22/2026","CAD","1","10.00","10.00","1.30","11.30","Visa","E-Commerce","London","Ontario"
"MDUX-HGBG-5L0Q","Completed","5/22/2026","1:04 AM","America/Toronto","","false","248354","aarron.weinstein@gmail.com","Aarron Weinstein","","248354","aarron.weinstein@gmail.com","Aarron Weinstein","Five Class Card // London","20802","20803","488719457552","five-class-card--credits-078","","","Credits","","","Completed","5/22/2026","CAD","1","93.50","110.00","12.16","105.66","Visa","E-Commerce","London","Ontario"
"9XQV-CBPX-5L0Q","Refunded","5/22/2026","4:16 AM","America/Toronto","","true","346927","narellehesler@gmail.com","Narelle Hesler","","346927","narellehesler@gmail.com","Narelle Hesler","Late Cancel Charge","14688","14690","036981809486","late-cancel-fee-penalty-fees-771","","","Penalty Fees","","","Completed","5/22/2026","CAD","1","15.00","15.00","1.95","16.95","Mastercard","E-Commerce","London","Ontario"
"GJ7D-QM3X-5L0Q","Completed","5/22/2026","6:15 AM","America/Toronto","","true","351338","lyndsayfitzgeorge@gmail.com","Lyndsay Fitzgeorge","","351338","lyndsayfitzgeorge@gmail.com","Lyndsay Fitzgeorge","Late Cancel Charge","14688","14690","036981809486","late-cancel-fee-penalty-fees-771","","","Penalty Fees","","","Completed","5/22/2026","CAD","1","15.00","15.00","1.95","16.95","Mastercard","E-Commerce","London","Ontario"
"9XQV-CBPX-5L0Q","Refunded","5/22/2026","4:16 AM","America/Toronto","","true","346927","narellehesler@gmail.com","Narelle Hesler","","71878","k.rothwell@spinco.ca","Kira Rothwell","Late Cancel Charge","14688","14690","036981809486","late-cancel-fee-penalty-fees-771","","","Penalty Fees","","","Refunded","5/22/2026","CAD","-1","-15.00","-15.00","-1.95","-16.95","Mastercard","E-Commerce","London","Ontario"
"TQYE-T852-5L0Q","Completed","5/22/2026","8:58 AM","America/Toronto","","false","400460","kaitlynmurray@hotmail.com","Kaitlyn Murray","","400460","kaitlynmurray@hotmail.com","Kaitlyn Murray","Spin-It-Forward // London","20792","20793","964245982422","spin-it-forward--credits-429","","","Credits","","","Completed","5/22/2026","CAD","1","10.00","10.00","1.30","11.30","Visa","E-Commerce","London","Ontario"
"WZP3-SWZS-5L0Q","Completed","5/22/2026","9:16 AM","America/Toronto","","true","355393","kayansultan21@gmail.com","Kayan Sultan","","355393","kayansultan21@gmail.com","Kayan Sultan","Late Cancel Charge","14688","14690","036981809486","late-cancel-fee-penalty-fees-771","","","Penalty Fees","","","Completed","5/22/2026","CAD","1","15.00","15.00","1.95","16.95","Mastercard","E-Commerce","London","Ontario"
"KF4S-6CBU-5L0Q","Completed","5/22/2026","10:09 AM","America/Toronto","","false","400471","clarke.shannon13@gmail.com","Shannon Van Heck","","400471","clarke.shannon13@gmail.com","Shannon Van Heck","Mom's Night Out // London","25242","25243","014702979887","moms-night-out-l-credits-837","","","Credits","","","Completed","5/22/2026","CAD","1","15.00","15.00","1.95","16.95","Mastercard","E-Commerce","London","Ontario"
"3B8M-48YK-5L0Q","Completed","5/22/2026","10:49 AM","America/Toronto","","false","400478","chelseamleci@gmail.con","Chelsea Leci","","400478","chelseamleci@gmail.con","Chelsea Leci","Mom's Night Out // London","25242","25243","014702979887","moms-night-out-l-credits-837","","","Credits","","","Completed","5/22/2026","CAD","1","15.00","15.00","1.95","16.95","Visa","E-Commerce","London","Ontario"
"6FDB-W6BP-5L0Q","Completed","5/22/2026","1:22 PM","America/Toronto","","false","381011","trang.pham@sjhospicelondon.com","Trang Pham","","381011","trang.pham@sjhospicelondon.com","Trang Pham","Spin-It-Forward // London","20792","20793","964245982422","spin-it-forward--credits-429","","","Credits","","","Completed","5/22/2026","CAD","1","10.00","10.00","1.30","11.30","Visa","E-Commerce","London","Ontario"
"8VP9-TY4J-5L0Q","Completed","5/22/2026","3:33 PM","America/Toronto","mobile","false","336569","ericalo1300channel@gmail.com","Erica Lo","","336569","ericalo1300channel@gmail.com","Erica Lo","Five Class Card // London","20802","20803","488719457552","five-class-card--credits-078","","","Credits","","","Completed","5/22/2026","CAD","1","93.50","110.00","12.16","105.66","Visa","E-Commerce","London","Ontario"
"2HKT-YMKH-5L0Q","Completed","5/22/2026","3:56 PM","America/Toronto","","false","215569","josiecorby@icloud.com","Josie Corby","","215569","josiecorby@icloud.com","Josie Corby","2-Week Unlimited Anniversary // London","24947","24948","048368164251","2-week-unlimited-memberships-083","","","Memberships","","","Completed","5/22/2026","CAD","1","50.00","50.00","6.50","56.50","Visa","E-Commerce","London","Ontario"
"J67D-JREQ-5L0Q","Completed","5/22/2026","4:35 PM","America/Toronto","","false","371170","mawdsleytaylor@gmail.com","Taylor Mawdsley","","371170","mawdsleytaylor@gmail.com","Taylor Mawdsley","2-Week Unlimited Anniversary // London","24947","24948","048368164251","2-week-unlimited-memberships-083","","","Memberships","","","Completed","5/22/2026","CAD","1","50.00","50.00","6.50","56.50","Visa","E-Commerce","London","Ontario"
"94SR-G423-5L0Q","Completed","5/22/2026","5:15 PM","America/Toronto","","true","399916","saradarling37@gmail.com","Sara Darling","","399916","saradarling37@gmail.com","Sara Darling","No Show Charge","14687","14689","489143084327","no-show-fee-penalty-fees-498","","","Penalty Fees","","","Completed","5/22/2026","CAD","1","20.00","20.00","2.60","22.60","Visa","E-Commerce","London","Ontario"
"EP69-MJM4-5L0Q","Completed","5/22/2026","5:47 PM","America/Toronto","","false","400278","mburridge12@icloud.com","Meghan Burridge","","400278","mburridge12@icloud.com","Meghan Burridge","One Class Card // London","20798","20799","760445337951","one-class-card-l-credits-347","","","Credits","","","Completed","5/22/2026","CAD","1","25.00","25.00","3.25","28.25","Visa","E-Commerce","London","Ontario"
"5CW7-UV3D-5L0Q","Completed","5/22/2026","6:00 PM","America/Toronto","","false","378469","npillai6@uwo.ca","Nishita Pillai","","378469","npillai6@uwo.ca","Nishita Pillai","One Class Card // London","20798","20799","760445337951","one-class-card-l-credits-347","","","Credits","","","Completed","5/22/2026","CAD","1","25.00","25.00","3.25","28.25","Visa","E-Commerce","London","Ontario"
"GYCM-Z6P9-5L0Q","Completed","5/22/2026","7:28 PM","America/Toronto","","false","400529","sallyeo157@gmail.com","Sally Eo","","400529","sallyeo157@gmail.com","Sally Eo","New Rider Special // London","21051","21052","288040778473","new-rider-specia-memberships-503","","","Memberships","","","Completed","5/22/2026","CAD","1","50.00","50.00","6.50","56.50","American Express","E-Commerce","London","Ontario"
"U5TJ-GZVJ-5L0R","Completed","5/23/2026","12:24 AM","America/Toronto","","true","263358","ellagrenier13@gmail.com","Ella Grenier","","263358","ellagrenier13@gmail.com","Ella Grenier","8x Monthly Membership // 10% OFF PRE-SALE (London)","20864","20865","581083306841","8x-monthly-membe-memberships-014","","","Memberships","","","Completed","5/23/2026","CAD","1","150.00","150.00","19.50","169.50","Visa","E-Commerce","London","Ontario"
"U6RY-SF9A-5L0R","Completed","5/23/2026","12:24 AM","America/Toronto","","true","311771","alexrosewatt@outlook.com","Alex Watt","","311771","alexrosewatt@outlook.com","Alex Watt","Unlimited Monthly Membership // London *GRANDFATHERED","20834","20835","254627090190","unlimited-classe-memberships-530","","","Memberships","","","Completed","5/23/2026","CAD","1","200.00","200.00","26.00","226.00","Visa","E-Commerce","London","Ontario"
"HVKE-ERG2-5L0R","Completed","5/23/2026","12:24 AM","America/Toronto","","true","348678","hurstmarissa9@gmail.com","Marissa Hurst","","348678","hurstmarissa9@gmail.com","Marissa Hurst","Unlimited Membership // London · BLACK FRIDAY 2025","22630","22631","712442897099","unlimited-member-memberships-584","","","Memberships","","","Completed","5/23/2026","CAD","1","180.00","180.00","23.40","203.40","Visa","E-Commerce","London","Ontario"
"FD9B-FKUU-5L0R","Completed","5/23/2026","12:25 AM","America/Toronto","","false","369187","alexmorrison785@gmail.com","Alex Morrison","","369187","alexmorrison785@gmail.com","Alex Morrison","Spin-It-Forward // London","20792","20793","964245982422","spin-it-forward--credits-429","","","Credits","","","Completed","5/23/2026","CAD","1","10.00","10.00","1.30","11.30","Visa","E-Commerce","London","Ontario"
"PZAS-3DVN-5L0R","Completed","5/23/2026","7:16 AM","America/Toronto","","true","391623","sthomson@tlscv.com","Stephanie Thomson","","391623","sthomson@tlscv.com","Stephanie Thomson","Late Cancel Charge","14688","14690","036981809486","late-cancel-fee-penalty-fees-771","","","Penalty Fees","","","Completed","5/23/2026","CAD","1","15.00","15.00","1.95","16.95","Visa","E-Commerce","London","Ontario"
"8V3T-CJ9B-5L0R","Completed","5/23/2026","8:16 AM","America/Toronto","","true","398693","belangera4@outlook.com","Angelique Belanger","","398693","belangera4@outlook.com","Angelique Belanger","Late Cancel Charge","14688","14690","036981809486","late-cancel-fee-penalty-fees-771","","","Penalty Fees","","","Completed","5/23/2026","CAD","1","15.00","15.00","1.95","16.95","Visa","E-Commerce","London","Ontario"
"UX8W-K6XM-5L0R","Completed","5/23/2026","8:16 AM","America/Toronto","","true","363395","derek@cardy.ca","Derek Cardy","","363395","derek@cardy.ca","Derek Cardy","No Show Charge","14687","14689","489143084327","no-show-fee-penalty-fees-498","","","Penalty Fees","","","Completed","5/23/2026","CAD","1","20.00","20.00","2.60","22.60","Visa","E-Commerce","London","Ontario"
"TJCZ-TD3U-5L0R","Completed","5/23/2026","8:34 AM","America/Toronto","","false","400561","alexamsmith3@gmail.com","Alexa Smith","","400561","alexamsmith3@gmail.com","Alexa Smith","2-Week Unlimited Anniversary // London","24947","24948","048368164251","2-week-unlimited-memberships-083","","","Memberships","","","Completed","5/23/2026","CAD","1","50.00","50.00","6.50","56.50","Mastercard","E-Commerce","London","Ontario"
"8XSN-XQX2-5L0R","Completed","5/23/2026","8:59 AM","America/Toronto","desktop","false","352111","amanda_tedford@hotmail.com","Amanda Tedford","","346927","narellehesler@gmail.com","Narelle Hesler","SPINCO Water","19657","19658","469973764933","spinco-water-water-914","","","Water","Arctic Chiller","","Completed","5/23/2026","CAD","1","2.50","2.50","0.33","2.83","Visa","In-Store","London","Ontario"
"UJPF-H75N-5L0R","Completed","5/23/2026","9:02 AM","America/Toronto","desktop","false","348175","samin.baraka@gmail.com","Seyedeh-Samin Barakati","","347301","london@spinco.ca","SPINCO London","Coffee // London","23655","23656","087239269521","coffee-london-food-and-beverag-851","","","Food and Beverage","","","Completed","5/23/2026","CAD","1","1.50","1.50","0.20","1.70","Visa","In-Store","London","Ontario"
"7NDD-44BB-5L0R","Completed","5/23/2026","9:04 AM","America/Toronto","desktop","false","363395","derek@cardy.ca","Derek Cardy","","346927","narellehesler@gmail.com","Narelle Hesler","Coffee // London","23655","23656","087239269521","coffee-london-food-and-beverag-851","","","Food and Beverage","","","Completed","5/23/2026","CAD","1","1.50","1.50","0.20","1.70","Visa","In-Store","London","Ontario"
"FS73-JRHC-5L0R","Completed","5/23/2026","9:16 AM","America/Toronto","","true","358551","tatiepant@yahoo.ca","Tricia Lennon","","358551","tatiepant@yahoo.ca","Tricia Lennon","Late Cancel Charge","14688","14690","036981809486","late-cancel-fee-penalty-fees-771","","","Penalty Fees","","","Completed","5/23/2026","CAD","1","15.00","15.00","1.95","16.95","Visa","E-Commerce","London","Ontario"
"VUVA-56UU-5L0R","Completed","5/23/2026","9:16 AM","America/Toronto","","true","351338","lyndsayfitzgeorge@gmail.com","Lyndsay Fitzgeorge","","351338","lyndsayfitzgeorge@gmail.com","Lyndsay Fitzgeorge","No Show Charge","14687","14689","489143084327","no-show-fee-penalty-fees-498","","","Penalty Fees","","","Completed","5/23/2026","CAD","1","20.00","20.00","2.60","22.60","Mastercard","E-Commerce","London","Ontario"
"WHME-XFRE-5L0R","Completed","5/23/2026","10:09 AM","America/Toronto","desktop","false","379323","jenemke@gmail.com","Jen Emke","","346927","narellehesler@gmail.com","Narelle Hesler","SPINCO Water","19657","19658","469973764933","spinco-water-water-914","","","Water","Arctic Chiller","","Completed","5/23/2026","CAD","1","2.50","2.50","0.33","2.83","Mastercard","In-Store","London","Ontario"
"CXP4-Q37H-5L0R","Completed","5/23/2026","10:17 AM","America/Toronto","","true","360304","sabreenksukhija@icloud.com","Sabreen Kaur Sukhija","","360304","sabreenksukhija@icloud.com","Sabreen Kaur Sukhija","No Show Charge","14687","14689","489143084327","no-show-fee-penalty-fees-498","","","Penalty Fees","","","Completed","5/23/2026","CAD","1","20.00","20.00","2.60","22.60","Visa","E-Commerce","London","Ontario"
"8YFH-8GDH-5L0R","Completed","5/23/2026","10:19 AM","America/Toronto","","false","370939","corrindavis@hotmail.com","Corrin McLean","","370939","corrindavis@hotmail.com","Corrin McLean","2-Week Unlimited Anniversary // London","24947","24948","048368164251","2-week-unlimited-memberships-083","","","Memberships","","","Completed","5/23/2026","CAD","1","50.00","50.00","6.50","56.50","Visa","E-Commerce","London","Ontario"
"R7VK-55X5-5L0R","Completed","5/23/2026","4:33 PM","America/Toronto","","false","400603","savannahsearle414@gmail.com","Sav Searle","","400603","savannahsearle414@gmail.com","Sav Searle","New Rider Special // London","21051","21052","288040778473","new-rider-specia-memberships-503","","","Memberships","","","Completed","5/23/2026","CAD","1","50.00","50.00","6.50","56.50","Visa","E-Commerce","London","Ontario"
"7R7V-XQ7N-5L0R","Completed","5/23/2026","5:01 PM","America/Toronto","","false","400605","aphroditepodonis@gmail.com","Aphrodite Podonis","","400605","aphroditepodonis@gmail.com","Aphrodite Podonis","One Class Card // London","20798","20799","760445337951","one-class-card-l-credits-347","","","Credits","","","Completed","5/23/2026","CAD","1","25.00","25.00","3.25","28.25","Visa","E-Commerce","London","Ontario"
"4MSK-RPQ6-5L0R","Completed","5/23/2026","5:06 PM","America/Toronto","","false","391532","inkostt@gmail.com","Irene Kostakos","","391532","inkostt@gmail.com","Irene Kostakos","2-Week Unlimited Anniversary // London","24947","24948","048368164251","2-week-unlimited-memberships-083","","","Memberships","","","Completed","5/23/2026","CAD","1","50.00","50.00","6.50","56.50","Visa","E-Commerce","London","Ontario"
"Z66N-KRJV-5L0R","Completed","5/23/2026","5:41 PM","America/Toronto","","false","369187","alexmorrison785@gmail.com","Alex Morrison","","369187","alexmorrison785@gmail.com","Alex Morrison","One Class Card // London","20798","20799","760445337951","one-class-card-l-credits-347","","","Credits","","","Completed","5/23/2026","CAD","1","25.00","25.00","3.25","28.25","Visa","E-Commerce","London","Ontario"
"2GMT-U8FY-5L0S","Completed","5/23/2026","10:24 PM","America/Toronto","desktop","false","400629","dafaallafaris@gmail.com","Faris Dafaalla","","400629","dafaallafaris@gmail.com","Faris Dafaalla","One Class Card // London","20798","20799","760445337951","one-class-card-l-credits-347","","","Credits","","","Completed","5/23/2026","CAD","1","0.00","25.00","0.00","0.00","No Charge","E-Commerce","London","Ontario"
"STYN-UF2B-5L0S","Completed","5/23/2026","10:42 PM","America/Toronto","","false","379478","l.megs15@gmail.com","Megi Lika","","379478","l.megs15@gmail.com","Megi Lika","Spin-It-Forward // London","20792","20793","964245982422","spin-it-forward--credits-429","","","Credits","","","Completed","5/23/2026","CAD","1","10.00","10.00","1.30","11.30","Visa","E-Commerce","London","Ontario"
"FW6N-A4QX-5L0S","Completed","5/23/2026","10:43 PM","America/Toronto","","false","379478","l.megs15@gmail.com","Megi Lika","","379478","l.megs15@gmail.com","Megi Lika","Spin-It-Forward // London","20792","20793","964245982422","spin-it-forward--credits-429","","","Credits","","","Completed","5/23/2026","CAD","1","10.00","10.00","1.30","11.30","Visa","E-Commerce","London","Ontario"
"DZC6-A9UK-5L0S","Completed","5/23/2026","10:47 PM","America/Toronto","","false","379478","l.megs15@gmail.com","Megi Lika","","379478","l.megs15@gmail.com","Megi Lika","Spin-It-Forward // London","20792","20793","964245982422","spin-it-forward--credits-429","","","Credits","","","Completed","5/23/2026","CAD","1","10.00","10.00","1.30","11.30","Visa","E-Commerce","London","Ontario"
"B4H7-TM6Q-5L0S","Completed","5/24/2026","12:23 AM","America/Toronto","","true","298876","noel.wright63@gmail.com","Noel Wright","","298876","noel.wright63@gmail.com","Noel Wright","8x Membership // London","21997","21998","667327189404","8x-membership-lo-memberships-656","","","Memberships","","","Completed","5/24/2026","CAD","1","150.00","150.00","19.50","169.50","Visa","E-Commerce","London","Ontario"
"6YXR-BXC7-5L0S","Completed","5/24/2026","12:23 AM","America/Toronto","","true","372287","cienna.michelle@gmail.com","Cienna Good","","372287","cienna.michelle@gmail.com","Cienna Good","Unlimited Membership // London","21995","21996","447442561003","unlimited-member-memberships-867","","","Memberships","","","Completed","5/24/2026","CAD","1","200.00","200.00","26.00","226.00","Visa","E-Commerce","London","Ontario"
"VRCR-GRTW-5L0S","Completed","5/24/2026","12:23 AM","America/Toronto","","true","362060","saraelizabethds@gmail.com","Sara Da Silva","","362060","saraelizabethds@gmail.com","Sara Da Silva","4x Membership // London","21999","22000","216300284773","4x-membership-lo-memberships-280","","","Memberships","","","Completed","5/24/2026","CAD","1","80.00","80.00","10.40","90.40","Visa","E-Commerce","London","Ontario"
"6S49-JH4Z-5L0S","Completed","5/24/2026","12:23 AM","America/Toronto","","true","358618","hooraesteph@gmail.com","Stephanie Rae","","358618","hooraesteph@gmail.com","Stephanie Rae","4x Monthly Membership // London *GRANDFATHERED","20838","20839","545622520223","4-classes-month--memberships-721","","","Memberships","","","Completed","5/24/2026","CAD","1","80.00","80.00","10.40","90.40","Visa","E-Commerce","London","Ontario"
"PUEU-G2GT-5L0S","Completed","5/24/2026","12:23 AM","America/Toronto","","true","214210","aileenzhang1022@gmail.com","Aileen Zhang","","214210","aileenzhang1022@gmail.com","Aileen Zhang","Staff Membership // London","20830","20831","898235312897","staff-membership-memberships-735","","","Memberships","","","Completed","5/24/2026","CAD","1","0.00","0.00","0.00","0.00","No Charge","E-Commerce","London","Ontario"
"AEHT-ZNFK-5L0S","Completed","5/24/2026","12:23 AM","America/Toronto","","true","352243","npitchell@hotmail.com","Natalie Pitchell","","352243","npitchell@hotmail.com","Natalie Pitchell","Unlimited Membership // London · BLACK FRIDAY 2025","22630","22631","712442897099","unlimited-member-memberships-584","","","Memberships","","","Completed","5/24/2026","CAD","1","180.00","180.00","23.40","203.40","Visa","E-Commerce","London","Ontario"
"ZYB6-DF4E-5L0S","Completed","5/24/2026","12:23 AM","America/Toronto","","true","366627","carissamercedes@hotmail.com","Carissa Crysler","","366627","carissamercedes@hotmail.com","Carissa Crysler","8x Membership // London · BLACK FRIDAY 2025","22632","22633","364334411422","8x-membership-lo-memberships-289","","","Memberships","","","Completed","5/24/2026","CAD","1","140.00","140.00","18.20","158.20","Visa","E-Commerce","London","Ontario"
"3FZT-B5RR-5L0S","Completed","5/24/2026","12:23 AM","America/Toronto","","true","347430","justine.dequartel@outlook.com","Justine DeQuartel","","347430","justine.dequartel@outlook.com","Justine DeQuartel","4x Membership // London","21999","22000","216300284773","4x-membership-lo-memberships-280","","","Memberships","","","Completed","5/24/2026","CAD","1","80.00","80.00","10.40","90.40","Visa","E-Commerce","London","Ontario"
"XPEX-D2WW-5L0S","Completed","5/24/2026","3:00 AM","America/Toronto","","false","400638","pauline_som@hotmail.com","Pauline Som","","400638","pauline_som@hotmail.com","Pauline Som","Spin-It-Forward // London","20792","20793","964245982422","spin-it-forward--credits-429","","","Credits","","","Completed","5/24/2026","CAD","1","10.00","10.00","1.30","11.30","Visa","E-Commerce","London","Ontario"
"RW7S-KTVW-5L0S","Completed","5/24/2026","3:15 AM","America/Toronto","","true","346619","efinlay10@yahoo.com","Emily Finlay","","346619","efinlay10@yahoo.com","Emily Finlay","Late Cancel Charge","14688","14690","036981809486","late-cancel-fee-penalty-fees-771","","","Penalty Fees","","","Completed","5/24/2026","CAD","1","15.00","15.00","1.95","16.95","Visa","E-Commerce","London","Ontario"
"BWA3-8ZMU-5L0S","Completed","5/24/2026","5:16 AM","America/Toronto","","false","398989","carliedanielle@gmail.com","Carlie Hepburn","","398989","carliedanielle@gmail.com","Carlie Hepburn","Spin-It-Forward // London","20792","20793","964245982422","spin-it-forward--credits-429","","","Credits","","","Completed","5/24/2026","CAD","1","10.00","10.00","1.30","11.30","Visa","E-Commerce","London","Ontario"
"JBGW-FKV7-5L0S","Completed","5/24/2026","8:51 AM","America/Toronto","desktop","false","354079","jessica.campbell@rogers.com","Jessica Campbell","","346927","narellehesler@gmail.com","Narelle Hesler","SPINCO Water","19657","19658","469973764933","spinco-water-water-914","","","Water","Arctic Chiller","","Completed","5/24/2026","CAD","1","2.50","2.50","0.33","2.83","Visa","In-Store","London","Ontario"
"RNTC-TMZV-5L0S","Completed","5/24/2026","9:16 AM","America/Toronto","","true","368532","bowden1818@gmail.com","Paul Bowden","","368532","bowden1818@gmail.com","Paul Bowden","Late Cancel Charge","14688","14690","036981809486","late-cancel-fee-penalty-fees-771","","","Penalty Fees","","","Completed","5/24/2026","CAD","1","15.00","15.00","1.95","16.95","Visa","E-Commerce","London","Ontario"
"DVYJ-S67V-5L0S","Completed","5/24/2026","10:16 AM","America/Toronto","","true","367983","jasionowskaolivia@gmail.com","Olivia Jasionowska","","367983","jasionowskaolivia@gmail.com","Olivia Jasionowska","Late Cancel Charge","14688","14690","036981809486","late-cancel-fee-penalty-fees-771","","","Penalty Fees","","","Completed","5/24/2026","CAD","1","15.00","15.00","1.95","16.95","Visa","E-Commerce","London","Ontario"
"GJXV-3RTV-5L0S","Completed","5/24/2026","10:16 AM","America/Toronto","","true","358551","tatiepant@yahoo.ca","Tricia Lennon","","358551","tatiepant@yahoo.ca","Tricia Lennon","Late Cancel Charge","14688","14690","036981809486","late-cancel-fee-penalty-fees-771","","","Penalty Fees","","","Completed","5/24/2026","CAD","1","15.00","15.00","1.95","16.95","Visa","E-Commerce","London","Ontario"
"DXBS-6QQS-5L0S","Completed","5/24/2026","11:12 AM","America/Toronto","","false","376208","kt.james@live.com","Katie James","","376208","kt.james@live.com","Katie James","2-Week Unlimited Anniversary // London","24947","24948","048368164251","2-week-unlimited-memberships-083","","","Memberships","","","Completed","5/24/2026","CAD","1","50.00","50.00","6.50","56.50","Mastercard","E-Commerce","London","Ontario"
"JWK9-7RC4-5L0S","Completed","5/24/2026","11:16 AM","America/Toronto","","true","390982","christinenbere@hotmail.com","Christine Bere","","390982","christinenbere@hotmail.com","Christine Bere","No Show Charge","14687","14689","489143084327","no-show-fee-penalty-fees-498","","","Penalty Fees","","","Completed","5/24/2026","CAD","1","20.00","20.00","2.60","22.60","Mastercard","E-Commerce","London","Ontario"
"B7UX-W4SH-5L0S","Completed","5/24/2026","11:47 AM","America/Toronto","","false","400662","chanelallen89@yahoo.com","Chanel Allen","","400662","chanelallen89@yahoo.com","Chanel Allen","2-Week Unlimited Anniversary // London","24947","24948","048368164251","2-week-unlimited-memberships-083","","","Memberships","","","Completed","5/24/2026","CAD","1","50.00","50.00","6.50","56.50","Visa","E-Commerce","London","Ontario"
"59MD-A4N5-5L0S","Completed","5/24/2026","11:54 AM","America/Toronto","desktop","false","378557","ryanpatrickdaluyen@gmail.com","Ryan Daluyen","","346927","narellehesler@gmail.com","Narelle Hesler","Coffee // London","23655","23656","087239269521","coffee-london-food-and-beverag-851","","","Food and Beverage","","","Completed","5/24/2026","CAD","1","1.50","1.50","0.20","1.70","Mastercard","In-Store","London","Ontario"
"45G8-9DSW-5L0S","Completed","5/24/2026","1:46 PM","America/Toronto","","false","366331","malakosman100@gmail.com","Malak Osman","","366331","malakosman100@gmail.com","Malak Osman","2-Week Unlimited Anniversary // London","24947","24948","048368164251","2-week-unlimited-memberships-083","","","Memberships","","","Completed","5/24/2026","CAD","1","50.00","50.00","6.50","56.50","Visa","E-Commerce","London","Ontario"
"PQY4-T4Y2-5L0S","Completed","5/24/2026","2:03 PM","America/Toronto","","false","390386","kylegroenen@gmail.com","Kyle Groenenberg","","390386","kylegroenen@gmail.com","Kyle Groenenberg","One Class Card // London","20798","20799","760445337951","one-class-card-l-credits-347","","","Credits","","","Completed","5/24/2026","CAD","1","25.00","25.00","3.25","28.25","Visa","E-Commerce","London","Ontario"
"HYUM-HXTW-5L0S","Completed","5/24/2026","2:08 PM","America/Toronto","","false","337863","swebsterr@icloud.com","Sarah Webster","","337863","swebsterr@icloud.com","Sarah Webster","Five Class Card // London","20802","20803","488719457552","five-class-card--credits-078","","","Credits","","","Completed","5/24/2026","CAD","1","93.50","110.00","12.16","105.66","Visa","E-Commerce","London","Ontario"
"Z45K-B4GP-5L0S","Completed","5/24/2026","2:09 PM","America/Toronto","","false","337863","swebsterr@icloud.com","Sarah Webster","","337863","swebsterr@icloud.com","Sarah Webster","One Class Card // London","20798","20799","760445337951","one-class-card-l-credits-347","","","Credits","","","Completed","5/24/2026","CAD","1","25.00","25.00","3.25","28.25","Visa","E-Commerce","London","Ontario"
"SSRV-THH8-5L0S","Completed","5/24/2026","2:58 PM","America/Toronto","mobile","false","400675","katherine.rogers@hotmail.ca","Katherine Rogers","","400675","katherine.rogers@hotmail.ca","Katherine Rogers","One Class Card // London","20798","20799","760445337951","one-class-card-l-credits-347","","","Credits","","","Completed","5/24/2026","CAD","1","0.00","25.00","0.00","0.00","No Charge","E-Commerce","London","Ontario"
"9N33-KZQG-5L0S","Completed","5/24/2026","3:54 PM","America/Toronto","desktop","false","398608","ally.dance.kay@hotmail.com","Allyson Kay","","71878","k.rothwell@spinco.ca","Kira Rothwell","Ten Class Card // London","20794","20795","456569691604","ten-class-card-l-credits-104","","","Credits","","","Completed","5/24/2026","CAD","1","100.00","200.00","13.00","113.00","Visa","In-Store","London","Ontario"
"Q82N-5WCU-5L0S","Completed","5/24/2026","4:07 PM","America/Toronto","","false","400681","jkjuliaklassen@yahoo.ca","Julia Turnbull","","400681","jkjuliaklassen@yahoo.ca","Julia Turnbull","Mom's Night Out // London","25242","25243","014702979887","moms-night-out-l-credits-837","","","Credits","","","Completed","5/24/2026","CAD","1","15.00","15.00","1.95","16.95","Visa","E-Commerce","London","Ontario"
"MJ36-93BK-5L0S","Completed","5/24/2026","4:11 PM","America/Toronto","","false","381011","trang.pham@sjhospicelondon.com","Trang Pham","","381011","trang.pham@sjhospicelondon.com","Trang Pham","Spin-It-Forward // London","20792","20793","964245982422","spin-it-forward--credits-429","","","Credits","","","Completed","5/24/2026","CAD","1","10.00","10.00","1.30","11.30","Visa","E-Commerce","London","Ontario"
"95YB-MK8W-5L0S","Completed","5/24/2026","4:35 PM","America/Toronto","mobile","false","400683","travis.tuszynski@gmail.com","Travis Tuszynski","","400683","travis.tuszynski@gmail.com","Travis Tuszynski","One Class Card // London","20798","20799","760445337951","one-class-card-l-credits-347","","","Credits","","","Completed","5/24/2026","CAD","1","0.00","25.00","0.00","0.00","No Charge","E-Commerce","London","Ontario"
"H4BA-CAJD-5L0S","Completed","5/24/2026","4:39 PM","America/Toronto","","false","399679","christina-d@live.ca","Christina Davies","","399679","christina-d@live.ca","Christina Davies","Spin-It-Forward // London","20792","20793","964245982422","spin-it-forward--credits-429","","","Credits","","","Completed","5/24/2026","CAD","1","10.00","10.00","1.30","11.30","Visa","E-Commerce","London","Ontario"
"2GFS-ZF66-5L0S","Completed","5/24/2026","4:44 PM","America/Toronto","","false","400686","matt.a.d.gallant@gmail.com","Matthew Gallant","","400686","matt.a.d.gallant@gmail.com","Matthew Gallant","Spin-It-Forward // London","20792","20793","964245982422","spin-it-forward--credits-429","","","Credits","","","Completed","5/24/2026","CAD","1","10.00","10.00","1.30","11.30","Visa","E-Commerce","London","Ontario"
"4WHV-YSAY-5L0S","Completed","5/24/2026","4:56 PM","America/Toronto","","false","201961","micsparringa@icloud.com","Michaela Sparringa","","201961","micsparringa@icloud.com","Michaela Sparringa","Spin-It-Forward // London","20792","20793","964245982422","spin-it-forward--credits-429","","","Credits","","","Completed","5/24/2026","CAD","2","20.00","20.00","2.60","22.60","Visa","E-Commerce","London","Ontario"
"263K-QMXS-5L0S","Completed","5/24/2026","5:11 PM","America/Toronto","","false","353425","katelynelisetodd@gmail.com","Katie Todd","","353425","katelynelisetodd@gmail.com","Katie Todd","2-Week Unlimited Anniversary // London","24947","24948","048368164251","2-week-unlimited-memberships-083","","","Memberships","","","Completed","5/24/2026","CAD","1","50.00","50.00","6.50","56.50","Mastercard","E-Commerce","London","Ontario"
"HUY4-XEN7-5L0S","Completed","5/24/2026","6:34 PM","America/Toronto","","false","398513","heba_h1026@hotmail.com","Heba Hamou","","398513","heba_h1026@hotmail.com","Heba Hamou","2-Week Unlimited Anniversary // London","24947","24948","048368164251","2-week-unlimited-memberships-083","","","Memberships","","","Completed","5/24/2026","CAD","1","50.00","50.00","6.50","56.50","Visa","E-Commerce","London","Ontario"
"2AB3-N2VX-5L0S","Completed","5/24/2026","7:21 PM","America/Toronto","desktop","false","384207","margarethall24@hotmail.com","Margaret Hall","","71878","k.rothwell@spinco.ca","Kira Rothwell","Five Class Card // London","20802","20803","488719457552","five-class-card--credits-078","","","Credits","","","Completed","5/24/2026","CAD","1","55.00","110.00","7.15","62.15","Mastercard","In-Store","London","Ontario"
"8ACY-FNRR-5L0T","Completed","5/24/2026","8:02 PM","America/Toronto","","false","362068","janet.cheng@medportal.ca","Janet Cheng","","362068","janet.cheng@medportal.ca","Janet Cheng","2-Week Unlimited Anniversary // London","24947","24948","048368164251","2-week-unlimited-memberships-083","","","Memberships","","","Completed","5/24/2026","CAD","1","50.00","50.00","6.50","56.50","American Express","E-Commerce","London","Ontario"
"NRYA-DS66-5L0T","Completed","5/24/2026","8:16 PM","America/Toronto","","false","400671","erindlewis05@gmail.com","Erin Wilder","","400671","erindlewis05@gmail.com","Erin Wilder","Mom's Night Out // London","25242","25243","014702979887","moms-night-out-l-credits-837","","","Credits","","","Completed","5/24/2026","CAD","1","15.00","15.00","1.95","16.95","Visa","E-Commerce","London","Ontario"
"S5YS-MDXH-5L0T","Completed","5/24/2026","10:21 PM","America/Toronto","","false","393090","averyfeltz47@icloud.com","Avery Feltz","","393090","averyfeltz47@icloud.com","Avery Feltz","One Class Card // London","20798","20799","760445337951","one-class-card-l-credits-347","","","Credits","","","Completed","5/24/2026","CAD","1","25.00","25.00","3.25","28.25","Visa","E-Commerce","London","Ontario"
"283M-KMDB-5L0T","Completed","5/24/2026","11:06 PM","America/Toronto","","false","291833","lucia.santilly@gmail.com","Lucy Santilly","","291833","lucia.santilly@gmail.com","Lucy Santilly","One Class Card // London","20798","20799","760445337951","one-class-card-l-credits-347","","","Credits","","","Completed","5/24/2026","CAD","1","25.00","25.00","3.25","28.25","Visa","E-Commerce","London","Ontario"
"VXMG-MXV7-5L0T","Completed","5/24/2026","11:11 PM","America/Toronto","mobile","false","400723","asha.dlugolecki@yahoo.com","Asha Dlugolecki","","400723","asha.dlugolecki@yahoo.com","Asha Dlugolecki","One Class Card // London","20798","20799","760445337951","one-class-card-l-credits-347","","","Credits","","","Completed","5/24/2026","CAD","1","0.00","25.00","0.00","0.00","No Charge","E-Commerce","London","Ontario"
"U3WJ-HYCX-5L0T","Completed","5/25/2026","12:23 AM","America/Toronto","","true","269457","mglmgl2001@hotmail.ca","Mallory Long","","269457","mglmgl2001@hotmail.ca","Mallory Long","Student Monthly Membership // London","21738","21739","582370867097","student-monthly--memberships-495","","","Memberships","","","Completed","5/25/2026","CAD","1","175.00","175.00","22.75","197.75","Mastercard","E-Commerce","London","Ontario"
"TTPV-GEWA-5L0T","Completed","5/25/2026","12:23 AM","America/Toronto","","true","370084","vivianluu0304@gmail.com","Vivian Luu","","370084","vivianluu0304@gmail.com","Vivian Luu","4x Membership // London","21999","22000","216300284773","4x-membership-lo-memberships-280","","","Memberships","","","Completed","5/25/2026","CAD","1","80.00","80.00","10.40","90.40","Visa","E-Commerce","London","Ontario"
"YTVM-4778-5L0T","Completed","5/25/2026","12:23 AM","America/Toronto","","true","361985","daniellefrancisclarke@gmail.com","Danielle Clarke","","361985","daniellefrancisclarke@gmail.com","Danielle Clarke","Unlimited Membership // London","21995","21996","447442561003","unlimited-member-memberships-867","","","Memberships","","","Completed","5/25/2026","CAD","1","200.00","200.00","26.00","226.00","Visa","E-Commerce","London","Ontario"
"UJ3H-Q4HB-5L0T","Completed","5/25/2026","12:23 AM","America/Toronto","","true","366452","fjonuz@icloud.com","Fatima Jonuzi","","366452","fjonuz@icloud.com","Fatima Jonuzi","Unlimited Membership // London · BLACK FRIDAY 2025","22630","22631","712442897099","unlimited-member-memberships-584","","","Memberships","","","Completed","5/25/2026","CAD","1","180.00","180.00","23.40","203.40","Visa","E-Commerce","London","Ontario"
"2XBM-MHCC-5L0T","Completed","5/25/2026","12:23 AM","America/Toronto","","true","383058","hhoffman0821@gmail.com","Hayley Hoffman","","383058","hhoffman0821@gmail.com","Hayley Hoffman","4x Membership // London","21999","22000","216300284773","4x-membership-lo-memberships-280","","","Memberships","","","Completed","5/25/2026","CAD","1","80.00","80.00","10.40","90.40","Visa","E-Commerce","London","Ontario"
"DTV6-JSK2-5L0T","Completed","5/25/2026","5:17 AM","America/Toronto","","true","350190","ldietz@tlscv.com","Laurie Dietz","","350190","ldietz@tlscv.com","Laurie Dietz","Late Cancel Charge","14688","14690","036981809486","late-cancel-fee-penalty-fees-771","","","Penalty Fees","","","Completed","5/25/2026","CAD","1","15.00","15.00","1.95","16.95","Visa","E-Commerce","London","Ontario"
"7PX6-SRA8-5L0T","Completed","5/25/2026","6:56 AM","America/Toronto","desktop","false","380674","mervebozkurtt.41@gmail.com","Merve Bozkurt","","214210","aileenzhang1022@gmail.com","Aileen Zhang","Coffee // London","23655","23656","087239269521","coffee-london-food-and-beverag-851","","","Food and Beverage","","","Completed","5/25/2026","CAD","1","1.50","1.50","0.20","1.70","Mastercard","In-Store","London","Ontario"
"SXUE-D68H-5L0T","Completed","5/25/2026","6:56 AM","America/Toronto","desktop","false","363395","derek@cardy.ca","Derek Cardy","","214210","aileenzhang1022@gmail.com","Aileen Zhang","Coffee // London","23655","23656","087239269521","coffee-london-food-and-beverag-851","","","Food and Beverage","","","Completed","5/25/2026","CAD","1","1.50","1.50","0.20","1.70","Visa","In-Store","London","Ontario"
"VUTJ-X4K4-5L0T","Completed","5/25/2026","8:01 AM","America/Toronto","","false","397456","juliebarkho@gmail.com","Julie Barkho","","397456","juliebarkho@gmail.com","Julie Barkho","One Class Card // London","20798","20799","760445337951","one-class-card-l-credits-347","","","Credits","","","Completed","5/25/2026","CAD","1","25.00","25.00","3.25","28.25","Visa","E-Commerce","London","Ontario"
"G2KW-G8FU-5L0T","Completed","5/25/2026","8:22 AM","America/Toronto","mobile","false","400738","liammj47@gmail.com","Liam McAlister","","400738","liammj47@gmail.com","Liam McAlister","One Class Card // London","20798","20799","760445337951","one-class-card-l-credits-347","","","Credits","","","Completed","5/25/2026","CAD","1","0.00","25.00","0.00","0.00","No Charge","E-Commerce","London","Ontario"
"DZSQ-X72T-5L0T","Completed","5/25/2026","10:46 AM","America/Toronto","desktop","false","65385","jensentait@rogers.com","Jensen Tait","","382306","michellejcallander@gmail.com","Michelle Callandar","Private Ride 3 // London","21742","21743","052115613456","private-ride-3-l-credits-507","","","Credits","","","Completed","5/25/2026","CAD","1","55.00","550.00","7.15","62.15","Visa","In-Store","London","Ontario"
"32S2-U63T-5L0T","Completed","5/25/2026","12:16 PM","America/Toronto","","true","386928","joannepazdzierz@hotmail.com","Joanne Crandall","","386928","joannepazdzierz@hotmail.com","Joanne Crandall","Late Cancel Charge","14688","14690","036981809486","late-cancel-fee-penalty-fees-771","","","Penalty Fees","","","Completed","5/25/2026","CAD","1","15.00","15.00","1.95","16.95","Visa","E-Commerce","London","Ontario"
"6BA7-YK7T-5L0T","Completed","5/25/2026","12:25 PM","America/Toronto","","false","369574","msavehilaghi99@gmail.com","Max Savehilaghi","","369574","msavehilaghi99@gmail.com","Max Savehilaghi","Spin-It-Forward // London","20792","20793","964245982422","spin-it-forward--credits-429","","","Credits","","","Completed","5/25/2026","CAD","1","10.00","10.00","1.30","11.30","Visa","E-Commerce","London","Ontario"
"RUKD-XJFF-5L0T","Completed","5/25/2026","12:35 PM","America/Toronto","mobile","false","400769","mariojozic7@gmail.com","Mario Jozic","","400769","mariojozic7@gmail.com","Mario Jozic","One Class Card // London","20798","20799","760445337951","one-class-card-l-credits-347","","","Credits","","","Completed","5/25/2026","CAD","1","0.00","25.00","0.00","0.00","No Charge","E-Commerce","London","Ontario"
"46CD-T3ZK-5L0T","Completed","5/25/2026","12:59 PM","America/Toronto","","false","360793","caleighvl@gmail.com","Caleigh van Leenen","","360793","caleighvl@gmail.com","Caleigh van Leenen","One Class Card // London","20798","20799","760445337951","one-class-card-l-credits-347","","","Credits","","","Completed","5/25/2026","CAD","1","25.00","25.00","3.25","28.25","Visa","E-Commerce","London","Ontario"
"DEF3-9DP4-5L0T","Completed","5/25/2026","1:04 PM","America/Toronto","","false","367537","paige.dresser@lhsc.on.ca","Paige Dresser","","367537","paige.dresser@lhsc.on.ca","Paige Dresser","Spin-It-Forward // London","20792","20793","964245982422","spin-it-forward--credits-429","","","Credits","","","Completed","5/25/2026","CAD","1","10.00","10.00","1.30","11.30","Visa","E-Commerce","London","Ontario"
"N5SK-5RRU-5L0T","Completed","5/25/2026","1:04 PM","America/Toronto","","false","368088","emma.calcutt5@gmail.com","Emma Calcutt","","368088","emma.calcutt5@gmail.com","Emma Calcutt","Spin-It-Forward // London","20792","20793","964245982422","spin-it-forward--credits-429","","","Credits","","","Completed","5/25/2026","CAD","1","10.00","10.00","1.30","11.30","Visa","E-Commerce","London","Ontario"
"57R2-V8XN-5L0T","Completed","5/25/2026","1:13 PM","America/Toronto","","false","397456","juliebarkho@gmail.com","Julie Barkho","","397456","juliebarkho@gmail.com","Julie Barkho","Summer Sale 2026 // London: Buy 10, Get 2","25569","25570","740055503739","summer-sale-2026-credits-112","","","Credits","","","Completed","5/25/2026","CAD","1","200.00","200.00","26.00","226.00","Visa","E-Commerce","London","Ontario"
"TX29-WAZX-5L0T","Completed","5/25/2026","1:19 PM","America/Toronto","","false","336217","roxanne.persaud@yahoo.com","Roxanne Persaud","","336217","roxanne.persaud@yahoo.com","Roxanne Persaud","Summer Sale 2026 // London: Buy 10, Get 2","25569","25570","740055503739","summer-sale-2026-credits-112","","","Credits","","","Completed","5/25/2026","CAD","1","200.00","200.00","26.00","226.00","Mastercard","E-Commerce","London","Ontario"
"63EG-H35C-5L0T","Completed","5/25/2026","1:21 PM","America/Toronto","","false","384035","laismeiras@gmail.com","Laís Marques Eiras","","384035","laismeiras@gmail.com","Laís Marques Eiras","Spin-It-Forward // London","20792","20793","964245982422","spin-it-forward--credits-429","","","Credits","","","Completed","5/25/2026","CAD","1","10.00","10.00","1.30","11.30","Visa","E-Commerce","London","Ontario"
"AUVG-ZQVA-5L0T","Completed","5/25/2026","2:13 PM","America/Toronto","","false","358814","samantha.neves7@hotmail.com","Samantha Winslow","","358814","samantha.neves7@hotmail.com","Samantha Winslow","Summer Sale 2026 // London: Buy 10, Get 2","25569","25570","740055503739","summer-sale-2026-credits-112","","","Credits","","","Completed","5/25/2026","CAD","1","200.00","200.00","26.00","226.00","Visa","E-Commerce","London","Ontario"
"ZM3X-VVKX-5L0T","Completed","5/25/2026","2:25 PM","America/Toronto","","false","388518","payton222@hotmail.com","Payton Pugh","","388518","payton222@hotmail.com","Payton Pugh","Spin-It-Forward // London","20792","20793","964245982422","spin-it-forward--credits-429","","","Credits","","","Completed","5/25/2026","CAD","1","10.00","10.00","1.30","11.30","Visa","E-Commerce","London","Ontario"
"EP7K-C4Y8-5L0T","Completed","5/25/2026","2:46 PM","America/Toronto","","false","400792","amomoquin@gmail.com","Amelia Quinonez","","400792","amomoquin@gmail.com","Amelia Quinonez","One Class Card // London","20798","20799","760445337951","one-class-card-l-credits-347","","","Credits","","","Completed","5/25/2026","CAD","1","25.00","25.00","3.25","28.25","Mastercard","E-Commerce","London","Ontario"
"6PRB-GJMR-5L0T","Completed","5/25/2026","3:14 PM","America/Toronto","","false","399416","erinmdowning@outlook.com","Erin Downing","","399416","erinmdowning@outlook.com","Erin Downing","One Class Card // London","20798","20799","760445337951","one-class-card-l-credits-347","","","Credits","","","Completed","5/25/2026","CAD","1","25.00","25.00","3.25","28.25","Mastercard","E-Commerce","London","Ontario"
"R2NY-SG3Q-5L0T","Completed","5/25/2026","3:38 PM","America/Toronto","","false","399416","erinmdowning@outlook.com","Erin Downing","","399416","erinmdowning@outlook.com","Erin Downing","Unlimited Membership // London Summer Sale","25655","25656","961992957372","unlimited-member-memberships-020","","","Memberships","","","Completed","5/25/2026","CAD","1","169.00","169.00","21.97","190.97","Mastercard","E-Commerce","London","Ontario"
"N746-NVPH-5L0T","Completed","5/25/2026","3:56 PM","America/Toronto","","false","343536","jvillen9@uwo.ca","Jenn Villeneuve","","343536","jvillen9@uwo.ca","Jenn Villeneuve","2-Week Unlimited Anniversary // London","24947","24948","048368164251","2-week-unlimited-memberships-083","","","Memberships","","","Completed","5/25/2026","CAD","1","50.00","50.00","6.50","56.50","Visa","E-Commerce","London","Ontario"
"8K6J-G6HN-5L0T","Completed","5/25/2026","5:06 PM","America/Toronto","","false","388811","joelbarwick5@gmail.com","Joel Barwick","","388811","joelbarwick5@gmail.com","Joel Barwick","Spin-It-Forward // London","20792","20793","964245982422","spin-it-forward--credits-429","","","Credits","","","Completed","5/25/2026","CAD","1","10.00","10.00","1.30","11.30","American Express","E-Commerce","London","Ontario"
"D46Q-EWGE-5L0T","Completed","5/25/2026","5:24 PM","America/Toronto","","false","369574","msavehilaghi99@gmail.com","Max Savehilaghi","","369574","msavehilaghi99@gmail.com","Max Savehilaghi","Spin-It-Forward // London","20792","20793","964245982422","spin-it-forward--credits-429","","","Credits","","","Completed","5/25/2026","CAD","1","10.00","10.00","1.30","11.30","Visa","E-Commerce","London","Ontario"
"ZC5A-8AGY-5L0T","Completed","5/25/2026","7:05 PM","America/Toronto","","false","96234","carolinepk20@gmail.com","Caroline Park","","96234","carolinepk20@gmail.com","Caroline Park","Spin-It-Forward // London","20792","20793","964245982422","spin-it-forward--credits-429","","","Credits","","","Completed","5/25/2026","CAD","1","10.00","10.00","1.30","11.30","Visa","E-Commerce","London","Ontario"
"CMVP-T24K-5L0T","Completed","5/25/2026","7:06 PM","America/Toronto","","false","231685","clavioav543@gmail.com","Avery Clavio","","231685","clavioav543@gmail.com","Avery Clavio","Spin-It-Forward // London","20792","20793","964245982422","spin-it-forward--credits-429","","","Credits","","","Completed","5/25/2026","CAD","1","10.00","10.00","1.30","11.30","Visa","E-Commerce","London","Ontario"
"K5BY-W9GK-5L0T","Completed","5/25/2026","7:10 PM","America/Toronto","desktop","false","348678","hurstmarissa9@gmail.com","Marissa Hurst","","347195","lviner@hotmail.com","Laura Viner","Like Like a Cloud Longline Bra","21674","21767","761697899648","like-like-a-clou-clothing-187","Pool Party","6","Clothing","Lululemon","","Completed","5/25/2026","CAD","1","74.00","74.00","9.62","83.62","Visa","In-Store","London","Ontario"
"RVZN-NN5A-5L0T","Completed","5/25/2026","7:59 PM","America/Toronto","","false","389444","angela-green123@outlook.com","Angela Green","","389444","angela-green123@outlook.com","Angela Green","Spin-It-Forward // London","20792","20793","964245982422","spin-it-forward--credits-429","","","Credits","","","Completed","5/25/2026","CAD","1","10.00","10.00","1.30","11.30","Mastercard","E-Commerce","London","Ontario"
"A7A4-6HYR-5L0U","Completed","5/25/2026","8:00 PM","America/Toronto","","false","400840","melanie.reyess@hotmail.com","Melanie Reyes","","400840","melanie.reyess@hotmail.com","Melanie Reyes","Spin-It-Forward // London","20792","20793","964245982422","spin-it-forward--credits-429","","","Credits","","","Completed","5/25/2026","CAD","1","10.00","10.00","1.30","11.30","Visa","E-Commerce","London","Ontario"
"RKSF-4R73-5L0U","Completed","5/25/2026","8:03 PM","America/Toronto","","false","400842","zoe.ri.lin@gmail.com","Zoe Lin","","400842","zoe.ri.lin@gmail.com","Zoe Lin","Spin-It-Forward // London","20792","20793","964245982422","spin-it-forward--credits-429","","","Credits","","","Completed","5/25/2026","CAD","1","10.00","10.00","1.30","11.30","Mastercard","E-Commerce","London","Ontario"
"HSA2-XEYU-5L0U","Completed","5/25/2026","8:05 PM","America/Toronto","","false","400844","jtatlong@uwo.ca","Julianna Tatlongmaria","","400844","jtatlong@uwo.ca","Julianna Tatlongmaria","Spin-It-Forward // London","20792","20793","964245982422","spin-it-forward--credits-429","","","Credits","","","Completed","5/25/2026","CAD","1","10.00","10.00","1.30","11.30","Visa","E-Commerce","London","Ontario"
"BR2C-5P2G-5L0U","Completed","5/25/2026","8:14 PM","America/Toronto","desktop","false","398131","lestrada@uwo.ca","Laura Estrada","","382306","michellejcallander@gmail.com","Michelle Callandar","Private Ride 3 // London","21742","21743","052115613456","private-ride-3-l-credits-507","","","Credits","","","Completed","5/25/2026","CAD","1","395.00","550.00","51.35","446.35","Visa","In-Store","London","Ontario"
"BAPS-YCM6-5L0U","Completed","5/25/2026","9:04 PM","America/Toronto","","false","397606","jords9804@gmail.com","Sarah Jordan","","397606","jords9804@gmail.com","Sarah Jordan","One Class Card // London","20798","20799","760445337951","one-class-card-l-credits-347","","","Credits","","","Completed","5/25/2026","CAD","1","25.00","25.00","3.25","28.25","Visa","E-Commerce","London","Ontario"
"EC2D-J62T-5L0U","Completed","5/25/2026","9:21 PM","America/Toronto","","false","350261","rachel-elizabeth@hotmail.com","Rachel Mason","","350261","rachel-elizabeth@hotmail.com","Rachel Mason","One Class Card // London","20798","20799","760445337951","one-class-card-l-credits-347","","","Credits","","","Completed","5/25/2026","CAD","1","25.00","25.00","3.25","28.25","Mastercard","E-Commerce","London","Ontario"
"JUXN-8HKA-5L0U","Completed","5/25/2026","10:07 PM","America/Toronto","mobile","false","400863","sandritaf43@hotmail.com","Sandra Sanchez","","400863","sandritaf43@hotmail.com","Sandra Sanchez","One Class Card // London","20798","20799","760445337951","one-class-card-l-credits-347","","","Credits","","","Completed","5/25/2026","CAD","2","0.00","50.00","0.00","0.00","No Charge","E-Commerce","London","Ontario"
"67K2-WVZN-5L0U","Completed","5/25/2026","10:36 PM","America/Toronto","","false","218683","jennifervhtran@gmail.com","Jenn 🎀 Tran","ICLS","218683","jennifervhtran@gmail.com","Jenn 🎀 Tran","Summer Sale 2026 // London: Buy 10, Get 2","25569","25570","740055503739","summer-sale-2026-credits-112","","","Credits","","","Completed","5/25/2026","CAD","1","200.00","200.00","26.00","226.00","American Express","E-Commerce","London","Ontario"
"TUVW-J5DV-5L0U","Completed","5/26/2026","12:23 AM","America/Toronto","","true","381837","manshanayyar98@hotmail.com","Mansha Nayyar","","381837","manshanayyar98@hotmail.com","Mansha Nayyar","Unlimited Membership // London","21995","21996","447442561003","unlimited-member-memberships-867","","","Memberships","","","Completed","5/26/2026","CAD","1","200.00","200.00","26.00","226.00","Visa","E-Commerce","London","Ontario"
"MU2U-TCRU-5L0U","Completed","5/26/2026","5:17 AM","America/Toronto","","true","363395","derek@cardy.ca","Derek Cardy","","363395","derek@cardy.ca","Derek Cardy","Late Cancel Charge","14688","14690","036981809486","late-cancel-fee-penalty-fees-771","","","Penalty Fees","","","Completed","5/26/2026","CAD","1","15.00","15.00","1.95","16.95","Visa","E-Commerce","London","Ontario"
"4MA2-YWHP-5L0U","Completed","5/26/2026","6:16 AM","America/Toronto","","true","363395","derek@cardy.ca","Derek Cardy","","363395","derek@cardy.ca","Derek Cardy","Late Cancel Charge","14688","14690","036981809486","late-cancel-fee-penalty-fees-771","","","Penalty Fees","","","Completed","5/26/2026","CAD","1","15.00","15.00","1.95","16.95","Visa","E-Commerce","London","Ontario"
"5TRQ-NTXY-5L0U","Completed","5/26/2026","6:55 AM","America/Toronto","desktop","false","378557","ryanpatrickdaluyen@gmail.com","Ryan Daluyen","","347301","london@spinco.ca","SPINCO London","Coffee // London","23655","23656","087239269521","coffee-london-food-and-beverag-851","","","Food and Beverage","","","Completed","5/26/2026","CAD","1","1.50","1.50","0.20","1.70","Mastercard","In-Store","London","Ontario"
"5ZNW-7S3T-5L0U","Completed","5/26/2026","7:16 AM","America/Toronto","","true","347195","lviner@hotmail.com","Laura Viner","","347195","lviner@hotmail.com","Laura Viner","Late Cancel Charge","14688","14690","036981809486","late-cancel-fee-penalty-fees-771","","","Penalty Fees","","","Completed","5/26/2026","CAD","1","15.00","15.00","1.95","16.95","Mastercard","E-Commerce","London","Ontario"
"6Y3H-VT6E-5L0U","Completed","5/26/2026","7:16 AM","America/Toronto","","true","394810","mariam_ktaily@hotmail.com","Mariam Ktaily","","394810","mariam_ktaily@hotmail.com","Mariam Ktaily","Late Cancel Charge","14688","14690","036981809486","late-cancel-fee-penalty-fees-771","","","Penalty Fees","","","Completed","5/26/2026","CAD","1","15.00","15.00","1.95","16.95","Mastercard","E-Commerce","London","Ontario"
"7DKX-A387-5L0U","Completed","5/26/2026","7:16 AM","America/Toronto","","true","365121","j.pecanac@hotmail.com","Jelena Pecanac","","365121","j.pecanac@hotmail.com","Jelena Pecanac","Late Cancel Charge","14688","14690","036981809486","late-cancel-fee-penalty-fees-771","","","Penalty Fees","","","Completed","5/26/2026","CAD","1","15.00","15.00","1.95","16.95","Mastercard","E-Commerce","London","Ontario"
"KBSD-TC9Z-5L0U","Completed","5/26/2026","7:28 AM","America/Toronto","","false","301035","evelynstann@gmail.com","Evelyn Stan","","301035","evelynstann@gmail.com","Evelyn Stan","One Class Card // London","20798","20799","760445337951","one-class-card-l-credits-347","","","Credits","","","Completed","5/26/2026","CAD","1","25.00","25.00","3.25","28.25","Visa","E-Commerce","London","Ontario"
"BSV4-9ABQ-5L0U","Completed","5/26/2026","10:08 AM","America/Toronto","","false","400888","oddeelstra@gmail.com","Denise Deelstra","","400888","oddeelstra@gmail.com","Denise Deelstra","Five Class Card // London Email Gift Card","20804","20805","996842652895","five-class-card--email-credit-gif-310","","","Email Credit Gift Cards","","","Completed","5/26/2026","CAD","1","110.00","110.00","14.30","124.30","Visa","E-Commerce","London","Ontario"
"QW9H-DP8N-5L0U","Completed","5/26/2026","5:16 PM","America/Toronto","","true","388764","wigginsjuliana@gmail.com","Juliana Wiggins","","388764","wigginsjuliana@gmail.com","Juliana Wiggins","Late Cancel Charge","14688","14690","036981809486","late-cancel-fee-penalty-fees-771","","","Penalty Fees","","","Completed","5/26/2026","CAD","1","15.00","15.00","1.95","16.95","Visa","E-Commerce","London","Ontario"
"XUPG-PD46-5L0U","Completed","5/26/2026","6:07 PM","America/Toronto","","false","355392","nbasmaji@uwo.ca","Noor Basmaji","","355392","nbasmaji@uwo.ca","Noor Basmaji","One Class Card // London","20798","20799","760445337951","one-class-card-l-credits-347","","","Credits","","","Completed","5/26/2026","CAD","1","25.00","25.00","3.25","28.25","Mastercard","E-Commerce","London","Ontario"
"2D68-QG2R-5L0U","Completed","5/26/2026","6:16 PM","America/Toronto","","false","400934","joslynhlawrence@gmail.com","Joslyn Lawrence","","400934","joslynhlawrence@gmail.com","Joslyn Lawrence","Spin-It-Forward // London","20792","20793","964245982422","spin-it-forward--credits-429","","","Credits","","","Completed","5/26/2026","CAD","1","10.00","10.00","1.30","11.30","Mastercard","E-Commerce","London","Ontario"
"C5VJ-P2T8-5L0U","Completed","5/26/2026","6:23 PM","America/Toronto","desktop","false","394476","kaylin.ho@icloud.com","Kaylin Ho","","347301","london@spinco.ca","SPINCO London","SPINCO Water","19657","19658","469973764933","spinco-water-water-914","","","Water","Arctic Chiller","","Completed","5/26/2026","CAD","1","2.50","2.50","0.33","2.83","Visa","In-Store","London","Ontario"
"AF8Y-SC7T-5L0U","Completed","5/26/2026","7:29 PM","America/Toronto","","false","397606","jords9804@gmail.com","Sarah Jordan","","397606","jords9804@gmail.com","Sarah Jordan","One Class Card // London","20798","20799","760445337951","one-class-card-l-credits-347","","","Credits","","","Completed","5/26/2026","CAD","1","25.00","25.00","3.25","28.25","Visa","E-Commerce","London","Ontario"
"T7DW-HFEX-5L0U","Completed","5/26/2026","7:32 PM","America/Toronto","","false","397237","melaniemoo@rogers.com","Melanie Moore","","397237","melaniemoo@rogers.com","Melanie Moore","Unlimited Membership // London Summer Sale","25655","25656","961992957372","unlimited-member-memberships-020","","","Memberships","","","Completed","5/26/2026","CAD","1","169.00","169.00","21.97","190.97","Visa","E-Commerce","London","Ontario"
"DT7Y-2EWS-5L0V","Refunded","5/26/2026","8:15 PM","America/Toronto","","false","384207","margarethall24@hotmail.com","Margaret Hall","","384207","margarethall24@hotmail.com","Margaret Hall","Five Class Card // London","20802","20803","488719457552","five-class-card--credits-078","","","Credits","","","Completed","5/26/2026","CAD","1","110.00","110.00","14.30","124.30","Mastercard","E-Commerce","London","Ontario"
"DT7Y-2EWS-5L0V","Refunded","5/26/2026","8:15 PM","America/Toronto","","false","384207","margarethall24@hotmail.com","Margaret Hall","","382306","michellejcallander@gmail.com","Michelle Callandar","Five Class Card // London","20802","20803","488719457552","five-class-card--credits-078","","","Credits","","","Refunded","5/26/2026","CAD","-1","-110.00","-110.00","-14.30","-124.30","Mastercard","E-Commerce","London","Ontario"
"W8KP-5W2Q-5L0V","Completed","5/26/2026","10:10 PM","America/Toronto","","false","356168","ph.t.tr14@gmail.com","Tracy Pham","","356168","ph.t.tr14@gmail.com","Tracy Pham","Spin-It-Forward // London","20792","20793","964245982422","spin-it-forward--credits-429","","","Credits","","","Completed","5/26/2026","CAD","4","40.00","40.00","5.20","45.20","Visa","E-Commerce","London","Ontario"
"F657-EYYT-5L0V","Completed","5/26/2026","10:30 PM","America/Toronto","","false","384613","maddie.kellerrrr@gmail.com","Maddie Keller","","384613","maddie.kellerrrr@gmail.com","Maddie Keller","Spin-It-Forward // London","20792","20793","964245982422","spin-it-forward--credits-429","","","Credits","","","Completed","5/26/2026","CAD","1","10.00","10.00","1.30","11.30","Mastercard","E-Commerce","London","Ontario"
"JFQV-B6XY-5L0V","Completed","5/26/2026","11:15 PM","America/Toronto","","true","351338","lyndsayfitzgeorge@gmail.com","Lyndsay Fitzgeorge","","351338","lyndsayfitzgeorge@gmail.com","Lyndsay Fitzgeorge","Late Cancel Charge","14688","14690","036981809486","late-cancel-fee-penalty-fees-771","","","Penalty Fees","","","Completed","5/26/2026","CAD","1","15.00","15.00","1.95","16.95","Mastercard","E-Commerce","London","Ontario"
"62TB-ZRFR-5L0V","Completed","5/27/2026","12:22 AM","America/Toronto","","true","381011","trang.pham@sjhospicelondon.com","Trang Pham","","381011","trang.pham@sjhospicelondon.com","Trang Pham","Unlimited Membership // London","21995","21996","447442561003","unlimited-member-memberships-867","","","Memberships","","","Completed","5/27/2026","CAD","1","200.00","200.00","26.00","226.00","Visa","E-Commerce","London","Ontario"
"8PCG-W3UC-5L0V","Completed","5/27/2026","12:22 AM","America/Toronto","","true","320592","s.rothwell@spinco.ca","Stephen Rothwell","","320592","s.rothwell@spinco.ca","Stephen Rothwell","Staff Membership // London","20830","20831","898235312897","staff-membership-memberships-735","","","Memberships","","","Completed","5/27/2026","CAD","1","0.00","0.00","0.00","0.00","No Charge","E-Commerce","London","Ontario"
"QZNP-MWBB-5L0V","Completed","5/27/2026","3:15 AM","America/Toronto","","true","363395","derek@cardy.ca","Derek Cardy","","363395","derek@cardy.ca","Derek Cardy","Late Cancel Charge","14688","14690","036981809486","late-cancel-fee-penalty-fees-771","","","Penalty Fees","","","Completed","5/27/2026","CAD","1","15.00","15.00","1.95","16.95","Visa","E-Commerce","London","Ontario"
"54DE-BSAK-5L0V","Completed","5/27/2026","7:16 AM","America/Toronto","","true","394563","s.channon1996@gmail.com","Symantha Channon","","394563","s.channon1996@gmail.com","Symantha Channon","No Show Charge","14687","14689","489143084327","no-show-fee-penalty-fees-498","","","Penalty Fees","","","Completed","5/27/2026","CAD","1","20.00","20.00","2.60","22.60","Visa","E-Commerce","London","Ontario"
"SC7Q-F8E8-5L0V","Completed","5/27/2026","8:26 AM","America/Toronto","","false","398502","tiarbell05@gmail.com","Tia Bell","","398502","tiarbell05@gmail.com","Tia Bell","4x Membership // London Summer Sale","25653","25654","346308480296","4x-membership-bu-memberships-912","","","Memberships","","","Completed","5/27/2026","CAD","1","69.00","69.00","8.97","77.97","Visa","E-Commerce","London","Ontario"
"UXXM-MXK9-5L0V","Completed","5/27/2026","8:29 AM","America/Toronto","","false","356238","ergoold88@gmail.com","Emma Goold","","356238","ergoold88@gmail.com","Emma Goold","Spin-It-Forward // London","20792","20793","964245982422","spin-it-forward--credits-429","","","Credits","","","Completed","5/27/2026","CAD","1","10.00","10.00","1.30","11.30","Visa","E-Commerce","London","Ontario"
"R98R-VSCA-5L0V","Completed","5/27/2026","9:07 AM","America/Toronto","","false","365383","taifali10@gmail.com","Taif Ali","","365383","taifali10@gmail.com","Taif Ali","One Class Card // London","20798","20799","760445337951","one-class-card-l-credits-347","","","Credits","","","Completed","5/27/2026","CAD","1","25.00","25.00","3.25","28.25","Visa","E-Commerce","London","Ontario"
"B2Q6-S8BG-5L0V","Completed","5/27/2026","11:56 AM","America/Toronto","","false","400536","fra.nko@hotmail.com","Donna Nesbitt","","400536","fra.nko@hotmail.com","Donna Nesbitt","Spin-It-Forward // London","20792","20793","964245982422","spin-it-forward--credits-429","","","Credits","","","Completed","5/27/2026","CAD","1","10.00","10.00","1.30","11.30","Visa","E-Commerce","London","Ontario"
"D548-EQRZ-5L0V","Completed","5/27/2026","12:46 PM","America/Toronto","","false","401012","malik_morrison@hotmail.com","Malik Morrison","","401012","malik_morrison@hotmail.com","Malik Morrison","2-Week Unlimited - London","21065","21066","384754283235","2-week-unlimited-memberships-769","","","Memberships","","","Completed","5/27/2026","CAD","1","50.00","50.00","6.50","56.50","Visa","E-Commerce","London","Ontario"
"XZRA-B3U4-5L0V","Completed","5/27/2026","2:24 PM","America/Toronto","","false","351404","libertad.melendez1@gmail.com","Libertad Melendez","","351404","libertad.melendez1@gmail.com","Libertad Melendez","Spin-It-Forward // London","20792","20793","964245982422","spin-it-forward--credits-429","","","Credits","","","Completed","5/27/2026","CAD","1","10.00","10.00","1.30","11.30","Visa","E-Commerce","London","Ontario"
"S2ZF-Z8QC-5L0V","Completed","5/27/2026","2:38 PM","America/Toronto","","false","353610","charmalt6@gmail.com","Charlotte Maltby","","353610","charmalt6@gmail.com","Charlotte Maltby","Summer Sale 2026 // London: Buy 10, Get 2","25569","25570","740055503739","summer-sale-2026-credits-112","","","Credits","","","Completed","5/27/2026","CAD","1","200.00","200.00","26.00","226.00","Visa","E-Commerce","London","Ontario"
"QA9H-RREB-5L0V","Completed","5/27/2026","3:47 PM","America/Toronto","","false","399611","laurenmichaelis_@hotmail.com","Lauren Michaelis","","399611","laurenmichaelis_@hotmail.com","Lauren Michaelis","Mom's Night Out // London","25242","25243","014702979887","moms-night-out-l-credits-837","","","Credits","","","Completed","5/27/2026","CAD","1","15.00","15.00","1.95","16.95","Visa","E-Commerce","London","Ontario"
"UZKT-K4PE-5L0V","Completed","5/27/2026","3:56 PM","America/Toronto","","false","249109","meganlinaric@hotmail.com","Megan Linaric","","249109","meganlinaric@hotmail.com","Megan Linaric","Spin-It-Forward // London","20792","20793","964245982422","spin-it-forward--credits-429","","","Credits","","","Completed","5/27/2026","CAD","1","10.00","10.00","1.30","11.30","Visa","E-Commerce","London","Ontario"
"85U6-8UCY-5L0V","Completed","5/27/2026","5:38 PM","America/Toronto","","false","401036","bloomssweetsboutique@gmail.com","Agiola Muslimi","","401036","bloomssweetsboutique@gmail.com","Agiola Muslimi","Mom's Night Out // London","25242","25243","014702979887","moms-night-out-l-credits-837","","","Credits","","","Completed","5/27/2026","CAD","1","15.00","15.00","1.95","16.95","Mastercard","E-Commerce","London","Ontario"
"PM3Q-CJ49-5L0V","Completed","5/27/2026","7:57 PM","America/Toronto","desktop","false","319732","shanahan.keeghan@gmail.com","Keeghan Shanahan","","347301","london@spinco.ca","SPINCO London","Private Ride 3 // London","21742","21743","052115613456","private-ride-3-l-credits-507","","","Credits","","","Completed","5/27/2026","CAD","1","410.00","550.00","53.30","463.30","Visa","In-Store","London","Ontario"
"KGCZ-9B9S-5L0W","Completed","5/27/2026","9:11 PM","America/Toronto","","false","384555","kyleighmcclennan@gmail.com","Kyleigh McClennan","","384555","kyleighmcclennan@gmail.com","Kyleigh McClennan","Summer Sale 2026 // London: Buy 10, Get 2","25569","25570","740055503739","summer-sale-2026-credits-112","","","Credits","","","Completed","5/27/2026","CAD","1","200.00","200.00","26.00","226.00","Visa","E-Commerce","London","Ontario"
"27E2-KHWE-5L0W","Completed","5/27/2026","10:16 PM","America/Toronto","","true","399288","ldongsd01@gmail.com","Lucy Dong","","399288","ldongsd01@gmail.com","Lucy Dong","Late Cancel Charge","14688","14690","036981809486","late-cancel-fee-penalty-fees-771","","","Penalty Fees","","","Completed","5/27/2026","CAD","1","15.00","15.00","1.95","16.95","Visa","E-Commerce","London","Ontario"
"CF73-NE79-5L0W","Completed","5/27/2026","10:17 PM","America/Toronto","","false","349222","julianoel143@gmail.com","Julia Noël","","349222","julianoel143@gmail.com","Julia Noël","2-Week Unlimited Anniversary // London","24947","24948","048368164251","2-week-unlimited-memberships-083","","","Memberships","","","Completed","5/27/2026","CAD","1","50.00","50.00","6.50","56.50","Visa","E-Commerce","London","Ontario"
"39EG-MQVN-5L0W","Completed","5/27/2026","11:23 PM","America/Toronto","mobile","false","401073","dalalomaralk85@gmail.com","Dalal Mohammed","","401073","dalalomaralk85@gmail.com","Dalal Mohammed","One Class Card // London","20798","20799","760445337951","one-class-card-l-credits-347","","","Credits","","","Completed","5/27/2026","CAD","1","0.00","25.00","0.00","0.00","No Charge","E-Commerce","London","Ontario"
"TN8T-5VFW-5L0W","Completed","5/28/2026","12:24 AM","America/Toronto","","true","198298","npattathil@qmed.ca","Nivy Pattathil","","198298","npattathil@qmed.ca","Nivy Pattathil","8x Membership // London","21997","21998","667327189404","8x-membership-lo-memberships-656","","","Memberships","","","Completed","5/28/2026","CAD","1","150.00","150.00","19.50","169.50","American Express","E-Commerce","London","Ontario"
"RTRW-V6XR-5L0W","Completed","5/28/2026","12:24 AM","America/Toronto","","true","353984","amerkel3@uwo.ca","Allie Merkel","","353984","amerkel3@uwo.ca","Allie Merkel","4x Membership // London","21999","22000","216300284773","4x-membership-lo-memberships-280","","","Memberships","","","Completed","5/28/2026","CAD","1","68.00","80.00","8.84","76.84","Mastercard","E-Commerce","London","Ontario"
"JVG7-VKQY-5L0W","Completed","5/28/2026","12:24 AM","America/Toronto","","true","381345","yektamahdi57@gmail.com","Yekta Mahdi","","381345","yektamahdi57@gmail.com","Yekta Mahdi","8x Membership // London","21997","21998","667327189404","8x-membership-lo-memberships-656","","","Memberships","","","Completed","5/28/2026","CAD","1","127.50","150.00","16.58","144.08","Visa","E-Commerce","London","Ontario"
"ZFEC-DRY5-5L0W","Completed","5/28/2026","1:15 AM","America/Toronto","","true","391532","inkostt@gmail.com","Irene Kostakos","","391532","inkostt@gmail.com","Irene Kostakos","Late Cancel Charge","14688","14690","036981809486","late-cancel-fee-penalty-fees-771","","","Penalty Fees","","","Completed","5/28/2026","CAD","1","15.00","15.00","1.95","16.95","Visa","E-Commerce","London","Ontario"
"M49K-B7J6-5L0W","Completed","5/28/2026","6:57 AM","America/Toronto","desktop","false","363395","derek@cardy.ca","Derek Cardy","","343368","kelseyvandewetering@gmail.com","Kelsey Vandewetering","Coffee // London","23655","23656","087239269521","coffee-london-food-and-beverag-851","","","Food and Beverage","","","Completed","5/28/2026","CAD","1","1.50","1.50","0.20","1.70","Visa","In-Store","London","Ontario"
"N2B4-2DXQ-5L0W","Completed","5/28/2026","7:05 AM","America/Toronto","","false","348678","hurstmarissa9@gmail.com","Marissa Hurst","","348678","hurstmarissa9@gmail.com","Marissa Hurst","Spin-It-Forward // London","20792","20793","964245982422","spin-it-forward--credits-429","","","Credits","","","Completed","5/28/2026","CAD","1","10.00","10.00","1.30","11.30","Visa","E-Commerce","London","Ontario"
"ZKPS-H4AY-5L0W","Completed","5/28/2026","7:19 AM","America/Toronto","","true","394563","s.channon1996@gmail.com","Symantha Channon","","394563","s.channon1996@gmail.com","Symantha Channon","No Show Charge","14687","14689","489143084327","no-show-fee-penalty-fees-498","","","Penalty Fees","","","Completed","5/28/2026","CAD","1","20.00","20.00","2.60","22.60","Visa","E-Commerce","London","Ontario"
"6FZG-Q7CE-5L0W","Completed","5/28/2026","7:34 AM","America/Toronto","","false","401027","nataliehertzman@gmail.com","Natalie hertzman","","401027","nataliehertzman@gmail.com","Natalie hertzman","Spin-It-Forward // London","20792","20793","964245982422","spin-it-forward--credits-429","","","Credits","","","Completed","5/28/2026","CAD","2","20.00","20.00","2.60","22.60","Visa","E-Commerce","London","Ontario"
"ESA2-W4FG-5L0W","Completed","5/28/2026","8:22 AM","America/Toronto","","false","364946","cainheather@hotmail.com","Heather McMillan","","364946","cainheather@hotmail.com","Heather McMillan","Mom's Night Out // London","25242","25243","014702979887","moms-night-out-l-credits-837","","","Credits","","","Completed","5/28/2026","CAD","1","15.00","15.00","1.95","16.95","Mastercard","E-Commerce","London","Ontario"
"G6ZF-W7NZ-5L0W","Completed","5/28/2026","8:37 AM","America/Toronto","","false","112024","valeriem000@gmail.com","valerie molina","","112024","valeriem000@gmail.com","valerie molina","Summer Sale 2026 // London: Buy 5, Get 1","25575","25576","822399337239","summer-sale-2026-credits-320","","","Credits","","","Completed","5/28/2026","CAD","1","110.00","110.00","14.30","124.30","Visa","E-Commerce","London","Ontario"
"G4WA-6Q46-5L0W","Completed","5/28/2026","9:29 AM","America/Toronto","","false","400707","bisherkan3an@gmail.com","Bisher Kanan","","400707","bisherkan3an@gmail.com","Bisher Kanan","Five Class Card // London Email Gift Card","20804","20805","996842652895","five-class-card--email-credit-gif-310","","","Email Credit Gift Cards","","","Completed","5/28/2026","CAD","1","110.00","110.00","14.30","124.30","Visa","E-Commerce","London","Ontario"
"9Y4T-PUPG-5L0W","Completed","5/28/2026","9:49 AM","America/Toronto","","false","228458","bryandowd30@gmail.com","Bryan Dowd","","228458","bryandowd30@gmail.com","Bryan Dowd","Five Class Card // London","20802","20803","488719457552","five-class-card--credits-078","","","Credits","","","Completed","5/28/2026","CAD","1","110.00","110.00","14.30","124.30","Visa","E-Commerce","London","Ontario"
"G7WS-AD9Q-5L0W","Completed","5/28/2026","9:59 AM","America/Toronto","","false","383437","jasmineezze10@gmail.com","Jasmine Ezzedine","","383437","jasmineezze10@gmail.com","Jasmine Ezzedine","New Rider Special // London","21051","21052","288040778473","new-rider-specia-memberships-503","","","Memberships","","","Completed","5/28/2026","CAD","1","50.00","50.00","6.50","56.50","Visa","E-Commerce","London","Ontario"
"Z32X-3TWY-5L0W","Completed","5/28/2026","10:03 AM","America/Toronto","","false","383437","jasmineezze10@gmail.com","Jasmine Ezzedine","","383437","jasmineezze10@gmail.com","Jasmine Ezzedine","One Class Card // London","20798","20799","760445337951","one-class-card-l-credits-347","","","Credits","","","Completed","5/28/2026","CAD","1","25.00","25.00","3.25","28.25","Visa","E-Commerce","London","Ontario"
"RRX4-Y9CH-5L0W","Completed","5/28/2026","12:27 PM","America/Toronto","","false","173173","alimac.xo@hotmail.ca","Alexandra MacAulay","","173173","alimac.xo@hotmail.ca","Alexandra MacAulay","Mom's Night Out // London","25242","25243","014702979887","moms-night-out-l-credits-837","","","Credits","","","Completed","5/28/2026","CAD","1","15.00","15.00","1.95","16.95","Mastercard","E-Commerce","London","Ontario"
"QMU8-X279-5L0W","Completed","5/28/2026","12:57 PM","America/Toronto","","false","364131","vu.huyent@gmail.com","Huyen Vu","","364131","vu.huyent@gmail.com","Huyen Vu","Spin-It-Forward // London","20792","20793","964245982422","spin-it-forward--credits-429","","","Credits","","","Completed","5/28/2026","CAD","1","10.00","10.00","1.30","11.30","Visa","E-Commerce","London","Ontario"
"634J-AWAB-5L0W","Completed","5/28/2026","6:03 PM","America/Toronto","","false","355665","sanah.sp@hotmail.com","Sanah Pallithotungal","","355665","sanah.sp@hotmail.com","Sanah Pallithotungal","Summer Sale 2026 // London: Buy 10, Get 2","25569","25570","740055503739","summer-sale-2026-credits-112","","","Credits","","","Completed","5/28/2026","CAD","1","200.00","200.00","26.00","226.00","Account balance, American Express","E-Commerce","London","Ontario"
"RKGB-YG5J-5L0W","Completed","5/28/2026","6:16 PM","America/Toronto","","true","394810","mariam_ktaily@hotmail.com","Mariam Ktaily","","394810","mariam_ktaily@hotmail.com","Mariam Ktaily","Late Cancel Charge","14688","14690","036981809486","late-cancel-fee-penalty-fees-771","","","Penalty Fees","","","Completed","5/28/2026","CAD","1","15.00","15.00","1.95","16.95","Mastercard","E-Commerce","London","Ontario"
"6MXC-H4EM-5L0W","Completed","5/28/2026","6:33 PM","America/Toronto","","false","383569","sydney.breddy@hotmail.com","Sydney Breddy","","383569","sydney.breddy@hotmail.com","Sydney Breddy","One Class Card // London","20798","20799","760445337951","one-class-card-l-credits-347","","","Credits","","","Completed","5/28/2026","CAD","1","25.00","25.00","3.25","28.25","Mastercard","E-Commerce","London","Ontario"
"XSA2-K2QT-5L0W","Refunded","5/28/2026","7:16 PM","America/Toronto","","true","350190","ldietz@tlscv.com","Laurie Dietz","","350190","ldietz@tlscv.com","Laurie Dietz","No Show Charge","14687","14689","489143084327","no-show-fee-penalty-fees-498","","","Penalty Fees","","","Completed","5/28/2026","CAD","1","20.00","20.00","2.60","22.60","Visa","E-Commerce","London","Ontario"
"TGWE-AH5X-5L0W","Completed","5/28/2026","7:16 PM","America/Toronto","","true","221062","areeba.syed54@gmail.com","Areeba Syed","","221062","areeba.syed54@gmail.com","Areeba Syed","No Show Charge","14687","14689","489143084327","no-show-fee-penalty-fees-498","","","Penalty Fees","","","Completed","5/28/2026","CAD","1","20.00","20.00","2.60","22.60","American Express","E-Commerce","London","Ontario"
"YNW2-K6DW-5L0X","Completed","5/28/2026","8:19 PM","America/Toronto","","true","221062","areeba.syed54@gmail.com","Areeba Syed","","221062","areeba.syed54@gmail.com","Areeba Syed","No Show Charge","14687","14689","489143084327","no-show-fee-penalty-fees-498","","","Penalty Fees","","","Completed","5/28/2026","CAD","1","20.00","20.00","2.60","22.60","American Express","E-Commerce","London","Ontario"
"3QPC-XCVG-5L0X","Completed","5/28/2026","9:54 PM","America/Toronto","","false","391026","janicehamilton904@gmail.com","Janice Hamilton","","391026","janicehamilton904@gmail.com","Janice Hamilton","Summer Sale 2026 // London: Buy 10, Get 2","25569","25570","740055503739","summer-sale-2026-credits-112","","","Credits","","","Completed","5/28/2026","CAD","1","200.00","200.00","26.00","226.00","Visa","E-Commerce","London","Ontario"
"M63Z-8YAR-5L0X","Completed","5/28/2026","10:11 PM","America/Toronto","","false","397643","carlygrisley@outlook.com","Carly Grisley","","397643","carlygrisley@outlook.com","Carly Grisley","Unlimited Membership // London Summer Sale","25655","25656","961992957372","unlimited-member-memberships-020","","","Memberships","","","Completed","5/28/2026","CAD","1","169.00","169.00","21.97","190.97","Visa","E-Commerce","London","Ontario"
"DHNG-PNKV-5L0X","Completed","5/28/2026","10:11 PM","America/Toronto","","false","391026","janicehamilton904@gmail.com","Janice Hamilton","","391026","janicehamilton904@gmail.com","Janice Hamilton","Spin-It-Forward // London","20792","20793","964245982422","spin-it-forward--credits-429","","","Credits","","","Completed","5/28/2026","CAD","1","10.00","10.00","1.30","11.30","Visa","E-Commerce","London","Ontario"
"SRDD-4W86-5L0X","Completed","5/28/2026","10:11 PM","America/Toronto","","false","391026","janicehamilton904@gmail.com","Janice Hamilton","","391026","janicehamilton904@gmail.com","Janice Hamilton","Spin-It-Forward // London","20792","20793","964245982422","spin-it-forward--credits-429","","","Credits","","","Completed","5/28/2026","CAD","1","10.00","10.00","1.30","11.30","Visa","E-Commerce","London","Ontario"
"6SUB-F5GP-5L0X","Completed","5/28/2026","11:18 PM","America/Toronto","","true","346619","efinlay10@yahoo.com","Emily Finlay","","346619","efinlay10@yahoo.com","Emily Finlay","Late Cancel Charge","14688","14690","036981809486","late-cancel-fee-penalty-fees-771","","","Penalty Fees","","","Completed","5/28/2026","CAD","1","15.00","15.00","1.95","16.95","Visa","E-Commerce","London","Ontario"
"555Q-M2VH-5L0X","Completed","5/28/2026","11:18 PM","America/Toronto","","true","346719","sarahcatania@icloud.com","Sarah Catania","","346719","sarahcatania@icloud.com","Sarah Catania","Late Cancel Charge","14688","14690","036981809486","late-cancel-fee-penalty-fees-771","","","Penalty Fees","","","Completed","5/28/2026","CAD","1","15.00","15.00","1.95","16.95","Visa","E-Commerce","London","Ontario"
"6SB8-73Z2-5L0X","Completed","5/29/2026","12:24 AM","America/Toronto","","true","363395","derek@cardy.ca","Derek Cardy","","363395","derek@cardy.ca","Derek Cardy","Unlimited Membership // London","21995","21996","447442561003","unlimited-member-memberships-867","","","Memberships","","","Completed","5/29/2026","CAD","1","200.00","200.00","26.00","226.00","Visa","E-Commerce","London","Ontario"
"9RFX-EPPT-5L0X","Completed","5/29/2026","1:15 AM","America/Toronto","","true","391532","inkostt@gmail.com","Irene Kostakos","","391532","inkostt@gmail.com","Irene Kostakos","Late Cancel Charge","14688","14690","036981809486","late-cancel-fee-penalty-fees-771","","","Penalty Fees","","","Completed","5/29/2026","CAD","1","15.00","15.00","1.95","16.95","Visa","E-Commerce","London","Ontario"
"VE7V-G63W-5L0X","Completed","5/29/2026","2:18 AM","America/Toronto","","true","370560","dhriti.vp@gmail.com","Dhriti Patel","","370560","dhriti.vp@gmail.com","Dhriti Patel","Late Cancel Charge","14688","14690","036981809486","late-cancel-fee-penalty-fees-771","","","Penalty Fees","","","Completed","5/29/2026","CAD","1","15.00","15.00","1.95","16.95","Visa","E-Commerce","London","Ontario"
"267R-9RFV-5L0X","Completed","5/29/2026","7:19 AM","America/Toronto","","true","363395","derek@cardy.ca","Derek Cardy","","363395","derek@cardy.ca","Derek Cardy","No Show Charge","14687","14689","489143084327","no-show-fee-penalty-fees-498","","","Penalty Fees","","","Completed","5/29/2026","CAD","1","20.00","20.00","2.60","22.60","Visa","E-Commerce","London","Ontario"
"MM59-QYXY-5L0X","Completed","5/29/2026","8:12 AM","America/Toronto","","false","401187","katelinkoczka@gmail.com","Katie Koczka","","401187","katelinkoczka@gmail.com","Katie Koczka","One Class Card // London","20798","20799","760445337951","one-class-card-l-credits-347","","","Credits","","","Completed","5/29/2026","CAD","1","25.00","25.00","3.25","28.25","Mastercard","E-Commerce","London","Ontario"
"J9D2-NU73-5L0X","Completed","5/29/2026","8:19 AM","America/Toronto","","false","401190","cassie4ellis@gmail.com","Cassie Ellis","","401190","cassie4ellis@gmail.com","Cassie Ellis","One Class Card // London","20798","20799","760445337951","one-class-card-l-credits-347","","","Credits","","","Completed","5/29/2026","CAD","1","25.00","25.00","3.25","28.25","Mastercard","E-Commerce","London","Ontario"
"KE26-WAWH-5L0X","Completed","5/29/2026","9:55 AM","America/Toronto","","false","346925","brooke.goodchild@hotmail.com","Rachel Goodchild","","346925","brooke.goodchild@hotmail.com","Rachel Goodchild","4x Membership // London Summer Sale","25653","25654","346308480296","4x-membership-bu-memberships-912","","","Memberships","","","Completed","5/29/2026","CAD","1","69.00","69.00","8.97","77.97","Mastercard","E-Commerce","London","Ontario"
"5VRJ-4F72-5L0X","Completed","5/29/2026","1:00 PM","America/Toronto","","false","394346","talamzyoud@gmail.com","Tala zyoud","","394346","talamzyoud@gmail.com","Tala zyoud","One Class Card // London","20798","20799","760445337951","one-class-card-l-credits-347","","","Credits","","","Completed","5/29/2026","CAD","1","21.25","25.00","2.76","24.01","Visa","E-Commerce","London","Ontario"
"CKPG-PHWU-5L0X","Completed","5/29/2026","1:02 PM","America/Toronto","","false","394346","talamzyoud@gmail.com","Tala zyoud","","394346","talamzyoud@gmail.com","Tala zyoud","One Class Card // London","20798","20799","760445337951","one-class-card-l-credits-347","","","Credits","","","Completed","5/29/2026","CAD","1","21.25","25.00","2.76","24.01","Visa","E-Commerce","London","Ontario"
"UV7Q-936K-5L0X","Completed","5/29/2026","1:04 PM","America/Toronto","","false","394346","talamzyoud@gmail.com","Tala zyoud","","394346","talamzyoud@gmail.com","Tala zyoud","One Class Card // London","20798","20799","760445337951","one-class-card-l-credits-347","","","Credits","","","Completed","5/29/2026","CAD","1","25.00","25.00","3.25","28.25","Visa","E-Commerce","London","Ontario"
"RP69-BMBP-5L0X","Completed","5/29/2026","1:04 PM","America/Toronto","","false","389695","claudia.drewitt@icloud.com","Claudia Drewitt","","389695","claudia.drewitt@icloud.com","Claudia Drewitt","Spin-It-Forward // London","20792","20793","964245982422","spin-it-forward--credits-429","","","Credits","","","Completed","5/29/2026","CAD","1","10.00","10.00","1.30","11.30","Visa","E-Commerce","London","Ontario"
"YU6V-UJ62-5L0X","Completed","5/29/2026","2:32 PM","America/Toronto","","false","401014","ellapertman@gmail.com","Ella Pertman","","401014","ellapertman@gmail.com","Ella Pertman","New Rider Special // London","21051","21052","288040778473","new-rider-specia-memberships-503","","","Memberships","","","Completed","5/29/2026","CAD","1","50.00","50.00","6.50","56.50","Visa","E-Commerce","London","Ontario"
"BKB9-J44W-5L0X","Completed","5/29/2026","2:45 PM","America/Toronto","","false","145111","marinaafelixx@gmail.com","Marina Felix","","145111","marinaafelixx@gmail.com","Marina Felix","One Class Card // London","20798","20799","760445337951","one-class-card-l-credits-347","","","Credits","","","Completed","5/29/2026","CAD","1","25.00","25.00","3.25","28.25","Visa","E-Commerce","London","Ontario"
"ZTTZ-494A-5L0X","Completed","5/29/2026","3:23 PM","America/Toronto","mobile","false","401229","judikurbaj@gmail.com","Judy Kurbaj","","401229","judikurbaj@gmail.com","Judy Kurbaj","One Class Card // London","20798","20799","760445337951","one-class-card-l-credits-347","","","Credits","","","Completed","5/29/2026","CAD","1","0.00","25.00","0.00","0.00","No Charge","E-Commerce","London","Ontario"
"UADG-Y3Z6-5L0X","Completed","5/29/2026","3:24 PM","America/Toronto","","false","400047","bareera.aleem@gmail.com","Barrera Aleem","","400047","bareera.aleem@gmail.com","Barrera Aleem","8x Membership // London Summer Sale","25657","25658","913533113208","8x-membership-bu-memberships-078","","","Memberships","","","Completed","5/29/2026","CAD","1","127.00","127.00","16.51","143.51","American Express","E-Commerce","London","Ontario"
"RGAS-YCEV-5L0X","Completed","5/29/2026","4:19 PM","America/Toronto","","true","394135","elaf.th15@gmail.com","Elaf H","","394135","elaf.th15@gmail.com","Elaf H","Late Cancel Charge","14688","14690","036981809486","late-cancel-fee-penalty-fees-771","","","Penalty Fees","","","Completed","5/29/2026","CAD","1","15.00","15.00","1.95","16.95","Visa","E-Commerce","London","Ontario"
"A57M-5NTT-5L0X","Completed","5/29/2026","4:19 PM","America/Toronto","","true","386928","joannepazdzierz@hotmail.com","Joanne Crandall","","386928","joannepazdzierz@hotmail.com","Joanne Crandall","Late Cancel Charge","14688","14690","036981809486","late-cancel-fee-penalty-fees-771","","","Penalty Fees","","","Completed","5/29/2026","CAD","1","15.00","15.00","1.95","16.95","Visa","E-Commerce","London","Ontario"
"R8MA-X9DT-5L0X","Completed","5/29/2026","5:26 PM","America/Toronto","","true","399916","saradarling37@gmail.com","Sara Darling","","399916","saradarling37@gmail.com","Sara Darling","No Show Charge","14687","14689","489143084327","no-show-fee-penalty-fees-498","","","Penalty Fees","","","Completed","5/29/2026","CAD","1","20.00","20.00","2.60","22.60","Visa","E-Commerce","London","Ontario"
"9JM9-MXJH-5L0X","Completed","5/29/2026","5:26 PM","America/Toronto","","true","371904","c.scarrow51@gmail.com","Claire Scarrow","","371904","c.scarrow51@gmail.com","Claire Scarrow","No Show Charge","14687","14689","489143084327","no-show-fee-penalty-fees-498","","","Penalty Fees","","","Completed","5/29/2026","CAD","1","20.00","20.00","2.60","22.60","Visa","E-Commerce","London","Ontario"
"U4DH-YCWD-5L0X","Completed","5/29/2026","5:54 PM","America/Toronto","desktop","false","399679","christina-d@live.ca","Christina Davies","","302740","rawat.dhriti@gmail.com","Dhriti Rawat","SPINCO Water","19657","19658","469973764933","spinco-water-water-914","","","Water","Arctic Chiller","","Completed","5/29/2026","CAD","1","2.50","2.50","0.33","2.83","Visa","In-Store","London","Ontario"
"E9W8-ADUJ-5L0Y","Completed","5/29/2026","9:02 PM","America/Toronto","","false","369187","alexmorrison785@gmail.com","Alex Morrison","","369187","alexmorrison785@gmail.com","Alex Morrison","Spin-It-Forward // London","20792","20793","964245982422","spin-it-forward--credits-429","","","Credits","","","Completed","5/29/2026","CAD","1","10.00","10.00","1.30","11.30","Visa","E-Commerce","London","Ontario"
"HCV7-XRDH-5L0Y","Completed","5/29/2026","9:57 PM","America/Toronto","","false","348797","costoich7@gmail.com","Connor Ostoich","","348797","costoich7@gmail.com","Connor Ostoich","Summer Sale 2026 // London: Buy 10, Get 2","25569","25570","740055503739","summer-sale-2026-credits-112","","","Credits","","","Completed","5/29/2026","CAD","1","200.00","200.00","26.00","226.00","Visa","E-Commerce","London","Ontario"
"WE9F-CGU2-5L0Y","Completed","5/29/2026","10:46 PM","America/Toronto","mobile","false","401273","mariam@pmol.ca","Mariam Merhi","","401273","mariam@pmol.ca","Mariam Merhi","One Class Card // London","20798","20799","760445337951","one-class-card-l-credits-347","","","Credits","","","Completed","5/29/2026","CAD","1","0.00","25.00","0.00","0.00","No Charge","E-Commerce","London","Ontario"
"B62N-WQ24-5L0Y","Completed","5/29/2026","11:31 PM","America/Toronto","","false","330183","terralucy04@icloud.com","Terra McCloskey","","330183","terralucy04@icloud.com","Terra McCloskey","Unlimited Membership // London Summer Sale","25655","25656","961992957372","unlimited-member-memberships-020","","","Memberships","","","Completed","5/29/2026","CAD","1","169.00","169.00","21.97","190.97","Visa","E-Commerce","London","Ontario"
"3YRH-GVR8-5L0Y","Completed","5/30/2026","12:24 AM","America/Toronto","","true","350319","kevin627@gmail.com","Kevin Nanakdewa","","350319","kevin627@gmail.com","Kevin Nanakdewa","Staff Membership // London","20830","20831","898235312897","staff-membership-memberships-735","","","Memberships","","","Completed","5/30/2026","CAD","1","0.00","0.00","0.00","0.00","No Charge","E-Commerce","London","Ontario"
"BR53-X84E-5L0Y","Completed","5/30/2026","12:24 AM","America/Toronto","","true","198001","jadynclark@gmail.com","Jadyn Clark","","198001","jadynclark@gmail.com","Jadyn Clark","Staff Membership // London","20830","20831","898235312897","staff-membership-memberships-735","","","Memberships","","","Completed","5/30/2026","CAD","1","0.00","0.00","0.00","0.00","No Charge","E-Commerce","London","Ontario"
"JTX4-4NNY-5L0Y","Completed","5/30/2026","12:24 AM","America/Toronto","","true","351338","lyndsayfitzgeorge@gmail.com","Lyndsay Fitzgeorge","","351338","lyndsayfitzgeorge@gmail.com","Lyndsay Fitzgeorge","Unlimited Membership // London · BLACK FRIDAY 2025","22630","22631","712442897099","unlimited-member-memberships-584","","","Memberships","","","Completed","5/30/2026","CAD","1","180.00","180.00","23.40","203.40","Mastercard","E-Commerce","London","Ontario"
"3BJF-BDXU-5L0Y","Completed","5/30/2026","12:24 AM","America/Toronto","","true","229670","elliedeegan@gmail.com","Ellie Deegan","","229670","elliedeegan@gmail.com","Ellie Deegan","4x Membership // London","21999","22000","216300284773","4x-membership-lo-memberships-280","","","Memberships","","","Completed","5/30/2026","CAD","1","80.00","80.00","10.40","90.40","Mastercard","E-Commerce","London","Ontario"
"RWBX-88C6-5L0Y","Completed","5/30/2026","7:49 AM","America/Toronto","","false","397356","katherineklaragrace@gmail.com","Klara Grace","","397356","katherineklaragrace@gmail.com","Klara Grace","2-Week Unlimited Anniversary // London","24947","24948","048368164251","2-week-unlimited-memberships-083","","","Memberships","","","Completed","5/30/2026","CAD","1","50.00","50.00","6.50","56.50","Visa","E-Commerce","London","Ontario"
"4XYJ-Y28D-5L0Y","Completed","5/30/2026","7:50 AM","America/Toronto","desktop","false","391441","jnorejko@outlook.com","Jo Norejko","","346927","narellehesler@gmail.com","Narelle Hesler","SPINCO Water","19657","19658","469973764933","spinco-water-water-914","","","Water","Arctic Chiller","","Completed","5/30/2026","CAD","1","2.50","2.50","0.33","2.83","Visa","In-Store","London","Ontario"
"DUA8-XTX8-5L0Y","Completed","5/30/2026","8:34 AM","America/Toronto","","false","299099","karin.kerfoot@gmail.com","Karin Kerfoot","","299099","karin.kerfoot@gmail.com","Karin Kerfoot","Summer Sale 2026 // London: Buy 10, Get 2","25569","25570","740055503739","summer-sale-2026-credits-112","","","Credits","","","Completed","5/30/2026","CAD","1","200.00","200.00","26.00","226.00","Visa","E-Commerce","London","Ontario"
"59JE-4HHH-5L0Y","Completed","5/30/2026","10:11 AM","America/Toronto","desktop","false","384144","isabellav0323@gmail.com","Isabella Valdez","","302740","rawat.dhriti@gmail.com","Dhriti Rawat","2-Week Unlimited Anniversary // London","24947","24948","048368164251","2-week-unlimited-memberships-083","","","Memberships","","","Completed","5/30/2026","CAD","1","50.00","50.00","6.50","56.50","Visa","In-Store","London","Ontario"
"UT57-ENC2-5L0Y","Completed","5/30/2026","10:15 AM","America/Toronto","mobile","false","344723","aryantiku1@gmail.com","Aryan Tiku","","344723","aryantiku1@gmail.com","Aryan Tiku","One Class Card // London","20798","20799","760445337951","one-class-card-l-credits-347","","","Credits","","","Completed","5/30/2026","CAD","1","0.00","25.00","0.00","0.00","No Charge","E-Commerce","London","Ontario"
"VC27-VTDU-5L0Y","Completed","5/30/2026","11:00 AM","America/Toronto","desktop","false","398886","sam.spylo18@gmail.com","sam spylo","","347301","london@spinco.ca","SPINCO London","Unlimited Membership // London Summer Sale","25655","25656","961992957372","unlimited-member-memberships-020","","","Memberships","","","Completed","5/30/2026","CAD","1","169.00","169.00","21.97","190.97","Mastercard","In-Store","London","Ontario"
"HG2X-J3CX-5L0Y","Completed","5/30/2026","11:57 AM","America/Toronto","mobile","false","401312","rlam242@uwo.ca","Rex Lam","","401312","rlam242@uwo.ca","Rex Lam","One Class Card // London","20798","20799","760445337951","one-class-card-l-credits-347","","","Credits","","","Completed","5/30/2026","CAD","1","0.00","25.00","0.00","0.00","No Charge","E-Commerce","London","Ontario"
"YVHP-XT9G-5L0Y","Completed","5/30/2026","12:03 PM","America/Toronto","mobile","false","401313","mklee8079@gmail.com","Michelle Lee","","401313","mklee8079@gmail.com","Michelle Lee","One Class Card // London","20798","20799","760445337951","one-class-card-l-credits-347","","","Credits","","","Completed","5/30/2026","CAD","1","0.00","25.00","0.00","0.00","No Charge","E-Commerce","London","Ontario"
"GYNP-YAXJ-5L0Y","Completed","5/30/2026","4:38 PM","America/Toronto","","false","278029","locksbykc@gmail.com","Kevin Clarke","","278029","locksbykc@gmail.com","Kevin Clarke","One Class Card // London","20798","20799","760445337951","one-class-card-l-credits-347","","","Credits","","","Completed","5/30/2026","CAD","1","25.00","25.00","3.25","28.25","Visa","E-Commerce","London","Ontario"
"JZ2W-MSHK-5L0Y","Completed","5/30/2026","6:58 PM","America/Toronto","","false","350544","aishabea1020@gmail.com","Aisha Recinto Arriola","","350544","aishabea1020@gmail.com","Aisha Recinto Arriola","One Class Card // London","20798","20799","760445337951","one-class-card-l-credits-347","","","Credits","","","Completed","5/30/2026","CAD","1","25.00","25.00","3.25","28.25","Visa","E-Commerce","London","Ontario"
"F39D-SVVU-5L0Z","Completed","5/30/2026","8:31 PM","America/Toronto","desktop","false","302740","rawat.dhriti@gmail.com","Dhriti Rawat","","302740","rawat.dhriti@gmail.com","Dhriti Rawat","One Class Card // London","20798","20799","760445337951","one-class-card-l-credits-347","","","Credits","","","Completed","5/30/2026","CAD","1","0.00","25.00","0.00","0.00","No Charge","E-Commerce","London","Ontario"
"U6HG-CR94-5L0Z","Completed","5/30/2026","10:13 PM","America/Toronto","","false","399404","bvmcphee@hotmail.com","Vanessa McPhee","","399404","bvmcphee@hotmail.com","Vanessa McPhee","Summer Sale 2026 // London: Buy 10, Get 2","25569","25570","740055503739","summer-sale-2026-credits-112","","","Credits","","","Completed","5/30/2026","CAD","1","200.00","200.00","26.00","226.00","Visa","E-Commerce","London","Ontario"
"S9YW-439P-5L0Z","Completed","5/30/2026","10:28 PM","America/Toronto","desktop","false","401356","heiding2025@gmail.com","Heidi N","","401356","heiding2025@gmail.com","Heidi N","One Class Card // London","20798","20799","760445337951","one-class-card-l-credits-347","","","Credits","","","Completed","5/30/2026","CAD","1","0.00","25.00","0.00","0.00","No Charge","E-Commerce","London","Ontario"
"XU9T-4ESK-5L0Z","Completed","5/30/2026","10:52 PM","America/Toronto","","false","273615","marieee.le@gmail.com","Marie Le","","273615","marieee.le@gmail.com","Marie Le","2-Week Unlimited Anniversary // London","24947","24948","048368164251","2-week-unlimited-memberships-083","","","Memberships","","","Completed","5/30/2026","CAD","1","50.00","50.00","6.50","56.50","Mastercard","E-Commerce","London","Ontario"
"N56W-NXUA-5L0Z","Completed","5/30/2026","11:26 PM","America/Toronto","","false","372455","ballauren@outlook.com","Lauren Bal","","372455","ballauren@outlook.com","Lauren Bal","Spin-It-Forward // London","20792","20793","964245982422","spin-it-forward--credits-429","","","Credits","","","Completed","5/30/2026","CAD","3","30.00","30.00","3.90","33.90","Visa","E-Commerce","London","Ontario"
"FZJC-Z5Y6-5L0Z","Completed","5/30/2026","11:31 PM","America/Toronto","","false","401362","nicole34569@gmail.com","Nicole Lee","","401362","nicole34569@gmail.com","Nicole Lee","New Rider Special // London","21051","21052","288040778473","new-rider-specia-memberships-503","","","Memberships","","","Completed","5/30/2026","CAD","1","50.00","50.00","6.50","56.50","Visa","E-Commerce","London","Ontario"
"C4TZ-DS66-5L0Z","Completed","5/30/2026","11:35 PM","America/Toronto","","false","398074","begum.komurcuoglu@gmail.com","Begum Komurcuoglu","","398074","begum.komurcuoglu@gmail.com","Begum Komurcuoglu","New Rider Special // London","21051","21052","288040778473","new-rider-specia-memberships-503","","","Memberships","","","Completed","5/30/2026","CAD","1","50.00","50.00","6.50","56.50","Visa","E-Commerce","London","Ontario"
"ATMT-TB6R-5L0Z","Completed","5/31/2026","12:22 AM","America/Toronto","","true","384035","laismeiras@gmail.com","Laís Marques Eiras","","384035","laismeiras@gmail.com","Laís Marques Eiras","8x Membership // London","21997","21998","667327189404","8x-membership-lo-memberships-656","","","Memberships","","","Completed","5/31/2026","CAD","1","150.00","150.00","19.50","169.50","Visa","E-Commerce","London","Ontario"
"CTUD-BGZ9-5L0Z","Completed","5/31/2026","12:22 AM","America/Toronto","","true","336948","rbissett0303@gmail.com","Rachel Bissett","","336948","rbissett0303@gmail.com","Rachel Bissett","Staff Membership // London","20830","20831","898235312897","staff-membership-memberships-735","","","Memberships","","","Completed","5/31/2026","CAD","1","0.00","0.00","0.00","0.00","No Charge","E-Commerce","London","Ontario"
"2D2U-9H3A-5L0Z","Completed","5/31/2026","12:22 AM","America/Toronto","","true","319732","shanahan.keeghan@gmail.com","Keeghan Shanahan","","319732","shanahan.keeghan@gmail.com","Keeghan Shanahan","Staff Membership // London","20830","20831","898235312897","staff-membership-memberships-735","","","Memberships","","","Completed","5/31/2026","CAD","1","0.00","0.00","0.00","0.00","No Charge","E-Commerce","London","Ontario"
"48W4-HDCJ-5L0Z","Completed","5/31/2026","8:06 AM","America/Toronto","","false","355665","sanah.sp@hotmail.com","Sanah Pallithotungal","","355665","sanah.sp@hotmail.com","Sanah Pallithotungal","Spin-It-Forward // London","20792","20793","964245982422","spin-it-forward--credits-429","","","Credits","","","Completed","5/31/2026","CAD","1","10.00","10.00","1.30","11.30","American Express","E-Commerce","London","Ontario"
"WHE9-NDFN-5L0Z","Completed","5/31/2026","8:19 AM","America/Toronto","","false","398229","m_santolupo@icloud.com","Mirella Santolupo","","398229","m_santolupo@icloud.com","Mirella Santolupo","Summer Sale 2026 // London: Buy 5, Get 1","25575","25576","822399337239","summer-sale-2026-credits-320","","","Credits","","","Completed","5/31/2026","CAD","1","110.00","110.00","14.30","124.30","Visa","E-Commerce","London","Ontario"
"AMGR-U2W8-5L0Z","Completed","5/31/2026","9:19 AM","America/Toronto","","true","398342","kamanzimalaika@gmail.com","Malaïka Kamanzi","","398342","kamanzimalaika@gmail.com","Malaïka Kamanzi","Late Cancel Charge","14688","14690","036981809486","late-cancel-fee-penalty-fees-771","","","Penalty Fees","","","Completed","5/31/2026","CAD","1","15.00","15.00","1.95","16.95","Visa","E-Commerce","London","Ontario"
"RSXJ-JS84-5L0Z","Completed","5/31/2026","9:19 AM","America/Toronto","","true","368532","bowden1818@gmail.com","Paul Bowden","","368532","bowden1818@gmail.com","Paul Bowden","No Show Charge","14687","14689","489143084327","no-show-fee-penalty-fees-498","","","Penalty Fees","","","Completed","5/31/2026","CAD","1","20.00","20.00","2.60","22.60","Visa","E-Commerce","London","Ontario"
"EQGG-XNN6-5L0Z","Completed","5/31/2026","9:47 AM","America/Toronto","desktop","false","397102","otem6199@gmail.com","Ella Ma","","346927","narellehesler@gmail.com","Narelle Hesler","8x Membership // London Summer Sale","25657","25658","913533113208","8x-membership-bu-memberships-078","","","Memberships","","","Completed","5/31/2026","CAD","1","127.00","127.00","16.51","143.51","Visa","In-Store","London","Ontario"
"FV7J-QKY3-5L0Z","Completed","5/31/2026","9:53 AM","America/Toronto","","false","249109","meganlinaric@hotmail.com","Megan Linaric","","249109","meganlinaric@hotmail.com","Megan Linaric","Ten Class Card // London","20794","20795","456569691604","ten-class-card-l-credits-104","","","Credits","","","Completed","5/31/2026","CAD","1","200.00","200.00","26.00","226.00","Visa","E-Commerce","London","Ontario"
"H4TQ-8CH5-5L0Z","Completed","5/31/2026","10:01 AM","America/Toronto","","false","397633","alaribeh@hotmail.com","Hamida Alaribe","","397633","alaribeh@hotmail.com","Hamida Alaribe","2-Week Unlimited - London","21065","21066","384754283235","2-week-unlimited-memberships-769","","","Memberships","","","Completed","5/31/2026","CAD","1","50.00","50.00","6.50","56.50","Visa","E-Commerce","London","Ontario"
"UJDB-BZ9W-5L0Z","Completed","5/31/2026","10:34 AM","America/Toronto","","false","399416","erinmdowning@outlook.com","Erin Downing","","399416","erinmdowning@outlook.com","Erin Downing","One Class Card // London","20798","20799","760445337951","one-class-card-l-credits-347","","","Credits","","","Completed","5/31/2026","CAD","1","25.00","25.00","3.25","28.25","Mastercard","E-Commerce","London","Ontario"
"WGKK-DH4J-5L0Z","Completed","5/31/2026","12:59 PM","America/Toronto","","false","400614","sarahmarotta@gmail.com","Sarah Marotta","","400614","sarahmarotta@gmail.com","Sarah Marotta","Spin-It-Forward // London","20792","20793","964245982422","spin-it-forward--credits-429","","","Credits","","","Completed","5/31/2026","CAD","1","10.00","10.00","1.30","11.30","Visa","E-Commerce","London","Ontario"
"TJJQ-6NUB-5L0Z","Completed","5/31/2026","1:07 PM","America/Toronto","","false","377238","stephanie.jarvi1@gmail.com","Stephanie Jarvi","","377238","stephanie.jarvi1@gmail.com","Stephanie Jarvi","Summer Sale 2026 // London: Buy 5, Get 1","25575","25576","822399337239","summer-sale-2026-credits-320","","","Credits","","","Completed","5/31/2026","CAD","1","110.00","110.00","14.30","124.30","Visa","E-Commerce","London","Ontario"
"VJRZ-ZF9M-5L0Z","Completed","5/31/2026","1:42 PM","America/Toronto","","false","401424","katiebowen@hotmail.com","Katie Bowen","","401424","katiebowen@hotmail.com","Katie Bowen","One Class Card // London","20798","20799","760445337951","one-class-card-l-credits-347","","","Credits","","","Completed","5/31/2026","CAD","1","25.00","25.00","3.25","28.25","Visa","E-Commerce","London","Ontario"
"QKHU-XVHG-5L0Z","Completed","5/31/2026","1:46 PM","America/Toronto","desktop","false","351404","libertad.melendez1@gmail.com","Libertad Melendez","","382306","michellejcallander@gmail.com","Michelle Callandar","Private Ride 3 // London","21742","21743","052115613456","private-ride-3-l-credits-507","","","Credits","","","Completed","5/31/2026","CAD","1","495.00","550.00","64.35","559.35","Visa","In-Store","London","Ontario"
"XJ6X-ES7Z-5L0Z","Completed","5/31/2026","1:59 PM","America/Toronto","","false","398972","tammyvacante@hotmail.com","Tammy Vacante","","398972","tammyvacante@hotmail.com","Tammy Vacante","Summer Sale 2026 // London: Buy 10, Get 2","25569","25570","740055503739","summer-sale-2026-credits-112","","","Credits","","","Completed","5/31/2026","CAD","1","200.00","200.00","26.00","226.00","Mastercard","E-Commerce","London","Ontario"
"8K39-AJQT-5L0Z","Completed","5/31/2026","2:03 PM","America/Toronto","desktop","false","384035","laismeiras@gmail.com","Laís Marques Eiras","","382306","michellejcallander@gmail.com","Michelle Callandar","2-Week Unlimited Anniversary // London","24947","24948","048368164251","2-week-unlimited-memberships-083","","","Memberships","","","Completed","5/31/2026","CAD","1","50.00","50.00","6.50","56.50","Visa","In-Store","London","Ontario"
"8DCQ-R5BF-5L0Z","Completed","5/31/2026","2:04 PM","America/Toronto","","false","384983","ceciliadarling180@gmail.com","Cecilia Darling","","384983","ceciliadarling180@gmail.com","Cecilia Darling","One Class Card // London","20798","20799","760445337951","one-class-card-l-credits-347","","","Credits","","","Completed","5/31/2026","CAD","1","25.00","25.00","3.25","28.25","Visa","E-Commerce","London","Ontario"
"KGWJ-B9RD-5L0Z","Completed","5/31/2026","2:08 PM","America/Toronto","","false","356005","sultayah111@gmail.com","Ayah Sultan","","356005","sultayah111@gmail.com","Ayah Sultan","One Class Card // London","20798","20799","760445337951","one-class-card-l-credits-347","","","Credits","","","Completed","5/31/2026","CAD","1","21.25","25.00","2.76","24.01","Mastercard","E-Commerce","London","Ontario"
"PX8P-3K4J-5L0Z","Completed","5/31/2026","3:09 PM","America/Toronto","","false","348357","sarah_steciuk@hotmail.com","Sarah Steciuk","","348357","sarah_steciuk@hotmail.com","Sarah Steciuk","Unlimited Membership // London Summer Sale","25655","25656","961992957372","unlimited-member-memberships-020","","","Memberships","","","Completed","5/31/2026","CAD","1","169.00","169.00","21.97","190.97","Visa","E-Commerce","London","Ontario"
"S8QT-3KUY-5L0Z","Completed","5/31/2026","6:19 PM","America/Toronto","","true","354124","mnmeddoui@gmail.com","Mariam Meddoui","","354124","mnmeddoui@gmail.com","Mariam Meddoui","No Show Charge","14687","14689","489143084327","no-show-fee-penalty-fees-498","","","Penalty Fees","","","Completed","5/31/2026","CAD","1","20.00","20.00","2.60","22.60","Visa","E-Commerce","London","Ontario"
"GYZT-F4QE-5L0Z","Completed","5/31/2026","7:02 PM","America/Toronto","","false","388653","rebecca_goettling@hotmail.com","Rebecca Hamilton","","388653","rebecca_goettling@hotmail.com","Rebecca Hamilton","One Class Card // London","20798","20799","760445337951","one-class-card-l-credits-347","","","Credits","","","Completed","5/31/2026","CAD","1","25.00","25.00","3.25","28.25","Mastercard","E-Commerce","London","Ontario"
"ZSWV-4HM3-5L2X","Completed","5/31/2026","8:09 PM","America/Toronto","","false","397356","katherineklaragrace@gmail.com","Klara Grace","","397356","katherineklaragrace@gmail.com","Klara Grace","Spin-It-Forward // London","20792","20793","964245982422","spin-it-forward--credits-429","","","Credits","","","Completed","5/31/2026","CAD","1","10.00","10.00","1.30","11.30","Visa","E-Commerce","London","Ontario"
"725K-3NXW-5L2X","Completed","5/31/2026","9:04 PM","America/Toronto","","false","395521","yarafsharairee@gmail.com","Yara Alsharairi","","395521","yarafsharairee@gmail.com","Yara Alsharairi","Unlimited Membership // London Summer Sale","25655","25656","961992957372","unlimited-member-memberships-020","","","Memberships","","","Completed","5/31/2026","CAD","1","169.00","169.00","21.97","190.97","Visa","E-Commerce","London","Ontario"
"Q6HY-58SB-5L2X","Completed","5/31/2026","9:15 PM","America/Toronto","","false","399280","laurenwyatt17@hotmail.com","Lauren Wyatt","","399280","laurenwyatt17@hotmail.com","Lauren Wyatt","Summer Sale 2026 // London: Buy 5, Get 1","25575","25576","822399337239","summer-sale-2026-credits-320","","","Credits","","","Completed","5/31/2026","CAD","1","110.00","110.00","14.30","124.30","Mastercard","E-Commerce","London","Ontario"
"QMYR-JRZE-5L2X","Completed","5/31/2026","9:24 PM","America/Toronto","","false","360402","alexm227@icloud.com","Alex Martin","","360402","alexm227@icloud.com","Alex Martin","Summer Sale 2026 // London: Buy 5, Get 1","25575","25576","822399337239","summer-sale-2026-credits-320","","","Credits","","","Completed","5/31/2026","CAD","1","110.00","110.00","14.30","124.30","Mastercard","E-Commerce","London","Ontario"
"5FC7-EQSR-5L2X","Completed","5/31/2026","9:49 PM","America/Toronto","","false","391956","sabrina.6stevens.6@gmail.com","Sabrina Stevens","","391956","sabrina.6stevens.6@gmail.com","Sabrina Stevens","Unlimited Membership // London Summer Sale","25655","25656","961992957372","unlimited-member-memberships-020","","","Memberships","","","Completed","5/31/2026","CAD","1","169.00","169.00","21.97","190.97","Visa","E-Commerce","London","Ontario"
"4FYR-466D-5L2X","Completed","5/31/2026","11:51 PM","America/Toronto","","false","400603","savannahsearle414@gmail.com","Sav Searle","","400603","savannahsearle414@gmail.com","Sav Searle","Summer Sale 2026 // London: Buy 5, Get 1","25575","25576","822399337239","summer-sale-2026-credits-320","","","Credits","","","Completed","5/31/2026","CAD","1","110.00","110.00","14.30","124.30","Visa","E-Commerce","London","Ontario"